t,segment,command,right_stick_x,right_stick_y,sample,alarm,j0,j1,j2,j3,j4,j5,x,y,z,a,b,c,target_x,target_y,target_z,target_a,target_b,target_c,joint_delta_norm_deg,joint_delta_max_deg,tcp_drift_norm_mm,tcp_drift_x_mm,tcp_drift_y_mm,tcp_drift_z_mm,q_speed_norm_deg_s,tcp_speed_norm_mm_s
3.9100647e-05,baseline_fixed_tcp,center,0,0,0,0,55.041504,32.958984,-138.647461,58.601074,97.822266,13.183594,222.772992,230.688755,154.67051,126.379325,-2.8000362,125.296408,222.773465,230.694492,154.694763,126.358293,-2.79402175,125.322328,0.021972,0.021972,0.0249264432,-0.000473124702,-0.00573752926,-0.0242525149,,
0.0252604485,baseline_fixed_tcp,center,0,0,1,0,55.041504,32.958984,-138.647461,58.601074,97.844238,13.161621,222.773465,230.694492,154.694763,126.348144,-2.76955825,125.311132,222.773465,230.694492,154.694763,126.358293,-2.79402175,125.322328,0.021973,0.021973,0,0,0,0,1.23204389,0.98830734
0.0503797531,baseline_fixed_tcp,center,0,0,2,0,55.041504,32.958984,-138.647461,58.601074,97.822266,13.183594,222.772992,230.688755,154.67051,126.379325,-2.8000362,125.296408,222.773465,230.694492,154.694763,126.358293,-2.79402175,125.322328,0.021972,0.021972,0.0249264432,-0.000473124702,-0.00573752926,-0.0242525149,1.23704887,0.99232218
0.0755183697,baseline_fixed_tcp,center,0,0,3,0,55.041504,32.958984,-138.647461,58.623047,97.822266,13.161621,222.80559,230.662082,154.671404,126.351347,-2.79504545,125.278286,222.773465,230.694492,154.694763,126.358293,-2.79402175,125.322328,0.0380577751,0.021973,0.0512644354,0.0321247883,-0.0324099488,-0.0233588427,1.23612668,1.67586217
0.101471901,baseline_fixed_tcp,center,0,0,4,0,55.041504,32.958984,-138.647461,58.623047,97.822266,13.183594,222.80559,230.662082,154.671404,126.361489,-2.81951164,125.289483,222.773465,230.694492,154.694763,126.358293,-2.79402175,125.322328,0.0310738075,0.021973,0.0512644354,0.0321247883,-0.0324099488,-0.0233588427,0.846628529,0
0.126788378,baseline_fixed_tcp,center,0,0,5,0,55.063477,32.958984,-138.647461,58.601074,97.822266,13.161621,222.684506,230.774171,154.67051,126.38039,-2.75156937,125.296408,222.773465,230.694492,154.694763,126.358293,-2.79402175,125.322328,0.0380577751,0.021973,0.121863246,-0.0889589179,0.0796792135,-0.0242525149,1.50330367,6.51761939
0.151993752,baseline_fixed_tcp,center,0,0,6,0,55.041504,32.958984,-138.647461,58.601074,97.844238,13.161621,222.773465,230.694492,154.694763,126.348144,-2.76955825,125.311132,222.773465,230.694492,154.694763,126.358293,-2.79402175,125.322328,0.021973,0.021973,0,0,0,0,1.23282471,4.83481208
0.177234173,baseline_fixed_tcp,center,0,0,7,0,55.041504,32.958984,-138.647461,58.579102,97.822266,13.161621,222.740385,230.715414,154.669621,126.387007,-2.7560881,125.292141,222.773465,230.694492,154.694763,126.358293,-2.79402175,125.322328,0.0380571977,0.021973,0.0465196577,-0.0330794749,0.0209216928,-0.0251417913,1.23108486,1.84306186
0.202348471,baseline_fixed_tcp,center,0,0,8,0,55.041504,32.958984,-138.647461,58.601074,97.844238,13.161621,222.773465,230.694492,154.694763,126.348144,-2.76955825,125.311132,222.773465,230.694492,154.694763,126.358293,-2.79402175,125.322328,0.021973,0.021973,0,0,0,0,1.23726734,1.85231767
0.227517366,baseline_fixed_tcp,center,0,0,9,0,55.041504,32.958984,-138.647461,58.601074,97.822266,13.161621,222.772992,230.688755,154.67051,126.369178,-2.77556821,125.285215,222.773465,230.694492,154.694763,126.358293,-2.79402175,125.322328,0.0310738075,0.021973,0.0249264432,-0.000473124702,-0.00573752926,-0.0242525149,0.872982281,0.990366977
0.255146027,baseline_fixed_tcp,center,0,0,10,0,55.041504,32.958984,-138.647461,58.623047,97.822266,13.183594,222.80559,230.662082,154.671404,126.361489,-2.81951164,125.289483,222.773465,230.694492,154.694763,126.358293,-2.79402175,125.322328,0.0310738075,0.021973,0.0512644354,0.0321247883,-0.0324099488,-0.0233588427,1.12472029,1.52482445
0.287236691,baseline_fixed_tcp,center,0,0,11,0,55.041504,32.958984,-138.647461,58.623047,97.822266,13.139648,222.80559,230.662082,154.671404,126.341203,-2.7705833,125.267087,222.773465,230.694492,154.694763,126.358293,-2.79402175,125.322328,0.0538222299,0.043946,0.0512644354,0.0321247883,-0.0324099488,-0.0233588427,1.36943256,0
0.312387228,baseline_fixed_tcp,center,0,0,12,0,55.041504,32.958984,-138.647461,58.601074,97.844238,13.183594,222.773465,230.694492,154.694763,126.358293,-2.79402175,125.322328,222.773465,230.694492,154.694763,126.358293,-2.79402175,125.322328,0,0,0,0,0,0,2.14000317,2.03830377
0.337503195,baseline_fixed_tcp,center,0,0,13,0,55.041504,32.958984,-138.647461,58.623047,97.822266,13.183594,222.80559,230.662082,154.671404,126.361489,-2.81951164,125.289483,222.773465,230.694492,154.694763,126.358293,-2.79402175,125.322328,0.0310738075,0.021973,0.0512644354,0.0321247883,-0.0324099488,-0.0233588427,1.23721327,2.04110938
0.366050482,baseline_fixed_tcp,center,0,0,14,0,55.041504,32.958984,-138.647461,58.623047,97.822266,13.161621,222.80559,230.662082,154.671404,126.351347,-2.79504545,125.278286,222.773465,230.694492,154.694763,126.358293,-2.79402175,125.322328,0.0380577751,0.021973,0.0512644354,0.0321247883,-0.0324099488,-0.0233588427,0.769705367,0
0.391177654,baseline_fixed_tcp,center,0,0,15,0,55.041504,32.958984,-138.647461,58.601074,97.822266,13.161621,222.772992,230.688755,154.67051,126.369178,-2.77556821,125.285215,222.773465,230.694492,154.694763,126.358293,-2.79402175,125.322328,0.0310738075,0.021973,0.0249264432,-0.000473124702,-0.00573752926,-0.0242525149,0.874471651,1.67662543
0.416307211,baseline_fixed_tcp,center,0,0,16,0,55.041504,32.958984,-138.647461,58.623047,97.822266,13.161621,222.80559,230.662082,154.671404,126.351347,-2.79504545,125.278286,222.773465,230.694492,154.694763,126.358293,-2.79402175,125.322328,0.0380577751,0.021973,0.0512644354,0.0321247883,-0.0324099488,-0.0233588427,0.874388685,1.67646636
0.441431046,baseline_fixed_tcp,center,0,0,17,0,55.041504,32.958984,-138.647461,58.623047,97.822266,13.161621,222.80559,230.662082,154.671404,126.351347,-2.79504545,125.278286,222.773465,230.694492,154.694763,126.358293,-2.79402175,125.322328,0.0380577751,0.021973,0.0512644354,0.0321247883,-0.0324099488,-0.0233588427,0,0
0.466549397,baseline_fixed_tcp,center,0,0,18,0,55.063477,32.958984,-138.647461,58.601074,97.822266,13.161621,222.684506,230.774171,154.67051,126.38039,-2.75156937,125.296408,222.773465,230.694492,154.694763,126.358293,-2.79402175,125.322328,0.0380577751,0.021973,0.121863246,-0.0889589179,0.0796792135,-0.0242525149,1.23712399,6.56902837
0.491740227,baseline_fixed_tcp,center,0,0,19,0,55.041504,32.958984,-138.647461,58.579102,97.822266,13.161621,222.740385,230.715414,154.669621,126.387007,-2.7560881,125.292141,222.773465,230.694492,154.694763,126.358293,-2.79402175,125.322328,0.0380571977,0.021973,0.0465196577,-0.0330794749,0.0209216928,-0.0251417913,1.23353646,3.21906792
0.516965151,baseline_fixed_tcp,center,0,0,20,0,55.041504,32.958984,-138.647461,58.601074,97.822266,13.161621,222.772992,230.688755,154.67051,126.369178,-2.77556821,125.285215,222.773465,230.694492,154.694763,126.358293,-2.79402175,125.322328,0.0310738075,0.021973,0.0249264432,-0.000473124702,-0.00573752926,-0.0242525149,0.871043256,1.67005217
0.544710636,baseline_fixed_tcp,center,0,0,21,0,55.041504,32.958984,-138.647461,58.623047,97.822266,13.139648,222.80559,230.662082,154.671404,126.341203,-2.7705833,125.267087,222.773465,230.694492,154.694763,126.358293,-2.79402175,125.322328,0.0538222299,0.043946,0.0512644354,0.0321247883,-0.0324099488,-0.0233588427,1.11998454,1.51840402
0.569925308,baseline_fixed_tcp,center,0,0,22,0,55.041504,32.958984,-138.647461,58.601074,97.822266,13.161621,222.772992,230.688755,154.67051,126.369178,-2.77556821,125.285215,222.773465,230.694492,154.694763,126.358293,-2.79402175,125.322328,0.0310738075,0.021973,0.0249264432,-0.000473124702,-0.00573752926,-0.0242525149,1.23239813,1.67080723
0.595130444,baseline_fixed_tcp,center,0,0,23,0,55.041504,32.958984,-138.647461,58.601074,97.822266,13.161621,222.772992,230.688755,154.67051,126.369178,-2.77556821,125.285215,222.773465,230.694492,154.694763,126.358293,-2.79402175,125.322328,0.0310738075,0.021973,0.0249264432,-0.000473124702,-0.00573752926,-0.0242525149,0,0
0.624290466,baseline_fixed_tcp,center,0,0,24,0,55.041504,32.958984,-138.647461,58.601074,97.822266,13.161621,222.772992,230.688755,154.67051,126.369178,-2.77556821,125.285215,222.773465,230.694492,154.694763,126.358293,-2.79402175,125.322328,0.0310738075,0.021973,0.0249264432,-0.000473124702,-0.00573752926,-0.0242525149,0,0
0.64944768,baseline_fixed_tcp,center,0,0,25,0,55.041504,32.958984,-138.647461,58.601074,97.822266,13.161621,222.772992,230.688755,154.67051,126.369178,-2.77556821,125.285215,222.773465,230.694492,154.694763,126.358293,-2.79402175,125.322328,0.0310738075,0.021973,0.0249264432,-0.000473124702,-0.00573752926,-0.0242525149,0,0
0.674686193,baseline_fixed_tcp,center,0,0,26,0,55.041504,32.958984,-138.647461,58.601074,97.822266,13.161621,222.772992,230.688755,154.67051,126.369178,-2.77556821,125.285215,222.773465,230.694492,154.694763,126.358293,-2.79402175,125.322328,0.0310738075,0.021973,0.0249264432,-0.000473124702,-0.00573752926,-0.0242525149,0,0
0.703957558,baseline_fixed_tcp,center,0,0,27,0,55.041504,32.958984,-138.647461,58.623047,97.822266,13.161621,222.80559,230.662082,154.671404,126.351347,-2.79504545,125.278286,222.773465,230.694492,154.694763,126.358293,-2.79402175,125.322328,0.0380577751,0.021973,0.0512644354,0.0321247883,-0.0324099488,-0.0233588427,0.750665389,1.43925155
0.729090452,baseline_fixed_tcp,center,0,0,28,0,55.041504,32.958984,-138.647461,58.601074,97.822266,13.139648,222.772992,230.688755,154.67051,126.359028,-2.75110427,125.27402,222.773465,230.694492,154.694763,126.358293,-2.79402175,125.322328,0.0491326745,0.043946,0.0249264432,-0.000473124702,-0.00573752926,-0.0242525149,1.23640811,1.67624371
0.754331112,baseline_fixed_tcp,center,0,0,29,0,55.041504,32.958984,-138.647461,58.623047,97.822266,13.139648,222.80559,230.662082,154.671404,126.341203,-2.7705833,125.267087,222.773465,230.694492,154.694763,126.358293,-2.79402175,125.322328,0.0538222299,0.043946,0.0512644354,0.0321247883,-0.0324099488,-0.0233588427,0.870539845,1.66908698
0.783791542,baseline_fixed_tcp,center,0,0,30,0,55.041504,32.958984,-138.647461,58.601074,97.822266,13.161621,222.772992,230.688755,154.67051,126.369178,-2.77556821,125.285215,222.773465,230.694492,154.694763,126.358293,-2.79402175,125.322328,0.0310738075,0.021973,0.0249264432,-0.000473124702,-0.00573752926,-0.0242525149,1.05478822,1.43001498
0.808998823,baseline_fixed_tcp,center,0,0,31,0,55.041504,32.958984,-138.647461,58.579102,97.822266,13.139648,222.740385,230.715414,154.669621,126.37685,-2.73162237,125.280949,222.773465,230.694492,154.694763,126.358293,-2.79402175,125.322328,0.0538218216,0.043946,0.0465196577,-0.0330794749,0.0209216928,-0.0251417913,1.23273142,1.67122106
0.8342278,baseline_fixed_tcp,center,0,0,32,0,55.041504,32.958984,-138.647461,58.601074,97.822266,13.139648,222.772992,230.688755,154.67051,126.359028,-2.75110427,125.27402,222.773465,230.694492,154.694763,126.358293,-2.79402175,125.322328,0.0491326745,0.043946,0.0249264432,-0.000473124702,-0.00573752926,-0.0242525149,0.87090332,1.66978387
0.865811348,baseline_fixed_tcp,center,0,0,33,0,55.041504,32.958984,-138.647461,58.601074,97.822266,13.161621,222.772992,230.688755,154.67051,126.369178,-2.77556821,125.285215,222.773465,230.694492,154.694763,126.358293,-2.79402175,125.322328,0.0310738075,0.021973,0.0249264432,-0.000473124702,-0.00573752926,-0.0242525149,0.69571032,0
0.891042948,baseline_fixed_tcp,center,0,0,34,0,55.041504,32.958984,-138.647461,58.623047,97.822266,13.139648,222.80559,230.662082,154.671404,126.341203,-2.7705833,125.267087,222.773465,230.694492,154.694763,126.358293,-2.79402175,125.322328,0.0538222299,0.043946,0.0512644354,0.0321247883,-0.0324099488,-0.0233588427,1.23157132,1.6696863
0.92134738,baseline_fixed_tcp,center,0,0,35,0,55.041504,32.958984,-138.625488,58.623047,97.822266,13.139648,222.847245,230.721663,154.694621,126.336902,-2.7908192,125.289417,222.773465,230.694492,154.694763,126.358293,-2.79402175,125.322328,0.0581347156,0.043946,0.0786241156,0.0737797488,0.0271713123,-0.000141450989,0.725075463,2.51830673
0.930383682,right_stick_up,up,0,1,0,0,55.041504,32.958984,-138.647461,58.601074,97.822266,13.161621,222.772992,230.688755,154.67051,126.369178,-2.77556821,125.285215,222.773465,230.694492,154.694763,114.861309,-2.50901421,135.747679,0.0310738075,0.021973,0.0249264432,-0.000473124702,-0.00573752926,-0.0242525149,4.21171736,9.37574211
0.955509663,right_stick_up,up,0,1,1,0,55.041504,32.958984,-138.647461,58.623047,97.822266,13.161621,222.80559,230.662082,154.671404,126.351347,-2.79504545,125.278286,222.773465,230.694492,154.694763,114.861309,-2.50901421,135.747679,0.0380577751,0.021973,0.0512644354,0.0321247883,-0.0324099488,-0.0233588427,0.87451314,1.67670498
0.980618,right_stick_up,up,0,1,2,0,55.041504,32.958984,-138.647461,58.601074,97.822266,13.183594,222.772992,230.688755,154.67051,126.379325,-2.8000362,125.296408,222.773465,230.694492,154.694763,114.861309,-2.50901421,135.747679,0.021972,0.021972,0.0249264432,-0.000473124702,-0.00573752926,-0.0242525149,1.23761737,1.67788316
1.00578976,right_stick_up,up,0,1,3,0,55.041504,32.958984,-138.647461,58.579102,97.822266,13.161621,222.740385,230.715414,154.669621,126.387007,-2.7560881,125.292141,222.773465,230.694492,154.694763,114.861309,-2.50901421,135.747679,0.0380571977,0.021973,0.0465196577,-0.0330794749,0.0209216928,-0.0251417913,1.23447115,1.67357962
1.03095341,right_stick_up,up,0,1,4,0,55.041504,32.958984,-138.647461,58.601074,97.822266,13.161621,222.772992,230.688755,154.67051,126.369178,-2.77556821,125.285215,222.773465,230.694492,154.694763,114.861309,-2.50901421,135.747679,0.0310738075,0.021973,0.0249264432,-0.000473124702,-0.00573752926,-0.0242525149,0.873164249,1.67411875
1.05609989,right_stick_up,up,0,1,5,0,55.063477,32.958984,-138.647461,58.623047,97.822266,13.183594,222.717114,230.747511,154.671404,126.372709,-2.795518,125.300677,222.773465,230.694492,154.694763,114.861309,-2.50901421,135.747679,0.0380577751,0.021973,0.0808213563,-0.0563507784,0.0530192972,-0.0233588427,1.51346613,3.22467763
1.08259559,right_stick_up,up,0,1,6,0,55.041504,32.958984,-138.647461,58.601074,97.844238,13.183594,222.773465,230.694492,154.694763,126.358293,-2.79402175,125.322328,222.773465,230.694492,154.694763,114.861309,-2.50901421,135.747679,0,0,0,0,0,0,1.43637579,3.05035803
1.10777855,right_stick_up,up,0,1,7,0,55.041504,32.958984,-138.647461,58.601074,97.866211,13.161621,222.773928,230.70023,154.719016,126.327104,-2.76354771,125.337046,222.773465,230.694492,154.694763,114.861309,-2.50901421,135.747679,0.0310745146,0.021973,0.0249275776,0.000463597588,0.00573823985,0.0242536968,1.23394993,0.989858826
1.13286662,right_stick_up,up,0,1,8,0,55.041504,32.958984,-138.647461,58.623047,97.888184,13.161621,222.806981,230.6793,154.744163,126.288228,-2.77700106,125.356014,222.773465,230.694492,154.694763,114.861309,-2.50901421,135.747679,0.0538226381,0.043946,0.0615993079,0.0335157319,-0.0151916814,0.0494002355,1.23861709,1.85372914
1.15803123,right_stick_up,up,0,1,9,0,55.041504,32.958984,-138.647461,58.64502,97.910156,13.183594,222.840013,230.658361,154.769312,126.25949,-2.81488835,125.386179,222.773465,230.694492,154.694763,114.861309,-2.50901421,135.747679,0.0792239461,0.065918,0.10626272,0.0665484888,-0.036130843,0.0745494898,1.51235341,1.84776797
1.1832602,right_stick_up,up,0,1,10,0,55.063477,32.958984,-138.647461,58.666992,97.954102,13.205566,222.784983,230.728614,154.818719,126.220901,-2.82275632,125.453454,222.773465,230.694492,154.694763,114.861309,-2.50901421,135.747679,0.1318365,0.109864,0.129082155,0.0115176869,0.0341216599,0.123956678,2.30426851,4.04313981
1.20842242,right_stick_up,up,0,1,11,0,55.063477,32.937012,-138.625488,58.666992,98.02002,13.205566,222.81128,230.781757,154.823899,126.157695,-2.80466491,125.531121,222.773465,230.694492,154.694763,114.861309,-2.50901421,135.747679,0.192809899,0.175782,0.160379219,0.0378148917,0.0872650691,0.129136887,2.89620671,2.36544074
1.2335031,right_stick_up,up,0,1,12,0,55.063477,32.937012,-138.647461,58.666992,98.041992,13.227539,222.770081,230.727975,154.824946,126.151125,-2.80278312,125.545926,222.773465,230.694492,154.694763,114.861309,-2.50901421,135.747679,0.215287184,0.197754,0.134462501,-0.00338349287,0.0334829397,0.130182982,1.51741395,2.70153424
1.25873303,right_stick_up,up,0,1,13,0,55.063477,32.937012,-138.647461,58.710938,98.10791,13.249512,222.836344,230.691868,154.899511,126.062315,-2.84788436,125.620851,222.773465,230.694492,154.694763,114.861309,-2.50901421,135.747679,0.294794481,0.263672,0.214202477,0.0628794481,-0.00262386014,0.204748606,3.25861519,4.20481842
1.28395987,right_stick_up,up,0,1,14,0,55.063477,32.915039,-138.647461,58.710938,98.151855,13.271484,222.820547,230.679774,154.857228,126.034658,-2.83988592,125.661539,222.773465,230.694492,154.694763,114.861309,-2.50901421,135.747679,0.341814197,0.307617,0.169788707,0.0470819286,-0.0147177098,0.16246503,2.13349875,1.85240577
1.3091929,right_stick_up,up,0,1,15,0,55.085449,32.915039,-138.647461,58.754883,98.239746,13.271484,222.798486,230.734899,154.956051,125.925747,-2.83046096,125.762242,222.773465,230.694492,154.694763,114.861309,-2.50901421,135.747679,0.437802198,0.395508,0.26557607,0.0250212254,0.0404070726,0.261288836,3.9904604,4.56897289
1.33444953,right_stick_up,up,0,1,16,0,55.085449,32.893066,-138.647461,58.754883,98.305664,13.31543,222.782887,230.728623,154.938012,125.887102,-2.84068347,125.840043,222.773465,230.694492,154.694763,114.861309,-2.50901421,135.747679,0.510125709,0.461426,0.245812729,0.00942166141,0.0341304102,0.243249348,3.25516998,0.976417615
1.35961914,right_stick_up,up,0,1,17,0,55.085449,32.849121,-138.625488,58.798828,98.393555,13.31543,222.857567,230.710587,154.878418,125.771263,-2.83466311,125.907087,222.773465,230.694492,154.694763,114.861309,-2.50901421,135.747679,0.61050831,0.549317,0.202636587,0.0841022459,0.0160945356,0.18365556,4.36492245,3.86303858
1.38994718,right_stick_up,up,0,1,18,0,55.107422,32.827148,-138.625488,58.842773,98.481445,13.359375,222.81858,230.742179,154.886465,125.686879,-2.85333902,126.007955,222.773465,230.694492,154.694763,114.861309,-2.50901421,135.747679,0.719415634,0.637207,0.202630734,0.0451151677,0.0476866259,0.19170243,3.69421893,1.67572016
1.42020035,right_stick_up,up,0,1,19,0,55.129395,32.783203,-138.625488,58.886719,98.635254,13.381348,222.763463,230.767618,154.876468,125.533285,-2.80876406,126.152632,222.773465,230.694492,154.694763,114.861309,-2.50901421,135.747679,0.8862915,0.791016,0.196123597,-0.0100021727,0.0731259989,0.181705834,5.57877808,2.03358757
1.4504745,right_stick_up,up,0,1,20,0,55.129395,32.739258,-138.603516,58.952637,98.76709,13.425293,222.870183,230.734527,154.866233,125.377239,-2.85777557,126.286562,222.773465,230.694492,154.694763,114.861309,-2.50901421,135.747679,1.04479963,0.922852,0.200895861,0.0967179249,0.0400348859,0.171470108,5.3334339,3.70615109
1.47564006,right_stick_up,up,0,1,21,0,55.151367,32.717285,-138.603516,58.996582,98.833008,13.447266,222.83046,230.760376,154.850072,125.303675,-2.85773868,126.350212,222.773465,230.694492,154.694763,114.861309,-2.50901421,135.747679,1.12961722,0.98877,0.178073897,0.0569948577,0.065884387,0.155309841,3.49249162,1.98973046
1.50137377,right_stick_up,up,0,1,22,0,55.151367,32.67334,-138.625488,59.040527,98.986816,13.491211,222.821487,230.641251,154.817115,125.153232,-2.83994862,126.472414,222.773465,230.694492,154.694763,114.861309,-2.50901421,135.747679,1.2989907,1.142578,0.141813006,0.0480226319,-0.0532415849,0.122352315,6.72316675,4.81571358
1.5265379,right_stick_up,up,0,1,23,0,55.17334,32.651367,-138.625488,59.084473,99.074707,13.513184,222.781507,230.673038,154.825233,125.058355,-2.83338645,126.561731,222.773465,230.694492,154.694763,114.861309,-2.50901421,135.747679,1.40315711,1.230469,0.132466725,0.00804212649,-0.0214537619,0.130470279,4.18762672,2.05524887
1.55172467,right_stick_up,up,0,1,24,0,55.195312,32.607422,-138.603516,59.106445,99.228516,13.557129,222.733523,230.784973,154.837193,124.927817,-2.81313226,126.746613,222.773465,230.694492,154.694763,114.861309,-2.50901421,135.747679,1.56854637,1.384278,0.173403016,-0.0399415632,0.0904810968,0.142430505,6.75749082,4.85857914
1.57695293,right_stick_up,up,0,1,25,0,55.195312,32.563477,-138.581543,59.172363,99.316406,13.579102,222.838778,230.740231,154.778436,124.803579,-2.84901934,126.817249,222.773465,230.694492,154.694763,114.861309,-2.50901421,135.747679,1.68359858,1.472168,0.115581871,0.0653134761,0.045739178,0.0836734503,4.84925009,5.09667082
1.60207534,right_stick_up,up,0,1,26,0,55.217285,32.519531,-138.603516,59.238281,99.492188,13.623047,222.772342,230.686119,154.770825,124.624779,-2.81897393,126.9691,222.773465,230.694492,154.694763,114.861309,-2.50901421,135.747679,1.88171198,1.64795,0.0765299176,-0.00112286081,-0.00837284174,0.0760622311,7.96823629,3.42412509
1.62731314,right_stick_up,up,0,1,27,0,55.217285,32.497559,-138.603516,59.260254,99.602051,13.666992,222.787343,230.665406,154.802153,124.525247,-2.83419516,127.090971,222.773465,230.694492,154.694763,114.861309,-2.50901421,135.747679,2.00096017,1.757813,0.112122084,0.0138777034,-0.0290857847,0.10739082,4.84741768,1.60242206
1.65243983,right_stick_up,up,0,1,28,0,55.239258,32.431641,-138.581543,59.326172,99.777832,13.710938,222.785829,230.70632,154.749452,124.341536,-2.82390251,127.264684,222.773465,230.694492,154.694763,114.861309,-2.50901421,135.747679,2.2054902,1.933594,0.0573038939,0.0123637327,0.0118283548,0.0546897101,8.20329963,2.65597168
1.67767811,right_stick_up,up,0,1,29,0,55.26123,32.409668,-138.581543,59.370117,99.909668,13.73291,222.743818,230.750365,154.805976,124.203511,-2.80354231,127.404787,222.773465,230.694492,154.694763,114.861309,-2.50901421,135.747679,2.34809477,2.06543,0.127941894,-0.0296468342,0.055872981,0.111213324,5.70895411,3.29121727
1.70286107,right_stick_up,up,0,1,30,0,55.26123,32.34375,-138.581543,59.458008,100.085449,13.798828,222.820994,230.620028,154.731573,124.005065,-2.83819568,127.548951,222.773465,230.694492,154.694763,114.861309,-2.50901421,135.747679,2.5626184,2.241211,0.0957026227,0.0475294103,-0.074464248,0.036810636,8.6375131,6.70133126
1.72809649,right_stick_up,up,0,1,31,0,55.283203,32.321777,-138.55957,59.47998,100.217285,13.842773,222.78686,230.750232,154.80968,123.890203,-2.84314037,127.72965,222.773465,230.694492,154.694763,114.861309,-2.50901421,135.747679,2.70379747,2.373047,0.128422218,0.0133948281,0.0557398928,0.114916966,5.77561869,6.1668963
1.75325584,right_stick_up,up,0,1,32,0,55.305176,32.255859,-138.55957,59.567871,100.437012,13.886719,222.773451,230.717676,154.783608,123.649705,-2.81634662,127.924487,222.773465,230.694492,154.694763,114.861309,-2.50901421,135.747679,2.95350482,2.592774,0.0918204492,-1.43281495e-05,0.0231835295,0.0888454762,9.95762655,1.74135872
1.77849555,right_stick_up,up,0,1,33,0,55.327148,32.211914,-138.55957,59.633789,100.568848,13.930664,222.745672,230.711549,154.750501,123.507964,-2.81671017,128.046492,222.773465,230.694492,154.694763,114.861309,-2.50901421,135.747679,3.11376692,2.72461,0.0645768047,-0.0277927652,0.017057054,0.0557385218,6.39726915,1.72938307
1.80906844,right_stick_up,up,0,1,34,0,55.349121,32.124023,-138.537598,59.743652,100.854492,13.996582,222.785375,230.706067,154.729867,123.194616,-2.81155269,128.321473,222.773465,230.694492,154.694763,114.861309,-2.50901421,135.747679,3.43975596,3.010254,0.0388350044,0.0119100733,0.0115751634,0.0351044629,10.6841889,1.4744815
1.83938122,right_stick_up,up,0,1,35,0,55.371094,32.080078,-138.537598,59.831543,101.074219,14.0625,222.785671,230.697856,154.794488,122.958492,-2.82707451,128.549069,222.773465,230.694492,154.694763,114.861309,-2.50901421,135.747679,3.68950975,3.229981,0.100525706,0.0122062689,0.00336380637,0.0997251693,8.26474358,2.14896182
1.86942363,right_stick_up,up,0,1,36,0,55.393066,32.01416,-138.537598,59.919434,101.293945,14.128418,222.768664,230.666138,154.768443,122.727039,-2.82092587,128.754535,222.773465,230.694492,154.694763,114.861309,-2.50901421,135.747679,3.94456613,3.449707,0.0790939723,-0.00480060507,-0.0283545094,0.073680611,8.49794676,1.47875177
1.89458561,right_stick_up,up,0,1,37,0,55.393066,31.970215,-138.515625,59.941406,101.447754,14.172363,222.802458,230.693968,154.779535,122.583261,-2.81986178,128.92609,222.773465,230.694492,154.694763,114.861309,-2.50901421,135.747679,4.10829919,3.603516,0.0895953486,0.0289932245,-0.000524299832,0.0847728998,6.70755367,1.79484018
1.92060328,right_stick_up,up,0,1,38,0,55.415039,31.904297,-138.493652,60.029297,101.66748,14.216309,222.824427,230.721437,154.775706,122.336163,-2.80958488,129.141057,222.773465,230.694492,154.694763,114.861309,-2.50901421,135.747679,4.35879007,3.823242,0.0993729066,0.0509624681,0.0269445319,0.0809431505,9.66606209,1.35990337
1.945755,right_stick_up,up,0,1,39,0,55.437012,31.860352,-138.493652,60.095215,101.821289,14.282227,222.792369,230.722239,154.766686,122.181968,-2.82397043,129.299368,222.773465,230.694492,154.694763,114.861309,-2.50901421,135.747679,4.54350773,3.977051,0.0793742469,0.0189040096,0.0277473888,0.0719235144,7.41279021,1.32447385
1.9709661,right_stick_up,up,0,1,40,0,55.458984,31.794434,-138.493652,60.161133,102.041016,14.326172,222.740091,230.718221,154.739322,121.957766,-2.77315461,129.499543,222.773465,230.694492,154.694763,114.861309,-2.50901421,135.747679,4.78605658,4.196778,0.0605182884,-0.0333739026,0.0237292275,0.0445597309,9.66593614,2.34591417
1.99620485,right_stick_up,up,0,1,41,0,55.480957,31.772461,-138.493652,60.205078,102.194824,14.370117,222.69121,230.770026,154.819721,121.806232,-2.76572131,129.674913,222.773465,230.694492,154.694763,114.861309,-2.50901421,135.747679,4.95306745,4.350586,0.167588702,-0.0822551388,0.075534003,0.124958712,6.68711981,4.25579365
2.02132678,right_stick_up,up,0,1,42,0,55.480957,31.706543,-138.47168,60.292969,102.414551,14.436035,222.798352,230.712722,154.815622,121.557009,-2.79962343,129.8888,222.773465,230.694492,154.694763,114.861309,-2.50901421,135.747679,5.20687089,4.570313,0.124734821,0.0248869285,0.018230344,0.120859716,10.1624234,4.83930828
2.04655504,right_stick_up,up,0,1,43,0,55.50293,31.662598,-138.47168,60.380859,102.568359,14.458008,222.796151,230.6871,154.807774,121.36361,-2.78295468,130.015014,222.773465,230.694492,154.694763,114.861309,-2.50901421,135.747679,5.38827565,4.724121,0.115502662,0.0226864699,-0.0073920498,0.113011268,7.33875803,1.06577607
2.07167888,right_stick_up,up,0,1,44,0,55.524902,31.59668,-138.449707,60.46875,102.788086,14.523926,222.813071,230.715496,154.803535,121.125013,-2.79234204,130.240298,222.773465,230.694492,154.694763,114.861309,-2.50901421,135.747679,5.64402241,4.943848,0.117648882,0.039606125,0.0210038141,0.108772488,10.1992192,1.32643652
2.09694242,right_stick_up,up,0,1,45,0,55.546875,31.552734,-138.449707,60.512695,102.919922,14.589844,222.747165,230.737712,154.769106,121.009919,-2.79242542,130.380439,222.773465,230.694492,154.694763,114.861309,-2.50901421,135.747679,5.80227951,5.075684,0.0899254192,-0.0262998136,0.0432201143,0.0743432751,6.39124804,3.07181498
2.12207174,right_stick_up,up,0,1,46,0,55.546875,31.486816,-138.427734,60.578613,103.139648,14.633789,222.818989,230.707976,154.763418,120.767933,-2.78208873,130.588723,222.773465,230.694492,154.694763,114.861309,-2.50901421,135.747679,6.04367864,5.29541,0.0834732318,0.045524241,0.0134837614,0.0686550223,9.69735941,3.10172449
2.14730144,right_stick_up,up,0,1,47,0,55.568848,31.464844,-138.427734,60.644531,103.293457,14.677734,222.798859,230.733639,154.844845,120.596881,-2.79015566,130.755456,222.773465,230.694492,154.694763,114.861309,-2.50901421,135.747679,6.2177958,5.449219,0.157168702,0.0253936859,0.0391466717,0.150082309,6.96724704,3.47672666
2.17246628,right_stick_up,up,0,1,48,0,55.59082,31.398926,-138.427734,60.732422,103.513184,14.743652,222.772492,230.704242,154.818383,120.362724,-2.77567035,130.958267,222.773465,230.694492,154.694763,114.861309,-2.50901421,135.747679,6.47280333,5.668946,0.124008327,-0.000973122074,0.0097498496,0.123620624,10.1450927,1.88895584
2.19770527,right_stick_up,up,0,1,49,0,55.59082,31.35498,-138.405762,60.776367,103.64502,14.787598,222.833263,230.699891,154.805672,120.220397,-2.79482281,131.095231,222.773465,230.694492,154.694763,114.861309,-2.50901421,135.747679,6.62471098,5.800782,0.126118046,0.0597982052,0.00539863352,0.110908931,6.09409697,2.46598013
2.22292876,right_stick_up,up,0,1,50,0,55.612793,31.289062,-138.405762,60.864258,103.886719,14.831543,222.803535,230.677401,154.803097,119.953841,-2.74868881,131.310222,222.773465,230.694492,154.694763,114.861309,-2.50901421,135.747679,6.89367416,6.042481,0.113721789,0.0300699398,-0.0170908453,0.108334422,10.7044819,1.48137365
2.24815297,right_stick_up,up,0,1,51,0,55.634766,31.245117,-138.383789,60.908203,104.018555,14.875488,222.7748,230.758661,154.790222,119.822366,-2.74431108,131.459129,222.773465,230.694492,154.694763,114.861309,-2.50901421,135.747679,7.04743661,6.174317,0.115030389,0.00133523689,0.0641689008,0.0954597288,6.15955999,3.45489246
2.27331257,right_stick_up,up,0,1,52,0,55.656738,31.179199,-138.383789,61.018066,104.238281,14.941406,222.777208,230.70297,154.764899,119.568912,-2.7446683,131.653269,222.773465,230.694492,154.694763,114.861309,-2.50901421,135.747679,7.3096655,6.394043,0.0707462165,0.00374322341,0.00847794152,0.0701365806,10.4799471,2.43347883
2.29854989,right_stick_up,up,0,1,53,0,55.678711,31.135254,-138.383789,61.083984,104.39209,14.963379,222.737494,230.705679,154.755553,119.392247,-2.70544256,131.785156,222.773465,230.694492,154.694763,114.861309,-2.50901421,135.747679,7.48387529,6.547852,0.071515707,-0.0359705294,0.0111871741,0.0607903322,6.96514575,1.62016246
2.32372785,right_stick_up,up,0,1,54,0,55.678711,31.091309,-138.361816,61.171875,104.611816,15.05127,222.85091,230.674047,154.840973,119.144378,-2.77530638,132.029305,222.773465,230.694492,154.694763,114.861309,-2.50901421,135.747679,7.73777611,6.767578,0.166712788,0.077445054,-0.020445311,0.146210145,10.2146141,5.77750014
2.34895849,right_stick_up,up,0,1,55,0,55.700684,31.047363,-138.361816,61.237793,104.743652,15.095215,222.812256,230.670402,154.807606,118.999485,-2.76536966,132.148485,222.773465,230.694492,154.694763,114.861309,-2.50901421,135.747679,7.89803151,6.899414,0.12173244,0.0387915125,-0.0240905558,0.112843478,6.39958248,2.02899893
2.37419415,right_stick_up,up,0,1,56,0,55.722656,30.981445,-138.339844,61.303711,104.963379,15.13916,222.787576,230.727805,154.800852,118.766299,-2.726303,132.366239,222.773465,230.694492,154.694763,114.861309,-2.50901421,135.747679,8.14124748,7.119141,0.112088477,0.0141116204,0.0333128353,0.10608932,9.6957024,2.49044286
2.39942527,right_stick_up,up,0,1,57,0,55.722656,30.9375,-138.317871,61.347656,105.117188,15.205078,222.841975,230.730797,154.81138,118.610762,-2.75801753,132.539009,222.773465,230.694492,154.694763,114.861309,-2.50901421,135.747679,8.31774652,7.27295,0.14004029,0.0685099553,0.0363051957,0.11661733,7.12826738,2.19920793
2.42460775,right_stick_up,up,0,1,58,0,55.744629,30.871582,-138.317871,61.413574,105.314941,15.249023,222.778542,230.723789,154.758991,118.405069,-2.70353879,132.710401,222.773465,230.694492,154.694763,114.861309,-2.50901421,135.747679,8.54094948,7.470703,0.0707773186,0.00507707712,0.0292972285,0.0642286892,8.89813661,3.27877153
2.44983554,right_stick_up,up,0,1,59,0,55.744629,30.827637,-138.317871,61.501465,105.490723,15.292969,222.853277,230.621525,154.774676,118.185777,-2.71697001,132.857735,222.773465,230.694492,154.694763,114.861309,-2.50901421,135.747679,8.7450625,7.646485,0.134462874,0.0798119901,-0.0729671347,0.079913127,8.17046225,5.05908766
2.47504497,right_stick_up,up,0,1,60,0,55.766602,30.783691,-138.317871,61.567383,105.688477,15.358887,222.804724,230.638802,154.812724,117.983915,-2.70576096,133.062455,222.773465,230.694492,154.694763,114.861309,-2.50901421,135.747679,8.96823676,7.844239,0.134139695,0.0312589788,-0.0556902835,0.117961545,8.88866997,2.54107669
2.50022697,right_stick_up,up,0,1,61,0,55.788574,30.739746,-138.295898,61.589355,105.820312,15.380859,222.739373,230.748045,154.79754,117.859456,-2.65776782,133.205513,222.773465,230.694492,154.694763,114.861309,-2.50901421,135.747679,9.10946105,7.976074,0.120802797,-0.034092045,0.0535528515,0.10277714,5.78781967,5.09095867
2.52546263,right_stick_up,up,0,1,62,0,55.810547,30.673828,-138.295898,61.677246,106.040039,15.446777,222.702337,230.721501,154.770206,117.62243,-2.63364131,133.405192,222.773465,230.694492,154.694763,114.861309,-2.50901421,135.747679,9.36445124,8.195801,0.107146923,-0.0711281958,0.0270093011,0.0754436242,10.1166293,2.10556377
2.55625892,right_stick_up,up,0,1,63,0,55.83252,30.585938,-138.273926,61.809082,106.303711,15.512695,222.745054,230.688597,154.724109,117.303448,-2.62772632,133.637281,222.773465,230.694492,154.694763,114.861309,-2.50901421,135.747679,9.67859971,8.459473,0.0412693195,-0.0284109109,-0.00589527484,0.0293465945,10.2652436,2.30350827
2.58651757,right_stick_up,up,0,1,64,0,55.854492,30.541992,-138.251953,61.896973,106.479492,15.578613,222.767053,230.730443,154.760654,117.098217,-2.66008039,133.82971,222.773465,230.694492,154.694763,114.861309,-2.50901421,135.747679,9.89069787,8.635254,0.0753342064,-0.00641154726,0.03595117,0.0658911837,7.07774437,1.97479133
2.61666918,right_stick_up,up,0,1,65,0,55.854492,30.498047,-138.251953,61.940918,106.655273,15.622559,222.774609,230.683592,154.772927,116.915054,-2.63585186,133.991665,222.773465,230.694492,154.694763,114.861309,-2.50901421,135.747679,10.0802298,8.811035,0.0789286951,0.00114371669,-0.0109003321,0.0781640172,6.35299372,1.62571888
2.6418097,right_stick_up,up,0,1,66,0,55.854492,30.454102,-138.22998,61.984863,106.765137,15.666504,222.829662,230.673792,154.734917,116.792512,-2.65552665,134.101499,222.773465,230.694492,154.694763,114.861309,-2.50901421,135.747679,10.213079,8.920899,0.0721039548,0.0561971764,-0.0206997489,0.0401544277,5.38767151,2.6894392
2.66719723,right_stick_up,up,0,1,67,0,55.876465,30.410156,-138.208008,62.028809,106.940918,15.710449,222.786873,230.770288,154.768072,116.613985,-2.63023483,134.296932,222.773465,230.694492,154.694763,114.861309,-2.50901421,135.747679,10.4053233,9.09668,0.106296506,0.013407819,0.0757955309,0.0733090379,7.64380223,4.35809687
2.69234848,right_stick_up,up,0,1,68,0,55.876465,30.388184,-138.22998,62.072754,107.050781,15.732422,222.779358,230.669242,154.778345,116.487428,-2.60493015,134.37276,222.773465,230.694492,154.694763,114.861309,-2.50901421,135.747679,10.5256821,9.206543,0.0875114551,0.0058930564,-0.0252496829,0.0835821762,4.94192416,4.04925058
2.71744514,right_stick_up,up,0,1,69,0,55.898438,30.344238,-138.208008,62.160645,107.182617,15.776367,222.804843,230.697649,154.76699,116.315938,-2.62756121,134.502944,222.773465,230.694492,154.694763,114.861309,-2.50901421,135.747679,10.6940493,9.338379,0.0788119746,0.0313783637,0.00315715112,0.0722271281,6.89387342,1.58654247
2.74260688,right_stick_up,up,0,1,70,0,55.898438,30.300293,-138.208008,62.20459,107.29248,15.79834,222.819649,230.630465,154.707769,116.189277,-2.60170195,134.578572,222.773465,230.694492,154.694763,114.861309,-2.50901421,135.747679,10.8207021,9.448242,0.080009991,0.0461838128,-0.0640272564,0.0130063265,5.09190099,3.60764819
2.76770759,right_stick_up,up,0,1,71,0,55.92041,30.27832,-138.208008,62.248535,107.402344,15.842285,222.761958,230.672696,154.738997,116.077378,-2.59799863,134.700805,222.773465,230.694492,154.694763,114.861309,-2.50901421,135.747679,10.9490435,9.558106,0.0506379752,-0.0115072754,-0.0217960062,0.0442348421,5.17883124,3.10823799
2.79282331,right_stick_up,up,0,1,72,0,55.92041,30.234375,-138.186035,62.248535,107.512207,15.864258,222.752353,230.717551,154.697447,115.981768,-2.56042842,134.813733,222.773465,230.694492,154.694763,114.861309,-2.50901421,135.747679,11.0620269,9.667969,0.0313788212,-0.0211117631,0.0230589949,0.00268451763,4.8709848,2.46428127
2.81805372,right_stick_up,up,0,1,73,0,55.92041,30.212402,-138.164062,62.29248,107.600098,15.88623,222.824844,230.724913,154.725787,115.864717,-2.58551396,134.906779,222.773465,230.694492,154.694763,114.861309,-2.50901421,135.747679,11.1650073,9.75586,0.0672888307,0.0513793715,0.0304207173,0.0310246171,4.17660101,3.09869478
2.84708095,right_stick_up,up,0,1,74,0,55.942383,30.168457,-138.186035,62.380371,107.731934,15.930176,222.770924,230.638606,154.672465,115.705433,-2.56274768,134.994615,222.773465,230.694492,154.694763,114.861309,-2.50901421,135.747679,11.3315872,9.887696,0.060223517,-0.00254087977,-0.0558860783,-0.0222971341,5.96038021,3.95797163
2.87223339,right_stick_up,up,0,1,75,0,55.942383,30.146484,-138.164062,62.402344,107.819824,15.952148,222.811562,230.673239,154.6991,115.606988,-2.57093275,135.095762,222.773465,230.694492,154.694763,114.861309,-2.50901421,135.747679,11.4272602,9.975586,0.0438388851,0.0380967418,-0.021252688,0.00433697632,3.9067467,2.37225236
2.89746356,right_stick_up,up,0,1,76,0,55.942383,30.124512,-138.164062,62.424316,107.885742,15.996094,222.81662,230.643371,154.681233,115.547373,-2.58712264,135.164846,222.773465,230.694492,154.694763,114.861309,-2.50901421,135.747679,11.5081983,10.041504,0.0682551973,0.0431547115,-0.0511213834,-0.0135294864,3.37293702,1.39396811
2.92767215,right_stick_up,up,0,1,77,0,55.964355,30.080566,-138.164062,62.446289,107.995605,16.018066,222.710113,230.689227,154.620202,115.450238,-2.52145958,135.261277,222.773465,230.694492,154.694763,114.861309,-2.50901421,135.747679,11.629307,10.151367,0.0979820393,-0.0633519816,-0.00526461871,-0.0745606481,4.11458949,4.33781909
2.95285535,right_stick_up,up,0,1,78,0,55.964355,30.080566,-138.164062,62.490234,108.061523,16.018066,222.76251,230.656174,154.694375,115.345308,-2.53116052,135.316854,222.773465,230.694492,154.694763,114.861309,-2.50901421,135.747679,11.7014242,10.217285,0.0398548737,-0.0109547589,-0.0383177988,-0.000387955955,3.14588252,3.83753642
2.97809172,right_stick_up,up,0,1,79,0,55.964355,30.058594,-138.14209,62.490234,108.127441,16.040039,222.774665,230.710976,154.695583,115.287908,-2.53029891,135.402066,222.773465,230.694492,154.694763,114.861309,-2.50901421,135.747679,11.7706594,10.283203,0.0165476224,0.00120045236,0.0164835983,0.000820797466,3.01609411,2.22481568
3.00594378,right_stick_up,up,0,1,80,0,55.986328,30.036621,-138.14209,62.53418,108.215332,16.083984,222.718708,230.746579,154.702903,115.197962,-2.53285531,135.499791,222.773465,230.694492,154.694763,114.861309,-2.50901421,135.747679,11.8797927,10.371094,0.0760107776,-0.0547571647,0.0520866755,0.00814060552,4.02266782,2.39574424
3.03106618,right_stick_up,up,0,1,81,0,55.964355,30.014648,-138.14209,62.578125,108.28125,16.062012,222.843085,230.604213,154.686597,115.078351,-2.51979644,135.508294,222.773465,230.694492,154.694763,114.861309,-2.50901421,135.747679,11.9502976,10.437012,0.114297862,0.0696200377,-0.0902794387,-0.00816545245,3.49849082,7.55287485
3.05629253,right_stick_up,up,0,1,82,0,55.986328,29.992676,-138.14209,62.578125,108.303223,16.083984,222.734918,230.67286,154.61978,115.08337,-2.49041736,135.537605,222.773465,230.694492,154.694763,114.861309,-2.50901421,135.747679,11.9819297,10.458985,0.0870415423,-0.0385468326,-0.0216323411,-0.0749827553,1.74202736,5.72769715
3.08581591,right_stick_up,up,0,1,83,0,55.986328,29.992676,-138.120117,62.62207,108.369141,16.12793,222.825544,230.697217,154.714601,114.991838,-2.56642379,135.639765,222.773465,230.694492,154.694763,114.861309,-2.50901421,135.747679,12.0656899,10.524903,0.0557965278,0.0520795727,0.00272527099,0.0198379314,3.15757845,4.5186877
3.11099768,right_stick_up,up,0,1,84,0,55.986328,29.970703,-138.14209,62.62207,108.413086,16.12793,222.763537,230.630304,154.650686,114.959831,-2.50666533,135.646235,222.773465,230.694492,154.694763,114.861309,-2.50901421,135.747679,12.1085089,10.568848,0.0784947186,-0.0099275936,-0.0641881167,-0.0440766311,2.13733272,4.42337194
3.13622189,right_stick_up,up,0,1,85,0,55.986328,29.970703,-138.14209,62.644043,108.435059,16.149902,222.791252,230.610257,154.675943,114.928551,-2.5374522,135.6749,222.773465,230.694492,154.694763,114.861309,-2.50901421,135.747679,12.1403454,10.590821,0.088125332,0.0177868689,-0.0842348773,-0.0188198534,1.50877973,1.68564419
3.16536093,right_stick_up,up,0,1,86,0,55.986328,29.94873,-138.120117,62.644043,108.479004,16.12793,222.806525,230.657949,154.653362,114.873469,-2.49958145,135.709834,222.773465,230.694492,154.694763,114.861309,-2.50901421,135.747679,12.1797116,10.634766,0.0643613789,0.033059847,-0.0365433352,-0.0414007037,1.99505392,1.88520498
3.19061017,right_stick_up,up,0,1,87,0,55.986328,29.94873,-138.120117,62.666016,108.500977,16.149902,222.834202,230.637904,154.678616,114.842177,-2.53032889,135.738479,222.773465,230.694492,154.694763,114.861309,-2.50901421,135.747679,12.2115206,10.656739,0.0845693652,0.0607370738,-0.0565884893,-0.0161470823,1.50728382,1.68290774
3.21584177,right_stick_up,up,0,1,88,0,55.986328,29.94873,-138.120117,62.644043,108.500977,16.171875,222.802898,230.665127,154.676957,114.871001,-2.53628731,135.759967,222.773465,230.694492,154.694763,114.861309,-2.50901421,135.747679,12.2095832,10.656739,0.0452293481,0.0294331769,-0.0293654128,-0.0178060259,1.23157132,1.64549428
3.24133086,right_stick_up,up,0,1,89,0,55.986328,29.94873,-138.120117,62.644043,108.500977,16.149902,222.802898,230.665127,154.676957,114.860968,-2.51403049,135.746897,222.773465,230.694492,154.694763,114.861309,-2.50901421,135.747679,12.2042239,10.656739,0.0452293481,0.0294331769,-0.0293654128,-0.0178060259,0.862055036,0
3.26656365,right_stick_up,up,0,1,90,0,56.008301,29.94873,-138.120117,62.644043,108.522949,16.149902,222.710783,230.757732,154.700549,114.849427,-2.48442981,135.783961,222.773465,230.694492,154.694763,114.861309,-2.50901421,135.747679,12.2251326,10.678711,0.0892287328,-0.0626822316,0.0632394406,0.00578599518,1.23148511,5.26025407
3.29451871,right_stick_up,up,0,1,91,0,56.008301,29.94873,-138.120117,62.666016,108.522949,16.171875,222.742097,230.730523,154.702207,114.840671,-2.52297867,135.788616,222.773465,230.694492,154.694763,114.861309,-2.50901421,135.747679,12.2377638,10.678711,0.0483486812,-0.0313676208,0.0360312745,0.00744409796,1.11158838,1.48512406
3.32473373,right_stick_up,up,0,1,92,0,56.008301,29.94873,-138.120117,62.666016,108.522949,16.149902,222.742097,230.730523,154.702207,114.830636,-2.50072884,135.775542,222.773465,230.694492,154.694763,114.861309,-2.50901421,135.747679,12.2324169,10.678711,0.0483486812,-0.0313676208,0.0360312745,0.00744409796,0.727220978,0
3.34995484,right_stick_up,up,0,1,93,0,56.008301,29.94873,-138.098145,62.644043,108.522949,16.149902,222.749401,230.815003,154.721223,114.84288,-2.50653584,135.804724,222.773465,230.694492,154.694763,114.861309,-2.50901421,135.747679,12.2261001,10.678711,0.125706774,-0.0240639873,0.120511239,0.0264605164,1.23205554,3.44557703
3.37518692,right_stick_up,up,0,1,94,0,56.008301,29.94873,-138.120117,62.687988,108.522949,16.171875,222.7734,230.703305,154.70387,114.821875,-2.53927148,135.780198,222.773465,230.694492,154.694763,114.861309,-2.50901421,135.747679,12.2450796,10.678711,0.0126732932,-6.45150639e-05,0.00881305001,0.0091070493,2.13305524,4.57979705
3.40470624,right_stick_up,up,0,1,95,0,56.008301,29.94873,-138.120117,62.687988,108.522949,16.149902,222.7734,230.703305,154.70387,114.811846,-2.51702378,135.76712,222.773465,230.694492,154.694763,114.861309,-2.50901421,135.747679,12.2397359,10.678711,0.0126732932,-6.45150639e-05,0.00881305001,0.0091070493,0.744359977,0
3.41104412,return_center_after_up,center,0,0,0,0,56.008301,29.94873,-138.120117,62.687988,108.522949,16.149902,222.7734,230.703305,154.70387,114.811846,-2.51702378,135.76712,222.773465,230.694492,154.694763,126.358293,-2.79402175,125.322328,12.2397359,10.678711,0.0126732932,-6.45150639e-05,0.00881305001,0.0091070493,0,0
3.43636918,return_center_after_up,center,0,0,1,0,56.008301,29.94873,-138.098145,62.666016,108.522949,16.171875,222.780715,230.787795,154.722879,114.834125,-2.54508823,135.809374,222.773465,230.694492,154.694763,126.358293,-2.79402175,125.322328,12.2387303,10.678711,0.0977163203,0.00725026826,0.0933025459,0.0281166818,1.50274858,3.43177843
3.4615078,return_center_after_up,center,0,0,2,0,56.008301,29.94873,-138.120117,62.666016,108.522949,16.149902,222.742097,230.730523,154.702207,114.830636,-2.50072884,135.775542,222.773465,230.694492,154.694763,126.358293,-2.79402175,125.322328,12.2324169,10.678711,0.0483486812,-0.0313676208,0.0360312745,0.00744409796,1.23609855,2.86817615
3.48666358,return_center_after_up,center,0,0,3,0,56.008301,29.94873,-138.120117,62.644043,108.522949,16.171875,222.710783,230.757732,154.700549,114.859467,-2.50668178,135.797033,222.773465,230.694492,154.694763,126.358293,-2.79402175,125.322328,12.2304827,10.678711,0.0892287328,-0.0626822316,0.0632394406,0.00578599518,1.23528315,1.65038495
3.51183176,return_center_after_up,center,0,0,4,0,56.008301,29.94873,-138.120117,62.644043,108.522949,16.171875,222.710783,230.757732,154.700549,114.859467,-2.50668178,135.797033,222.773465,230.694492,154.694763,126.358293,-2.79402175,125.322328,12.2304827,10.678711,0.0892287328,-0.0626822316,0.0632394406,0.00578599518,0,0
3.54214835,return_center_after_up,center,0,0,5,0,56.008301,29.94873,-138.120117,62.644043,108.500977,16.171875,222.714421,230.750555,154.676957,114.882005,-2.51449093,135.773035,222.773465,230.694492,154.694763,126.358293,-2.79402175,125.322328,12.2113032,10.656739,0.0833440689,-0.0590435572,0.0560628007,-0.0178060259,0.724751665,0.822204678
3.5723927,return_center_after_up,center,0,0,6,0,56.008301,29.94873,-138.120117,62.644043,108.479004,16.149902,222.718051,230.743378,154.653362,114.8945,-2.50003807,135.735969,222.773465,230.694492,154.694763,126.358293,-2.79402175,125.322328,12.1867652,10.634766,0.0847030811,-0.0554141346,0.0488862697,-0.0414007037,1.02744857,0.824206084
3.59751368,return_center_after_up,center,0,0,7,0,56.008301,29.94873,-138.120117,62.644043,108.457031,16.149902,222.721671,230.736202,154.629766,114.91703,-2.50784177,135.711966,222.773465,230.694492,154.694763,126.358293,-2.79402175,125.322328,12.1675952,10.612793,0.0929891155,-0.0517941303,0.0417101752,-0.064996961,0.874687437,0.992301414
3.62264943,return_center_after_up,center,0,0,8,0,56.008301,29.94873,-138.120117,62.644043,108.435059,16.12793,222.725281,230.729027,154.606169,114.929517,-2.49337779,135.674901,222.773465,230.694492,154.694763,126.358293,-2.79402175,125.322328,12.1430894,10.590821,0.106598183,-0.0481837089,0.0345348449,-0.0885937206,1.23621112,0.991672724
3.64783072,return_center_after_up,center,0,0,9,0,55.986328,29.94873,-138.120117,62.62207,108.391113,16.12793,222.789624,230.656468,154.55731,114.982346,-2.51446205,135.622222,222.773465,230.694492,154.694763,126.358293,-2.79402175,125.322328,12.0957227,10.546875,0.143527338,0.0161595754,-0.0380240401,-0.137452309,2.13740562,4.31236901
3.67370415,return_center_after_up,center,0,0,10,0,55.986328,29.94873,-138.098145,62.62207,108.369141,16.12793,222.83188,230.706606,154.554374,114.998349,-2.5443385,135.618986,222.773465,230.694492,154.694763,126.358293,-2.79402175,125.322328,12.0775484,10.524903,0.152538727,0.0584152581,0.0121134778,-0.140388691,1.20096598,2.53676786
3.70328283,return_center_after_up,center,0,0,11,0,55.986328,29.970703,-138.120117,62.600098,108.303223,16.105957,222.788762,230.679004,154.551671,115.074626,-2.5290697,135.542261,222.773465,230.694492,154.694763,126.358293,-2.79402175,125.322328,12.0009738,10.458985,0.144737907,0.0152973565,-0.0154884991,-0.143091435,2.67839457,1.7332486
3.73282266,return_center_after_up,center,0,0,12,0,55.986328,29.970703,-138.120117,62.53418,108.237305,16.083984,222.705356,230.739161,154.47589,115.188422,-2.48098438,135.482222,222.773465,230.694492,154.694763,126.358293,-2.79402175,125.322328,11.9162928,10.393067,0.233536728,-0.0681089238,0.044668807,-0.218872738,3.2422912,4.32443883
3.75805187,return_center_after_up,center,0,0,13,0,55.986328,29.970703,-138.14209,62.512207,108.171387,16.083984,222.645803,230.687526,154.382726,115.281112,-2.46583584,135.397569,222.773465,230.694492,154.694763,126.358293,-2.79402175,125.322328,11.8506179,10.327149,0.337213288,-0.127662314,-0.00696572499,-0.312036238,2.88852785,4.83699042
3.78318596,return_center_after_up,center,0,0,14,0,55.986328,29.992676,-138.14209,62.490234,108.105469,16.062012,222.641093,230.717308,154.400633,115.350794,-2.4723927,135.341504,222.773465,230.694492,154.694763,126.358293,-2.79402175,125.322328,11.7750071,10.261231,0.323349513,-0.13237166,0.0228155411,-0.294129398,3.0283794,1.3952322
3.80841446,return_center_after_up,center,0,0,15,0,55.964355,30.014648,-138.14209,62.490234,108.039551,16.040039,222.756145,230.634511,154.420161,115.390682,-2.51719668,135.264102,222.773465,230.694492,154.694763,126.358293,-2.79402175,125.322328,11.7049314,10.195313,0.281609115,-0.0173202283,-0.0599814091,-0.274601409,3.01704616,5.67158845
3.83350015,return_center_after_up,center,0,0,16,0,55.964355,30.058594,-138.164062,62.468262,107.95166,16.018066,222.73214,230.623811,154.484118,115.482789,-2.5313489,135.183911,222.773465,230.694492,154.694763,126.358293,-2.79402175,125.322328,11.603747,10.107422,0.225996827,-0.0413247504,-0.0706812448,-0.210644232,4.20070426,2.75640824
3.85866547,return_center_after_up,center,0,0,17,0,55.964355,30.080566,-138.14209,62.424316,107.885742,15.996094,222.734577,230.738308,154.521102,115.564803,-2.54319651,135.15695,222.773465,230.694492,154.694763,126.358293,-2.79402175,125.322328,11.5217829,10.041504,0.183276192,-0.0388877339,0.0438163286,-0.173660693,3.49252471,4.7822585
3.88378119,return_center_after_up,center,0,0,18,0,55.964355,30.102539,-138.164062,62.358398,107.775879,15.952148,222.634614,230.750937,154.467652,115.713137,-2.48736816,135.035307,222.773465,230.694492,154.694763,126.358293,-2.79402175,125.322328,11.387031,9.931641,0.272111794,-0.138851113,0.0564445329,-0.227110572,5.53307626,4.54126471
3.90897679,return_center_after_up,center,0,0,19,0,55.942383,30.124512,-138.164062,62.336426,107.709961,15.930176,222.717891,230.695469,154.485494,115.771707,-2.51539289,134.966172,222.773465,230.694492,154.694763,126.358293,-2.79402175,125.322328,11.3096661,9.865723,0.216524476,-0.0555733706,0.000977185399,-0.209268952,3.14432355,4.03392913
3.93408012,return_center_after_up,center,0,0,20,0,55.942383,30.168457,-138.164062,62.29248,107.578125,15.908203,222.707252,230.755404,154.521151,115.920903,-2.5497265,134.866618,222.773465,230.694492,154.694763,126.358293,-2.79402175,125.322328,11.1638178,9.733887,0.195538636,-0.0662124121,0.0609114384,-0.173611841,5.87162239,2.81022339
3.95932794,return_center_after_up,center,0,0,21,0,55.942383,30.19043,-138.186035,62.270508,107.490234,15.908203,222.666164,230.720826,154.494432,116.029216,-2.56373414,134.778121,222.773465,230.694492,154.694763,126.358293,-2.79402175,125.322328,11.073521,9.645996,0.228777754,-0.10730057,0.0263338123,-0.200330673,3.79347479,2.37569912
3.98448229,return_center_after_up,center,0,0,22,0,55.92041,30.234375,-138.186035,62.226562,107.380371,15.864258,222.740262,230.702535,154.553687,116.134829,-2.58956975,134.676789,222.773465,230.694492,154.694763,126.358293,-2.79402175,125.322328,10.939691,9.536133,0.145153307,-0.0332033356,0.00804307816,-0.141075618,5.38469036,3.84122642
4.00964403,return_center_after_up,center,0,0,23,0,55.92041,30.27832,-138.186035,62.20459,107.270508,15.820312,222.757116,230.742528,154.614518,116.232739,-2.60977524,134.58007,222.773465,230.694492,154.694763,126.358293,-2.79402175,125.322328,10.8149676,9.42627,0.0949420866,-0.0163491326,0.0480361133,-0.0802448596,5.09190781,2.96980293
4.04175496,return_center_after_up,center,0,0,24,0,55.898438,30.322266,-138.208008,62.116699,107.072754,15.754395,222.741215,230.693152,154.554755,116.461265,-2.58757483,134.3643,222.773465,230.694492,154.694763,126.358293,-2.79402175,125.322328,10.583661,9.228516,0.143679956,-0.0322497673,-0.0013405045,-0.140007447,7.2416709,2.46444522
4.0712626,return_center_after_up,center,0,0,25,0,55.898438,30.366211,-138.22998,62.050781,106.918945,15.732422,222.661468,230.716084,154.543893,116.657343,-2.58948488,134.227028,222.773465,230.694492,154.694763,126.358293,-2.79402175,125.322328,10.4104951,9.074707,0.189132476,-0.111996863,0.0215916492,-0.15086947,5.95715271,2.83610361
4.10145402,return_center_after_up,center,0,0,26,0,55.876465,30.410156,-138.22998,61.962891,106.743164,15.666504,222.680178,230.731598,154.528642,116.856876,-2.58042336,134.05602,222.773465,230.694492,154.694763,126.358293,-2.79402175,125.322328,10.1992899,8.898926,0.194101115,-0.0932869459,0.0371062215,-0.166120189,7.05605474,0.950403408
4.12662864,return_center_after_up,center,0,0,27,0,55.876465,30.454102,-138.22998,61.940918,106.633301,15.644531,222.695757,230.771993,154.589262,116.964608,-2.62201562,133.971763,222.773465,230.694492,154.694763,126.358293,-2.79402175,125.322328,10.0798949,8.789063,0.152234048,-0.0777073869,0.0775006769,-0.10550077,4.85960468,2.95903631
4.15185022,return_center_after_up,center,0,0,28,0,55.876465,30.498047,-138.251953,61.875,106.523438,15.578613,222.608837,230.808986,154.625708,117.095615,-2.56249889,133.857165,222.773465,230.694492,154.694763,126.358293,-2.79402175,125.322328,9.93443594,8.6792,0.212084571,-0.16462804,0.114494308,-0.0690545234,6.03573503,4.01451534
4.17703176,return_center_after_up,center,0,0,29,0,55.83252,30.541992,-138.251953,61.809082,106.325684,15.556641,222.749034,230.70545,154.588063,117.307417,-2.64401999,133.66597,222.773465,230.694492,154.694763,126.358293,-2.79402175,125.322328,9.72016342,8.481446,0.110007696,-0.024430879,0.0109577801,-0.106699355,8.68196076,7.08073068
4.20215678,return_center_after_up,center,0,0,30,0,55.83252,30.585938,-138.273926,61.787109,106.193848,15.512695,222.727292,230.681402,154.603594,117.43321,-2.6478515,133.523264,222.773465,230.694492,154.694763,126.358293,-2.79402175,125.322328,9.57539031,8.34961,0.103028745,-0.0461723881,-0.0130896787,-0.0911684877,5.9313914,1.43072181
4.22732759,return_center_after_up,center,0,0,31,0,55.810547,30.651855,-138.273926,61.699219,105.996094,15.446777,222.762403,230.714672,154.65477,117.648209,-2.66543327,133.348212,222.773465,230.694492,154.694763,126.358293,-2.79402175,125.322328,9.33954259,8.151856,0.0461408718,-0.0110619151,0.0201802735,-0.0399921324,9.40186003,2.79759503
4.25255466,return_center_after_up,center,0,0,32,0,55.810547,30.695801,-138.273926,61.633301,105.864258,15.424805,222.715847,230.802962,154.688394,117.815121,-2.67894245,133.255104,222.773465,230.694492,154.694763,126.358293,-2.79402175,125.322328,9.18646292,8.02002,0.122988452,-0.0576176435,0.108470318,-0.00636839775,6.15887264,4.17503493
4.28232598,return_center_after_up,center,0,0,33,0,55.788574,30.761719,-138.273926,61.523438,105.556641,15.336914,222.730663,230.829855,154.61882,118.149074,-2.69164272,132.952406,222.773465,230.694492,154.694763,126.358293,-2.79402175,125.322328,8.84215889,7.712403,0.16100479,-0.0428020722,0.135363203,-0.0759429289,11.5993236,2.55441407
4.31110454,return_center_after_up,center,0,0,34,0,55.766602,30.827637,-138.317871,61.435547,105.358887,15.292969,222.684429,230.747823,154.627119,118.385301,-2.68654466,132.746696,222.773465,230.694492,154.694763,126.358293,-2.79402175,125.322328,8.60991791,7.514649,0.123883462,-0.0890354732,0.0533307444,-0.0676433905,8.18771315,3.28470341
4.34100842,return_center_after_up,center,0,0,35,0,55.744629,30.893555,-138.339844,61.347656,105.117188,15.205078,222.681426,230.710446,154.608845,118.639337,-2.67090124,132.48766,222.773465,230.694492,154.694763,126.358293,-2.79402175,125.322328,8.32952111,7.27295,0.1269153,-0.0920391632,0.0159542285,-0.0859171024,9.40972613,1.39489428
4.36829591,return_center_after_up,center,0,0,36,0,55.744629,30.915527,-138.339844,61.325684,104.985352,15.161133,222.679773,230.721192,154.55456,118.764245,-2.67239318,132.344032,222.773465,230.694492,154.694763,126.358293,-2.79402175,125.322328,8.19111707,7.141114,0.17072665,-0.0936914028,0.0266998514,-0.140202097,5.21846758,2.02887799
4.39905524,return_center_after_up,center,0,0,37,0,55.722656,31.003418,-138.339844,61.237793,104.743652,15.117188,222.730901,230.766275,154.648042,119.026432,-2.74438174,132.151991,222.773465,230.694492,154.694763,126.358293,-2.79402175,125.322328,7.91680624,6.899414,0.0956411277,-0.0425641247,0.0717824288,-0.0467204826,8.97915739,3.7612855
4.42930675,return_center_after_up,center,0,0,38,0,55.700684,31.069336,-138.361816,61.105957,104.458008,15.029297,222.665513,230.770497,154.578703,119.360571,-2.7055547,131.858289,222.773465,230.694492,154.694763,126.358293,-2.79402175,125.322328,7.58352774,6.61377,0.175784315,-0.107951631,0.0760045631,-0.116059799,11.0631567,3.1535854
4.45956612,return_center_after_up,center,0,0,39,0,55.656738,31.135254,-138.383789,61.040039,104.238281,14.985352,222.776451,230.628188,154.585152,119.581862,-2.76581065,131.627322,222.773465,230.694492,154.694763,126.358293,-2.79402175,125.322328,7.33843955,6.394043,0.128139079,0.00298657577,-0.0663044818,-0.109610308,8.18324227,5.96697029
4.48981619,return_center_after_up,center,0,0,40,0,55.656738,31.201172,-138.383789,60.952148,103.996582,14.941406,222.719369,230.735721,154.587778,119.859964,-2.79087631,131.425018,222.773465,230.694492,154.694763,126.358293,-2.79402175,125.322328,7.0715435,6.152344,0.126774627,-0.0540955263,0.0412293663,-0.106984202,8.89614485,4.02556142
4.52005506,return_center_after_up,center,0,0,41,0,55.634766,31.26709,-138.405762,60.88623,103.776855,14.853516,222.739835,230.679266,154.593937,120.071645,-2.78059512,131.181207,222.773465,230.694492,154.694763,126.358293,-2.79402175,125.322328,6.81758061,5.932617,0.10737125,-0.0336301401,-0.0152257222,-0.100825475,8.4739668,1.99627347
4.55051064,return_center_after_up,center,0,0,42,0,55.612793,31.333008,-138.427734,60.79834,103.557129,14.80957,222.727414,230.650047,154.598612,120.321651,-2.79841627,130.969321,222.773465,230.694492,154.694763,126.358293,-2.79402175,125.322328,6.56714157,5.712891,0.115502898,-0.0460507242,-0.0444453826,-0.0961501854,8.25752982,1.05374196
4.58006454,return_center_after_up,center,0,0,43,0,55.59082,31.376953,-138.427734,60.710449,103.337402,14.72168,222.737664,230.655595,154.534407,120.551148,-2.76879904,130.732718,222.773465,230.694492,154.694763,126.358293,-2.79402175,125.322328,6.31212106,5.493164,0.168844993,-0.0358010814,-0.0388969873,-0.160355663,8.70219149,2.20799212
4.61016893,return_center_after_up,center,0,0,44,0,55.568848,31.442871,-138.427734,60.622559,103.117676,14.677734,222.76335,230.685276,154.560745,120.795126,-2.80629172,130.541706,222.773465,230.694492,154.694763,126.358293,-2.79402175,125.322328,6.06242316,5.273438,0.134714886,-0.0101152472,-0.00921624109,-0.13401807,8.32191294,1.57017597
4.64009738,return_center_after_up,center,0,0,45,0,55.568848,31.508789,-138.449707,60.534668,102.897949,14.611816,222.659486,230.742052,154.565134,121.045284,-2.7754214,130.328777,222.773465,230.694492,154.694763,126.358293,-2.79402175,125.322328,5.80851638,5.053711,0.179043986,-0.113978597,0.0475600976,-0.129628953,8.5303376,3.95777456
4.6697824,return_center_after_up,center,0,0,46,0,55.546875,31.574707,-138.449707,60.446777,102.678223,14.545898,222.683296,230.772195,154.591389,121.278649,-2.78778253,130.125053,222.773465,230.694492,154.694763,126.358293,-2.79402175,125.322328,5.55343426,4.833985,0.157652379,-0.0901689589,0.0777033323,-0.103373225,8.60025973,1.56739779
4.69995594,return_center_after_up,center,0,0,47,0,55.524902,31.640625,-138.47168,60.380859,102.480469,14.501953,222.69667,230.723294,154.620896,121.487106,-2.81303418,129.929021,222.773465,230.694492,154.694763,126.358293,-2.79402175,125.322328,5.32944519,4.636231,0.110378072,-0.0767949424,0.0288020797,-0.0738667434,7.46192965,1.94404044
4.73025584,return_center_after_up,center,0,0,48,0,55.50293,31.706543,-138.47168,60.314941,102.23877,14.436035,222.752019,230.720559,154.624224,121.723348,-2.84873464,129.692155,222.773465,230.694492,154.694763,126.358293,-2.79402175,125.322328,5.06263582,4.394532,0.0781986236,-0.0214453977,0.0260667989,-0.0705382282,8.85185117,1.83224884
4.76012015,return_center_after_up,center,0,0,49,0,55.480957,31.750488,-138.493652,60.227051,102.041016,14.370117,222.715182,230.675143,154.561691,121.944663,-2.80993922,129.469455,222.773465,230.694492,154.694763,126.358293,-2.79402175,125.322328,4.83133753,4.196778,0.14655822,-0.0582825536,-0.0193492523,-0.133071643,7.7864344,2.86681803
4.79046798,return_center_after_up,center,0,0,50,0,55.458984,31.816406,-138.493652,60.117188,101.799316,14.304199,222.704312,230.72686,154.56248,122.21686,-2.80750078,129.246952,222.773465,230.694492,154.694763,126.358293,-2.79402175,125.322328,4.54977257,3.955078,0.152736669,-0.0691524314,0.0323674531,-0.132282952,9.30032018,1.74156036
4.81916165,return_center_after_up,center,0,0,51,0,55.437012,31.882324,-138.515625,60.029297,101.601562,14.260254,222.681993,230.705551,154.590441,122.442511,-2.81184263,129.057278,222.773465,230.694492,154.694763,126.358293,-2.79402175,125.322328,4.31850731,3.757324,0.139184726,-0.0914723314,0.0110588136,-0.104321154,8.10411598,1.45127815
4.84973931,return_center_after_up,center,0,0,52,0,55.415039,31.948242,-138.515625,59.963379,101.381836,14.172363,222.732488,230.710081,154.617661,122.645933,-2.81392282,128.832796,222.773465,230.694492,154.694763,126.358293,-2.79402175,125.322328,4.06529792,3.537598,0.0886950758,-0.040976857,0.015588601,-0.0771019402,8.34919641,1.88186429
4.8791697,return_center_after_up,center,0,0,53,0,55.393066,32.01416,-138.515625,59.897461,101.162109,14.128418,222.782125,230.714861,154.644866,122.869386,-2.8627839,128.631771,222.773465,230.694492,154.694763,126.358293,-2.79402175,125.322328,3.82298948,3.317871,0.054585907,0.00866000773,0.0203693952,-0.0498970265,8.28018036,1.93013987
4.90440464,return_center_after_up,center,0,0,54,0,55.371094,32.058105,-138.537598,59.853516,101.008301,14.106445,222.803764,230.6287,154.632536,123.029976,-2.89207387,128.467293,222.773465,230.694492,154.694763,126.358293,-2.79402175,125.322328,3.6556589,3.164063,0.0954925215,0.0302995599,-0.0657919763,-0.0622267963,6.74456865,3.55415063
4.92963624,return_center_after_up,center,0,0,55,0,55.371094,32.080078,-138.537598,59.787598,100.854492,14.040527,222.728532,230.690145,154.550777,123.199561,-2.83147292,128.29823,222.773465,230.694492,154.694763,126.358293,-2.79402175,125.322328,3.47807098,3.010254,0.150895945,-0.044932679,-0.00434704986,-0.143985221,7.18113698,5.03193654
4.95611882,return_center_after_up,center,0,0,56,0,55.349121,32.145996,-138.55957,59.699707,100.656738,13.996582,222.702355,230.669473,154.578452,123.423993,-2.83282876,128.107347,222.773465,230.694492,154.694763,126.358293,-2.79402175,125.322328,3.24675265,2.8125,0.138602427,-0.0711100744,-0.0250187602,-0.116310153,8.78074794,1.63660374
4.98124814,return_center_after_up,center,0,0,57,0,55.327148,32.211914,-138.55957,59.611816,100.437012,13.930664,222.716705,230.701876,154.604415,123.654596,-2.83676165,127.900996,222.773465,230.694492,154.694763,126.358293,-2.79402175,125.322328,2.9915917,2.592774,0.10695254,-0.0567596019,0.00738408964,-0.0903474883,10.1594036,1.74820065
5.00647736,return_center_after_up,center,0,0,58,0,55.305176,32.255859,-138.55957,59.545898,100.305176,13.886719,222.744173,230.708127,154.637495,123.796231,-2.8361957,127.778839,222.773465,230.694492,154.694763,126.358293,-2.79402175,125.322328,2.83106438,2.460938,0.0657535233,-0.0292923048,0.0136351656,-0.057267521,6.39992916,1.7221687
5.03968644,return_center_after_up,center,0,0,59,0,55.283203,32.321777,-138.55957,59.458008,100.041504,13.820801,222.757836,230.728806,154.615158,124.069115,-2.85145473,127.521057,222.773465,230.694492,154.694763,126.358293,-2.79402175,125.322328,2.53781846,2.197266,0.0880832317,-0.0156284415,0.0343142853,-0.0796048827,8.85221818,1.00472276
5.0648694,return_center_after_up,center,0,0,60,0,55.283203,32.365723,-138.581543,59.436035,99.909668,13.776855,222.719515,230.707845,154.627722,124.190241,-2.84341894,127.373814,222.773465,230.694492,154.694763,126.358293,-2.79402175,125.322328,2.39370879,2.06543,0.0870820133,-0.0539495507,0.0133531697,-0.0670404048,5.91774569,1.80480884
5.09010816,return_center_after_up,center,0,0,61,0,55.26123,32.387695,-138.581543,59.370117,99.799805,13.754883,222.728892,230.696629,154.594309,124.324992,-2.83872506,127.266423,222.773465,230.694492,154.694763,126.358293,-2.79402175,125.322328,2.2629707,1.955567,0.109918939,-0.044573035,0.00213648589,-0.100453239,5.29558962,1.4450488
5.11820817,return_center_after_up,center,0,0,62,0,55.239258,32.453613,-138.603516,59.282227,99.558105,13.688965,222.698728,230.664634,154.573373,124.580443,-2.82512537,127.011415,222.773465,230.694492,154.694763,126.358293,-2.79402175,125.322328,1.98825225,1.713867,0.145644866,-0.0747364436,-0.0298585229,-0.12138929,9.79775571,1.7331464
5.1433413,return_center_after_up,center,0,0,63,0,55.217285,32.497559,-138.581543,59.238281,99.448242,13.64502,222.797351,230.709769,154.6545,124.677456,-2.85568715,126.929313,222.773465,230.694492,154.694763,126.358293,-2.79402175,125.322328,1.85470556,1.604004,0.0492444632,0.0238856574,0.0152766969,-0.0402630732,5.45970213,5.38904579
5.16857219,return_center_after_up,center,0,0,64,0,55.195312,32.519531,-138.581543,59.216309,99.338379,13.601074,222.870536,230.645134,154.623173,124.765669,-2.86395262,126.795886,222.773465,230.694492,154.694763,126.358293,-2.79402175,125.322328,1.73389216,1.494141,0.130323343,0.0970714985,-0.0493583174,-0.071589485,4.92634084,4.06421075
5.19945264,return_center_after_up,center,0,0,65,0,55.195312,32.563477,-138.603516,59.106445,99.140625,13.557129,222.700752,230.713902,154.558867,125.0219,-2.7970865,126.599558,222.773465,230.694492,154.694763,126.358293,-2.79402175,125.322328,1.50251834,1.296387,0.155343597,-0.0727133213,0.0194098627,-0.13589578,7.63042618,6.28690094
5.22460985,return_center_after_up,center,0,0,66,0,55.17334,32.607422,-138.603516,59.0625,99.052734,13.535156,222.757366,230.70586,154.641473,125.112237,-2.82425151,126.532365,222.773465,230.694492,154.694763,126.358293,-2.79402175,125.322328,1.39279579,1.208496,0.0568171865,-0.0160992333,0.0113681239,-0.0532895218,4.45355333,3.99356642
5.24983764,return_center_after_up,center,0,0,67,0,55.17334,32.629395,-138.603516,59.0625,98.942871,13.491211,222.77374,230.70012,154.611108,125.193421,-2.82727996,126.403124,222.773465,230.694492,154.694763,126.358293,-2.79402175,125.322328,1.28159176,1.098633,0.0838440475,0.000274654483,0.0056277713,-0.0836545101,4.77048961,1.38627629
5.27528954,return_center_after_up,center,0,0,68,0,55.151367,32.67334,-138.625488,58.996582,98.789062,13.469238,222.755929,230.641879,154.597147,125.369675,-2.833102,126.24352,222.773465,230.694492,154.694763,126.358293,-2.79402175,125.322328,1.10673242,0.944824,0.112269296,-0.01753614,-0.0526128883,-0.0976153809,6.96016874,2.4549381
5.30044961,return_center_after_up,center,0,0,69,0,55.129395,32.695312,-138.625488,58.930664,98.701172,13.447266,222.762919,230.636959,154.588069,125.482304,-2.8201354,126.161049,222.773465,230.694492,154.694763,126.358293,-2.79402175,125.322328,0.995097451,0.856934,0.121674821,-0.0105463435,-0.0575334663,-0.10669319,4.62111281,0.495586779
5.32568812,return_center_after_up,center,0,0,70,0,55.129395,32.717285,-138.625488,58.908691,98.613281,13.40332,222.746298,230.664006,154.580928,125.560065,-2.79730934,126.064482,222.773465,230.694492,154.694763,126.358293,-2.79402175,125.322328,0.894964199,0.769043,0.120937011,-0.0271670751,-0.030486472,-0.113834466,4.08350717,1.2892597
5.35806441,return_center_after_up,center,0,0,71,0,55.107422,32.76123,-138.625488,58.864746,98.481445,13.381348,222.801579,230.644444,154.615112,125.692437,-2.83588878,125.945531,222.773465,230.694492,154.694763,126.358293,-2.79402175,125.322328,0.74739345,0.637207,0.0981807046,0.0281144054,-0.0500481123,-0.0796505958,4.60292495,2.09649194
5.38319445,return_center_after_up,center,0,0,72,0,55.107422,32.783203,-138.647461,58.842773,98.415527,13.337402,222.743392,230.617933,154.609179,125.753415,-2.78628033,125.85248,222.773465,230.694492,154.694763,126.358293,-2.79402175,125.322328,0.666101022,0.571289,0.118701783,-0.0300729462,-0.0765588078,-0.0855831775,3.49745853,2.55537532
5.40842271,return_center_after_up,center,0,0,73,0,55.107422,32.805176,-138.625488,58.820801,98.349609,13.337402,222.768086,230.710397,154.649318,125.825816,-2.82598348,125.826501,222.773465,230.694492,154.694763,126.358293,-2.79402175,125.322328,0.596507837,0.505371,0.0484465725,-0.00537920422,0.0159044428,-0.0454442873,3.01707467,4.11365495
5.43655324,return_center_after_up,center,0,0,74,0,55.085449,32.827148,-138.625488,58.776855,98.239746,13.31543,222.806526,230.673081,154.617012,125.941331,-2.83764822,125.710973,222.773465,230.694492,154.694763,126.358293,-2.79402175,125.322328,0.473815339,0.395508,0.0871587016,0.0330614053,-0.0214111794,-0.077750525,4.41854211,2.22393964
5.46619987,return_center_after_up,center,0,0,75,0,55.085449,32.849121,-138.625488,58.73291,98.151855,13.271484,222.756621,230.727035,154.608963,126.036763,-2.79474901,125.62124,222.773465,230.694492,154.694763,126.358293,-2.79402175,125.322328,0.366357006,0.307617,0.093297402,-0.0168434929,0.0325432863,-0.0857999795,3.70577638,2.49387327
5.49714184,return_center_after_up,center,0,0,76,0,55.063477,32.871094,-138.647461,58.73291,98.085938,13.249512,222.818955,230.588426,154.603879,126.078614,-2.81247595,125.521142,222.773465,230.694492,154.694763,126.358293,-2.79402175,125.322328,0.297241095,0.2417,0.146898073,0.04549058,-0.10606562,-0.0908830859,2.56035982,4.9145275
5.5223856,return_center_after_up,center,0,0,77,0,55.063477,32.871094,-138.647461,58.688965,98.041992,13.249512,222.753043,230.630263,154.55356,126.156464,-2.78580524,125.483285,222.773465,230.694492,154.694763,126.358293,-2.79402175,125.322328,0.243688572,0.197754,0.156463218,-0.0204223276,-0.0642289929,-0.141203058,2.46192818,3.67937214
5.54747009,return_center_after_up,center,0,0,78,0,55.063477,32.893066,-138.647461,58.666992,97.998047,13.227539,222.73621,230.669113,154.594908,126.201941,-2.77432834,125.449527,222.773465,230.694492,154.694763,126.358293,-2.79402175,125.322328,0.186444495,0.153809,0.109558155,-0.0372549623,-0.0253793295,-0.0998546276,2.31752556,2.35924452
5.57262564,return_center_after_up,center,0,0,79,0,55.063477,32.915039,-138.647461,58.666992,97.954102,13.227539,222.751921,230.681285,154.637173,126.239704,-2.80667549,125.420047,222.773465,230.694492,154.694763,126.358293,-2.79402175,125.322328,0.144084767,0.109864,0.0628898775,-0.0215439206,-0.0132067212,-0.0575897447,1.95313712,1.85663667
5.59774685,return_center_after_up,center,0,0,80,0,55.041504,32.915039,-138.647461,58.623047,97.910156,13.205566,222.774323,230.637693,154.586872,126.296127,-2.77939253,125.35968,222.773465,230.694492,154.694763,126.358293,-2.79402175,125.322328,0.0850995139,0.065918,0.121931638,0.000858407447,-0.056798848,-0.107891048,2.76595311,2.79567542
5.62293792,return_center_after_up,center,0,0,81,0,55.041504,32.937012,-138.647461,58.623047,97.888184,13.183594,222.790435,230.655634,154.653389,126.302696,-2.78121051,125.344895,222.773465,230.694492,154.694763,126.358293,-2.79402175,125.322328,0.0538222299,0.043946,0.0592424892,0.0169698216,-0.0388581593,-0.0413731934,1.51074169,2.80867772
5.6481576,return_center_after_up,center,0,0,82,0,55.041504,32.937012,-138.647461,58.601074,97.866211,13.183594,222.757377,230.676556,154.628244,126.341572,-2.7677697,125.325912,222.773465,230.694492,154.694763,126.358293,-2.79402175,125.322328,0.0310738075,0.021973,0.0707481954,-0.0160878381,-0.0179361412,-0.0665190458,1.23215346,1.84405559
5.67578554,return_center_after_up,center,0,0,83,0,55.041504,32.958984,-138.647461,58.601074,97.844238,13.183594,222.773465,230.694492,154.694763,126.358293,-2.79402175,125.322328,222.773465,230.694492,154.694763,126.358293,-2.79402175,125.322328,0,0,0,0,0,0,1.12472381,2.56074766
5.70516038,return_center_after_up,center,0,0,84,0,55.041504,32.958984,-138.647461,58.623047,97.822266,13.183594,222.80559,230.662082,154.671404,126.361489,-2.81951164,125.289483,222.773465,230.694492,154.694763,126.358293,-2.79402175,125.322328,0.0310738075,0.021973,0.0512644354,0.0321247883,-0.0324099488,-0.0233588427,1.05783758,1.7451819
5.73594356,return_center_after_up,center,0,0,85,0,55.041504,32.958984,-138.625488,58.601074,97.822266,13.183594,222.814647,230.748336,154.693729,126.375017,-2.82027078,125.318744,222.773465,230.694492,154.694763,126.358293,-2.79402175,125.322328,0.0310738075,0.021973,0.0677953273,0.041182032,0.0538440126,-0.0010339029,1.0094642,2.90923426
5.76119924,return_center_after_up,center,0,0,86,0,55.041504,32.958984,-138.647461,58.601074,97.822266,13.161621,222.772992,230.688755,154.67051,126.369178,-2.77556821,125.285215,222.773465,230.694492,154.694763,126.358293,-2.79402175,125.322328,0.0310738075,0.021973,0.0249264432,-0.000473124702,-0.00573752926,-0.0242525149,1.23039706,3.02175796
5.78632855,return_center_after_up,center,0,0,87,0,55.041504,32.958984,-138.647461,58.601074,97.822266,13.183594,222.772992,230.688755,154.67051,126.379325,-2.8000362,125.296408,222.773465,230.694492,154.694763,126.358293,-2.79402175,125.322328,0.021972,0.021972,0.0249264432,-0.000473124702,-0.00573752926,-0.0242525149,0.874396981,0
5.81526065,return_center_after_up,center,0,0,88,0,55.041504,32.958984,-138.647461,58.601074,97.822266,13.161621,222.772992,230.688755,154.67051,126.369178,-2.77556821,125.285215,222.773465,230.694492,154.694763,126.358293,-2.79402175,125.322328,0.0310738075,0.021973,0.0249264432,-0.000473124702,-0.00573752926,-0.0242525149,0.759468,0
5.8404212,return_center_after_up,center,0,0,89,0,55.041504,32.958984,-138.647461,58.601074,97.822266,13.183594,222.772992,230.688755,154.67051,126.379325,-2.8000362,125.296408,222.773465,230.694492,154.694763,126.358293,-2.79402175,125.322328,0.021972,0.021972,0.0249264432,-0.000473124702,-0.00573752926,-0.0242525149,0.873311556,0
5.86602831,return_center_after_up,center,0,0,90,0,55.041504,32.958984,-138.647461,58.601074,97.822266,13.183594,222.772992,230.688755,154.67051,126.379325,-2.8000362,125.296408,222.773465,230.694492,154.694763,126.358293,-2.79402175,125.322328,0.021972,0.021972,0.0249264432,-0.000473124702,-0.00573752926,-0.0242525149,0,0
5.8721776,right_stick_down,down,0,-1,0,0,55.041504,32.958984,-138.647461,58.601074,97.822266,13.183594,222.772992,230.688755,154.67051,126.379325,-2.8000362,125.296408,222.773465,230.694492,154.694763,136.923095,-3.05846976,113.934998,0.021972,0.021972,0.0249264432,-0.000473124702,-0.00573752926,-0.0242525149,0,0
5.89731503,right_stick_down,down,0,-1,1,0,55.041504,32.958984,-138.669434,58.601074,97.822266,13.161621,222.731331,230.629166,154.647319,126.37348,-2.75533734,125.262878,222.773465,230.694492,154.694763,136.923095,-3.05846976,113.934998,0.0380577751,0.021973,0.0910692986,-0.0421333804,-0.0653263645,-0.0474432451,1.2361853,3.03597341
5.9250617,right_stick_down,down,0,-1,2,0,55.041504,32.958984,-138.647461,58.601074,97.822266,13.183594,222.772992,230.688755,154.67051,126.379325,-2.8000362,125.296408,222.773465,230.694492,154.694763,136.923095,-3.05846976,113.934998,0.021972,0.021972,0.0249264432,-0.000473124702,-0.00573752926,-0.0242525149,1.11993642,2.75047535
5.95477653,right_stick_down,down,0,-1,3,0,55.041504,32.958984,-138.647461,58.623047,97.822266,13.183594,222.80559,230.662082,154.671404,126.361489,-2.81951164,125.289483,222.773465,230.694492,154.694763,136.923095,-3.05846976,113.934998,0.0310738075,0.021973,0.0512644354,0.0321247883,-0.0324099488,-0.0233588427,0.739462597,1.41777243
5.98000598,right_stick_down,down,0,-1,4,0,55.041504,32.958984,-138.647461,58.623047,97.822266,13.161621,222.80559,230.662082,154.671404,126.351347,-2.79504545,125.278286,222.773465,230.694492,154.694763,136.923095,-3.05846976,113.934998,0.0380577751,0.021973,0.0512644354,0.0321247883,-0.0324099488,-0.0233588427,0.870926496,0
6.00509191,right_stick_down,down,0,-1,5,0,55.041504,32.958984,-138.647461,58.579102,97.822266,13.161621,222.740385,230.715414,154.669621,126.387007,-2.7560881,125.292141,222.773465,230.694492,154.694763,136.923095,-3.05846976,113.934998,0.0380571977,0.021973,0.0465196577,-0.0330794749,0.0209216928,-0.0251417913,1.75177906,3.35868781
6.0302465,right_stick_down,down,0,-1,6,0,55.041504,32.958984,-138.647461,58.579102,97.800293,13.161621,222.739903,230.709678,154.645367,126.408036,-2.76209368,125.266215,222.773465,230.694492,154.694763,136.923095,-3.05846976,113.934998,0.0538214134,0.043945,0.0616193673,-0.0335621129,0.0151856155,-0.0493956282,0.87351849,0.990975286
6.05547714,right_stick_down,down,0,-1,7,0,55.041504,32.958984,-138.647461,58.579102,97.77832,13.161621,222.739411,230.703942,154.621113,126.42906,-2.76809895,125.240285,222.773465,230.694492,154.694763,136.923095,-3.05846976,113.934998,0.0728749905,0.065918,0.0816898318,-0.0340542999,0.00944998595,-0.0736493791,0.870885346,0.98798808
6.08581185,right_stick_down,down,0,-1,8,0,55.041504,32.980957,-138.647461,58.579102,97.734375,13.183594,222.754962,230.716165,154.663385,126.476955,-2.82481514,125.221939,222.773465,230.694492,154.694763,136.923095,-3.05846976,113.934998,0.11417294,0.109863,0.0423869515,-0.0185028827,0.0216732786,-0.0313777944,1.77426518,1.53852042
6.11102819,right_stick_down,down,0,-1,9,0,55.041504,32.980957,-138.669434,58.579102,97.712402,13.139648,222.712764,230.650819,154.615919,126.481952,-2.76162444,125.151301,222.773465,230.694492,154.694763,136.923095,-3.05846976,113.934998,0.144084614,0.131836,0.108665475,-0.0607003861,-0.0436733173,-0.0788434518,2.13443489,3.6137346
6.1362555,right_stick_down,down,0,-1,10,0,55.019531,33.00293,-138.647461,58.535156,97.69043,13.161621,222.793721,230.696269,154.703896,126.528979,-2.8175312,125.183878,222.773465,230.694492,154.694763,136.923095,-3.05846976,113.934998,0.175781,0.153808,0.0222911696,0.0202564192,0.0017767022,0.00913329353,2.61298851,5.0700897
6.1644938,right_stick_down,down,0,-1,11,0,55.019531,33.024902,-138.669434,58.535156,97.602539,13.139648,222.766382,230.637457,154.674395,126.602848,-2.81698208,125.068899,222.773465,230.694492,154.694763,136.923095,-3.05846976,113.934998,0.264585805,0.241699,0.0609758435,-0.00708273765,-0.0570353809,-0.0203679561,3.39173928,2.52318209
6.18965507,right_stick_down,down,0,-1,12,0,55.019531,33.024902,-138.669434,58.557129,97.558594,13.117676,222.79785,230.599366,154.626763,126.616872,-2.82398078,124.998937,222.773465,230.694492,154.694763,136.923095,-3.05846976,113.934998,0.305253417,0.285644,0.11944703,0.0243850426,-0.0951263972,-0.0679994943,2.13905821,2.72755688
6.21488595,right_stick_down,down,0,-1,13,0,55.019531,33.046875,-138.669434,58.513184,97.536621,13.117676,222.748587,230.670648,154.691516,126.669234,-2.81104622,125.009112,222.773465,230.694492,154.694763,136.923095,-3.05846976,113.934998,0.339688838,0.307617,0.0346119412,-0.0248774497,-0.0238444851,-0.00324646063,2.1331722,4.28722628
6.24582529,right_stick_down,down,0,-1,14,0,55.019531,33.068848,-138.669434,58.469238,97.426758,13.07373,222.696821,230.719107,154.659255,126.785195,-2.77280915,124.893082,222.773465,230.694492,154.694763,136.923095,-3.05846976,113.934998,0.465592208,0.41748,0.0879829306,-0.0766438184,0.0246152201,-0.0355079163,4.14106405,2.51793196
6.27098632,right_stick_down,down,0,-1,15,0,54.997559,33.09082,-138.647461,58.491211,97.36084,13.07373,222.874343,230.673315,154.70144,126.810662,-2.87466124,124.841892,222.773465,230.694492,154.694763,136.923095,-3.05846976,113.934998,0.526427106,0.483398,0.103293132,0.10087829,-0.0211768758,0.00667694578,3.14865481,7.47679454
6.29621506,right_stick_down,down,0,-1,16,0,54.997559,33.09082,-138.647461,58.447266,97.294922,13.07373,222.807071,230.70959,154.626919,126.90911,-2.85327417,124.77762,222.773465,230.694492,154.694763,136.923095,-3.05846976,113.934998,0.597316466,0.549316,0.077201846,0.0336062796,0.0150979946,-0.0678438911,3.1402042,4.23113382
6.32392335,right_stick_down,down,0,-1,17,0,54.997559,33.134766,-138.669434,58.381348,97.141113,13.029785,222.695458,230.737451,154.612757,127.084541,-2.80678045,124.616204,222.773465,230.694492,154.694763,136.923095,-3.05846976,113.934998,0.774360883,0.703125,0.12105929,-0.0780065047,0.0429591546,-0.0820051705,6.49099682,4.18307975
6.34900165,right_stick_down,down,0,-1,18,0,54.975586,33.156738,-138.669434,58.381348,97.075195,13.029785,222.798257,230.658743,154.630749,127.131917,-2.86876962,124.54943,222.773465,230.694492,154.694763,136.923095,-3.05846976,113.934998,0.841010404,0.769043,0.0773972707,0.0247926153,-0.0357487223,-0.064013222,2.90589873,5.21225876
6.37423563,right_stick_down,down,0,-1,19,0,54.997559,33.178711,-138.669434,58.381348,97.009277,12.98584,222.724035,230.750911,154.648747,127.181474,-2.83320678,124.482649,222.773465,230.694492,154.694763,136.923095,-3.05846976,113.934998,0.913914636,0.834961,0.0879991349,-0.0494299473,0.0564186168,-0.0460159509,3.37242712,4.74353984
6.40154505,right_stick_down,down,0,-1,20,0,54.975586,33.222656,-138.669434,58.359375,96.877441,12.963867,222.808126,230.705645,154.683896,127.295038,-2.88852938,124.35587,222.773465,230.694492,154.694763,136.923095,-3.05846976,113.934998,1.05628865,0.966797,0.0379982146,0.0346612141,0.011152558,-0.0108666922,5.27599904,3.72631525
6.42667246,right_stick_down,down,0,-1,21,0,54.953613,33.266602,-138.691406,58.293457,96.767578,12.941895,222.785479,230.659482,154.718192,127.427194,-2.87821711,124.246261,222.773465,230.694492,154.694763,136.923095,-3.05846976,113.934998,1.1901799,1.07666,0.0438063505,0.0120143492,-0.0350104327,0.0234290707,5.59920427,2.45974289
6.45193124,right_stick_down,down,0,-1,22,0,54.953613,33.266602,-138.691406,58.271484,96.657715,12.897949,222.748259,230.658062,154.596003,127.528957,-2.83835793,124.100525,222.773465,230.694492,154.694763,136.923095,-3.05846976,113.934998,1.30473916,1.186523,0.108240194,-0.0252063212,-0.0364305352,-0.0987592888,4.76465031,5.05723328
6.48222876,right_stick_down,down,0,-1,23,0,54.931641,33.33252,-138.691406,58.227539,96.459961,12.854004,222.81243,230.64652,154.648299,127.708334,-2.88610877,123.91345,222.773465,230.694492,154.694763,136.923095,-3.05846976,113.934998,1.52246871,1.384277,0.0773201848,0.0389649295,-0.0479717974,-0.046463447,7.21594005,2.75871861
6.5073843,right_stick_down,down,0,-1,24,0,54.931641,33.354492,-138.691406,58.183594,96.37207,12.854004,222.759522,230.70108,154.640378,127.822983,-2.88963424,123.844843,222.773465,230.694492,154.694763,136.923095,-3.05846976,113.934998,1.61883457,1.472168,0.0565285508,-0.0139429613,0.00658747709,-0.0543845201,4.00275212,3.0375572
6.5326159,right_stick_down,down,0,-1,25,0,54.909668,33.398438,-138.691406,58.139648,96.262207,12.810059,222.810463,230.688319,154.699027,127.922911,-2.89354391,123.739704,222.773465,230.694492,154.694763,136.923095,-3.05846976,113.934998,1.75148398,1.582031,0.0377511301,0.0369979414,-0.00617354313,0.00426468283,5.36821776,3.12007597
6.56307483,right_stick_down,down,0,-1,26,0,54.887695,33.464355,-138.713379,58.07373,96.04248,12.766113,222.797213,230.638217,154.702699,128.144313,-2.90608011,123.510273,222.773465,230.694492,154.694763,136.923095,-3.05846976,113.934998,1.99552404,1.801758,0.0615941789,0.0237484025,-0.0562749804,0.00793617333,8.03302983,1.70569609
6.58821726,right_stick_down,down,0,-1,27,0,54.887695,33.486328,-138.691406,58.051758,95.910645,12.722168,222.816136,230.715308,154.670716,128.258418,-2.91078319,123.38301,222.773465,230.694492,154.694763,136.923095,-3.05846976,113.934998,2.13474213,1.933593,0.0532199277,0.0426706907,0.0208162901,-0.0240469317,5.73068661,3.4038308
6.61344409,right_stick_down,down,0,-1,28,0,54.887695,33.530273,-138.713379,58.029785,95.800781,12.722168,222.768269,230.701642,154.706507,128.37585,-2.93933763,123.281063,222.773465,230.694492,154.694763,136.923095,-3.05846976,113.934998,2.25152728,2.043457,0.0146989477,-0.00519554538,0.00715014043,0.0117448229,4.84956779,2.43037268
6.6428318,right_stick_down,down,0,-1,29,0,54.865723,33.596191,-138.713379,57.963867,95.537109,12.634277,222.79265,230.701016,154.6853,128.613964,-2.93210998,122.999448,222.773465,230.694492,154.694763,136.923095,-3.05846976,113.934998,2.54399352,2.307129,0.0223640839,0.0191849318,0.00652345649,-0.00946230179,10.0033065,1.09975839
6.66803551,right_stick_down,down,0,-1,30,0,54.84375,33.640137,-138.713379,57.919922,95.405273,12.612305,222.84053,230.683171,154.71977,128.744268,-2.96511459,122.878572,222.773465,230.694492,154.694763,136.923095,-3.05846976,113.934998,2.69189723,2.438965,0.0724660464,0.0670654493,-0.0113212133,0.0250076692,5.91285789,2.44556453
6.69327092,right_stick_down,down,0,-1,31,0,54.84375,33.662109,-138.735352,57.875977,95.273438,12.590332,222.740651,230.667114,154.639592,128.893241,-2.93382552,122.723106,222.773465,230.694492,154.694763,136.923095,-3.05846976,113.934998,2.83336449,2.5708,0.0697861408,-0.0328136975,-0.0273779833,-0.0551707598,5.70957113,5.11512565
6.72249198,right_stick_down,down,0,-1,32,0,54.821777,33.75,-138.713379,57.788086,94.987793,12.480469,222.787163,230.771974,154.708193,129.151164,-2.92454505,122.455733,222.773465,230.694492,154.694763,136.923095,-3.05846976,113.934998,3.16116177,2.856445,0.0798217216,0.0136984735,0.077482205,0.0134300773,11.3541539,4.57411401
6.74772716,right_stick_down,down,0,-1,33,0,54.799805,33.793945,-138.735352,57.744141,94.833984,12.458496,222.789679,230.68887,154.69454,129.305358,-2.94237392,122.285456,222.773465,230.694492,154.694763,136.923095,-3.05846976,113.934998,3.3294194,3.010254,0.0171628426,0.0162142711,-0.00562236699,-0.000222642977,6.74454074,3.33883672
6.77295756,right_stick_down,down,0,-1,34,0,54.799805,33.837891,-138.735352,57.700195,94.702148,12.436523,222.747384,230.756829,154.729118,129.446402,-2.94953379,122.174811,222.773465,230.694492,154.694763,136.923095,-3.05846976,113.934998,3.47578025,3.14209,0.0758047969,-0.0260810115,0.0623366345,0.0343553791,5.84206081,3.45594627
6.80226779,right_stick_down,down,0,-1,35,0,54.755859,33.903809,-138.757324,57.634277,94.394531,12.348633,222.808928,230.601114,154.635578,129.716305,-2.95426391,121.805796,222.773465,230.694492,154.694763,136.923095,-3.05846976,113.934998,3.81034013,3.449707,0.11610246,0.0354631445,-0.0933776617,-0.0591841102,11.4920356,6.5435262
6.82744336,right_stick_down,down,0,-1,36,0,54.755859,33.969727,-138.757324,57.590332,94.240723,12.304688,222.780428,230.687591,154.736776,129.863889,-2.96061333,121.680496,222.773465,230.694492,154.694763,136.923095,-3.05846976,113.934998,3.98681074,3.603515,0.0431424426,0.00696279973,-0.0069015607,0.0420137862,7.09044677,5.40722918
6.85267258,right_stick_down,down,0,-1,37,0,54.733887,33.991699,-138.757324,57.546387,94.108887,12.304688,222.808522,230.646848,154.680558,130.006895,-2.99688992,121.54664,222.773465,230.694492,154.694763,136.923095,-3.05846976,113.934998,4.12442552,3.735351,0.0608338334,0.0350572901,-0.0476442985,-0.0142043132,5.64420427,2.96871045
6.88461232,right_stick_down,down,0,-1,38,0,54.711914,34.07959,-138.757324,57.436523,93.80127,12.216797,222.771708,230.714067,154.700749,130.314712,-2.97280058,121.245842,222.773465,230.694492,154.694763,136.923095,-3.05846976,113.934998,4.47358055,4.042968,0.0205446738,-0.00175722643,0.0195744748,0.00598629373,10.9639819,2.48138673
6.90980935,right_stick_down,down,0,-1,39,0,54.711914,34.123535,-138.757324,57.414551,93.647461,12.194824,222.757863,230.750939,154.711889,130.458063,-3.00402878,121.10139,222.773465,230.694492,154.694763,136.923095,-3.05846976,113.934998,4.63414702,4.196777,0.0610163459,-0.0156020353,0.0564469266,0.0171264543,6.46718454,1.62444377
6.94009066,right_stick_down,down,0,-1,40,0,54.667969,34.211426,-138.779297,57.32666,93.339844,12.106934,222.797093,230.646427,154.708672,130.739872,-3.00384502,120.760237,222.773465,230.694492,154.694763,136.923095,-3.05846976,113.934998,4.97980052,4.504394,0.0553354639,0.02362801,-0.0480650932,0.0139096198,11.4500518,3.68803741
6.96525621,right_stick_down,down,0,-1,41,0,54.667969,34.233398,-138.757324,57.304688,93.208008,12.062988,222.810458,230.725759,154.67757,130.852472,-3.00359165,120.631669,222.773465,230.694492,154.694763,136.923095,-3.05846976,113.934998,5.11925116,4.63623,0.051397405,0.0369930255,0.0312668269,-0.0171928718,5.72546265,3.42741381
6.99048376,right_stick_down,down,0,-1,42,0,54.645996,34.277344,-138.779297,57.260742,93.054199,12.041016,222.80758,230.643439,154.663836,131.004761,-3.01844387,120.459847,222.773465,230.694492,154.694763,136.923095,-3.05846976,113.934998,5.28756356,4.790039,0.0687510348,0.0341146554,-0.0510532844,-0.0309266427,6.74660092,3.31017118
7.02124882,right_stick_down,down,0,-1,43,0,54.624023,34.365234,-138.779297,57.172852,92.768555,11.975098,222.80034,230.690715,154.709423,131.283217,-3.03055486,120.188302,222.773465,230.694492,154.694763,136.923095,-3.05846976,113.934998,5.60642923,5.075683,0.0308456997,0.0268751564,-0.00377685338,0.0146601001,10.374448,2.1476592
7.04642248,right_stick_down,down,0,-1,44,0,54.602051,34.40918,-138.779297,57.106934,92.614746,11.931152,222.806133,230.695513,154.719558,131.439005,-3.01760789,120.034995,222.773465,230.694492,154.694763,136.923095,-3.05846976,113.934998,5.78465383,5.229492,0.0410249062,0.0326679266,0.00102051739,0.024795323,7.14455221,0.501363669
7.0716548,right_stick_down,down,0,-1,45,0,54.602051,34.453125,-138.80127,57.062988,92.460938,11.887207,222.712955,230.698844,154.705819,131.591791,-2.98096051,119.862638,222.773465,230.694492,154.694763,136.923095,-3.05846976,113.934998,5.95612963,5.3833,0.0616658101,-0.0605102732,0.00435198109,0.0110561854,6.85677868,3.73507434
7.10096383,right_stick_down,down,0,-1,46,0,54.580078,34.541016,-138.80127,56.975098,92.15332,11.821289,222.699983,230.74164,154.727438,131.889447,-2.99575616,119.563463,222.773465,230.694492,154.694763,136.923095,-3.05846976,113.934998,6.29488816,5.690918,0.093221652,-0.0734820425,0.0471483237,0.0326757006,11.5656602,1.69472962
7.1261003,right_stick_down,down,0,-1,47,0,54.558105,34.584961,-138.80127,56.953125,91.999512,11.799316,222.77022,230.694221,154.738877,132.020342,-3.04910986,119.40749,222.773465,230.694492,154.694763,136.923095,-3.05846976,113.934998,6.45708266,5.844726,0.0442345154,-0.00324436697,-0.000270600465,0.0441145465,6.54140366,3.40200968
7.15132642,right_stick_down,down,0,-1,48,0,54.536133,34.606934,-138.80127,56.90918,91.867676,11.755371,222.792935,230.654659,154.683126,132.141134,-3.03115466,119.251272,222.773465,230.694492,154.694763,136.923095,-3.05846976,113.934998,6.60427254,5.976562,0.045838281,0.0194698857,-0.0398329529,-0.0116364693,5.90759311,2.85564157
7.17657971,right_stick_down,down,0,-1,49,0,54.51416,34.672852,-138.779297,56.843262,91.647949,11.711426,222.847858,230.729241,154.736459,132.350332,-3.06988696,119.062807,222.773465,230.694492,154.694763,136.923095,-3.05846976,113.934998,6.84718884,6.196289,0.0920892874,0.0743933779,0.0347491564,0.0416960227,9.6889357,4.23233761
7.2018075,right_stick_down,down,0,-1,50,0,54.51416,34.716797,-138.823242,56.821289,91.494141,11.66748,222.74156,230.645942,154.698552,132.48797,-3.03339734,118.860423,222.773465,230.694492,154.694763,136.923095,-3.05846976,113.934998,7.01347741,6.350097,0.058218841,-0.0319048609,-0.0485504966,0.00378979935,6.8580099,5.56004841
7.22962785,right_stick_down,down,0,-1,51,0,54.492188,34.804688,-138.823242,56.689453,91.186523,11.601562,222.656971,230.742265,154.719685,132.81808,-3.00168678,118.572076,222.773465,230.694492,154.694763,136.923095,-3.05846976,113.934998,7.363529,6.657715,0.128351895,-0.116493862,0.0477730317,0.0249224099,12.6861785,4.67008781
7.25479054,right_stick_down,down,0,-1,52,0,54.470215,34.848633,-138.80127,56.66748,91.032715,11.57959,222.76815,230.756435,154.756236,132.94536,-3.0725416,118.438615,222.773465,230.694492,154.694763,136.923095,-3.05846976,113.934998,7.52524165,6.811523,0.0874304632,-0.0053146461,0.0619426606,0.0614731423,6.59266381,4.68502569
7.28002095,right_stick_down,down,0,-1,53,0,54.448242,34.870605,-138.823242,56.623535,90.900879,11.535645,222.745028,230.6564,154.675862,133.068103,-3.0338672,118.258745,222.773465,230.694492,154.694763,136.923095,-3.05846976,113.934998,7.6729254,6.943359,0.0511556884,-0.0284368619,-0.0380923648,-0.0189002933,5.97044149,5.16796738
7.31027889,right_stick_down,down,0,-1,54,0,54.404297,34.958496,-138.823242,56.535645,90.593262,11.447754,222.812021,230.615611,154.698464,133.341764,-3.04186888,117.937347,222.773465,230.694492,154.694763,136.923095,-3.05846976,113.934998,8.01815255,7.250976,0.0878774999,0.0385563864,-0.0788806489,0.00370179607,11.4358598,2.69763764
7.33543539,right_stick_down,down,0,-1,55,0,54.404297,35.002441,-138.823242,56.513672,90.439453,11.425781,222.789674,230.654672,154.710318,133.482666,-3.06742595,117.790406,222.773465,230.694492,154.694763,136.923095,-3.05846976,113.934998,8.17866999,7.404785,0.0457200503,0.0162092244,-0.0398199267,0.0155549824,6.47760957,1.84987472
7.3605969,right_stick_down,down,0,-1,56,0,54.382324,35.046387,-138.823242,56.469727,90.307617,11.381836,222.825482,230.639341,154.745988,133.599301,-3.06569487,117.656598,222.773465,230.694492,154.694763,136.923095,-3.05846976,113.934998,8.33140424,7.536621,0.091495171,0.0520169035,-0.0551506109,0.0512251714,6.11285835,2.09909922
7.38995242,right_stick_down,down,0,-1,57,0,54.360352,35.134277,-138.823242,56.381836,90,11.315918,222.800851,230.684689,154.769044,133.893221,-3.07174353,117.354401,222.773465,230.694492,154.694763,136.923095,-3.05846976,113.934998,8.67018266,7.844238,0.0797734848,0.0273858912,-0.00980273978,0.0742814118,11.54731,1.92542058
7.41508603,right_stick_down,down,0,-1,58,0,54.338379,35.15625,-138.823242,56.337891,89.846191,11.271973,222.815323,230.641315,154.689663,134.031999,-3.05522446,117.17003,222.773465,230.694492,154.694763,136.923095,-3.05846976,113.934998,8.8373248,7.998047,0.0678668423,0.0418578731,-0.0531772754,-0.00509942407,6.7151306,3.64485793
7.44031739,right_stick_down,down,0,-1,59,0,54.338379,35.200195,-138.823242,56.293945,89.692383,11.228027,222.75774,230.706928,154.701343,134.179178,-3.03174557,117.018654,222.773465,230.694492,154.694763,136.923095,-3.05846976,113.934998,9.00822607,8.151855,0.0211005462,-0.0157251066,0.0124361319,0.00658002276,6.80152246,3.4907231
7.46973038,right_stick_down,down,0,-1,60,0,54.294434,35.288086,-138.823242,56.206055,89.406738,11.162109,222.821932,230.672258,154.749099,134.441034,-3.05592717,116.733015,222.773465,230.694492,154.694763,136.923095,-3.05846976,113.934998,9.32886127,8.4375,0.0761305735,0.0484669006,-0.0222341828,0.0543365888,10.9282537,2.96457839
7.49496269,right_stick_down,down,0,-1,61,0,54.294434,35.332031,-138.823242,56.162109,89.274902,11.140137,222.766871,230.742814,154.785167,134.578101,-3.05265205,116.618334,222.773465,230.694492,154.694763,136.923095,-3.05846976,113.934998,9.47513329,8.569336,0.102719633,-0.006593839,0.0483215713,0.0904039272,5.84160148,3.82413273
7.52019095,right_stick_down,down,0,-1,62,0,54.272461,35.354004,-138.823242,56.140137,89.143066,11.096191,222.816471,230.678575,154.730647,134.679596,-3.05184774,116.454861,222.773465,230.694492,154.694763,136.923095,-3.05846976,113.934998,9.61677198,8.701172,0.058228285,0.0430059399,-0.0159171696,0.0358840635,5.71123823,3.87545544
7.54534841,right_stick_down,down,0,-1,63,0,54.250488,35.419922,-138.823242,56.096191,88.92334,11.052246,222.850846,230.668533,154.761118,134.871632,-3.08542504,116.234827,222.773465,230.694492,154.694763,136.923095,-3.05846976,113.934998,9.85455861,8.920898,0.105189036,0.0773808952,-0.0259586946,0.0663556826,9.48759583,1.86907478
7.5704968,right_stick_down,down,0,-1,64,0,54.250488,35.441895,-138.845215,56.030273,88.813477,11.030273,222.7042,230.685169,154.704713,135.010222,-3.01723387,116.10622,222.773465,230.694492,154.694763,136.923095,-3.05846976,113.934998,9.98148853,9.030761,0.070594365,-0.0692649609,-0.00932324307,0.00995021103,5.31463027,6.28262268
7.60083938,right_stick_down,down,0,-1,65,0,54.228516,35.507812,-138.823242,55.964355,88.549805,10.964355,222.740161,230.753395,154.712105,135.245416,-3.0297617,115.850738,222.773465,230.694492,154.694763,136.923095,-3.05846976,113.934998,10.2689905,9.294433,0.0698528648,-0.0333037418,0.0589026553,0.017342454,9.52473603,2.55339625
7.62599039,right_stick_down,down,0,-1,66,0,54.206543,35.529785,-138.823242,55.942383,88.439941,10.942383,222.792138,230.694177,154.681976,135.336696,-3.04940324,115.723956,222.773465,230.694492,154.694763,136.923095,-3.05846976,113.934998,10.3860263,9.404297,0.022633037,0.0186726927,-0.000314984164,-0.0127861526,4.70465823,3.35399813
7.65121627,right_stick_down,down,0,-1,67,0,54.206543,35.57373,-138.845215,55.92041,88.330078,10.942383,222.728028,230.682449,154.717389,135.449033,-3.06942512,115.616312,222.773465,230.694492,154.694763,136.923095,-3.05846976,113.934998,10.5024469,9.51416,0.0521678272,-0.0454368188,-0.0120432039,0.0226260675,4.84971553,2.9403461
7.67928195,right_stick_down,down,0,-1,68,0,54.162598,35.617676,-138.823242,55.854492,88.132324,10.876465,222.845959,230.656135,154.706644,135.61605,-3.07360931,115.409575,222.773465,230.694492,154.694763,136.923095,-3.05846976,113.934998,10.7265954,9.711914,0.0828727229,0.0724942262,-0.0383574864,0.0118818605,8.13615543,4.32228655
7.70444465,right_stick_down,down,0,-1,69,0,54.162598,35.639648,-138.823242,55.83252,88.022461,10.876465,222.80867,230.682541,154.676635,135.72817,-3.09329643,115.301714,222.773465,230.694492,154.694763,136.923095,-3.05846976,113.934998,10.8371755,9.821777,0.0413624584,0.0352051348,-0.0119509835,-0.0181280294,4.53738121,2.17250224
7.72967315,right_stick_down,down,0,-1,70,0,54.162598,35.683594,-138.823242,55.810547,87.912598,10.83252,222.788078,230.732405,154.737732,135.818051,-3.07879024,115.198185,222.773465,230.694492,154.694763,136.923095,-3.05846976,113.934998,10.9626154,9.93164,0.0591386585,0.0146131374,0.0379133786,0.0429699065,5.0784409,3.23076346
7.75994706,right_stick_down,down,0,-1,71,0,54.140625,35.727539,-138.823242,55.766602,87.736816,10.788574,222.809528,230.709091,154.72614,135.971867,-3.08151516,115.008509,222.773465,230.694492,154.694763,136.923095,-3.05846976,113.934998,11.1551652,10.107422,0.0499817549,0.0360626402,0.014599277,0.0313771081,6.3688498,1.1143116
7.78506422,right_stick_down,down,0,-1,72,0,54.118652,35.749512,-138.823242,55.700684,87.648926,10.766602,222.797402,230.706394,154.719766,136.076275,-3.05101547,114.920341,222.773465,230.694492,154.694763,136.923095,-3.05846976,113.934998,11.2635741,10.195312,0.0366036189,0.0239372288,0.0119019266,0.0250035624,4.62902352,0.555854926
7.81024122,right_stick_down,down,0,-1,73,0,54.118652,35.771484,-138.845215,55.700684,87.561035,10.744629,222.752479,230.650165,154.688605,136.144207,-3.04313287,114.800931,222.773465,230.694492,154.694763,136.923095,-3.05846976,113.934998,11.3536776,10.283203,0.0494285552,-0.0209859643,-0.0443266887,-0.00615759951,3.80414394,3.11501883
7.83959293,right_stick_down,down,0,-1,74,0,54.09668,35.81543,-138.823242,55.678711,87.429199,10.722656,222.859628,230.671798,154.751473,136.250005,-3.10306473,114.6933,222.773465,230.694492,154.694763,136.923095,-3.05846976,113.934998,11.4957529,10.415039,0.10561856,0.0861634315,-0.0226939923,0.0567108989,4.96565368,4.29619964
7.864784,right_stick_down,down,0,-1,75,0,54.09668,35.837402,-138.823242,55.634766,87.341309,10.700684,222.791987,230.728793,154.745503,136.348781,-3.06860546,114.608731,222.773465,230.694492,154.694763,136.923095,-3.05846976,113.934998,11.5967333,10.502929,0.0639860984,0.0185217878,0.0343012217,0.0507404214,4.09113041,3.51925449
7.88997984,right_stick_down,down,0,-1,76,0,54.074707,35.859375,-138.823242,55.612793,87.253418,10.678711,222.846143,230.674567,154.739855,136.419836,-3.08234754,114.509016,222.773465,230.694492,154.694763,136.923095,-3.05846976,113.934998,11.6939127,10.59082,0.0878204505,0.0726781836,-0.0199248966,0.0450922571,3.90006289,3.04994342
7.91521502,right_stick_down,down,0,-1,77,0,54.074707,35.859375,-138.845215,55.612793,87.1875,10.656738,222.788083,230.599536,154.641717,136.470209,-3.05131771,114.393452,222.773465,230.694492,154.694763,136.923095,-3.05846976,113.934998,11.7586972,10.656738,0.109746309,0.0146182199,-0.0949565469,-0.0530453964,2.88784559,5.40903739
7.9404664,right_stick_down,down,0,-1,78,0,54.074707,35.881348,-138.845215,55.568848,87.143555,10.656738,222.729074,230.665502,154.684012,136.539952,-3.03385249,114.373232,222.773465,230.694492,154.694763,136.923095,-3.05846976,113.934998,11.8151609,10.700683,0.0540973648,-0.0443909666,-0.0289896394,-0.0107502453,2.61045711,3.88473036
7.9656446,right_stick_down,down,0,-1,79,0,54.052734,35.90332,-138.823242,55.546875,87.055664,10.634766,222.827564,230.672945,154.704249,136.608826,-3.06571597,114.297024,222.773465,230.694492,154.694763,136.923095,-3.05846976,113.934998,11.9119967,10.788574,0.0589998574,0.0540990961,-0.0215471249,0.00948643185,3.99916,4.00436381
7.99743724,right_stick_down,down,0,-1,80,0,54.052734,35.925293,-138.845215,55.524902,86.967773,10.612793,222.748116,230.642617,154.672809,136.692878,-3.03493022,114.183018,222.773465,230.694492,154.694763,136.923095,-3.05846976,113.934998,12.0077102,10.876465,0.0617704452,-0.0253486392,-0.0518754099,-0.0219539571,3.0908206,2.85177852
8.02803349,right_stick_down,down,0,-1,81,0,54.052734,35.947266,-138.823242,55.524902,86.879883,10.612793,222.791424,230.709855,154.693404,136.7663,-3.08960326,114.119841,222.773465,230.694492,154.694763,136.923095,-3.05846976,113.934998,12.0924492,10.964355,0.0236726464,0.0179594735,0.015362502,-0.00135831977,3.04683218,2.69927103
8.05316687,right_stick_down,down,0,-1,82,0,54.052734,35.947266,-138.845215,55.524902,86.85791,10.59082,222.742103,230.643749,154.643422,136.777718,-3.04939622,114.059324,222.773465,230.694492,154.694763,136.923095,-3.05846976,113.934998,12.1173973,10.986328,0.0787037932,-0.0313622824,-0.0507426027,-0.0513408469,1.51425576,3.83715008
8.07840848,right_stick_down,down,0,-1,83,0,54.030762,35.969238,-138.845215,55.50293,86.835938,10.568848,222.809389,230.602991,154.710141,136.790469,-3.04916965,114.042271,222.773465,230.694492,154.694763,136.923095,-3.05846976,113.934998,12.1548508,11.0083,0.0994964271,0.0359237746,-0.091501486,0.0153785395,1.94642414,4.08655461
8.10356379,right_stick_down,down,0,-1,84,0,54.030762,35.969238,-138.845215,55.480957,86.791992,10.568848,222.766623,230.619843,154.661703,136.845618,-3.03564731,113.992702,222.773465,230.694492,154.694763,136.923095,-3.05846976,113.934998,12.2002665,11.052246,0.0819281701,-0.006841433,-0.0746490846,-0.0330595527,1.95319119,2.65457343
8.128793,right_stick_down,down,0,-1,85,0,54.030762,35.991211,-138.823242,55.480957,86.77002,10.568848,222.823693,230.700445,154.754639,136.860974,-3.07665435,114.012298,222.773465,230.694492,154.694763,136.923095,-3.05846976,113.934998,12.2252701,11.074218,0.078380511,0.0502284988,0.00595316968,0.0598762239,1.50848031,5.37521796
8.15402961,right_stick_down,down,0,-1,86,0,54.030762,35.991211,-138.845215,55.458984,86.748047,10.568848,222.740782,230.660067,154.704356,136.898754,-3.04034273,113.966707,222.773465,230.694492,154.694763,136.923095,-3.05846976,113.934998,12.2511301,11.096191,0.0484281865,-0.0326830757,-0.0344249119,0.00959329167,1.5080614,4.16214936
8.1792686,right_stick_down,down,0,-1,87,0,54.030762,35.991211,-138.823242,55.458984,86.726074,10.568848,222.780884,230.717315,154.706206,136.916105,-3.06308506,113.962699,222.773465,230.694492,154.694763,136.923095,-3.05846976,113.934998,12.2707007,11.118164,0.0265875931,0.007419091,0.0228231716,0.011443777,1.23121066,2.7703578
8.20566106,right_stick_down,down,0,-1,88,0,54.030762,35.991211,-138.823242,55.458984,86.726074,10.568848,222.780884,230.717315,154.706206,136.916105,-3.06308506,113.962699,222.773465,230.694492,154.694763,136.923095,-3.05846976,113.934998,12.2707007,11.118164,0.0265875931,0.007419091,0.0228231716,0.011443777,0,0
8.23597741,right_stick_down,down,0,-1,89,0,54.030762,35.991211,-138.845215,55.480957,86.726074,10.546875,222.769636,230.629925,154.680528,136.891703,-3.04093625,113.924161,222.773465,230.694492,154.694763,136.923095,-3.05846976,113.934998,12.2701302,11.118164,0.0662281952,-0.00382876688,-0.0645670379,-0.014234184,1.25537371,3.02729263
8.26111555,right_stick_down,down,0,-1,90,0,54.030762,35.991211,-138.823242,55.480957,86.726074,10.568848,222.814397,230.691602,154.706463,136.899664,-3.08566334,113.957081,222.773465,230.694492,154.694763,136.923095,-3.05846976,113.934998,12.2650926,11.118164,0.0426692323,0.0409318129,-0.00288977521,0.0117003962,1.23615013,3.20229221
8.28634143,right_stick_down,down,0,-1,91,0,54.030762,35.991211,-138.823242,55.480957,86.726074,10.546875,222.814397,230.691602,154.706463,136.889724,-3.0591774,113.947763,222.773465,230.694492,154.694763,136.923095,-3.05846976,113.934998,12.2697957,11.118164,0.0426692323,0.0409318129,-0.00288977521,0.0117003962,0.871049967,0
8.31536198,right_stick_down,down,0,-1,92,0,54.030762,35.991211,-138.845215,55.458984,86.726074,10.546875,222.736123,230.655638,154.680271,136.908141,-3.01836012,113.929777,222.773465,230.694492,154.694763,136.923095,-3.05846976,113.934998,12.275736,11.118164,0.0558035268,-0.0373415466,-0.0388541708,-0.0144912353,1.07077629,3.10242955
8.3457222,right_stick_down,down,0,-1,93,0,54.030762,35.991211,-138.845215,55.458984,86.726074,10.568848,222.736123,230.655638,154.680271,136.918088,-3.04484642,113.939091,222.773465,230.694492,154.694763,136.923095,-3.05846976,113.934998,12.2710351,11.118164,0.0558035268,-0.0373415466,-0.0388541708,-0.0144912353,0.723743064,0
8.35375309,return_center_after_down,center,0,0,0,0,54.030762,35.991211,-138.845215,55.458984,86.726074,10.568848,222.736123,230.655638,154.680271,136.918088,-3.04484642,113.939091,222.773465,230.694492,154.694763,126.358293,-2.79402175,125.322328,12.2710351,11.118164,0.0558035268,-0.0373415466,-0.0388541708,-0.0144912353,0,0
8.37895322,return_center_after_down,center,0,0,1,0,54.008789,35.991211,-138.845215,55.437012,86.726074,10.568848,222.791053,230.595913,154.680018,136.923417,-3.04829151,113.935389,222.773465,230.694492,154.694763,126.358293,-2.79402175,125.322328,12.2785082,11.118164,0.101215061,0.0175877602,-0.0985786681,-0.0147446726,1.23308131,3.21997375
8.40550375,return_center_after_down,center,0,0,2,0,54.030762,35.991211,-138.823242,55.458984,86.704102,10.546875,222.776222,230.712894,154.682122,136.925496,-3.04109349,113.925771,222.773465,230.694492,154.694763,126.358293,-2.79402175,125.322328,12.2953058,11.140136,0.0224947429,0.00275686718,0.0184020351,-0.012640342,1.85051766,4.44193995
8.43422174,return_center_after_down,center,0,0,3,0,54.030762,35.991211,-138.845215,55.437012,86.704102,10.568848,222.697935,230.676908,154.655936,136.953858,-3.02676786,113.917079,222.773465,230.694492,154.694763,126.358293,-2.79402175,125.322328,12.2965817,11.140136,0.0867264367,-0.0755300851,-0.017584142,-0.0388262671,1.32522397,3.13577135
8.45937324,return_center_after_down,center,0,0,4,0,54.030762,35.991211,-138.823242,55.458984,86.704102,10.546875,222.776222,230.712894,154.682122,136.925496,-3.04109349,113.925771,222.773465,230.694492,154.694763,126.358293,-2.79402175,125.322328,12.2953058,11.140136,0.0224947429,0.00275686718,0.0184020351,-0.012640342,1.5131419,3.58042648
8.4856801,return_center_after_down,center,0,0,5,0,54.030762,35.991211,-138.823242,55.480957,86.726074,10.546875,222.814397,230.691602,154.706463,136.889724,-3.0591774,113.947763,222.773465,230.694492,154.694763,126.358293,-2.79402175,125.322328,12.2697957,11.118164,0.0426692323,0.0409318129,-0.00288977521,0.0117003962,1.18120515,1.90183731
8.5108695,return_center_after_down,center,0,0,6,0,54.030762,35.991211,-138.823242,55.458984,86.726074,10.546875,222.780884,230.717315,154.706206,136.906159,-3.03659768,113.953384,222.773465,230.694492,154.694763,126.358293,-2.79402175,125.322328,12.2754017,11.118164,0.0265875931,0.007419091,0.0228231716,0.011443777,0.872311379,1.67694586
8.53611279,return_center_after_down,center,0,0,7,0,54.030762,35.991211,-138.823242,55.480957,86.748047,10.568848,222.81905,230.696024,154.73055,136.880322,-3.08115897,113.984691,222.773465,230.694492,154.694763,126.358293,-2.79402175,125.322328,12.2451778,11.096191,0.0579746955,0.0455848514,0.00153147306,0.0357874451,1.50766259,1.98174514
8.56587195,return_center_after_down,center,0,0,8,0,54.030762,35.991211,-138.823242,55.458984,86.791992,10.568848,222.794815,230.730582,154.778471,136.858065,-3.04958376,114.045531,222.773465,230.694492,154.694763,126.358293,-2.79402175,125.322328,12.211006,11.052246,0.0936238652,0.0213498427,0.0360896534,0.0837087168,1.65099462,2.1458807
8.59104228,return_center_after_down,center,0,0,9,0,54.030762,35.991211,-138.823242,55.480957,86.813965,10.568848,222.832952,230.70929,154.80282,136.822262,-3.06764458,114.0675,222.773465,230.694492,154.694763,126.358293,-2.79402175,125.322328,12.1854769,11.030273,0.124234556,0.0594874067,0.0147977041,0.108057861,1.2345694,1.98674487
8.61627316,return_center_after_down,center,0,0,10,0,54.030762,35.991211,-138.823242,55.50293,86.835938,10.59082,222.871071,230.687985,154.827175,136.796391,-3.11216019,114.09879,222.773465,230.694492,154.694763,126.358293,-2.79402175,125.322328,12.155268,11.0083,0.164627874,0.0976059278,-0.00650735988,0.132412515,1.50838053,1.98172861
8.64558387,return_center_after_down,center,0,0,11,0,54.030762,35.969238,-138.845215,55.524902,86.923828,10.59082,222.861292,230.595003,154.806778,136.706497,-3.08007495,114.156315,222.773465,230.694492,154.694763,126.358293,-2.79402175,125.322328,12.0649493,10.92041,0.173663797,0.0878266608,-0.0994888269,0.112015915,3.26761255,3.26479047
8.67076015,return_center_after_down,center,0,0,12,0,54.052734,35.969238,-138.845215,55.50293,86.967773,10.59082,222.74849,230.715062,154.854709,136.69532,-3.02253307,114.226474,222.773465,230.694492,154.694763,126.358293,-2.79402175,125.322328,12.029001,10.876465,0.163186265,-0.0249753259,0.0205695646,0.159946501,2.13776582,6.81467447
8.69598746,return_center_after_down,center,0,0,13,0,54.052734,35.969238,-138.823242,55.546875,87.011719,10.634766,222.869265,230.734077,154.929384,136.641451,-3.1296915,114.312605,222.773465,230.694492,154.694763,126.358293,-2.79402175,125.322328,11.9682212,10.832519,0.256499394,0.0958005602,0.0395850937,0.234621423,3.14041524,5.67894957
8.72575665,return_center_after_down,center,0,0,14,0,54.052734,35.947266,-138.823242,55.59082,87.143555,10.634766,222.946411,230.685887,154.983466,136.494073,-3.12912635,114.443021,222.773465,230.694492,154.694763,126.358293,-2.79402175,125.322328,11.8322088,10.700683,0.336651532,0.172946045,-0.00860536468,0.288703771,4.72614616,3.55480567
8.75096822,return_center_after_down,center,0,0,15,0,54.074707,35.925293,-138.823242,55.59082,87.1875,10.656738,222.850001,230.756966,154.940565,136.478394,-3.10218244,114.493335,222.773465,230.694492,154.694763,126.358293,-2.79402175,125.322328,11.7803769,10.656738,0.264914825,0.0765365702,0.0624738404,0.245802842,2.30584424,5.04650091
8.77620864,return_center_after_down,center,0,0,16,0,54.074707,35.90332,-138.823242,55.612793,87.231445,10.678711,222.875515,230.716792,154.897955,136.435073,-3.1235943,114.528573,222.773465,230.694492,154.694763,126.358293,-2.79402175,125.322328,11.7247749,10.612793,0.228470115,0.102050082,0.0222998801,0.203192248,2.30322374,2.53082842
8.80578756,return_center_after_down,center,0,0,17,0,54.09668,35.859375,-138.823242,55.656738,87.385254,10.700684,222.851189,230.73533,154.885138,136.291242,-3.10022152,114.681604,222.773465,230.694492,154.694763,126.358293,-2.79402175,125.322328,11.5568232,10.458984,0.209646899,0.0777244281,0.0408381046,0.190375903,5.7059368,1.12110739
8.83092523,return_center_after_down,center,0,0,18,0,54.09668,35.837402,-138.823242,55.656738,87.451172,10.722656,222.847469,230.725449,154.866399,136.244949,-3.09446537,114.750037,222.773465,230.694492,154.694763,126.358293,-2.79402175,125.322328,11.4869505,10.393066,0.189457544,0.0740045333,0.0309569857,0.171636695,2.89903603,0.85564373
8.85612297,return_center_after_down,center,0,0,19,0,54.09668,35.81543,-138.823242,55.700684,87.51709,10.766602,222.91058,230.663971,154.848271,136.175502,-3.15975583,114.816484,222.773465,230.694492,154.694763,126.358293,-2.79402175,125.322328,11.401183,10.327148,0.20807921,0.137114693,-0.0305213299,0.15350885,3.69964072,3.56978421
8.88474441,return_center_after_down,center,0,0,20,0,54.118652,35.771484,-138.823242,55.744629,87.692871,10.788574,222.889795,230.687157,154.859734,136.011924,-3.13116304,114.99681,222.773465,230.694492,154.694763,126.358293,-2.79402175,125.322328,11.2133118,10.151367,0.201995585,0.116330186,-0.00733508318,0.164971818,6.60398883,1.15931576
8.90997672,return_center_after_down,center,0,0,21,0,54.140625,35.749512,-138.823242,55.744629,87.780762,10.810547,222.801524,230.76736,154.865192,135.957207,-3.09470073,115.102152,222.773465,230.694492,154.694763,126.358293,-2.79402175,125.322328,11.1217673,10.063476,0.187464951,0.0280594306,0.0728674892,0.17042918,3.79580467,4.7316291
8.93519497,return_center_after_down,center,0,0,22,0,54.140625,35.705566,-138.823242,55.788574,87.868652,10.854492,222.851585,230.687096,154.780203,135.870297,-3.13639833,115.172516,222.773465,230.694492,154.694763,126.358293,-2.79402175,125.322328,11.0106032,9.975586,0.116006119,0.0781199347,-0.00739651727,0.0854399617,4.61046769,5.04267135
8.96581531,return_center_after_down,center,0,0,23,0,54.162598,35.661621,-138.823242,55.854492,88.066406,10.876465,222.867308,230.6892,154.816336,135.670192,-3.12465132,115.374246,222.773465,230.694492,154.694763,126.358293,-2.79402175,125.322328,10.7972301,9.777832,0.153670573,0.0938428137,-0.00529170977,0.121573719,7.03085958,1.28876713
8.99097133,return_center_after_down,center,0,0,24,0,54.162598,35.639648,-138.823242,55.876465,88.17627,10.898438,222.904498,230.662788,154.846359,135.567961,-3.13117336,115.491601,222.773465,230.694492,154.694763,126.358293,-2.79402175,125.322328,10.6819648,9.667968,0.202869875,0.131033052,-0.0317045398,0.151596001,4.62192497,2.17079262
9.01620293,return_center_after_down,center,0,0,25,0,54.18457,35.595703,-138.845215,55.898438,88.286133,10.92041,222.791833,230.637113,154.759768,135.481429,-3.07476107,115.571598,222.773465,230.694492,154.694763,126.358293,-2.79402175,125.322328,10.5597985,9.558105,0.0886312754,0.0183683153,-0.057379385,0.0650054933,5.00256975,5.72285837
9.04132915,return_center_after_down,center,0,0,26,0,54.206543,35.529785,-138.823242,55.964355,88.505859,10.986328,222.837544,230.682122,154.754825,135.281134,-3.10968366,115.819441,222.773465,230.694492,154.694763,126.358293,-2.79402175,125.322328,10.3112882,9.338379,0.0886945548,0.0640792059,-0.0123703765,0.0600629103,9.93228348,2.56069961
9.06645942,return_center_after_down,center,0,0,27,0,54.228516,35.507812,-138.823242,55.986328,88.637695,10.986328,222.789386,230.746002,154.809146,135.16017,-3.05904936,115.963906,222.773465,230.694492,154.694763,126.358293,-2.79402175,125.322328,10.1790806,9.206543,0.126452845,0.0159207241,0.0515094949,0.114383673,5.46032371,3.84789379
9.09169006,return_center_after_down,center,0,0,28,0,54.228516,35.463867,-138.823242,56.030273,88.747559,11.052246,222.842011,230.670523,154.748644,135.063216,-3.12057871,116.07103,222.773465,230.694492,154.694763,126.358293,-2.79402175,125.322328,10.0432822,9.096679,0.090422999,0.06854627,-0.0239695052,0.0538812625,5.64390872,4.36465132
9.12806392,return_center_after_down,center,0,0,29,0,54.272461,35.397949,-138.845215,56.118164,88.989258,11.096191,222.746241,230.657303,154.717635,134.831828,-3.0822583,116.293193,222.773465,230.694492,154.694763,126.358293,-2.79402175,125.322328,9.77301633,8.85498,0.051452014,-0.0272237411,-0.0371889872,0.0228726232,7.52071058,2.79126967
9.15316844,return_center_after_down,center,0,0,30,0,54.272461,35.354004,-138.823242,56.140137,89.143066,11.118164,222.816471,230.678575,154.730647,134.689593,-3.07791446,116.464586,222.773465,230.694492,154.694763,126.358293,-2.79402175,125.322328,9.61202648,8.701172,0.058228285,0.0430059399,-0.0159171696,0.0358840635,6.54972827,2.96859402
9.18126035,return_center_after_down,center,0,0,31,0,54.294434,35.310059,-138.823242,56.184082,89.34082,11.184082,222.794443,230.707532,154.767128,134.524584,-3.09337796,116.690322,222.773465,230.694492,154.694763,126.358293,-2.79402175,125.322328,9.39492323,8.503418,0.0764645216,0.0209781689,0.0130401444,0.0723650063,7.78249652,1.8340829
9.20635986,return_center_after_down,center,0,0,32,0,54.316406,35.244141,-138.823242,56.271973,89.560547,11.228027,222.825115,230.665903,154.737711,134.298441,-3.10233027,116.898225,222.773465,230.694492,154.694763,126.358293,-2.79402175,125.322328,9.14587879,8.283691,0.0730043294,0.0516505449,-0.0285889242,0.0429479538,9.98135736,2.37019098
9.23152304,return_center_after_down,center,0,0,33,0,54.338379,35.200195,-138.823242,56.271973,89.692383,11.271973,222.724446,230.732957,154.700921,134.216064,-3.06192712,117.044223,222.773465,230.694492,154.694763,126.358293,-2.79402175,125.322328,9.0044465,8.151855,0.0626127927,-0.0490190179,0.0384651215,0.00615890614,5.85767034,5.02432661
9.25810838,return_center_after_down,center,0,0,34,0,54.360352,35.112305,-138.823242,56.381836,90,11.359863,222.78403,230.661229,154.678049,133.915895,-3.10473285,117.350894,222.773465,230.694492,154.694763,126.358293,-2.79402175,125.322328,8.65533016,7.844238,0.0386963568,0.0105653364,-0.0332631266,-0.0167136502,13.1721454,3.61148095
9.28323388,return_center_after_down,center,0,0,35,0,54.382324,35.068359,-138.823242,56.425781,90.153809,11.403809,222.752327,230.68122,154.666494,133.779646,-3.10203096,117.512011,222.773465,230.694492,154.694763,126.358293,-2.79402175,125.322328,8.48275383,7.690429,0.0377107563,-0.021138305,-0.0132721205,-0.0282687818,6.88596811,1.56100122
9.30840397,return_center_after_down,center,0,0,36,0,54.382324,35.046387,-138.823242,56.469727,90.285645,11.425781,222.822153,230.63451,154.721762,133.639221,-3.12240594,117.649346,222.773465,230.694492,154.694763,126.358293,-2.79402175,125.322328,8.34191484,7.558593,0.0818373008,0.0486877406,-0.0599824231,0.0269991971,5.6574755,3.99517204
9.33361101,return_center_after_down,center,0,0,37,0,54.404297,34.980469,-138.823242,56.513672,90.439453,11.447754,222.772858,230.631181,154.619348,133.495421,-3.07433569,117.777161,222.773465,230.694492,154.694763,126.358293,-2.79402175,125.322328,8.16851038,7.404785,0.0984685586,-0.000606437121,-0.0633115162,-0.0754144627,6.9734777,4.51096978
9.36107135,return_center_after_down,center,0,0,38,0,54.448242,34.914551,-138.823242,56.57959,90.725098,11.535645,222.687103,230.71649,154.662899,133.256217,-3.0693424,118.101014,222.773465,230.694492,154.694763,126.358293,-2.79402175,125.322328,7.8543866,7.11914,0.0946447945,-0.0863623467,0.0219982867,-0.0318631067,11.5123122,4.68178688
9.38619208,return_center_after_down,center,0,0,39,0,54.448242,34.870605,-138.823242,56.623535,90.900879,11.57959,222.745028,230.6564,154.675862,133.08817,-3.08539002,118.278777,222.773465,230.694492,154.694763,126.358293,-2.79402175,125.322328,7.66360732,6.943359,0.0511556884,-0.0284368619,-0.0380923648,-0.0189002933,7.62529281,3.36234918
9.41136956,return_center_after_down,center,0,0,40,0,54.470215,34.82666,-138.823242,56.66748,91.032715,11.601562,222.707853,230.671994,154.640407,132.961118,-3.06019817,118.402403,222.773465,230.694492,154.694763,126.358293,-2.79402175,125.322328,7.51557984,6.811523,0.0881224581,-0.0656118061,-0.0224979546,-0.0543553178,5.91900529,2.13231514
9.44311428,return_center_after_down,center,0,0,41,0,54.492188,34.73877,-138.823242,56.755371,91.340332,11.66748,222.726942,230.627857,154.618147,132.665493,-3.04977211,118.703328,222.773465,230.694492,154.694763,126.358293,-2.79402175,125.322328,7.17678896,6.503906,0.111689148,-0.046522718,-0.0666350594,-0.0766150852,10.6782306,1.66926429
9.46827459,return_center_after_down,center,0,0,42,0,54.51416,34.716797,-138.80127,56.821289,91.494141,11.711426,222.784945,230.706796,154.723298,132.505098,-3.10382932,118.903731,222.773465,230.694492,154.694763,126.358293,-2.79402175,125.322328,7.00359198,6.350097,0.0331282166,0.0114798235,0.0123043945,0.0285358417,7.04083591,5.71175739
9.49342823,return_center_after_down,center,0,0,43,0,54.51416,34.672852,-138.80127,56.843262,91.625977,11.733398,222.801678,230.663438,154.687468,132.383464,-3.08151971,119.023006,222.773465,230.694492,154.694763,126.358293,-2.79402175,125.322328,6.86285901,6.218261,0.042585651,0.0282131765,-0.0310538623,-0.00729465418,5.66116944,2.3330076
9.52365565,return_center_after_down,center,0,0,44,0,54.558105,34.584961,-138.80127,56.931152,91.933594,11.799316,222.72901,230.705381,154.665529,132.09794,-3.04358921,119.333169,222.773465,230.694492,154.694763,126.358293,-2.79402175,125.322328,6.52240068,5.910644,0.0543079877,-0.0444543913,0.010889088,-0.0292334122,11.2846897,2.86905871
9.54884028,return_center_after_down,center,0,0,45,0,54.558105,34.541016,-138.80127,56.975098,92.087402,11.843262,222.780519,230.641066,154.654639,131.948789,-3.06201382,119.483005,222.773465,230.694492,154.694763,126.358293,-2.79402175,125.322328,6.3515042,5.756836,0.0671862783,0.00705426932,-0.0534260378,-0.0401234566,6.81414268,3.30024308
9.57395244,return_center_after_down,center,0,0,46,0,54.580078,34.49707,-138.779297,57.041016,92.219238,11.887207,222.816807,230.691642,154.644657,131.810604,-3.10058801,119.632919,222.773465,230.694492,154.694763,126.358293,-2.79402175,125.322328,6.19282072,5.625,0.066311469,0.0433416468,-0.00284969629,-0.0501058062,6.48904309,2.51044762
9.60424805,return_center_after_down,center,0,0,47,0,54.602051,34.40918,-138.779297,57.106934,92.526855,11.975098,222.796237,230.675104,154.622463,131.540074,-3.08967974,119.948593,222.773465,230.694492,154.694763,126.358293,-2.79402175,125.322328,5.85500188,5.317383,0.0782415573,0.0227720685,-0.0193884864,-0.072299798,11.1889947,1.13828236
9.62937832,return_center_after_down,center,0,0,48,0,54.624023,34.387207,-138.80127,57.150879,92.680664,11.99707,222.73131,230.659472,154.678191,131.391579,-3.05630917,120.098018,222.773465,230.694492,154.694763,126.358293,-2.79402175,125.322328,5.69308086,5.163574,0.0572544295,-0.0421550446,-0.0350199061,-0.0165719066,6.60120704,3.46115258
9.65452838,return_center_after_down,center,0,0,49,0,54.624023,34.343262,-138.779297,57.194824,92.834473,12.041016,222.823808,230.656222,154.691942,131.238542,-3.09237381,120.270242,222.773465,230.694492,154.694763,126.358293,-2.79402175,125.322328,5.52165425,5.009765,0.0633003974,0.0503430005,-0.0382696781,-0.00282034549,6.87923943,3.72051276
9.68183184,return_center_after_down,center,0,0,50,0,54.667969,34.255371,-138.779297,57.282715,93.120117,12.106934,222.742251,230.69445,154.646395,130.971238,-3.05497518,120.552196,222.773465,230.694492,154.694763,126.358293,-2.79402175,125.322328,5.20116476,4.724121,0.0575647256,-0.0312136406,-4.16879992e-05,-0.0483673912,11.7725781,3.69669824
9.70704269,return_center_after_down,center,0,0,51,0,54.667969,34.211426,-138.779297,57.304688,93.273926,12.128906,222.757508,230.657216,154.635197,130.828318,-3.02458239,120.697113,222.773465,230.694492,154.694763,126.358293,-2.79402175,125.322328,5.04046181,4.570312,0.0720566896,-0.0159567302,-0.037275966,-0.0595655239,6.46363726,1.65674514
9.73226666,return_center_after_down,center,0,0,52,0,54.689941,34.16748,-138.757324,57.370605,93.427734,12.172852,222.792725,230.713262,154.64956,130.668557,-3.05535057,120.872892,222.773465,230.694492,154.694763,126.358293,-2.79402175,125.322328,4.86181961,4.416504,0.0525978298,0.0192597035,0.0187699548,-0.0452027025,7.18327057,2.68522628
9.75816298,return_center_after_down,center,0,0,53,0,54.711914,34.101562,-138.757324,57.458496,93.735352,12.23877,222.815286,230.695502,154.719443,130.365242,-3.05454304,121.193041,222.773465,230.694492,154.694763,126.358293,-2.79402175,125.322328,4.5284992,4.108886,0.048571116,0.0418214295,0.00100980348,0.0246799848,12.8959042,2.9174658
9.78325701,return_center_after_down,center,0,0,54,0,54.733887,34.035645,-138.757324,57.502441,93.88916,12.260742,222.756677,230.694124,154.618109,130.219115,-2.99939006,121.318723,222.773465,230.694492,154.694763,126.358293,-2.79402175,125.322328,4.35513367,3.955078,0.0784709485,-0.0167881973,-0.000368442618,-0.0766531828,7.00486267,4.66525498
9.80848694,return_center_after_down,center,0,0,55,0,54.733887,34.013672,-138.757324,57.524414,94.042969,12.304688,222.786558,230.681013,154.6979,130.082215,-3.01242427,121.496318,222.773465,230.694492,154.694763,126.358293,-2.79402175,125.322328,4.19528109,3.801269,0.019051264,0.0130929298,-0.0134789043,0.00313767232,6.45876687,3.41678535
9.83371258,return_center_after_down,center,0,0,56,0,54.755859,33.947754,-138.757324,57.568359,94.196777,12.348633,222.727136,230.679828,154.59665,129.946012,-2.98183526,121.632381,222.773465,230.694492,154.694763,126.358293,-2.79402175,125.322328,4.01733257,3.647461,0.109487616,-0.0463287157,-0.0146636856,-0.0981130189,7.1297782,4.65421081
9.86024189,return_center_after_down,center,0,0,57,0,54.777832,33.881836,-138.735352,57.678223,94.482422,12.414551,222.819233,230.691627,154.667276,129.640801,-3.02364856,121.941105,222.773465,230.694492,154.694763,126.358293,-2.79402175,125.322328,3.69780901,3.361816,0.0534640449,0.0457677824,-0.00286522611,-0.0274864453,12.1161416,4.39732351
9.88539696,return_center_after_down,center,0,0,58,0,54.777832,33.837891,-138.757324,57.722168,94.63623,12.436523,222.821167,230.56861,154.633008,129.482964,-2.99151908,122.055653,222.773465,230.694492,154.694763,126.358293,-2.79402175,125.322328,3.53213483,3.208008,0.148106437,0.0477021345,-0.125882263,-0.0617549913,6.70935591,5.07713082
9.9106338,return_center_after_down,center,0,0,59,0,54.799805,33.793945,-138.735352,57.744141,94.790039,12.458496,222.786429,230.678127,154.645966,129.346515,-2.95355712,122.232656,222.773465,230.694492,154.694763,126.358293,-2.79402175,125.322328,3.36920405,3.054199,0.0530755704,0.012964009,-0.0163653139,-0.0487967944,6.57334644,4.58150472
9.94078469,return_center_after_down,center,0,0,60,0,54.821777,33.706055,-138.713379,57.832031,95.075684,12.568359,222.82572,230.693329,154.625067,129.081466,-3.00308656,122.5456,222.773465,230.694492,154.694763,126.358293,-2.79402175,125.322328,3.04065334,2.768554,0.0871175868,0.0522555081,-0.00116277302,-0.069695651,11.0039799,1.55977912
9.96600723,return_center_after_down,center,0,0,61,0,54.84375,33.684082,-138.735352,57.854004,95.229492,12.590332,222.721535,230.706387,154.681111,128.948336,-2.94472826,122.699663,222.773465,230.694492,154.694763,126.358293,-2.79402175,125.322328,2.88436624,2.614746,0.0549956057,-0.0519294712,0.0118946164,-0.0136515481,6.40161765,4.71882624
9.99123907,return_center_after_down,center,0,0,62,0,54.84375,33.640137,-138.735352,57.919922,95.361328,12.612305,222.795393,230.612198,154.647406,128.789374,-2.95665308,122.803333,222.773465,230.694492,154.694763,126.358293,-2.79402175,125.322328,2.73239494,2.48291,0.0974460274,0.0219280769,-0.0822939143,-0.0473560912,6.15770312,4.92821609
10.0215416,return_center_after_down,center,0,0,63,0,54.865723,33.574219,-138.713379,58.007812,95.625,12.678223,222.846931,230.646158,154.693136,128.520022,-2.97945053,123.090305,222.773465,230.694492,154.694763,126.358293,-2.79402175,125.322328,2.43846985,2.219238,0.0879550674,0.0734658948,-0.0483343675,-0.00162637931,9.72836795,2.53495015
10.0467167,return_center_after_down,center,0,0,64,0,54.887695,33.530273,-138.713379,58.029785,95.756836,12.722168,222.765756,230.690665,154.657942,128.417294,-2.95080492,123.228559,222.773465,230.694492,154.694763,126.358293,-2.79402175,125.322328,2.29148548,2.087402,0.0378130742,-0.00770870674,-0.00382758077,-0.0368205656,5.91957756,3.93402255
10.0719428,return_center_after_down,center,0,0,65,0,54.887695,33.486328,-138.713379,58.07373,95.888672,12.744141,222.805509,230.623255,154.623553,128.27553,-2.94148325,123.338408,222.773465,230.694492,154.694763,126.358293,-2.79402175,125.322328,2.14512077,1.955566,0.105699035,0.0320437483,-0.0712368467,-0.0712095205,5.84303104,3.38856024
10.1002238,return_center_after_down,center,0,0,66,0,54.909668,33.442383,-138.713379,58.117676,96.130371,12.810059,222.762232,230.669,154.710589,128.061341,-2.92828259,123.611832,222.773465,230.694492,154.694763,126.358293,-2.79402175,125.322328,1.88837036,1.713867,0.0320388996,-0.0112333399,-0.0254915972,0.0158266116,9.15999917,3.79860405
10.125385,return_center_after_down,center,0,0,67,0,54.931641,33.398438,-138.691406,58.139648,96.218262,12.810059,222.719819,230.762665,154.650469,127.975734,-2.88082959,123.698268,222.773465,230.694492,154.694763,126.358293,-2.79402175,125.322328,1.78979361,1.625976,0.0974028407,-0.0536455405,0.0681729701,-0.0442935154,4.18807802,4.73371058
10.1506097,return_center_after_down,center,0,0,68,0,54.931641,33.354492,-138.691406,58.183594,96.350098,12.854004,222.758485,230.695518,154.616102,127.84379,-2.89544723,123.818683,222.773465,230.694492,154.694763,126.358293,-2.79402175,125.322328,1.63884138,1.49414,0.0800806415,-0.0149801558,0.00102552149,-0.0786603609,6.03501629,3.3603441
10.1800013,return_center_after_down,center,0,0,69,0,54.931641,33.310547,-138.691406,58.249512,96.547852,12.897949,222.83247,230.618582,154.65541,127.631575,-2.91205046,124.010673,222.773465,230.694492,154.694763,126.358293,-2.79402175,125.322328,1.42246376,1.296386,0.103887421,0.0590055088,-0.0759099314,-0.039352618,7.40070995,3.87001021
10.2052348,return_center_after_down,center,0,0,70,0,54.953613,33.288574,-138.691406,58.249512,96.635742,12.919922,222.731217,230.702721,154.6617,127.573606,-2.86912684,124.114645,222.773465,230.694492,154.694763,126.358293,-2.79402175,125.322328,1.33111491,1.208496,0.0542744288,-0.0422477124,0.0082287243,-0.0330625546,3.79558898,5.2231916
10.2304659,return_center_after_down,center,0,0,71,0,54.953613,33.266602,-138.691406,58.293457,96.745605,12.941895,222.784594,230.653875,154.693919,127.448065,-2.8840841,124.220165,222.773465,230.694492,154.694763,126.358293,-2.79402175,125.322328,1.21009335,1.098633,0.0421226486,0.0111294484,-0.0406170047,-0.000843700601,4.84870022,3.13909075
10.2592821,return_center_after_down,center,0,0,72,0,54.975586,33.200684,-138.669434,58.359375,96.921387,12.98584,222.793203,230.693235,154.641631,127.267482,-2.88131815,124.396607,222.773465,230.694492,154.694763,126.358293,-2.79402175,125.322328,1.00619377,0.922851,0.0566933106,0.019737869,-0.00125694573,-0.0531316109,7.15299659,2.29072999
10.2844462,return_center_after_down,center,0,0,73,0,54.975586,33.178711,-138.669434,58.381348,96.987305,12.98584,222.811718,230.65984,154.624479,127.191153,-2.86325592,124.445542,222.773465,230.694492,154.694763,126.358293,-2.79402175,125.322328,0.935322552,0.856933,0.0871997644,0.0382530025,-0.0346522572,-0.070283197,2.89599917,1.66346691
10.3096941,return_center_after_down,center,0,0,74,0,54.975586,33.156738,-138.669434,58.40332,97.075195,13.007812,222.830919,230.632111,154.6316,127.104023,-2.86383738,124.531538,222.773465,230.694492,154.694763,126.358293,-2.79402175,125.322328,0.839861734,0.769043,0.10574438,0.0574542188,-0.062380625,-0.06316284,3.79342936,1.36530568
10.3395422,return_center_after_down,center,0,0,75,0,54.997559,33.134766,-138.669434,58.40332,97.229004,13.051758,222.731016,230.733474,154.71067,126.993182,-2.82735599,124.72458,222.773465,230.694492,154.694763,126.358293,-2.79402175,125.322328,0.684334375,0.615234,0.0597878634,-0.0424489121,0.0389823054,0.0159078074,5.45944678,5.45463425
10.3647122,return_center_after_down,center,0,0,76,0,54.997559,33.112793,-138.669434,58.447266,97.272949,13.051758,222.781158,230.667891,154.670119,126.919922,-2.8346406,124.740509,222.773465,230.694492,154.694763,126.358293,-2.79402175,125.322328,0.627279792,0.571289,0.0370690238,0.00769352532,-0.0266011184,-0.0246435123,2.61891551,3.65423803
10.389951,return_center_after_down,center,0,0,77,0,54.997559,33.09082,-138.647461,58.447266,97.338867,13.07373,222.80841,230.720935,154.675446,126.867198,-2.84138779,124.829633,222.773465,230.694492,154.694763,126.358293,-2.79402175,125.322328,0.557170298,0.505371,0.0478905442,0.034945296,0.0264426198,-0.019316272,3.01582063,2.37223174
10.4202645,return_center_after_down,center,0,0,78,0,55.019531,33.068848,-138.647461,58.491211,97.470703,13.117676,222.772452,230.763517,154.731949,126.741513,-2.84974069,124.982816,222.773465,230.694492,154.694763,126.358293,-2.79402175,125.322328,0.410483092,0.373535,0.0784105734,-0.00101289699,0.069024422,0.0371863043,4.91615346,2.61812855
10.4454994,return_center_after_down,center,0,0,79,0,55.019531,33.046875,-138.669434,58.535156,97.514648,13.117676,222.780619,230.63829,154.668134,126.672411,-2.83658038,124.976258,222.773465,230.694492,154.694763,126.358293,-2.79402175,125.322328,0.354979418,0.32959,0.0626013512,0.00715427387,-0.0562018774,-0.0266288286,2.7534628,5.57901151
10.4707239,return_center_after_down,center,0,0,80,0,55.019531,33.024902,-138.647461,58.513184,97.558594,13.139648,222.774341,230.712325,154.64826,126.65839,-2.82959442,125.046226,222.773465,230.694492,154.694763,126.358293,-2.79402175,125.322328,0.309961922,0.285644,0.0498120599,0.000876381537,0.0178328118,-0.046502302,2.46381304,3.04911741
10.4989684,return_center_after_down,center,0,0,81,0,55.019531,33.00293,-138.647461,58.535156,97.646484,13.139648,222.792649,230.684838,154.655381,126.560851,-2.80500888,125.120812,222.773465,230.694492,154.694763,126.358293,-2.79402175,125.322328,0.218625574,0.197754,0.0448571876,0.0191841681,-0.00965373751,-0.0393819797,3.30050813,1.19614038
10.5241003,return_center_after_down,center,0,0,82,0,55.041504,33.00293,-138.647461,58.535156,97.69043,13.139648,222.705233,230.781693,154.703896,126.530051,-2.76900698,125.183878,222.773465,230.694492,154.694763,126.358293,-2.79402175,125.322328,0.178506542,0.153808,0.11109969,-0.0682322572,0.0872013942,0.00913329353,1.95500706,5.53871691
10.5493269,return_center_after_down,center,0,0,83,0,55.041504,32.980957,-138.669434,58.557129,97.712402,13.139648,222.680147,230.677473,154.615033,126.499775,-2.74211618,125.158205,222.773465,230.694492,154.694763,126.358293,-2.79402175,125.322328,0.149026073,0.131836,0.123914133,-0.0933178569,-0.0170185906,-0.0797299037,1.74203072,5.51956969
10.5785339,return_center_after_down,center,0,0,84,0,55.041504,32.980957,-138.647461,58.601074,97.77832,13.183594,222.78857,230.700958,154.712783,126.417081,-2.83229316,125.266893,222.773465,230.694492,154.694763,126.358293,-2.79402175,125.322328,0.0694837783,0.065918,0.0243870984,0.0151054963,0.00646566052,0.0180208153,3.19178257,5.06245842
10.6036918,return_center_after_down,center,0,0,85,0,55.041504,32.980957,-138.647461,58.601074,97.800293,13.183594,222.789057,230.706687,154.737039,126.396051,-2.82628213,125.29282,222.773465,230.694492,154.694763,126.358293,-2.79402175,125.322328,0.0491322272,0.043945,0.0466809875,0.0155924102,0.0121949262,0.0422761767,0.873402595,0.990843807
10.6288652,return_center_after_down,center,0,0,86,0,55.041504,32.958984,-138.647461,58.579102,97.800293,13.183594,222.739903,230.709678,154.645367,126.418189,-2.78656796,125.277401,222.773465,230.694492,154.694763,126.358293,-2.79402175,125.322328,0.04913178,0.043945,0.0616193673,-0.0335621129,0.0151856155,-0.0493956282,1.23438931,4.13379059
10.6579697,return_center_after_down,center,0,0,87,0,55.041504,32.958984,-138.647461,58.601074,97.844238,13.205566,222.773465,230.694492,154.694763,126.36844,-2.81848818,125.333522,222.773465,230.694492,154.694763,126.358293,-2.79402175,125.322328,0.021972,0.021972,0,0,0,0,1.84923494,2.11717873
10.683095,return_center_after_down,center,0,0,88,0,55.041504,32.958984,-138.647461,58.601074,97.844238,13.183594,222.773465,230.694492,154.694763,126.358293,-2.79402175,125.322328,222.773465,230.694492,154.694763,126.358293,-2.79402175,125.322328,0,0,0,0,0,0,0.874498235,0
10.7082586,return_center_after_down,center,0,0,89,0,55.041504,32.958984,-138.647461,58.601074,97.844238,13.183594,222.773465,230.694492,154.694763,126.358293,-2.79402175,125.322328,222.773465,230.694492,154.694763,126.358293,-2.79402175,125.322328,0,0,0,0,0,0,0,0
10.7389801,return_center_after_down,center,0,0,90,0,55.041504,32.958984,-138.647461,58.623047,97.844238,13.183594,222.806063,230.667821,154.695656,126.340457,-2.81349285,125.315398,222.773465,230.694492,154.694763,126.358293,-2.79402175,125.322328,0.021973,0.021973,0.0421280928,0.0325979704,-0.0266711532,0.000893371459,0.715233726,1.37129353
10.7641151,return_center_after_down,center,0,0,91,0,55.041504,32.958984,-138.625488,58.601074,97.844238,13.183594,222.815115,230.754066,154.717983,126.353978,-2.8142594,125.344663,222.773465,230.694492,154.694763,126.358293,-2.79402175,125.322328,0.021973,0.021973,0.0763082719,0.0416498273,0.0595739189,0.0232205175,1.23630256,3.56263265
10.7893419,return_center_after_down,center,0,0,92,0,55.041504,32.937012,-138.625488,58.623047,97.866211,13.183594,222.831625,230.70946,154.652331,126.319418,-2.80747439,125.341312,222.773465,230.694492,154.694763,126.358293,-2.79402175,125.322328,0.0439455,0.021973,0.0735324074,0.0581597871,0.0149675652,-0.0424314282,1.50862288,3.21367569
10.8173969,return_center_after_down,center,0,0,93,0,55.041504,32.958984,-138.647461,58.623047,97.844238,13.183594,222.806063,230.667821,154.695656,126.340457,-2.81349285,125.315398,222.773465,230.694492,154.694763,126.358293,-2.79402175,125.322328,0.021973,0.021973,0.0421280928,0.0325979704,-0.0266711532,0.000893371459,1.35654391,2.32761233
10.8236122,right_stick_left,left,-1,0,0,0,55.041504,32.958984,-138.647461,58.623047,97.844238,13.183594,222.806063,230.667821,154.695656,126.340457,-2.81349285,125.315398,222.773465,230.694492,154.694763,121.028088,-13.2904574,120.006141,0.021973,0.021973,0.0421280928,0.0325979704,-0.0266711532,0.000893371459,0,0
10.8487647,right_stick_left,left,-1,0,1,0,55.041504,32.958984,-138.647461,58.601074,97.866211,13.183594,222.773928,230.70023,154.719016,126.337255,-2.78800671,125.348246,222.773465,230.694492,154.694763,121.028088,-13.2904574,120.006141,0.021973,0.021973,0.0249275776,0.000463597588,0.00573823985,0.0242536968,1.23544708,2.0384009
10.8738844,right_stick_left,left,-1,0,2,0,55.041504,32.937012,-138.647461,58.601074,97.844238,13.183594,222.756908,230.67081,154.603992,126.362604,-2.7737878,125.299993,222.773465,230.694492,154.694763,121.028088,-13.2904574,120.006141,0.021972,0.021972,0.0952591639,-0.0165567647,-0.0236820035,-0.0907708354,1.23702539,4.77477
10.8990793,right_stick_left,left,-1,0,3,0,55.041504,32.958984,-138.647461,58.601074,97.844238,13.183594,222.773465,230.694492,154.694763,126.358293,-2.79402175,125.322328,222.773465,230.694492,154.694763,121.028088,-13.2904574,120.006141,0,0,0,0,0,0,0.872081831,3.78089323
10.9242284,right_stick_left,left,-1,0,4,0,55.041504,32.958984,-138.647461,58.623047,97.866211,13.205566,222.806526,230.67356,154.719909,126.32956,-2.83193361,125.352512,222.773465,230.694492,154.694763,121.028088,-13.2904574,120.006141,0.0380577751,0.021973,0.0465141339,0.0330616255,-0.0209316434,0.0251467666,1.51328535,1.84953422
10.9494503,right_stick_left,left,-1,0,5,0,55.041504,32.937012,-138.647461,58.601074,97.844238,13.183594,222.756908,230.67081,154.603992,126.362604,-2.7737878,125.299993,222.773465,230.694492,154.694763,121.028088,-13.2904574,120.006141,0.021972,0.021972,0.0952591639,-0.0165567647,-0.0236820035,-0.0907708354,1.74234024,5.00046035
10.9746826,right_stick_left,left,-1,0,6,0,55.041504,32.958984,-138.647461,58.623047,97.844238,13.183594,222.806063,230.667821,154.695656,126.340457,-2.81349285,125.315398,222.773465,230.694492,154.694763,121.028088,-13.2904574,120.006141,0.021973,0.021973,0.0421280928,0.0325979704,-0.0266711532,0.000893371459,1.23150838,4.12387973
11.006357,right_stick_left,left,-1,0,7,0,55.063477,32.958984,-138.647461,58.64502,97.844238,13.205566,222.750183,230.72658,154.696554,126.343981,-2.83343815,125.330865,222.773465,230.694492,154.694763,121.028088,-13.2904574,120.006141,0.0538222299,0.043946,0.039684429,-0.0232815218,0.0320876396,0.00179109814,1.20153162,2.56017732
11.0378613,right_stick_left,left,-1,0,8,0,55.063477,32.958984,-138.647461,58.710938,97.844238,13.183594,222.847917,230.646497,154.699273,126.280328,-2.86736888,125.298862,222.773465,230.694492,154.694763,121.028088,-13.2904574,120.006141,0.112039775,0.109864,0.0886960676,0.0744522476,-0.0479949146,0.00451036661,2.20551664,4.01157884
11.063091,right_stick_left,left,-1,0,9,0,55.085449,32.937012,-138.647461,58.710938,97.822266,13.205566,222.74244,230.702494,154.584259,126.326989,-2.85363426,125.273064,222.773465,230.694492,154.694763,121.028088,-13.2904574,120.006141,0.124296291,0.109864,0.115054749,-0.0310252574,0.00800155358,-0.11050341,1.74175726,6.57157858
11.088316,right_stick_left,left,-1,0,10,0,55.107422,32.958984,-138.647461,58.776855,97.822266,13.205566,222.768187,230.731488,154.677781,126.280407,-2.90830246,125.285787,222.773465,230.694492,154.694763,121.028088,-13.2904574,120.006141,0.190288413,0.175781,0.0410478009,-0.00527835231,0.0369958865,-0.0169813231,2.88897147,4.01357255
11.1153874,right_stick_left,left,-1,0,11,0,55.129395,32.958984,-138.647461,58.842773,97.800293,13.205566,222.776857,230.730962,154.65633,126.259129,-2.94876326,125.250307,222.773465,230.694492,154.694763,121.028088,-13.2904574,120.006141,0.261834234,0.241699,0.0530906758,0.00339179741,0.0364694329,-0.038433007,2.69195858,0.85490495
11.1460938,right_stick_left,left,-1,0,12,0,55.151367,32.958984,-138.647461,58.886719,97.77832,13.183594,222.752946,230.757124,154.633968,126.245597,-2.94532093,125.210551,222.773465,230.694492,154.694763,121.028088,-13.2904574,120.006141,0.313062498,0.285645,0.0896645112,-0.0205186231,0.0626318098,-0.0607944657,1.89323161,1.36477046
11.1756473,right_stick_left,left,-1,0,13,0,55.17334,32.958984,-138.647461,58.996582,97.756348,13.205566,222.826492,230.702878,154.614519,126.198706,-3.04917131,125.172445,222.773465,230.694492,154.694763,121.028088,-13.2904574,120.006141,0.426631843,0.395508,0.0965465219,0.0530272446,0.00838590512,-0.080243497,3.93416212,3.16152361
11.2008362,right_stick_left,left,-1,0,14,0,55.195312,32.958984,-138.669434,59.040527,97.734375,13.205566,222.76096,230.669205,154.569064,126.199437,-3.0499107,125.12171,222.773465,230.694492,154.694763,121.028088,-13.2904574,120.006141,0.479386379,0.439453,0.128824809,-0.0125050052,-0.0252871545,-0.125698114,2.30791765,3.43685295
11.2260759,right_stick_left,left,-1,0,15,0,55.217285,32.958984,-138.669434,59.106445,97.734375,13.227539,222.769893,230.674133,154.572027,126.167161,-3.10876696,125.123392,222.773465,230.694492,154.694763,121.028088,-13.2904574,120.006141,0.548436562,0.505371,0.124463574,-0.00357217048,-0.020359013,-0.122735209,2.88732729,0.42090832
11.2512307,right_stick_left,left,-1,0,16,0,55.26123,32.958984,-138.669434,59.194336,97.69043,13.227539,222.721707,230.72599,154.527554,126.160197,-3.15088824,125.066432,222.773465,230.694492,154.694763,121.028088,-13.2904574,120.006141,0.652924339,0.593262,0.177847652,-0.0517578636,0.0314976323,-0.167208882,4.27924368,3.32339858
11.2763672,right_stick_left,left,-1,0,17,0,55.283203,32.958984,-138.669434,59.260254,97.668457,13.227539,222.729978,230.724975,154.506368,126.138849,-3.1914099,125.031043,222.773465,230.694492,154.694763,121.028088,-13.2904574,120.006141,0.725430641,0.65918,0.19573702,-0.0434873038,0.030483182,-0.188394827,2.89918551,0.905682687
11.3060563,right_stick_left,left,-1,0,18,0,55.327148,32.980957,-138.691406,59.436035,97.624512,13.227539,222.786124,230.632767,154.5338,126.060404,-3.31135893,124.946448,222.773465,230.694492,154.694763,121.028088,-13.2904574,120.006141,0.911798783,0.834961,0.172855879,0.0126595541,-0.061724936,-0.160962489,6.36650118,3.75182604
11.3311841,right_stick_left,left,-1,0,19,0,55.371094,32.980957,-138.691406,59.523926,97.624512,13.249512,222.738591,230.695707,154.538079,126.021411,-3.36574922,124.952514,222.773465,230.694492,154.694763,121.028088,-13.2904574,120.006141,1.0076329,0.922852,0.160522206,-0.0348736402,0.00121455764,-0.156683543,4.00718373,3.1434371
11.356411,right_stick_left,left,-1,0,20,0,55.393066,32.980957,-138.691406,59.611816,97.580566,13.271484,222.778322,230.661496,154.493953,126.013067,-3.45634877,124.895691,222.773465,230.694492,154.694763,121.028088,-13.2904574,120.006141,1.10673248,1.010742,0.203560038,0.0048567782,-0.0329963066,-0.200809225,4.08534753,2.71643758
11.3854775,right_stick_left,left,-1,0,21,0,55.458984,32.980957,-138.713379,59.743652,97.558594,13.249512,222.664811,230.689703,154.453308,125.95459,-3.46260748,124.82883,222.773465,230.694492,154.694763,121.028088,-13.2904574,120.006141,1.25321176,1.142578,0.264818365,-0.108653573,-0.00478938219,-0.241454405,5.23732227,4.2599983
11.4153655,right_stick_left,left,-1,0,22,0,55.50293,33.00293,-138.713379,59.919434,97.492676,13.271484,222.76056,230.650139,154.48035,125.902899,-3.63369818,124.751908,222.773465,230.694492,154.694763,121.028088,-13.2904574,120.006141,1.4451934,1.31836,0.219331488,-0.01290504,-0.0443527202,-0.214412214,6.53434835,3.58243667
11.4405184,right_stick_left,left,-1,0,23,0,55.546875,33.00293,-138.713379,60.007324,97.470703,13.293457,222.711875,230.70656,154.460788,125.884724,-3.69434854,124.732294,222.773465,230.694492,154.694763,121.028088,-13.2904574,120.006141,1.5462256,1.40625,0.242245833,-0.0615903393,0.0120674879,-0.233974463,4.09735198,3.06312758
11.4656284,right_stick_left,left,-1,0,24,0,55.568848,33.00293,-138.735352,60.117188,97.44873,13.293457,222.742514,230.590148,154.419463,125.831339,-3.7533338,124.661252,222.773465,230.694492,154.694763,121.028088,-13.2904574,120.006141,1.65977284,1.516114,0.296033018,-0.0309505321,-0.104343683,-0.275299851,4.63039478,5.06857452
11.4911966,right_stick_left,left,-1,0,25,0,55.656738,33.046875,-138.735352,60.380859,97.382812,13.293457,222.805054,230.635094,154.542586,125.71691,-3.95064934,124.589885,222.773465,230.694492,154.694763,121.028088,-13.2904574,120.006141,1.94591393,1.779785,0.166384176,0.0315891669,-0.0593985697,-0.152176307,11.3032444,5.67994833
11.5163834,right_stick_left,left,-1,0,26,0,55.700684,33.046875,-138.735352,60.490723,97.36084,13.31543,222.787838,230.663528,154.524664,125.680725,-4.03078359,124.563445,222.773465,230.694492,154.694763,121.028088,-13.2904574,120.006141,2.06683227,1.889649,0.173490544,0.0143731037,-0.030963929,-0.170098847,4.85728715,1.49936836
11.5449436,right_stick_left,left,-1,0,27,0,55.766602,33.068848,-138.735352,60.644531,97.294922,13.337402,222.761018,230.734675,154.551531,125.658114,-4.15912951,124.504868,222.773465,230.694492,154.694763,121.028088,-13.2904574,120.006141,2.24648248,2.043457,0.14928124,-0.0124466812,0.0401824555,-0.143231767,6.39065275,2.82354368
11.5700746,right_stick_left,left,-1,0,28,0,55.810547,33.068848,-138.757324,60.79834,97.272949,13.337402,222.766327,230.647479,154.513504,125.579977,-4.23310453,124.431516,222.773465,230.694492,154.694763,121.028088,-13.2904574,120.006141,2.40698421,2.197266,0.187391844,-0.00713761543,-0.0470131252,-0.181258168,6.48417971,3.79112325
11.5952489,right_stick_left,left,-1,0,29,0,55.854492,33.09082,-138.757324,60.930176,97.229004,13.337402,222.795977,230.665752,154.563625,125.53332,-4.33518899,124.382939,222.773465,230.694492,154.694763,121.028088,-13.2904574,120.006141,2.55289757,2.329102,0.136124398,0.0225119176,-0.0287400164,-0.131137625,5.85503336,2.42442335
11.6247511,right_stick_left,left,-1,0,30,0,55.964355,33.112793,-138.779297,61.21582,97.163086,13.359375,222.741378,230.680832,154.576461,125.429413,-4.51207292,124.283878,222.773465,230.694492,154.694763,121.028088,-13.2904574,120.006141,2.86783116,2.614746,0.123335012,-0.0320866221,-0.0136601692,-0.118302044,10.6896077,1.96863135
11.6499546,right_stick_left,left,-1,0,31,0,56.008301,33.112793,-138.779297,61.325684,97.119141,13.381348,222.722164,230.701884,154.53516,125.413845,-4.59878225,124.232011,222.773465,230.694492,154.694763,121.028088,-13.2904574,120.006141,2.99401175,2.72461,0.167807513,-0.05130041,0.00739231592,-0.159602578,5.0835192,1.99102699
11.6751893,right_stick_left,left,-1,0,32,0,56.052246,33.134766,-138.779297,61.501465,97.097168,13.381348,222.814877,230.669561,154.613003,125.310522,-4.73339441,124.195169,222.773465,230.694492,154.694763,121.028088,-13.2904574,120.006141,3.17480198,2.900391,0.0949803909,0.0414125836,-0.0249311388,-0.0817600813,7.28505611,4.96536444
11.7046773,right_stick_left,left,-1,0,33,0,56.162109,33.156738,-138.80127,61.809082,97.009277,13.40332,222.788947,230.648194,154.604594,125.209273,-4.93636121,124.063838,222.773465,230.694492,154.694763,121.028088,-13.2904574,120.006141,3.51500699,3.208008,0.102535842,0.0154817175,-0.0462983304,-0.0901686195,11.5436008,1.17458471
11.729877,right_stick_left,left,-1,0,34,0,56.206055,33.156738,-138.80127,61.962891,96.965332,13.425293,222.831959,230.612474,154.567007,125.157597,-5.06191495,123.998266,222.773465,230.694492,154.694763,121.028088,-13.2904574,120.006141,3.68125666,3.361817,0.162696218,0.058493964,-0.0820179445,-0.127755909,6.64053946,2.67345895
11.7550998,right_stick_left,left,-1,0,35,0,56.271973,33.178711,-138.80127,62.116699,96.921387,13.447266,222.802227,230.685871,154.619974,125.11395,-5.18469919,123.965595,222.773465,230.694492,154.694763,121.028088,-13.2904574,120.006141,3.85574729,3.515625,0.080590681,0.0287617602,-0.00862156101,-0.0747882858,6.96912718,3.77718908
11.7839761,right_stick_left,left,-1,0,36,0,56.359863,33.200684,-138.823242,62.446289,96.833496,13.469238,222.893461,230.547802,154.61491,124.982896,-5.43091153,123.816268,222.773465,230.694492,154.694763,121.028088,-13.2904574,120.006141,4.20906861,3.845215,0.205653285,0.119996073,-0.146689618,-0.0798521887,12.2695222,5.73363162
11.8091009,right_stick_left,left,-1,0,37,0,56.425781,33.200684,-138.823242,62.578125,96.789551,13.491211,222.81517,230.62403,154.576526,124.960325,-5.51381026,123.769331,222.773465,230.694492,154.694763,121.028088,-13.2904574,120.006141,4.36227787,3.977051,0.143819859,0.0417046879,-0.0704621361,-0.118236873,6.18393943,4.60966663
11.8343236,right_stick_left,left,-1,0,38,0,56.491699,33.222656,-138.823242,62.753906,96.745605,13.469238,222.81528,230.667815,154.631974,124.880051,-5.60739637,123.706812,222.773465,230.694492,154.694763,121.028088,-13.2904574,120.006141,4.55390909,4.152832,0.0800159825,0.0418149161,-0.0266767228,-0.0627887148,7.74288792,2.8011098
11.8624778,right_stick_left,left,-1,0,39,0,56.57959,33.244629,-138.845215,63.061523,96.679688,13.513184,222.873039,230.560396,154.651191,124.755078,-5.85237002,123.601761,222.773465,230.694492,154.694763,121.028088,-13.2904574,120.006141,4.88332057,4.460449,0.172612651,0.0995740284,-0.13409576,-0.0435714025,11.7585328,4.38541934
11.8877203,right_stick_left,left,-1,0,40,0,56.645508,33.244629,-138.823242,63.215332,96.635742,13.513184,222.864903,230.668038,154.638177,124.702162,-5.95130453,123.557673,222.773465,230.694492,154.694763,121.028088,-13.2904574,120.006141,5.05428431,4.614258,0.110737062,0.0914381681,-0.0264542168,-0.0565856222,6.90908886,4.30741592
11.9129493,right_stick_left,left,-1,0,41,0,56.689453,33.266602,-138.845215,63.391113,96.591797,13.513184,222.911524,230.563588,154.67171,124.622775,-6.07207466,123.473994,222.773465,230.694492,154.694763,121.028088,-13.2904574,120.006141,5.24129593,4.790039,0.191644646,0.138059287,-0.130904181,-0.0230520887,7.49200559,4.72458976
11.9380765,right_stick_left,left,-1,0,42,0,56.777344,33.266602,-138.845215,63.632812,96.525879,13.535156,222.897498,230.575244,154.619631,124.54222,-6.2350292,123.378625,222.773465,230.694492,154.694763,121.028088,-13.2904574,120.006141,5.50698916,5.031738,0.187746717,0.124032705,-0.11924764,-0.0751313391,10.6022346,2.19604196
11.9632699,right_stick_left,left,-1,0,43,0,56.821289,33.288574,-138.845215,63.764648,96.503906,13.535156,222.921913,230.593631,154.696956,124.475148,-6.33159117,123.355365,222.773465,230.694492,154.694763,121.028088,-13.2904574,120.006141,5.64782728,5.163574,0.179484143,0.148447935,-0.100861082,0.00219326079,5.65222249,3.30030318
11.9931862,right_stick_left,left,-1,0,44,0,56.953125,33.288574,-138.867188,64.094238,96.416016,13.579102,222.812632,230.593261,154.606612,124.377951,-6.53520828,123.220682,222.773465,230.694492,154.694763,121.028088,-13.2904574,120.006141,6.01517246,5.493164,0.139829689,0.039167281,-0.101231537,-0.0881501104,12.3338757,4.73954931
12.0183349,right_stick_left,left,-1,0,45,0,56.99707,33.310547,-138.867188,64.226074,96.37207,13.579102,222.83521,230.604769,154.660221,124.331657,-6.63872219,123.172049,222.773465,230.694492,154.694763,121.028088,-13.2904574,120.006141,6.16120484,5.625,0.114261845,0.0617452804,-0.0897228141,-0.0345413696,5.861046,2.3578552
12.0435753,right_stick_left,left,-1,0,46,0,57.062988,33.310547,-138.867188,64.401855,96.328125,13.579102,222.815002,230.619845,154.628008,124.263557,-6.73641659,123.100217,222.773465,230.694492,154.694763,121.028088,-13.2904574,120.006141,6.35313777,5.800781,0.108414657,0.0415370399,-0.0746475333,-0.0667544599,7.63889736,1.62066381
12.0719728,right_stick_left,left,-1,0,47,0,57.150879,33.33252,-138.867188,64.709473,96.240234,13.601074,222.904258,230.559526,154.650186,124.146582,-6.98551102,122.979779,222.773465,230.694492,154.694763,121.028088,-13.2904574,120.006141,6.68557617,6.108399,0.193156966,0.13079268,-0.13496588,-0.0445768943,11.734556,3.87304664
12.0971,right_stick_left,left,-1,0,48,0,57.216797,33.33252,-138.867188,64.841309,96.218262,13.623047,222.822303,230.636976,154.638652,124.10265,-7.06240511,122.958982,222.773465,230.694492,154.694763,121.028088,-13.2904574,120.006141,6.83353192,6.240235,0.0940304175,0.0488385933,-0.0575161179,-0.056110671,5.99498272,4.5110077
12.1223292,right_stick_left,left,-1,0,49,0,57.260742,33.354492,-138.88916,65.01709,96.174316,13.64502,222.864926,230.527671,154.67467,124.031698,-7.2078668,122.887319,222.773465,230.694492,154.694763,121.028088,-13.2904574,120.006141,7.02187133,6.416016,0.19130652,0.0914610429,-0.166821291,-0.0200927653,7.54238783,4.86442564
12.1475663,right_stick_left,left,-1,0,50,0,57.348633,33.354492,-138.88916,65.280762,96.108398,13.64502,222.875498,230.504077,154.628311,123.923506,-7.36635424,122.774099,222.773465,230.694492,154.694763,121.028088,-13.2904574,120.006141,7.30629697,6.679688,0.226018751,0.102033595,-0.190414738,-0.0664518535,11.3184541,2.10329455
12.1727917,right_stick_left,left,-1,0,51,0,57.392578,33.376465,-138.88916,65.412598,96.064453,13.666992,222.895467,230.513217,154.683127,123.886101,-7.49472393,122.737078,222.773465,230.694492,154.694763,121.028088,-13.2904574,120.006141,7.45375243,6.811524,0.21881589,0.122002041,-0.181274661,-0.0116358394,5.90776062,2.34095239
12.1979804,right_stick_left,left,-1,0,52,0,57.480469,33.376465,-138.867188,65.654297,95.998535,13.688965,222.913331,230.578877,154.657963,123.80229,-7.67984837,122.663103,222.773465,230.694492,154.694763,121.028088,-13.2904574,120.006141,7.71887911,7.053223,0.185158427,0.139865939,-0.115615402,-0.0368000151,10.6122576,2.88025894
12.2232063,right_stick_left,left,-1,0,53,0,57.546387,33.376465,-138.88916,65.808105,95.95459,13.666992,222.819555,230.557477,154.603092,123.745621,-7.71319693,122.566576,222.773465,230.694492,154.694763,121.028088,-13.2904574,120.006141,7.89004985,7.207031,0.171174777,0.0460898445,-0.137014914,-0.0916703003,6.96826595,4.38981035
12.2519209,right_stick_left,left,-1,0,54,0,57.634277,33.398438,-138.867188,66.115723,95.866699,13.710938,222.941095,230.552358,154.651394,123.634626,-8.00881319,122.478496,222.773465,230.694492,154.694763,121.028088,-13.2904574,120.006141,8.22329456,7.514649,0.224014765,0.167629731,-0.142133842,-0.0433688716,11.7054422,4.55816405
12.2770431,right_stick_left,left,-1,0,55,0,57.700195,33.398438,-138.867188,66.247559,95.844727,13.73291,222.856298,230.626976,154.641467,123.590343,-8.0860779,122.458058,222.773465,230.694492,154.694763,121.028088,-13.2904574,120.006141,8.37129397,7.646485,0.119416381,0.0828332834,-0.067516549,-0.0532957298,5.9961717,4.51344367
12.3022623,right_stick_left,left,-1,0,56,0,57.766113,33.42041,-138.867188,66.445312,95.800781,13.710938,222.876145,230.631619,154.704495,123.493252,-8.20060648,122.388183,222.773465,230.694492,154.694763,121.028088,-13.2904574,120.006141,8.58315595,7.844238,0.120792856,0.102679661,-0.0628734775,0.00973278653,8.53660507,2.62665774
12.3274155,right_stick_left,left,-1,0,57,0,57.832031,33.42041,-138.867188,66.665039,95.734863,13.754883,222.908993,230.575776,154.656418,123.426309,-8.39318067,122.301188,222.773465,230.694492,154.694763,121.028088,-13.2904574,120.006141,8.82335539,8.063965,0.18420555,0.135528331,-0.118715732,-0.0383448973,9.64873902,3.20744917
12.352638,right_stick_left,left,-1,0,58,0,57.897949,33.442383,-138.88916,66.818848,95.690918,13.754883,222.828473,230.576181,154.692651,123.375948,-8.47254732,122.237006,222.773465,230.694492,154.694763,121.028088,-13.2904574,120.006141,8.99701832,8.217774,0.130490724,0.0550083238,-0.118310836,-0.00211176614,6.96922279,3.50074386
12.3814461,right_stick_left,left,-1,0,59,0,57.98584,33.442383,-138.88916,67.126465,95.603027,13.798828,222.890378,230.480067,154.631331,123.268516,-8.72601812,122.10881,222.773465,230.694492,154.694763,121.028088,-13.2904574,120.006141,9.32979307,8.525391,0.252329831,0.116913279,-0.214424988,-0.0634314827,11.6174727,4.50329668
12.4066057,right_stick_left,left,-1,0,60,0,58.051758,33.464355,-138.88916,67.302246,95.559082,13.776855,222.877551,230.511771,154.693127,123.189748,-8.82178289,122.045927,222.773465,230.694492,154.694763,121.028088,-13.2904574,120.006141,9.52154074,8.701172,0.210293855,0.104086358,-0.182720716,-0.0016357469,7.76232297,2.80722428
12.4318299,right_stick_left,left,-1,0,61,0,58.095703,33.464355,-138.867188,67.434082,95.515137,13.798828,222.916399,230.554707,154.682748,123.15222,-8.95100247,122.008887,222.773465,230.694492,154.694763,121.028088,-13.2904574,120.006141,9.66731948,8.833008,0.200285635,0.142934391,-0.139784633,-0.012014644,5.90803982,2.33209104
12.4570608,right_stick_left,left,-1,0,62,0,58.183594,33.464355,-138.867188,67.697754,95.471191,13.798828,222.918,230.527444,154.666005,123.022969,-9.10330953,121.921421,222.773465,230.694492,154.694763,121.028088,-13.2904574,120.006141,9.94665076,9.09668,0.222760721,0.144534794,-0.167048045,-0.0287573095,11.1525078,1.26963114
12.4822133,right_stick_left,left,-1,0,63,0,58.227539,33.486328,-138.867188,67.82959,95.427246,13.820801,222.932458,230.531948,154.723196,122.985423,-9.23267188,121.884362,222.773465,230.694492,154.694763,121.028088,-13.2904574,120.006141,10.0940865,9.228516,0.229146193,0.158993516,-0.16254407,0.0284335215,5.92490227,2.35213358
12.5113032,right_stick_left,left,-1,0,64,0,58.337402,33.486328,-138.867188,68.115234,95.339355,13.842773,222.871286,230.546616,154.661738,122.899043,-9.42038538,121.763651,222.773465,230.694492,154.694763,121.028088,-13.2904574,120.006141,10.412373,9.51416,0.180352251,0.0978213768,-0.147875865,-0.0330248546,10.9718648,3.02321055
12.5364609,right_stick_left,left,-1,0,65,0,58.40332,33.486328,-138.867188,68.291016,95.29541,13.842773,222.840347,230.551215,154.635429,122.830399,-9.51937508,121.692784,222.773465,230.694492,154.694763,121.028088,-13.2904574,120.006141,10.6044423,9.689942,0.168884713,0.0668819069,-0.143277392,-0.0593333451,7.66405417,1.62463881
12.5616975,right_stick_left,left,-1,0,66,0,58.447266,33.486328,-138.867188,68.444824,95.251465,13.886719,222.867826,230.499931,154.606595,122.784284,-9.67075861,121.640901,222.773465,230.694492,154.694763,121.028088,-13.2904574,120.006141,10.7722726,9.84375,0.233519535,0.0943607,-0.194560621,-0.0881679993,6.80010883,2.57302869
12.5916114,right_stick_left,left,-1,0,67,0,58.557129,33.508301,-138.845215,68.752441,95.185547,13.886719,222.887834,230.575011,154.68521,122.647849,-9.88946998,121.565697,222.773465,230.694492,154.694763,121.028088,-13.2904574,120.006141,11.1046724,10.151367,0.165672206,0.11436941,-0.119480814,-0.00955264022,11.1880193,3.69506147
12.6199532,right_stick_left,left,-1,0,68,0,58.64502,33.530273,-138.845215,68.994141,95.097656,13.908691,222.867167,230.585411,154.709471,122.584154,-10.0840695,121.467206,222.773465,230.694492,154.694763,121.028088,-13.2904574,120.006141,11.3769998,10.393067,0.144552088,0.0937025461,-0.109081568,0.0147088646,9.65212082,1.18286128
12.6450832,right_stick_left,left,-1,0,69,0,58.688965,33.530273,-138.845215,69.125977,95.075684,13.908691,222.864837,230.568848,154.702734,122.519405,-10.1604697,121.423623,222.773465,230.694492,154.694763,121.028088,-13.2904574,120.006141,11.5166701,10.524903,0.155559506,0.0913719135,-0.125643876,0.0079718193,5.59861993,0.717522023
12.6703105,right_stick_left,left,-1,0,70,0,58.754883,33.530273,-138.845215,69.279785,95.031738,13.930664,222.801776,230.601143,154.674936,122.476772,-10.2650771,121.371946,222.773465,230.694492,154.694763,121.028088,-13.2904574,120.006141,11.6900727,10.678711,0.0995423982,0.0283109234,-0.093349228,-0.0198268074,6.91323288,3.0168813
12.7004497,right_stick_left,left,-1,0,71,0,58.864746,33.530273,-138.845215,69.609375,94.943848,13.930664,222.79207,230.548773,154.622971,122.345479,-10.4674955,121.225925,222.773465,230.694492,154.694763,121.028088,-13.2904574,120.006141,12.0472289,11.008301,0.163506422,0.0186050853,-0.14571929,-0.0717919876,11.8902622,2.46895703
12.7256417,right_stick_left,left,-1,0,72,0,58.908691,33.552246,-138.823242,69.741211,94.899902,13.930664,222.840005,230.612545,154.704,122.298778,-10.5951242,121.196168,222.773465,230.694492,154.694763,121.028088,-13.2904574,120.006141,12.1929436,11.140137,0.105963448,0.0665397636,-0.0819474576,0.00923722408,5.91560577,4.51379144
12.7508695,right_stick_left,left,-1,0,73,0,58.952637,33.552246,-138.823242,69.89502,94.87793,13.952637,222.865091,230.564036,154.701117,122.223632,-10.7149641,121.157481,222.773465,230.694492,154.694763,121.028088,-13.2904574,120.006141,12.3540862,11.293946,0.159545023,0.0916260293,-0.13045651,0.0063548477,6.45931088,2.16776121
12.7800014,right_stick_left,left,-1,0,74,0,59.0625,33.552246,-138.80127,70.180664,94.790039,13.974609,222.831932,230.632912,154.666541,122.135335,-10.9258547,121.05692,222.773465,230.694492,154.694763,121.028088,-13.2904574,120.006141,12.6722045,11.57959,0.0894819154,0.058467466,-0.0615801331,-0.0282215488,10.981991,2.87995693
12.8051236,right_stick_left,left,-1,0,75,0,59.128418,33.552246,-138.80127,70.3125,94.746094,13.996582,222.737267,230.693477,154.636931,122.110612,-11.0118482,121.012644,222.773465,230.694492,154.694763,121.028088,-13.2904574,120.006141,12.8255771,11.711426,0.0682335998,-0.0361980034,-0.00101513928,-0.0578316366,6.18458499,4.62608023
12.8303549,right_stick_left,left,-1,0,76,0,59.194336,33.574219,-138.80127,70.488281,94.702148,13.996582,222.714761,230.717211,154.702837,122.040768,-11.1335015,120.961278,222.773465,230.694492,154.694763,121.028088,-13.2904574,120.006141,13.0187386,11.887207,0.0634622316,-0.0587034547,0.0227190971,0.00807476802,7.69111192,2.91606313
12.8597584,right_stick_left,left,-1,0,77,0,59.282227,33.574219,-138.80127,70.773926,94.63623,14.018555,222.730812,230.641272,154.671769,121.920931,-11.3377838,120.854568,222.773465,230.694492,154.694763,121.028088,-13.2904574,120.006141,13.3248904,12.172852,0.071974755,-0.0426526552,-0.0532202224,-0.0229940053,10.4352394,2.84334981
12.8849907,right_stick_left,left,-1,0,78,0,59.326172,33.574219,-138.80127,70.883789,94.592285,14.040527,222.694648,230.646054,154.639575,121.90227,-11.4274763,120.805601,222.773465,230.694492,154.694763,121.028088,-13.2904574,120.006141,13.4512145,12.282715,0.107721749,-0.0788165315,-0.0484382568,-0.0551875422,5.07765273,1.92820303
12.9101174,right_stick_left,left,-1,0,79,0,59.370117,33.574219,-138.779297,71.015625,94.570312,14.040527,222.725727,230.689025,154.656736,121.836509,-11.526126,120.781118,222.773465,230.694492,154.694763,121.028088,-13.2904574,120.006141,13.5906875,12.414551,0.0612766256,-0.0477376578,-0.00546753519,-0.0380269237,5.66724559,2.21832867
12.9362283,right_stick_left,left,-1,0,80,0,59.458008,33.596191,-138.757324,71.279297,94.482422,14.084473,222.761337,230.723955,154.710197,121.760994,-11.7876363,120.706718,222.773465,230.694492,154.694763,121.028088,-13.2904574,120.006141,13.8843199,12.678223,0.0354028196,-0.0121275502,0.0294630659,0.0154340504,11.352638,2.80030365
12.9614801,right_stick_left,left,-1,0,81,0,59.47998,33.596191,-138.757324,71.345215,94.482422,14.0625,222.758441,230.716533,154.720086,121.710838,-11.7978508,120.6853,222.773465,230.694492,154.694763,121.028088,-13.2904574,120.006141,13.9501105,12.744141,0.0367806254,-0.0150236742,0.0220410202,0.0253238435,2.88592503,0.502921144
12.9891386,right_stick_left,left,-1,0,82,0,59.567871,33.596191,-138.757324,71.542969,94.416504,14.084473,222.65662,230.76124,154.677532,121.663587,-11.9266177,120.607336,222.773465,230.694492,154.694763,121.028088,-13.2904574,120.006141,14.1760252,12.941895,0.135664889,-0.116845045,0.0667481615,-0.017230222,8.21763655,4.30493617
13.0143034,right_stick_left,left,-1,0,83,0,59.589844,33.596191,-138.757324,71.674805,94.372559,14.106445,222.73584,230.648379,154.649351,121.614426,-12.0578861,120.53936,222.773465,230.694492,154.694763,121.028088,-13.2904574,120.006141,14.3154515,13.073731,0.0748619396,-0.0376250875,-0.046113345,-0.0454116968,5.65864858,5.5927189
13.039536,right_stick_left,left,-1,0,84,0,59.655762,33.596191,-138.735352,71.762695,94.350586,14.106445,222.619642,230.837644,154.660446,121.597357,-12.0965134,120.541028,222.773465,230.694492,154.694763,121.028088,-13.2904574,120.006141,14.4218813,13.161621,0.212911775,-0.153822667,0.143151671,-0.0343163225,4.52481941,8.81262712
13.0689631,right_stick_left,left,-1,0,85,0,59.72168,33.596191,-138.735352,72.004395,94.306641,14.128418,222.66295,230.739484,154.649532,121.481005,-12.277906,120.461494,222.773465,230.694492,154.694763,121.028088,-13.2904574,120.006141,14.6756296,13.403321,0.12760736,-0.110514798,0.0449922489,-0.0452306883,8.67568802,3.66473429
13.094147,right_stick_left,left,-1,0,86,0,59.743652,33.618164,-138.735352,72.070312,94.262695,14.128418,222.670939,230.744288,154.700299,121.478508,-12.3502233,120.421543,222.773465,230.694492,154.694763,121.028088,-13.2904574,120.006141,14.7544215,13.469238,0.11411307,-0.102525826,0.0497955003,0.00553676041,3.37911131,2.04956875
13.1192675,right_stick_left,left,-1,0,87,0,59.787598,33.618164,-138.735352,72.202148,94.240723,14.128418,222.661955,230.721865,154.696794,121.413542,-12.4271291,120.378209,222.773465,230.694492,154.694763,121.028088,-13.2904574,120.006141,14.8941223,13.601074,0.114838691,-0.111510247,0.0273727043,0.00203093497,5.60075782,0.971671039
13.1444244,right_stick_left,left,-1,0,88,0,59.80957,33.618164,-138.713379,72.312012,94.21875,14.128418,222.749938,230.708545,154.711633,121.354226,-12.5295034,120.348456,222.773465,230.694492,154.694763,121.028088,-13.2904574,120.006141,15.006665,13.710938,0.0321808976,-0.0235266267,0.0140529458,0.0168707652,4.62174225,3.58608472
13.1696455,right_stick_left,left,-1,0,89,0,59.853516,33.618164,-138.713379,72.37793,94.174805,14.150391,222.65449,230.773539,154.673761,121.371672,-12.5818223,120.314145,222.773465,230.694492,154.694763,121.028088,-13.2904574,120.006141,15.0928963,13.776856,0.144376092,-0.11897468,0.0790469319,-0.0210015257,3.696204,4.81847149
13.1947706,right_stick_left,left,-1,0,90,0,59.897461,33.618164,-138.713379,72.509766,94.152832,14.172363,222.64482,230.750542,154.670566,121.313939,-12.6830548,120.28293,222.773465,230.694492,154.694763,121.028088,-13.2904574,120.006141,15.2340092,13.908692,0.142396442,-0.128645333,0.0560502917,-0.0241968971,5.6676159,1.00103738
13.2199728,right_stick_left,left,-1,0,91,0,59.919434,33.618164,-138.691406,72.575684,94.152832,14.150391,222.677452,230.805533,154.702731,121.263583,-12.7154537,120.27987,222.773465,230.694492,154.694763,121.028088,-13.2904574,120.006141,15.2997238,13.97461,0.147010165,-0.0960129864,0.1110405,0.00796884133,3.02018576,2.84014538
13.2450697,right_stick_left,left,-1,0,92,0,59.941406,33.618164,-138.691406,72.685547,94.108887,14.172363,222.72628,230.72215,154.672044,121.232318,-12.8279412,120.219185,222.773465,230.694492,154.694763,121.028088,-13.2904574,120.006141,15.4190914,14.084473,0.0592240067,-0.0471846384,0.0276577994,-0.0227186929,4.87462613,4.03968188
13.2702746,right_stick_left,left,-1,0,93,0,59.963379,33.618164,-138.691406,72.751465,94.086914,14.172363,222.720374,230.707401,154.65851,121.209988,-12.8704051,120.18527,222.773465,230.694492,154.694763,121.028088,-13.2904574,120.006141,15.4916112,14.150391,0.0655709263,-0.0530907185,0.0129088076,-0.0362530643,2.89131482,0.828048729
13.2771997,return_center_after_left,center,0,0,0,0,59.985352,33.618164,-138.691406,72.79541,94.064941,14.194336,222.686396,230.724,154.641459,121.213111,-12.9182379,120.17065,222.773465,230.694492,154.694763,126.358293,-2.79402175,125.322328,15.5454798,14.194336,0.106268078,-0.0870683937,0.0295074629,-0.0533039295,8.39472164,5.99004256
13.3023627,return_center_after_left,center,0,0,1,0,60.007324,33.640137,-138.669434,72.861328,94.064941,14.194336,222.733057,230.803789,154.762394,121.169697,-12.9971277,120.197949,222.773465,230.694492,154.694763,126.358293,-2.79402175,125.322328,15.613563,14.260254,0.134731845,-0.0404075706,0.109297073,0.0676317097,3.02489597,6.04912764
13.3274748,return_center_after_left,center,0,0,2,0,60.029297,33.640137,-138.669434,72.905273,94.042969,14.194336,222.698972,230.820342,154.745361,121.165653,-13.0207145,120.171205,222.773465,230.694492,154.694763,126.358293,-2.79402175,125.322328,15.6660105,14.304199,0.154749582,-0.0744925281,0.125849606,0.0505981525,2.14324177,1.65434273
13.3549306,return_center_after_left,center,0,0,3,0,60.05127,33.640137,-138.669434,73.037109,94.020996,14.194336,222.776573,230.710982,154.742652,121.088508,-13.1199341,120.11573,222.773465,230.694492,154.694763,126.358293,-2.79402175,125.322328,15.7987371,14.436035,0.0507445861,0.00310780352,0.0164903947,0.04788968,4.93333609,4.88499681
13.3800023,return_center_after_left,center,0,0,4,0,60.073242,33.640137,-138.669434,73.059082,93.999023,14.194336,222.714469,230.758917,154.722092,121.10273,-13.1246469,120.096194,222.773465,230.694492,154.694763,126.358293,-2.79402175,125.322328,15.8311122,14.458008,0.0915314969,-0.0589962805,0.0644248372,0.0273293646,1.51796229,3.23476857
13.4051349,return_center_after_left,center,0,0,5,0,60.073242,33.640137,-138.669434,73.103027,93.977051,14.216309,222.768721,230.689923,154.705133,121.093621,-13.194708,120.069479,222.773465,230.694492,154.694763,126.358293,-2.79402175,125.322328,15.8780073,14.501953,0.0122847044,-0.00474386455,-0.00456873234,0.0103699757,2.14149325,3.55683531
13.4323671,return_center_after_left,center,0,0,6,0,60.095215,33.640137,-138.669434,73.168945,93.977051,14.194336,222.763865,230.680793,154.715943,121.04384,-13.2049669,120.04792,222.773465,230.694492,154.694763,126.358293,-2.79402175,125.322328,15.9437777,14.567871,0.0269897602,-0.00960003731,-0.0136994409,0.021180457,2.67607362,0.549371329
13.4574783,return_center_after_left,center,0,0,7,0,60.095215,33.640137,-138.647461,73.168945,93.977051,14.194336,222.8005,230.744491,154.737508,121.043553,-13.2271872,120.066173,222.773465,230.694492,154.694763,126.358293,-2.79402175,125.322328,15.9437626,14.567871,0.0711194118,0.0270351082,0.049998719,0.0427457805,0.875027931,3.04967604
13.4826925,return_center_after_left,center,0,0,8,0,60.117188,33.640137,-138.647461,73.212891,93.955078,14.216309,222.766172,230.760866,154.720576,121.0466,-13.2750932,120.051598,222.773465,230.694492,154.694763,126.358293,-2.79402175,125.322328,15.9976186,14.611817,0.0715895159,-0.00729240335,0.0663741733,0.0258137321,2.30564938,1.6511355
13.5077629,return_center_after_left,center,0,0,9,0,60.117188,33.640137,-138.669434,73.212891,93.955078,14.216309,222.729559,230.697148,154.699024,121.046873,-13.2528673,120.033357,222.773465,230.694492,154.694763,126.358293,-2.79402175,125.322328,15.9976336,14.611817,0.0441925351,-0.0439063519,0.00265634039,0.00426101828,0.876450903,3.05474228
13.5334651,return_center_after_left,center,0,0,10,0,60.13916,33.640137,-138.647461,73.234863,93.933105,14.238281,222.70397,230.808753,154.700042,121.067915,-13.3041152,120.044213,222.773465,230.694492,154.694763,126.358293,-2.79402175,125.322328,16.0314432,14.633789,0.133839873,-0.0694951795,0.114261358,0.00527956026,1.91157594,4.45507827
13.5585968,return_center_after_left,center,0,0,11,0,60.13916,33.640137,-138.647461,73.278809,93.955078,14.216309,222.761183,230.751637,154.731431,121.003933,-13.3096254,120.042159,222.773465,230.694492,154.694763,126.358293,-2.79402175,125.322328,16.0648074,14.677735,0.0689999299,-0.0122815403,0.0571451197,0.0366686432,2.141607,3.45075515
13.5836973,return_center_after_left,center,0,0,12,0,60.13916,33.640137,-138.669434,73.278809,93.955078,14.216309,222.724596,230.687909,154.709894,121.004194,-13.2873904,120.023938,222.773465,230.694492,154.694763,126.358293,-2.79402175,125.322328,16.0648224,14.677735,0.0515797985,-0.0488689773,-0.00658313665,0.0151314567,0.875401949,3.050753
13.6089609,return_center_after_left,center,0,0,13,0,60.13916,33.640137,-138.647461,73.256836,93.933105,14.216309,222.73181,230.777206,154.703661,121.042543,-13.2987439,120.02489,222.773465,230.694492,154.694763,126.358293,-2.79402175,125.322328,16.0500744,14.655762,0.0930369568,-0.0416548,0.0827138266,0.00889808198,1.50645319,3.5547063
13.634063,return_center_after_left,center,0,0,14,0,60.13916,33.640137,-138.647461,73.256836,93.933105,14.238281,222.73181,230.777206,154.703661,121.049626,-13.323013,120.037028,222.773465,230.694492,154.694763,126.358293,-2.79402175,125.322328,16.0515031,14.655762,0.0930369568,-0.0416548,0.0827138266,0.00889808198,0.87530391,0
13.6591702,return_center_after_left,center,0,0,15,0,60.13916,33.640137,-138.647461,73.256836,93.933105,14.216309,222.73181,230.777206,154.703661,121.042543,-13.2987439,120.02489,222.773465,230.694492,154.694763,126.358293,-2.79402175,125.322328,16.0500744,14.655762,0.0930369568,-0.0416548,0.0827138266,0.00889808198,0.87512936,0
13.6842885,return_center_after_left,center,0,0,16,0,60.13916,33.640137,-138.669434,73.256836,93.933105,14.216309,222.695217,230.713468,154.682121,121.042799,-13.2765143,120.006663,222.773465,230.694492,154.694763,126.358293,-2.79402175,125.322328,16.0500894,14.655762,0.0815021401,-0.0782475399,0.0189763337,-0.0126419976,0.874778763,3.0490205
13.7094076,return_center_after_left,center,0,0,17,0,60.13916,33.640137,-138.647461,73.278809,93.933105,14.216309,222.759638,230.745648,154.707283,121.024259,-13.3176402,120.0177,222.773465,230.694492,154.694763,126.358293,-2.79402175,125.322328,16.070141,14.677735,0.0544507798,-0.0138264202,0.0511561637,0.0125205609,1.23708876,3.03677312
13.734519,return_center_after_left,center,0,0,18,0,60.13916,33.640137,-138.647461,73.278809,93.933105,14.194336,222.759638,230.745648,154.707283,121.017179,-13.2933756,120.005556,222.773465,230.694492,154.694763,126.358293,-2.79402175,125.322328,16.0687439,14.677735,0.0544507798,-0.0138264202,0.0511561637,0.0125205609,0.875019623,0
13.7621107,return_center_after_left,center,0,0,19,0,60.13916,33.640137,-138.647461,73.256836,93.933105,14.216309,222.73181,230.777206,154.703661,121.042543,-13.2987439,120.02489,222.773465,230.694492,154.694763,126.358293,-2.79402175,125.322328,16.0500744,14.655762,0.0930369568,-0.0416548,0.0827138266,0.00889808198,1.12622668,1.53055572
13.787225,return_center_after_left,center,0,0,20,0,60.117188,33.618164,-138.647461,73.212891,93.933105,14.238281,222.750229,230.729826,154.60782,121.074283,-13.2851472,120.021023,222.773465,230.694492,154.694763,126.358293,-2.79402175,125.322328,16.0034874,14.611817,0.0966814114,-0.0232359507,0.0353335062,-0.0869421028,2.31476038,4.31974169
13.8123069,return_center_after_left,center,0,0,21,0,60.117188,33.640137,-138.647461,73.190918,93.955078,14.194336,222.73832,230.792404,154.716966,121.057783,-13.2319268,120.046651,222.773465,230.694492,154.694763,126.358293,-2.79402175,125.322328,15.9761463,14.589844,0.106371067,-0.035144815,0.0979114898,0.0222032891,2.31778296,5.03848372
13.8375108,return_center_after_left,center,0,0,22,0,60.095215,33.640137,-138.647461,73.146973,93.955078,14.216309,222.771097,230.77003,154.709757,121.089265,-13.2405547,120.061029,222.773465,230.694492,154.694763,126.358293,-2.79402175,125.322328,15.9304491,14.545899,0.0770484603,-0.00236737547,0.0755382514,0.0149944439,2.13545242,1.60033378
13.8626161,return_center_after_left,center,0,0,23,0,60.095215,33.640137,-138.647461,73.146973,93.977051,14.216309,222.772637,230.776016,154.733906,121.068935,-13.2325565,120.085505,222.773465,230.694492,154.694763,126.358293,-2.79402175,125.322328,15.925099,14.545899,0.0904385424,-0.000828062532,0.0815243776,0.0391435833,0.875235679,0.992923376
13.8877671,return_center_after_left,center,0,0,24,0,60.073242,33.640137,-138.647461,73.103027,93.977051,14.216309,222.805383,230.753611,154.726713,121.093318,-13.2169211,120.087751,222.773465,230.694492,154.694763,126.358293,-2.79402175,125.322328,15.8779921,14.501953,0.0743952014,0.0319177734,0.0591189638,0.0319507409,1.95352446,1.60327744
13.9129341,return_center_after_left,center,0,0,25,0,60.073242,33.640137,-138.647461,73.059082,93.999023,14.216309,222.751127,230.822599,154.743685,121.109544,-13.171127,120.126609,222.773465,230.694492,154.694763,126.358293,-2.79402175,125.322328,15.832515,14.458008,0.138938066,-0.0223378885,0.128106895,0.0489226798,1.9522312,3.55198315
13.9381001,return_center_after_left,center,0,0,26,0,60.05127,33.640137,-138.669434,72.971191,93.999023,14.216309,222.69127,230.799414,154.707766,121.170815,-13.0954721,120.124913,222.773465,230.694492,154.694763,126.358293,-2.79402175,125.322328,15.7453056,14.370117,0.133916615,-0.0821949282,0.104921726,0.0130032706,3.70429297,2.92286511
13.9632115,return_center_after_left,center,0,0,27,0,60.029297,33.640137,-138.669434,72.905273,94.020996,14.194336,222.697451,230.81435,154.721212,121.185994,-13.0286795,120.146704,222.773465,230.694492,154.694763,126.358293,-2.79402175,125.322328,15.6713566,14.304199,0.144373094,-0.0760138314,0.119857938,0.0264492463,3.0311224,0.837305789
13.9883728,return_center_after_left,center,0,0,28,0,60.007324,33.640137,-138.669434,72.861328,94.042969,14.194336,222.731543,230.797798,154.738246,121.190041,-13.0050884,120.173447,222.773465,230.694492,154.694763,126.358293,-2.79402175,125.322328,15.6188959,14.260254,0.119667236,-0.041921489,0.10330548,0.0434834916,2.13907444,1.65136431
14.0157082,return_center_after_left,center,0,0,29,0,59.963379,33.640137,-138.669434,72.751465,94.064941,14.172363,222.770094,230.79001,154.744678,121.229557,-12.9226922,120.197512,222.773465,230.694492,154.694763,126.358293,-2.79402175,125.322328,15.4978586,14.150391,0.107826919,-0.00337107352,0.0955182689,0.0499153344,4.47544677,1.45787199
14.0409448,return_center_after_left,center,0,0,30,0,59.941406,33.618164,-138.669434,72.663574,94.086914,14.172363,222.733529,230.811114,154.666005,121.270525,-12.8391219,120.220235,222.773465,230.694492,154.694763,126.358293,-2.79402175,125.322328,15.4043207,14.0625,0.12658061,-0.0399355748,0.116622406,-0.0287578693,3.79516828,3.53791825
14.0661755,return_center_after_left,center,0,0,31,0,59.919434,33.640137,-138.691406,72.619629,94.086914,14.172363,222.743571,230.749826,154.726026,121.294919,-12.8235054,120.222473,222.773465,230.694492,154.694763,126.358293,-2.79402175,125.322328,15.3582269,14.018555,0.070234266,-0.0298936904,0.055333727,0.031263366,2.30408613,3.42319805
14.0953813,return_center_after_left,center,0,0,32,0,59.853516,33.640137,-138.691406,72.46582,94.152832,14.172363,222.816934,230.730859,154.773973,121.325307,-12.7339861,120.309979,222.773465,230.694492,154.694763,126.358293,-2.79402175,125.322328,15.1807999,13.864746,0.0973980121,0.0434690166,0.036366565,0.0792104178,6.15817127,3.07029037
14.1205029,return_center_after_left,center,0,0,33,0,59.831543,33.640137,-138.691406,72.37793,94.152832,14.150391,222.792916,230.770616,154.760061,121.378959,-12.6562389,120.314479,222.773465,230.694492,154.694763,126.358293,-2.79402175,125.322328,15.0921606,13.776856,0.102162461,0.0194513349,0.0761241959,0.0652987043,3.71079441,1.93011183
14.1456883,return_center_after_left,center,0,0,34,0,59.80957,33.618164,-138.713379,72.290039,94.196777,14.150391,222.720281,230.733794,154.68402,121.400136,-12.5427406,120.343154,222.773465,230.694492,154.694763,126.358293,-2.79402175,125.322328,14.9933234,13.688965,0.0669967005,-0.0531836932,0.0393021629,-0.0107420971,4.18408198,4.42391134
14.1750863,return_center_after_left,center,0,0,35,0,59.743652,33.618164,-138.691406,72.114258,94.240723,14.150391,222.800011,230.80281,154.726487,121.468598,-12.4644446,120.431868,222.773465,230.694492,154.694763,126.358293,-2.79402175,125.322328,14.8011082,13.513184,0.115948409,0.0265463794,0.108318373,0.0317246472,6.60104289,3.8669948
14.2002375,return_center_after_left,center,0,0,36,0,59.699707,33.618164,-138.735352,72.026367,94.262695,14.106445,222.791342,230.635814,154.693452,121.483498,-12.3326725,120.399629,222.773465,230.694492,154.694763,126.358293,-2.79402175,125.322328,14.6989352,13.425293,0.0613547662,0.0178775107,-0.0586777962,-0.00131079191,4.70461363,6.77711593
14.2254853,return_center_after_left,center,0,0,37,0,59.677734,33.618164,-138.713379,71.916504,94.284668,14.106445,222.776912,230.7756,154.722321,121.541666,-12.2744772,120.466532,222.773465,230.694492,154.694763,126.358293,-2.79402175,125.322328,14.5861702,13.31543,0.0857313507,0.00344679786,0.0811082292,0.0275579251,4.60508404,5.68221583
14.2506359,return_center_after_left,center,0,0,38,0,59.611816,33.618164,-138.713379,71.784668,94.328613,14.128418,222.875302,230.717986,154.750327,121.581487,-12.2363737,120.534546,222.773465,230.694492,154.694763,126.358293,-2.79402175,125.322328,14.4355837,13.183594,0.118364851,0.101837482,0.0234936019,0.0555645194,6.17760829,4.66819394
14.275877,return_center_after_left,center,0,0,39,0,59.589844,33.618164,-138.757324,71.652832,94.350586,14.106445,222.720613,230.698333,154.710693,121.652386,-12.0687819,120.540576,222.773465,230.694492,154.694763,126.358293,-2.79402175,125.322328,14.3017352,13.051758,0.0553343929,-0.0528521917,0.00384101646,0.0159307083,5.70831305,6.37416377
14.3031955,return_center_after_left,center,0,0,40,0,59.47998,33.618164,-138.757324,71.411133,94.438477,14.084473,222.855765,230.636441,154.770628,121.703704,-11.916585,120.645408,222.773465,230.694492,154.694763,126.358293,-2.79402175,125.322328,14.0233755,12.810059,0.126090708,0.0823000225,-0.0580515158,0.075865634,10.2688099,5.86701396
14.328362,return_center_after_left,center,0,0,41,0,59.458008,33.618164,-138.757324,71.279297,94.460449,14.106445,222.774594,230.742802,154.774989,121.788131,-11.8416943,120.712894,222.773465,230.694492,154.694763,126.358293,-2.79402175,125.322328,13.8921242,12.678223,0.0936555393,0.00112951211,0.0483094241,0.0802264532,5.45244179,5.31924307
14.3535898,return_center_after_left,center,0,0,42,0,59.39209,33.618164,-138.757324,71.169434,94.482422,14.0625,222.898668,230.647088,154.782762,121.807733,-11.757686,120.713137,222.773465,230.694492,154.694763,126.358293,-2.79402175,125.322328,13.7627084,12.56836,0.160209119,0.125203343,-0.0474039996,0.0879996905,5.43919882,6.21910429
14.3838785,return_center_after_left,center,0,0,43,0,59.304199,33.618164,-138.757324,70.905762,94.570312,14.040527,222.914795,230.699699,154.840485,121.888997,-11.5644028,120.837467,222.773465,230.694492,154.694763,126.358293,-2.79402175,125.322328,13.4712816,12.304688,0.203067198,0.14133035,0.00520720382,0.145722009,9.65136429,2.63295876
14.409024,return_center_after_left,center,0,0,44,0,59.282227,33.618164,-138.779297,70.751953,94.592285,14.040527,222.766333,230.772755,154.820234,121.984909,-11.4242648,120.881165,222.773465,230.694492,154.694763,126.358293,-2.79402175,125.322328,13.3187471,12.150879,0.148050477,-0.00713146457,0.0782631141,0.125470997,6.30121822,6.62932399
14.4342155,return_center_after_left,center,0,0,45,0,59.216309,33.618164,-138.779297,70.620117,94.63623,14.040527,222.862079,230.712957,154.849463,122.017292,-11.3623302,120.937392,222.773465,230.694492,154.694763,126.358293,-2.79402175,125.322328,13.1667741,12.019043,0.179236098,0.088614265,0.0184648005,0.154700169,6.10556313,4.62885487
14.4639542,return_center_after_left,center,0,0,46,0,59.106445,33.618164,-138.779297,70.334473,94.702148,13.996582,222.93403,230.70264,154.8811,122.117278,-11.1561509,121.020418,222.773465,230.694492,154.694763,126.358293,-2.79402175,125.322328,12.852314,11.733399,0.246107901,0.160564778,0.00814780377,0.186337501,10.6303094,2.66566046
14.489193,return_center_after_left,center,0,0,47,0,59.0625,33.596191,-138.80127,70.158691,94.746094,13.996582,222.830025,230.700993,154.793391,122.20005,-10.9900939,121.064743,222.773465,230.694492,154.694763,126.358293,-2.79402175,125.322328,12.6663355,11.557617,0.113881232,0.0565602949,0.00650085072,0.0986286313,7.48914994,5.39094056
14.5144241,return_center_after_left,center,0,0,48,0,58.996582,33.596191,-138.80127,70.026855,94.790039,13.974609,222.924424,230.640045,154.823237,122.224666,-10.9040925,121.109147,222.773465,230.694492,154.694763,126.358293,-2.79402175,125.322328,12.5129788,11.425781,0.205569158,0.150958823,-0.054447015,0.128474259,6.15787768,4.607818
14.5434568,return_center_after_left,center,0,0,49,0,58.908691,33.596191,-138.80127,69.719238,94.87793,13.952637,222.877318,230.749225,154.877362,122.341719,-10.6733587,121.248198,222.773465,230.694492,154.694763,126.358293,-2.79402175,125.322328,12.1814944,11.118164,0.217080073,0.103852781,0.0547333956,0.182599598,11.4528281,4.50002732
14.5690331,return_center_after_left,center,0,0,50,0,58.842773,33.596191,-138.823242,69.521484,94.921875,13.952637,222.845449,230.715813,154.876601,122.42974,-10.5329372,121.306732,222.773465,230.694492,154.694763,126.358293,-2.79402175,125.322328,11.9696936,10.92041,0.196727018,0.0719843928,0.0213213011,0.181838304,8.37347396,1.80555266
14.5941312,return_center_after_left,center,0,0,51,0,58.798828,33.574219,-138.823242,69.389648,94.943848,13.930664,222.833764,230.708448,154.793719,122.487815,-10.4102942,121.319072,222.773465,230.694492,154.694763,126.358293,-2.79402175,125.322328,11.8275357,10.788574,0.116717997,0.0602992882,0.0139558851,0.0989561511,5.74084863,3.34787482
14.6192343,return_center_after_left,center,0,0,52,0,58.710938,33.574219,-138.823242,69.147949,95.009766,13.908691,222.869968,230.718002,154.83396,122.57061,-10.2444687,121.412151,222.773465,230.694492,154.694763,126.358293,-2.79402175,125.322328,11.5616058,10.546875,0.17100102,0.0965027058,0.0235103993,0.139197118,10.612395,2.18962902
14.6537933,return_center_after_left,center,0,0,53,0,58.601074,33.552246,-138.845215,68.818359,95.097656,13.886719,222.824278,230.680675,154.775826,122.696281,-9.97434098,121.507702,222.773465,230.694492,154.694763,126.358293,-2.79402175,125.322328,11.2023486,10.217285,0.0966647914,0.0508128425,-0.0138174682,0.081063028,10.4279189,2.39671699
14.6819293,return_center_after_left,center,0,0,54,0,58.557129,33.552246,-138.845215,68.664551,95.141602,13.886719,222.797809,230.732736,154.804277,122.758576,-9.87139275,121.583317,222.773465,230.694492,154.694763,126.358293,-2.79402175,125.322328,11.0373403,10.063477,0.11852737,0.0243445343,0.0382442866,0.109514637,5.895983,2.30897345
14.7089353,return_center_after_left,center,0,0,55,0,58.469238,33.530273,-138.845215,68.444824,95.20752,13.886719,222.845554,230.685096,154.75931,122.832586,-9.72769672,121.661789,222.773465,230.694492,154.694763,126.358293,-2.79402175,125.322328,10.791706,9.84375,0.0972190641,0.0720891024,-0.00939562084,0.0645478895,9.13292717,3.00165404
14.7341006,return_center_after_left,center,0,0,56,0,58.425293,33.530273,-138.845215,68.291016,95.229492,13.864746,222.816945,230.730298,154.764072,122.907268,-9.60788371,121.700665,222.773465,230.694492,154.694763,126.358293,-2.79402175,125.322328,10.6306795,9.689942,0.0893105779,0.0434797431,0.0358059805,0.0693096172,6.47529603,2.13413482
14.7591963,return_center_after_left,center,0,0,57,0,58.31543,33.508301,-138.845215,67.939453,95.317383,13.842773,222.774999,230.781374,154.727653,123.049578,-9.34091489,121.822816,222.773465,230.694492,154.694763,126.358293,-2.79402175,125.322328,10.2510625,9.338379,0.0929123773,0.00153440915,0.0868823799,0.0328908422,15.139772,3.00697534
14.7843628,return_center_after_left,center,0,0,58,0,58.271484,33.508301,-138.845215,67.807617,95.361328,13.820801,222.77609,230.801576,154.759901,123.085395,-9.23291999,121.879703,222.773465,230.694492,154.694763,126.358293,-2.79402175,125.322328,10.1046987,9.206543,0.125366897,0.00262481849,0.107084138,0.0651379806,5.85687566,1.51264787
14.8094749,return_center_after_left,center,0,0,59,0,58.205566,33.508301,-138.845215,67.631836,95.405273,13.820801,222.805833,230.795619,154.787026,123.153851,-9.13393177,121.950754,222.773465,230.694492,154.694763,126.358293,-2.79402175,125.322328,9.91268831,9.030762,0.140665961,0.0323681266,0.101127251,0.0922631888,7.67791573,1.62045324
14.8346696,return_center_after_left,center,0,0,60,0,58.161621,33.486328,-138.867188,67.478027,95.449219,13.820801,222.722535,230.758129,154.705031,123.21948,-8.98822068,121.986781,222.773465,230.694492,154.694763,126.358293,-2.79402175,125.322328,9.74699672,8.876953,0.0821520256,-0.0509295743,0.0636372725,0.0102679757,6.69887323,4.87201177
14.8600266,return_center_after_left,center,0,0,61,0,58.051758,33.486328,-138.867188,67.17041,95.537109,13.798828,222.750976,230.770317,154.765547,123.323634,-8.78155855,122.114866,222.773465,230.694492,154.694763,126.358293,-2.79402175,125.322328,9.4086597,8.569336,0.106139575,-0.0224889397,0.075824792,0.0707845883,13.3681872,2.68044727
14.8908556,return_center_after_left,center,0,0,62,0,57.98584,33.464355,-138.867188,66.928711,95.581055,13.776855,222.673516,230.826857,154.696409,123.439852,-8.57953739,122.175314,222.773465,230.694492,154.694763,126.358293,-2.79402175,125.322328,9.15403125,8.327637,0.165870106,-0.0999483977,0.132365022,0.00164648127,8.31176406,3.83482696
14.9160419,return_center_after_left,center,0,0,63,0,57.919922,33.464355,-138.867188,66.796875,95.625,13.754883,222.760925,230.759659,154.729768,123.463636,-8.49478908,122.220697,222.773465,230.694492,154.694763,126.358293,-2.79402175,125.322328,9.00063956,8.195801,0.0750291679,-0.0125402894,0.0651667394,0.0350059032,6.1688309,4.57350111
14.9412661,return_center_after_left,center,0,0,64,0,57.854004,33.442383,-138.867188,66.599121,95.668945,13.754883,222.742302,230.756036,154.666227,123.552094,-8.35559581,122.278812,222.773465,230.694492,154.694763,126.358293,-2.79402175,125.322328,8.78744203,7.998047,0.0746526543,-0.0311625366,0.0615435755,-0.0285360024,8.4903724,2.62896519
14.96784,return_center_after_left,center,0,0,65,0,57.766113,33.442383,-138.88916,66.313477,95.756836,13.710938,222.669123,230.758237,154.708904,123.642951,-8.09985792,122.380076,222.773465,230.694492,154.694763,126.358293,-2.79402175,125.322328,8.47538117,7.712403,0.123088061,-0.10434231,0.0637445087,0.0141418052,11.8675327,3.18898816
14.9930837,return_center_after_left,center,0,0,66,0,57.700195,33.442383,-138.88916,66.137695,95.800781,13.710938,222.694594,230.748387,154.738211,123.711284,-8.00138937,122.451394,222.773465,230.694492,154.694763,126.358293,-2.79402175,125.322328,8.28342895,7.536621,0.104943311,-0.0788709494,0.053895322,0.0434484309,7.63792342,1.58686329
15.0183115,return_center_after_left,center,0,0,67,0,57.65625,33.42041,-138.88916,66.005859,95.844727,13.710938,222.67634,230.740636,154.68269,123.757278,-7.89696262,122.500111,222.773465,230.694492,154.694763,126.358293,-2.79402175,125.322328,8.13727263,7.404785,0.108204609,-0.0971249871,0.0461434445,-0.0120729755,5.84265632,2.33698684
15.0435498,return_center_after_left,center,0,0,68,0,57.590332,33.42041,-138.88916,65.830078,95.888672,13.688965,222.700953,230.729962,154.712453,123.816961,-7.77423976,122.559801,222.773465,230.694492,154.694763,126.358293,-2.79402175,125.322328,7.9439281,7.229004,0.0826379497,-0.0725120295,0.0354694277,0.0176905626,7.68899593,1.58766573
15.0713825,return_center_after_left,center,0,0,69,0,57.502441,33.398438,-138.867188,65.522461,95.95459,13.666992,222.655581,230.851273,154.685895,123.95258,-7.55244557,122.675153,222.773465,230.694492,154.694763,126.358293,-2.79402175,125.322328,7.61627546,6.921387,0.19635499,-0.117883441,0.156780567,-0.00886735901,11.8154517,4.75026828
15.096544,return_center_after_left,center,0,0,70,0,57.436523,33.398438,-138.88916,65.34668,95.998535,13.666992,222.639544,230.77755,154.69378,124.023128,-7.43299152,122.726168,222.773465,230.694492,154.694763,126.358293,-2.79402175,125.322328,7.4250352,6.745606,0.15758909,-0.133920631,0.0830579389,-0.000982136118,7.71245149,3.01483253
15.1216509,return_center_after_left,center,0,0,71,0,57.392578,33.376465,-138.88916,65.192871,96.04248,13.64502,222.588905,230.797197,154.636856,124.078505,-7.28527898,122.770158,222.773465,230.694492,154.694763,126.358293,-2.79402175,125.322328,7.25749897,6.591797,0.219006724,-0.184559966,0.102705293,-0.057906709,6.72226741,3.13385607
15.1513901,return_center_after_left,center,0,0,72,0,57.282715,33.376465,-138.867188,64.907227,96.130371,13.64502,222.676387,230.831424,154.728192,124.169933,-7.14477262,122.924596,222.773465,230.694492,154.694763,126.358293,-2.79402175,125.322328,6.9399868,6.306153,0.171148517,-0.0970774331,0.136931518,0.0334297188,10.7323459,4.40573541
15.1766117,return_center_after_left,center,0,0,73,0,57.216797,33.354492,-138.88916,64.753418,96.174316,13.623047,222.673558,230.703123,154.649109,124.216183,-6.99932878,122.936347,222.773465,230.694492,154.694763,126.358293,-2.79402175,125.322328,6.76608009,6.152344,0.110182208,-0.0999068908,0.00863064103,-0.0456535224,7.02372592,5.97672278
15.201838,return_center_after_left,center,0,0,74,0,57.172852,33.354492,-138.867188,64.577637,96.218262,13.601074,222.645904,230.83592,154.703493,124.284446,-6.87486873,123.028742,222.773465,230.694492,154.694763,126.358293,-2.79402175,125.322328,6.5791142,5.976563,0.190656051,-0.12756062,0.141427721,0.00873027114,7.49278909,5.79321433
15.2308073,return_center_after_left,center,0,0,75,0,57.062988,33.33252,-138.867188,64.291992,96.306152,13.601074,222.675476,230.781493,154.683712,124.380705,-6.69252477,123.142178,222.773465,230.694492,154.694763,126.358293,-2.79402175,125.322328,6.26105043,5.690918,0.131503587,-0.097989,0.0870013284,-0.0110507035,11.0175894,2.24455198
15.2601087,return_center_after_left,center,0,0,76,0,56.975098,33.33252,-138.867188,64.050293,96.350098,13.579102,222.691081,230.766441,154.710206,124.482271,-6.53588427,123.211815,222.773465,230.694492,154.694763,126.358293,-2.79402175,125.322328,6.00078857,5.449219,0.110463387,-0.0823837643,0.0719484922,0.0154431138,8.93588778,1.16837321
15.2852371,return_center_after_left,center,0,0,77,0,56.931152,33.310547,-138.867188,63.874512,96.394043,13.579102,222.606159,230.811576,154.652916,124.564566,-6.39380468,123.274354,222.773465,230.694492,154.694763,126.358293,-2.79402175,125.322328,5.81474733,5.273438,0.20844898,-0.167305859,0.117083742,-0.0418464399,7.47101351,4.45481255
15.3103526,return_center_after_left,center,0,0,78,0,56.887207,33.310547,-138.867188,63.720703,96.437988,13.557129,222.567577,230.851994,154.68787,124.617013,-6.26764068,123.3393,222.773465,230.694492,154.694763,126.358293,-2.79402175,125.322328,5.64855421,5.119629,0.259314602,-0.205887434,0.15750212,-0.00689270095,6.66278138,2.62422224
15.3355582,return_center_after_left,center,0,0,79,0,56.777344,33.288574,-138.867188,63.413086,96.525879,13.535156,222.56203,230.822173,154.668289,124.722177,-6.04227227,123.448327,222.773465,230.694492,154.694763,126.358293,-2.79402175,125.322328,5.30915961,4.812012,0.248411094,-0.211435163,0.12768073,-0.0264740399,13.476717,1.43239186
15.3606853,return_center_after_left,center,0,0,80,0,56.711426,33.288574,-138.867188,63.259277,96.569824,13.535156,222.610859,230.776112,154.703872,124.772141,-5.96407832,123.51341,222.773465,230.694492,154.694763,126.358293,-2.79402175,125.322328,5.13732723,4.658203,0.182168348,-0.162605406,0.0816198765,0.00910959378,6.88550064,3.02360389
15.385747,return_center_after_left,center,0,0,81,0,56.623535,33.266602,-138.845215,63.039551,96.635742,13.513184,222.679122,230.771773,154.691217,124.834558,-5.82041563,123.601922,222.773465,230.694492,154.694763,126.358293,-2.79402175,125.322328,4.8893484,4.438477,0.122006285,-0.0943433584,0.0772805919,-0.00354603118,9.91922754,2.7755911
15.4108737,return_center_after_left,center,0,0,82,0,56.57959,33.266602,-138.845215,62.885742,96.657715,13.513184,222.637782,230.804226,154.703127,124.9167,-5.72553827,123.653141,222.773465,230.694492,154.694763,126.358293,-2.79402175,125.322328,4.73014696,4.284668,0.174703975,-0.135683311,0.109734017,0.00836441432,6.42606331,2.14470989
15.4359355,return_center_after_left,center,0,0,83,0,56.491699,33.244629,-138.845215,62.666016,96.723633,13.491211,222.664605,230.737549,154.668302,124.982036,-5.56119013,123.720614,222.773465,230.694492,154.694763,126.358293,-2.79402175,125.322328,4.48306842,4.064942,0.120018465,-0.108859371,0.0430572024,-0.0264602876,9.88031631,3.18663244
15.4610205,return_center_after_left,center,0,0,84,0,56.447754,33.244629,-138.823242,62.512207,96.767578,13.469238,222.663561,230.835864,154.727846,125.030848,-5.45616351,123.807233,222.773465,230.694492,154.694763,126.358293,-2.79402175,125.322328,4.31599139,3.911133,0.182096861,-0.109903597,0.141371706,0.0330833329,6.72815061,4.58221191
15.4860857,return_center_after_left,center,0,0,85,0,56.359863,33.222656,-138.823242,62.29248,96.833496,13.447266,222.689128,230.767859,154.693714,125.096053,-5.29205725,123.87485,222.773465,230.694492,154.694763,126.358293,-2.79402175,125.322328,4.0689179,3.691406,0.111787467,-0.0843367056,0.0733665964,-0.00104899336,9.87903244,3.20247585
15.5113349,return_center_after_left,center,0,0,86,0,56.315918,33.200684,-138.823242,62.116699,96.877441,13.425293,222.599288,230.808225,154.638952,125.169001,-5.12619628,123.925888,222.773465,230.694492,154.694763,126.358293,-2.79402175,125.322328,3.88151812,3.515625,0.215377281,-0.174176602,0.113732603,-0.0558102092,7.48598774,4.46317023
15.5364707,return_center_after_left,center,0,0,87,0,56.228027,33.200684,-138.823242,61.875,96.921387,13.40332,222.607092,230.784855,154.670125,125.269654,-4.97025812,123.99633,222.773465,230.694492,154.694763,126.358293,-2.79402175,125.322328,3.62155762,3.273926,0.190924951,-0.16637252,0.0903631228,-0.0246379314,10.4168138,1.58075423
15.5615475,return_center_after_left,center,0,0,88,0,56.184082,33.178711,-138.823242,61.743164,96.987305,13.40332,222.580214,230.774456,154.643219,125.295322,-4.86119763,124.070494,222.773465,230.694492,154.694763,126.358293,-2.79402175,125.322328,3.46987127,3.14209,0.215398938,-0.193250583,0.0799638867,-0.0515431066,6.195757,1.572233
15.5886741,return_center_after_left,center,0,0,89,0,56.096191,33.178711,-138.80127,61.501465,97.03125,13.381348,222.627349,230.810211,154.698185,125.392422,-4.72609244,124.162633,222.773465,230.694492,154.694763,126.358293,-2.79402175,125.322328,3.2088356,2.900391,0.186420501,-0.146116245,0.115719186,0.00342291099,9.68624865,2.97696818
15.6189458,return_center_after_left,center,0,0,90,0,56.008301,33.156738,-138.779297,61.281738,97.097168,13.381348,222.690176,230.799199,154.688955,125.463569,-4.60774093,124.263474,222.773465,230.694492,154.694763,126.358293,-2.79402175,125.322328,2.96215522,2.680664,0.133918952,-0.0832885445,0.104707073,-0.00580799778,8.17988204,2.12904479
15.6441858,return_center_after_left,center,0,0,91,0,55.964355,33.156738,-138.80127,61.12793,97.141113,13.359375,222.604825,230.772716,154.704494,125.518434,-4.46159828,124.307628,222.773465,230.694492,154.694763,126.358293,-2.79402175,125.322328,2.79726702,2.526856,0.186153372,-0.168639882,0.0782238781,0.00973101735,6.68681429,3.59376833
15.6693654,return_center_after_left,center,0,0,92,0,55.898438,33.134766,-138.779297,60.952148,97.207031,13.337402,222.641805,230.790746,154.698703,125.55537,-4.33409203,124.394744,222.773465,230.694492,154.694763,126.358293,-2.79402175,125.322328,2.59612298,2.351074,0.163140524,-0.13166017,0.0962543837,0.00394005365,8.0453237,1.6500152
15.6946142,return_center_after_left,center,0,0,93,0,55.854492,33.134766,-138.779297,60.79834,97.229004,13.359375,222.595835,230.818033,154.713507,125.646846,-4.26389958,124.45765,222.773465,230.694492,154.694763,126.358293,-2.79402175,125.322328,2.4385691,2.197266,0.217177544,-0.177630258,0.123540447,0.0187439282,6.45391137,2.19694337
15.7198675,return_center_after_left,center,0,0,94,0,55.766602,33.112793,-138.757324,60.622559,97.272949,13.337402,222.7199,230.743777,154.684008,125.693232,-4.16659342,124.50788,222.773465,230.694492,154.694763,126.358293,-2.79402175,125.322328,2.23560368,2.021485,0.0735787258,-0.0535646894,0.0492848821,-0.0107542242,8.11564778,5.84351187
15.7449245,return_center_after_left,center,0,0,95,0,55.722656,33.09082,-138.757324,60.512695,97.316895,13.337402,222.721713,230.697534,154.635508,125.721989,-4.08397559,124.549537,222.773465,230.694492,154.694763,126.358293,-2.79402175,125.322328,2.10937456,1.911621,0.0787310678,-0.0517514656,0.00304219357,-0.0592546362,5.11323194,2.67537325
15.7474971,right_stick_right,right,1,0,0,0,55.722656,33.09082,-138.757324,60.512695,97.316895,13.337402,222.721713,230.697534,154.635508,125.721989,-4.08397559,124.549537,222.773465,230.694492,154.694763,-124.083233,-8.09649736,-123.096235,2.10937456,1.911621,0.0787310678,-0.0517514656,0.00304219357,-0.0592546362,0,0
15.7788475,right_stick_right,right,1,0,1,0,55.634766,33.09082,-138.757324,60.270996,97.382812,13.293457,222.724541,230.673667,154.694438,125.791274,-3.89792685,124.635135,222.773465,230.694492,154.694763,-124.083233,-8.09649736,-123.096235,1.84256173,1.669922,0.0531721673,-0.048923417,-0.0208248287,-0.000324269378,8.58389408,2.03005283
15.8090992,right_stick_right,right,1,0,2,0,55.59082,33.068848,-138.735352,60.095215,97.426758,13.293457,222.670359,230.768543,154.665756,125.869896,-3.77773371,124.719523,222.773465,230.694492,154.694763,-124.083233,-8.09649736,-123.096235,1.6554032,1.494141,0.130214403,-0.103106232,0.0740507789,-0.0290065144,6.24809885,3.73398059
15.8342335,right_stick_right,right,1,0,3,0,55.546875,33.068848,-138.735352,59.985352,97.44873,13.293457,222.686975,230.739404,154.68409,125.915786,-3.72204775,124.757369,222.773465,230.694492,154.694763,-124.083233,-8.09649736,-123.096235,1.53620207,1.384278,0.098038107,-0.0864899466,0.0449115341,-0.0106730344,4.78822105,1.52091309
15.8610694,right_stick_right,right,1,0,4,0,55.50293,33.046875,-138.713379,59.853516,97.514648,13.271484,222.697199,230.784978,154.682366,125.927739,-3.6100965,124.842485,222.773465,230.694492,154.694763,-124.083233,-8.09649736,-123.096235,1.3820091,1.252442,0.118986812,-0.076266318,0.0904855837,-0.0123963405,5.90429574,1.74163926
15.8861871,right_stick_right,right,1,0,5,0,55.458984,33.046875,-138.713379,59.765625,97.514648,13.271484,222.745159,230.722511,154.677833,125.976677,-3.58008276,124.847663,222.773465,230.694492,154.694763,-124.083233,-8.09649736,-123.096235,1.28798013,1.164551,0.0432770816,-0.0283054432,0.0280192817,-0.0169300776,3.91220535,3.140621
15.9164605,right_stick_right,right,1,0,6,0,55.415039,33.046875,-138.713379,59.611816,97.558594,13.249512,222.69721,230.752605,154.718547,126.027354,-3.45496446,124.91401,222.773465,230.694492,154.694763,-124.083233,-8.09649736,-123.096235,1.12211206,1.010742,0.0987805972,-0.0762549522,0.0581126408,0.023784651,5.52759,2.30338244
15.9416156,right_stick_right,right,1,0,7,0,55.371094,33.024902,-138.713379,59.47998,97.602539,13.227539,222.664859,230.731573,154.669886,126.064114,-3.32895095,124.951381,222.773465,230.694492,154.694763,-124.083233,-8.09649736,-123.096235,0.974753948,0.878906,0.117426831,-0.108605901,0.0370808384,-0.0248762992,5.92428456,2.46881508
15.966841,right_stick_right,right,1,0,8,0,55.349121,33.024902,-138.691406,59.39209,97.624512,13.227539,222.665778,230.819636,154.713042,126.099253,-3.28929583,125.015804,222.773465,230.694492,154.694763,-124.083233,-8.09649736,-123.096235,0.881374809,0.791016,0.16610706,-0.107686428,0.125144052,0.0182799009,3.7968178,3.88789095
15.9920471,right_stick_right,right,1,0,9,0,55.283203,33.00293,-138.691406,59.282227,97.646484,13.227539,222.753367,230.680038,154.641404,126.137874,-3.23730759,125.020424,222.773465,230.694492,154.694763,-124.083233,-8.09649736,-123.096235,0.753185261,0.681153,0.0588218083,-0.0200977017,-0.0144540659,-0.0533588558,5.23030367,7.12916805
16.0172684,right_stick_right,right,1,0,10,0,55.26123,33.00293,-138.691406,59.216309,97.668457,13.227539,222.745115,230.681077,154.662581,126.159207,-3.19676979,125.055824,222.773465,230.694492,154.694763,-124.083233,-8.09649736,-123.096235,0.680798177,0.615235,0.0449369324,-0.028350269,-0.0134151021,-0.0321811308,2.88942893,0.902116337
16.0425141,right_stick_right,right,1,0,11,0,55.239258,33.00293,-138.691406,59.128418,97.69043,13.205566,222.704341,230.708901,154.6828,126.188347,-3.11232746,125.08693,222.773465,230.694492,154.694763,-124.083233,-8.09649736,-123.096235,0.587537592,0.527344,0.0716160481,-0.0691242182,0.0144084471,-0.0119623348,3.79379722,2.11295257
16.0676816,right_stick_right,right,1,0,12,0,55.195312,33.00293,-138.669434,59.0625,97.712402,13.205566,222.825912,230.684068,154.727253,126.194242,-3.11605244,125.133341,222.773465,230.694492,154.694763,-124.083233,-8.09649736,-123.096235,0.506802148,0.461426,0.0625698767,0.0524469385,-0.0104238627,0.0324907864,3.38134061,5.23707514
16.0976982,right_stick_right,right,1,0,13,0,55.17334,32.980957,-138.669434,58.974609,97.756348,13.183594,222.768972,230.693706,154.681116,126.20648,-3.00526354,125.168154,222.773465,230.694492,154.694763,-124.083233,-8.09649736,-123.096235,0.406939068,0.373535,0.0143884978,-0.00449238233,-0.000786513054,-0.0136465661,3.51063551,2.46250924
16.1228797,right_stick_right,right,1,0,14,0,55.151367,32.980957,-138.669434,58.886719,97.756348,13.205566,222.727411,230.715403,154.677285,126.276708,-2.97583474,125.195876,222.773465,230.694492,154.694763,-124.083233,-8.09649736,-123.096235,0.320680513,0.285645,0.0535130371,-0.0460534753,0.0209109037,-0.0174773185,3.70197583,1.86804218
16.1481087,right_stick_right,right,1,0,15,0,55.129395,32.980957,-138.669434,58.842773,97.77832,13.205566,222.751315,230.689252,154.699645,126.280152,-2.95481528,125.224412,222.773465,230.694492,154.694763,-124.083233,-8.09649736,-123.096235,0.268210387,0.241699,0.0232785358,-0.0221494061,-0.00523990509,0.00488235907,2.13333348,1.66060634
16.1733441,right_stick_right,right,1,0,16,0,55.107422,32.980957,-138.669434,58.776855,97.800293,13.183594,222.742639,230.689792,154.721096,126.291321,-2.88988387,125.248678,222.773465,230.694492,154.694763,-124.083233,-8.09649736,-123.096235,0.195297033,0.175781,0.04081366,-0.0308258215,-0.00470034466,0.0263330653,3.01621953,0.917174656
16.1985741,right_stick_right,right,1,0,17,0,55.085449,32.980957,-138.647461,58.73291,97.800293,13.205566,222.8076,230.717424,154.74246,126.321618,-2.91964574,125.284835,222.773465,230.694492,154.694763,-124.083233,-8.09649736,-123.096235,0.14902563,0.131836,0.0629774774,0.0341351573,0.0229318495,0.0476978403,2.30416643,2.92334598
16.2276201,right_stick_right,right,1,0,18,0,55.085449,32.958984,-138.647461,58.688965,97.822266,13.205566,222.726404,230.75289,154.674111,126.340553,-2.85441848,125.302296,222.773465,230.694492,154.694763,-124.083233,-8.09649736,-123.096235,0.1030608,0.087891,0.0777916038,-0.0470609938,0.0583977934,-0.0206517363,1.85298192,3.85261014
16.2527921,right_stick_right,right,1,0,19,0,55.063477,32.958984,-138.647461,58.666992,97.822266,13.205566,222.782299,230.694157,154.673204,126.347169,-2.85893248,125.298023,222.773465,230.694492,154.694763,-124.083233,-8.09649736,-123.096235,0.0761152614,0.065918,0.0233007325,0.00883424816,-0.000335269768,-0.0215584737,1.23445946,3.22121296
16.2780278,right_stick_right,right,1,0,20,0,55.041504,32.958984,-138.647461,58.64502,97.822266,13.183594,222.838178,230.635398,154.672302,126.343651,-2.83898332,125.282554,222.773465,230.694492,154.694763,-124.083233,-8.09649736,-123.096235,0.0491326745,0.043946,0.0904675276,0.0647127751,-0.0590943489,-0.0224608152,1.50807264,3.21337577
16.3031473,right_stick_right,right,1,0,21,0,55.041504,32.958984,-138.625488,58.601074,97.844238,13.205566,222.815115,230.754066,154.717983,126.364122,-2.83872676,125.355857,222.773465,230.694492,154.694763,-124.083233,-8.09649736,-123.096235,0.0310738075,0.021973,0.0763082719,0.0416498273,0.0595739189,0.0232205175,2.31430713,5.14466904
16.3283763,right_stick_right,right,1,0,22,0,55.041504,32.958984,-138.647461,58.579102,97.844238,13.183594,222.740858,230.72115,154.693874,126.376129,-2.77454778,125.329256,222.773465,230.694492,154.694763,-124.083233,-8.09649736,-123.096235,0.021972,0.021972,0.0421261755,-0.0326064071,0.0266579557,-0.000888975748,1.50847168,3.35833303
16.3565545,right_stick_right,right,1,0,23,0,55.041504,32.958984,-138.647461,58.579102,97.844238,13.183594,222.740858,230.72115,154.693874,126.376129,-2.77454778,125.329256,222.773465,230.694492,154.694763,-124.083233,-8.09649736,-123.096235,0.021972,0.021972,0.0421261755,-0.0326064071,0.0266579557,-0.000888975748,0,0
16.3817301,right_stick_right,right,1,0,24,0,55.041504,32.958984,-138.647461,58.601074,97.844238,13.183594,222.773465,230.694492,154.694763,126.358293,-2.79402175,125.322328,222.773465,230.694492,154.694763,-124.083233,-8.09649736,-123.096235,0,0,0,0,0,0,0.872750795,1.6732957
16.4068537,right_stick_right,right,1,0,25,0,55.041504,32.958984,-138.647461,58.601074,97.844238,13.183594,222.773465,230.694492,154.694763,126.358293,-2.79402175,125.322328,222.773465,230.694492,154.694763,-124.083233,-8.09649736,-123.096235,0,0,0,0,0,0,0,0
16.4371266,right_stick_right,right,1,0,26,0,55.019531,32.958984,-138.647461,58.601074,97.844238,13.183594,222.86192,230.609041,154.694763,126.347073,-2.81801271,125.311132,222.773465,230.694492,154.694763,-124.083233,-8.09649736,-123.096235,0.021973,0.021973,0.122988519,0.0884552296,-0.0854508527,0,0.725829239,4.0626525
16.4622898,right_stick_right,right,1,0,27,0,55.041504,32.958984,-138.625488,58.579102,97.844238,13.205566,222.782508,230.780724,154.717095,126.381961,-2.8192514,125.362787,222.773465,230.694492,154.694763,-124.083233,-8.09649736,-123.096235,0.0380571977,0.021973,0.0895350395,0.00904361543,0.0862321538,0.0223327557,1.74640133,7.56951913
16.4875131,right_stick_right,right,1,0,28,0,55.041504,32.958984,-138.625488,58.579102,97.844238,13.183594,222.782508,230.780724,154.717095,126.37181,-2.79478224,125.351597,222.773465,230.694492,154.694763,-124.083233,-8.09649736,-123.096235,0.0310738075,0.021973,0.0895350395,0.00904361543,0.0862321538,0.0223327557,0.871100889,0
16.512692,right_stick_right,right,1,0,29,0,55.019531,32.958984,-138.647461,58.579102,97.844238,13.183594,222.829324,230.635712,154.693874,126.364909,-2.79854379,125.318062,222.773465,230.694492,154.694763,-124.083233,-8.09649736,-123.096235,0.0310738075,0.021973,0.0810935159,0.0558590483,-0.0587803944,-0.000888975748,1.23414856,6.12184599
16.5379488,right_stick_right,right,1,0,30,0,55.019531,32.958984,-138.647461,58.579102,97.844238,13.183594,222.829324,230.635712,154.693874,126.364909,-2.79854379,125.318062,222.773465,230.694492,154.694763,-124.083233,-8.09649736,-123.096235,0.0310738075,0.021973,0.0810935159,0.0558590483,-0.0587803944,-0.000888975748,0,0
16.5630169,right_stick_right,right,1,0,31,0,55.041504,32.958984,-138.647461,58.535156,97.866211,13.161621,222.676076,230.780167,154.716363,126.38059,-2.70512039,125.357844,222.773465,230.694492,154.694763,-124.083233,-8.09649736,-123.096235,0.072875292,0.065918,0.131496285,-0.0973885044,0.0856747547,0.0216006593,2.31909167,8.44887612
16.5882449,right_stick_right,right,1,0,32,0,55.019531,32.958984,-138.647461,58.535156,97.866211,13.161621,222.764564,230.694753,154.716363,126.36938,-2.72912306,125.346652,222.773465,230.694492,154.694763,-124.083233,-8.09649736,-123.096235,0.0761158388,0.065918,0.0233639477,-0.0089004113,0.000261244323,0.0216006593,0.87097588,4.87498437
16.6156507,right_stick_right,right,1,0,33,0,55.019531,32.958984,-138.625488,58.491211,97.866211,13.161621,222.740969,230.807561,154.737845,126.400695,-2.71038435,125.382874,222.773465,230.694492,154.694763,-124.083233,-8.09649736,-123.096235,0.118326369,0.109863,0.125285837,-0.0324954634,0.113068612,0.0430821875,1.79277149,4.27769757
16.6408768,right_stick_right,right,1,0,34,0,54.997559,32.937012,-138.625488,58.447266,97.866211,13.139648,222.747616,230.751703,154.645309,126.419298,-2.65073941,125.351996,222.773465,230.694492,154.694763,-124.083233,-8.09649736,-123.096235,0.170199028,0.153808,0.079918445,-0.0258488973,0.057211037,-0.0494539141,2.30449988,4.29285602
16.6660047,right_stick_right,right,1,0,35,0,54.975586,32.937012,-138.647461,58.447266,97.888184,13.139648,222.794839,230.612471,154.64636,126.391408,-2.64855837,125.344365,222.773465,230.694492,154.694763,-124.083233,-8.09649736,-123.096235,0.179853702,0.153808,0.0976067613,0.021374405,-0.0820206017,-0.0484028466,1.51458622,5.85110177
16.6911356,right_stick_right,right,1,0,36,0,54.975586,32.937012,-138.625488,58.40332,97.888184,13.139648,222.77125,230.7252,154.667853,126.422692,-2.62980177,125.380607,222.773465,230.694492,154.694763,-124.083233,-8.09649736,-123.096235,0.2197269,0.197754,0.040890008,-0.00221480299,0.0307077402,-0.0269095168,1.95508124,4.66191038
16.7163348,right_stick_right,right,1,0,37,0,54.953613,32.937012,-138.625488,58.337402,97.910156,13.139648,222.762173,230.725232,154.689575,126.443902,-2.58938963,125.416157,222.773465,230.694492,154.694763,-124.083233,-8.09649736,-123.096235,0.290671235,0.263672,0.0331563648,-0.011292284,0.0307395016,-0.00518766737,2.89195939,0.934249287
16.7452793,right_stick_right,right,1,0,38,0,54.909668,32.937012,-138.625488,58.227539,97.910156,13.117676,222.775646,230.687118,154.685439,126.500375,-2.51552575,125.417283,222.773465,230.694492,154.694763,-124.083233,-8.09649736,-123.096235,0.408123847,0.373535,0.012085222,0.00218097663,-0.00737384584,-0.00932321456,4.1579138,1.40391764
16.7704277,right_stick_right,right,1,0,39,0,54.887695,32.937012,-138.625488,58.161621,97.932129,13.117676,222.766405,230.686959,154.70727,126.521562,-2.47512886,125.452858,222.773465,230.694492,154.694763,-124.083233,-8.09649736,-123.096235,0.479386837,0.439453,0.0162184254,-0.00705998187,-0.00753333561,0.0125077109,2.89781123,0.942674649
16.7956567,right_stick_right,right,1,0,40,0,54.865723,32.915039,-138.603516,58.117676,97.932129,13.095703,222.814587,230.690326,154.638073,126.535748,-2.43570588,125.444389,222.773465,230.694492,154.694763,-124.083233,-8.09649736,-123.096235,0.532808191,0.483398,0.070157401,0.0411219799,-0.00416561364,-0.056689429,2.46334263,3.34482581
16.8209248,right_stick_right,right,1,0,41,0,54.84375,32.915039,-138.603516,58.029785,97.954102,13.095703,222.772491,230.716502,154.659193,126.574719,-2.3758139,125.486911,222.773465,230.694492,154.694763,-124.083233,-8.09649736,-123.096235,0.623806876,0.571289,0.041839488,-0.000973581214,0.022009665,-0.0355692218,3.6893428,2.13240459
16.8461187,right_stick_right,right,1,0,42,0,54.821777,32.915039,-138.603516,57.98584,97.954102,13.07373,222.79542,230.683969,154.657649,126.588869,-2.33638974,125.47846,222.773465,230.694492,154.694763,-124.083233,-8.09649736,-123.096235,0.674385166,0.615234,0.0443865903,0.0219555224,-0.0105227624,-0.0371132848,2.13630118,1.58096521
16.874862,right_stick_right,right,1,0,43,0,54.777832,32.915039,-138.603516,57.832031,97.998047,13.051758,222.743616,230.709419,154.700911,126.63864,-2.21166537,125.545488,222.773465,230.694492,154.694763,-124.083233,-8.09649736,-123.096235,0.84014899,0.769043,0.0339344126,-0.029848572,0.014926755,0.00614809675,5.82184646,2.509494
16.9000316,right_stick_right,right,1,0,44,0,54.733887,32.915039,-138.603516,57.744141,97.998047,13.029785,222.789201,230.644054,154.697999,126.67714,-2.15728621,125.539788,222.773465,230.694492,154.694763,-124.083233,-8.09649736,-123.096235,0.938157305,0.856933,0.0529345361,0.0157364029,-0.050437627,0.00323674624,4.00048907,3.16823092
16.9251981,right_stick_right,right,1,0,45,0,54.711914,32.893066,-138.581543,57.65625,98.02002,13.007812,222.77192,230.705394,154.651809,126.705676,-2.07293224,125.571243,222.773465,230.694492,154.694763,-124.083233,-8.09649736,-123.096235,1.03528303,0.944824,0.0443424198,-0.00154468959,0.0109023582,-0.0429534948,4.00103378,3.1274438
16.950361,right_stick_right,right,1,0,46,0,54.667969,32.893066,-138.581543,57.524414,98.041992,12.98584,222.751925,230.698023,154.671947,126.758556,-1.97362318,125.605454,222.773465,230.694492,154.694763,-124.083233,-8.09649736,-123.096235,1.17712735,1.07666,0.0315744857,-0.0215393828,0.00353122416,-0.0228152053,5.65907137,1.16521243
16.9756024,right_stick_right,right,1,0,47,0,54.624023,32.893066,-138.581543,57.436523,98.063965,12.941895,222.797575,230.637885,154.693553,126.765466,-1.88895255,125.614734,222.773465,230.694492,154.694763,-124.083233,-8.09649736,-123.096235,1.28291003,1.164551,0.0615398008,0.0241098348,-0.0566074208,-0.00120948537,4.35252834,3.11125101
17.0049589,right_stick_right,right,1,0,48,0,54.558105,32.871094,-138.55957,57.23877,98.10791,12.919922,222.792441,230.664462,154.668732,126.839212,-1.74936235,125.684769,222.773465,230.694492,154.694763,-124.083233,-8.09649736,-123.096235,1.49801272,1.362304,0.0440393963,0.0189763006,-0.0300299187,-0.0260302214,7.37161576,1.25102937
17.0301926,right_stick_right,right,1,0,49,0,54.536133,32.871094,-138.55957,57.150879,98.10791,12.919922,222.748887,230.683674,154.666298,126.899066,-1.69526542,125.701389,222.773465,230.694492,154.694763,-124.083233,-8.09649736,-123.096235,1.58523207,1.450195,0.0391321365,-0.0245775932,-0.0108182023,-0.0284645836,3.59026316,1.88894109
17.0553591,right_stick_right,right,1,0,50,0,54.492188,32.871094,-138.537598,57.019043,98.151855,12.875977,222.770536,230.739917,154.734647,126.915348,-1.58572397,125.773486,222.773465,230.694492,154.694763,-124.083233,-8.09649736,-123.096235,1.73597843,1.582031,0.0605209923,-0.00292857505,0.0454250019,0.0398846231,6.11162518,3.62084541
17.0805988,right_stick_right,right,1,0,51,0,54.42627,32.849121,-138.537598,56.843262,98.173828,12.854004,222.754921,230.674262,154.663513,126.996976,-1.45151002,125.787948,222.773465,230.694492,154.694763,-124.083233,-8.09649736,-123.096235,1.92608795,1.757812,0.0415889006,-0.0185437383,-0.0202297353,-0.0312493877,7.58935447,3.88487789
17.1058266,right_stick_right,right,1,0,52,0,54.382324,32.849121,-138.515625,56.755371,98.195801,12.810059,222.842013,230.672088,154.709009,126.998664,-1.38687637,125.820306,222.773465,230.694492,154.694763,-124.083233,-8.09649736,-123.096235,2.03315356,1.845703,0.0735103899,0.0685483339,-0.0224043689,0.0142459678,4.44111834,3.89583111
17.1310368,right_stick_right,right,1,0,53,0,54.294434,32.827148,-138.493652,56.491699,98.239746,12.788086,222.824146,230.688468,154.683995,127.113885,-1.21276825,125.900494,222.773465,230.694492,154.694763,-124.083233,-8.09649736,-123.096235,2.31548431,2.109375,0.0521614791,0.0506811025,-0.00602453718,-0.010768041,11.2632943,1.38164865
17.1562138,right_stick_right,right,1,0,54,0,54.272461,32.827148,-138.493652,56.447754,98.239746,12.744141,222.846205,230.654814,154.68307,127.11701,-1.14884901,125.881237,222.773465,230.694492,154.694763,-124.083233,-8.09649736,-123.096235,2.37040031,2.15332,0.0836788004,0.0727399755,-0.0396777906,-0.0116923283,2.61816982,1.59864527
17.1835706,right_stick_right,right,1,0,55,0,54.18457,32.805176,-138.47168,56.162109,98.305664,12.722168,222.79439,230.70113,154.68268,127.228461,-0.949512042,125.994669,222.773465,230.694492,154.694763,-124.083233,-8.09649736,-123.096235,2.67642858,2.438965,0.0250584182,0.0209251541,0.00663795214,-0.0120830394,11.2732737,2.54045031
17.2087729,right_stick_right,right,1,0,56,0,54.140625,32.805176,-138.47168,56.008301,98.327637,12.678223,222.738473,230.716125,154.704278,127.287484,-0.806098432,126.025318,222.773465,230.694492,154.694763,-124.083233,-8.09649736,-123.096235,2.84212686,2.592773,0.0422249357,-0.0349914451,0.0216331848,0.00951573826,6.63980154,2.45177125
17.2339945,right_stick_right,right,1,0,57,0,54.09668,32.783203,-138.449707,55.898438,98.349609,12.65625,222.774565,230.714708,154.65908,127.321807,-0.726470553,126.053151,222.773465,230.694492,154.694763,-124.083233,-8.09649736,-123.096235,2.96655202,2.702636,0.0410259675,0.00110046742,0.0202159626,-0.0356824024,5.00456279,2.29397311
17.2636914,right_stick_right,right,1,0,58,0,53.964844,32.783203,-138.427734,55.612793,98.415527,12.590332,222.914662,230.610623,154.751237,127.384105,-0.546762489,126.146094,222.773465,230.694492,154.694763,-124.083233,-8.09649736,-123.096235,3.29340704,2.988281,0.173666208,0.14119691,-0.0838692486,0.0564741847,11.0737692,6.64602503
17.2889709,right_stick_right,right,1,0,59,0,53.920898,32.76123,-138.427734,55.437012,98.4375,12.546387,222.80719,230.626376,154.682238,127.465404,-0.363950074,126.16083,222.773465,230.694492,154.694763,-124.083233,-8.09649736,-123.096235,3.48029098,3.164062,0.0770329061,0.0337247853,-0.0681164368,-0.0125243175,7.47703501,5.09038751
17.3140593,right_stick_right,right,1,0,60,0,53.876953,32.76123,-138.405762,55.283203,98.459473,12.502441,222.792524,230.698012,154.728282,127.518571,-0.240176877,126.21498,222.773465,230.694492,154.694763,-124.083233,-8.09649736,-123.096235,3.64752732,3.317871,0.0387193517,0.019059559,0.00351956995,0.0335191592,6.72726065,3.44425661
17.3469985,right_stick_right,right,1,0,61,0,53.76709,32.739258,-138.383789,54.997559,98.525391,12.458496,222.825011,230.652836,154.730947,127.60692,-0.0409694346,126.307387,222.773465,230.694492,154.694763,-124.083233,-8.09649736,-123.096235,3.96446596,3.603515,0.0755086422,0.0515460521,-0.0416564958,0.0361841943,9.64365908,1.69122932
17.3739429,right_stick_right,right,1,0,62,0,53.679199,32.717285,-138.361816,54.755859,98.569336,12.414551,222.835097,230.635599,154.710263,127.692045,0.13781068,126.370784,222.773465,230.694492,154.694763,-124.083233,-8.09649736,-123.096235,4.2306925,3.845215,0.086643957,0.0616318123,-0.0588933605,0.0155005514,9.88721576,1.06706546
17.3991804,right_stick_right,right,1,0,63,0,53.635254,32.695312,-138.339844,54.580078,98.591309,12.392578,222.76848,230.707128,154.666013,127.778378,0.276579356,126.419915,222.773465,230.694492,154.694763,-124.083233,-8.09649736,-123.096235,4.415192,4.020996,0.0317972253,-0.00498501892,0.0126363324,-0.0287495431,7.38755663,4.25142969
17.4290946,right_stick_right,right,1,0,64,0,53.525391,32.67334,-138.295898,54.272461,98.657227,12.348633,222.80769,230.74154,154.693939,127.878033,0.475859534,126.543269,222.773465,230.694492,154.694763,-124.083233,-8.09649736,-123.096235,4.75381838,4.328613,0.0581853883,0.0342249252,0.0470480182,-0.000823337125,11.3554582,1.97809823
17.4542665,right_stick_right,right,1,0,65,0,53.481445,32.67334,-138.295898,54.206543,98.679199,12.32666,222.883435,230.651297,154.718221,127.876477,0.515775675,126.557802,222.773465,230.694492,154.694763,-124.083233,-8.09649736,-123.096235,4.83553219,4.394531,0.120455318,0.109969972,-0.043194738,0.0234585471,3.38074236,4.77888729
17.4793649,right_stick_right,right,1,0,66,0,53.371582,32.651367,-138.273926,53.898926,98.723145,12.260742,222.878024,230.619907,154.699407,-127.931281,-0.753394662,-126.561539,222.773465,230.694492,154.694763,-124.083233,-8.09649736,-123.096235,5.17272899,4.702148,0.128518554,0.10455867,-0.0745850557,0.00464465477,13.4491118,1.47398492
17.5045438,right_stick_right,right,1,0,67,0,53.327637,32.629395,-138.251953,53.76709,98.745117,12.23877,222.877569,230.638831,154.65633,-127.894558,-0.852013303,-126.510533,222.773465,230.694492,154.694763,-124.083233,-8.09649736,-123.096235,5.31733695,4.833984,0.124148511,0.104104258,-0.0556608029,-0.0384321649,5.78856806,1.86873027
17.5297189,right_stick_right,right,1,0,68,0,53.261719,32.629395,-138.22998,53.635254,98.789062,12.194824,222.98285,230.600466,154.729062,-127.830124,-0.936248211,-126.508905,222.773465,230.694492,154.694763,-124.083233,-8.09649736,-123.096235,5.47542516,4.96582,0.232076709,0.209385558,-0.0940257931,0.0342992355,6.41370384,5.30637436
17.5600898,right_stick_right,right,1,0,69,0,53.173828,32.607422,-138.208008,53.305664,98.85498,12.128906,222.853066,230.681418,154.736347,-127.718512,-1.22106721,-126.386802,222.773465,230.694492,154.694763,-124.083233,-8.09649736,-123.096235,5.8292591,5.29541,0.0907551465,0.0796008839,-0.013074156,0.0415844002,11.6881213,5.04215091
17.5903425,right_stick_right,right,1,0,70,0,53.085938,32.585449,-138.186035,53.041992,98.876953,12.106934,222.823986,230.675798,154.695237,-127.659203,-1.38739791,-126.252463,222.773465,230.694492,154.694763,-124.083233,-8.09649736,-123.096235,6.10784499,5.559082,0.0538708861,0.050520904,-0.0186945386,0.000474184552,9.30122906,1.67483824
17.6154997,right_stick_right,right,1,0,71,0,53.02002,32.585449,-138.164062,52.888184,98.920898,12.062988,222.894092,230.660044,154.769148,-127.586501,-1.49041859,-126.233613,222.773465,230.694492,154.694763,-124.083233,-8.09649736,-123.096235,6.28583067,5.71289,0.145844934,0.120627113,-0.0344478937,0.0743853953,7.14918535,4.09751598
17.640728,right_stick_right,right,1,0,72,0,52.976074,32.563477,-138.164062,52.756348,98.942871,12.019043,222.848681,230.618691,154.703722,-127.582786,-1.63194112,-126.187292,222.773465,230.694492,154.694763,-124.083233,-8.09649736,-123.096235,6.43273635,5.844726,0.107161604,0.0752166288,-0.0758010206,0.0089595434,5.90710234,3.55700422
17.6728728,right_stick_right,right,1,0,73,0,52.866211,32.541504,-138.120117,52.470703,99.008789,11.975098,222.915919,230.617619,154.736476,-127.461103,-1.80730921,-126.10669,222.773465,230.694492,154.694763,-124.083233,-8.09649736,-123.096235,6.75147177,6.130371,0.167160741,0.142454205,-0.076873556,0.0417129389,9.9526866,2.32692722
17.6980338,right_stick_right,right,1,0,74,0,52.822266,32.519531,-138.098145,52.294922,99.030762,11.931152,222.844729,230.681552,154.695792,-127.418444,-1.96782016,-126.03167,222.773465,230.694492,154.694763,-124.083233,-8.09649736,-123.096235,6.94002071,6.306152,0.0724363345,0.0712637131,-0.0129400583,0.00102987658,7.56283269,4.13236165
17.7231169,right_stick_right,right,1,0,75,0,52.756348,32.497559,-138.076172,52.141113,99.052734,11.887207,222.896009,230.63514,154.654971,-127.394301,-2.08450044,-125.985192,222.773465,230.694492,154.694763,-124.083233,-8.09649736,-123.096235,7.11571501,6.459961,0.141855968,0.122544297,-0.0593520441,-0.0397912764,7.06250949,3.20187132
17.7496624,right_stick_right,right,1,0,76,0,52.668457,32.475586,-138.054199,51.811523,99.118652,11.843262,222.760308,230.706903,154.666705,-127.268324,-2.34054774,-125.852136,222.773465,230.694492,154.694763,-124.083233,-8.09649736,-123.096235,7.46562852,6.789551,0.0333817431,-0.0131572343,0.0124106528,-0.0280571498,13.2437673,5.79970071
17.7748563,right_stick_right,right,1,0,77,0,52.602539,32.475586,-138.010254,51.657715,99.140625,11.821289,222.872077,230.739318,154.741601,-127.186272,-2.39382718,-125.808112,222.773465,230.694492,154.694763,-124.083233,-8.09649736,-123.096235,7.63773429,6.943359,0.118014998,0.0986119514,0.0448260191,0.0468385622,6.97710727,5.49308771
17.8000853,right_stick_right,right,1,0,78,0,52.558594,32.453613,-138.010254,51.503906,99.162598,11.777344,222.790009,230.719186,154.678066,-127.173517,-2.5531487,-125.744029,222.773465,230.694492,154.694763,-124.083233,-8.09649736,-123.096235,7.80459355,7.097168,0.0340918345,0.0165437983,0.0246936775,-0.0166966527,6.6897469,4.19051294
17.8303599,right_stick_right,right,1,0,79,0,52.44873,32.431641,-137.966309,51.218262,99.228516,11.733398,222.85345,230.710834,154.714078,-127.049243,-2.72587299,-125.664005,222.773465,230.694492,154.694763,-124.083233,-8.09649736,-123.096235,8.12340709,7.382812,0.0838916391,0.0799852924,0.0163421503,0.0193156473,10.5674782,2.42534895
17.8555179,right_stick_right,right,1,0,80,0,52.382812,32.409668,-137.966309,51.04248,99.250488,11.689453,222.824299,230.627961,154.65176,-127.03956,-2.87962388,-125.593307,222.773465,230.694492,154.694763,-124.083233,-8.09649736,-123.096235,8.31725309,7.558594,0.0941257568,0.0508341139,-0.0665309718,-0.0430021017,7.76287368,4.2813178
17.8806267,right_stick_right,right,1,0,81,0,52.338867,32.409668,-137.922363,50.866699,99.294434,11.645508,222.811993,230.772147,154.752796,-126.921637,-3.00460936,-125.553652,222.773465,230.694492,154.694763,-124.083233,-8.09649736,-123.096235,8.51005849,7.734375,0.104319867,0.0385278172,0.0776552879,0.0580335964,7.82710622,7.02907511
17.9098356,right_stick_right,right,1,0,82,0,52.229004,32.387695,-137.900391,50.559082,99.338379,11.601562,222.794641,230.72158,154.743202,-126.837895,-3.20971119,-125.428125,222.773465,230.694492,154.694763,-124.083233,-8.09649736,-123.096235,8.84327761,8.041992,0.059402007,0.0211761628,0.0270881198,0.0484396772,11.4333386,1.85954944
17.9350321,right_stick_right,right,1,0,83,0,52.185059,32.365723,-137.878418,50.405273,99.382324,11.557617,222.754554,230.760547,154.729108,-126.774095,-3.35288935,-125.392186,222.773465,230.694492,154.694763,-124.083233,-8.09649736,-123.096235,9.01572668,8.195801,0.0768146161,-0.0189110201,0.0660551187,0.0343450122,6.92168647,2.28819949
17.9602735,right_stick_right,right,1,0,84,0,52.119141,32.34375,-137.834473,50.229492,99.404297,11.535645,222.811986,230.788792,154.715193,-126.70614,-3.44312894,-125.324593,222.773465,230.694492,154.694763,-124.083233,-8.09649736,-123.096235,9.20937419,8.371582,0.103892671,0.0385212064,0.0942996221,0.0204300025,7.78599156,2.59482184
17.990525,right_stick_right,right,1,0,85,0,52.009277,32.321777,-137.8125,49.943848,99.470215,11.469727,222.827378,230.716148,154.730885,-126.612846,-3.65660439,-125.249134,222.773465,230.694492,154.694763,-124.083233,-8.09649736,-123.096235,9.53028313,8.657226,0.0684141432,0.053913571,0.0216557873,0.0361226901,10.6253261,2.50885782
18.0157046,right_stick_right,right,1,0,86,0,51.965332,32.299805,-137.790527,49.812012,99.492188,11.447754,222.821199,230.724691,154.692343,-126.572267,-3.75122155,-125.198438,222.773465,230.694492,154.694763,-124.083233,-8.09649736,-123.096235,9.67513191,8.789062,0.0565367626,0.0477344172,0.0301989522,-0.00241955112,5.7884156,1.58693303
18.04299,right_stick_right,right,1,0,87,0,51.899414,32.277832,-137.768555,49.63623,99.51416,11.403809,222.833315,230.694057,154.65573,-126.537113,-3.88422107,-125.134938,222.773465,230.694492,154.694763,-124.083233,-8.09649736,-123.096235,9.87085991,8.964844,0.0714546645,0.0598498026,-0.000435578839,-0.039033069,7.20276653,1.80508963
18.0702147,right_stick_right,right,1,0,88,0,51.811523,32.255859,-137.724609,49.328613,99.580078,11.359863,222.767583,230.783283,154.69747,-126.389661,-4.09578167,-125.027066,222.773465,230.694492,154.694763,-124.083233,-8.09649736,-123.096235,10.2027686,9.272461,0.0890269759,-0.00588232762,0.0887911568,0.00270760557,12.2400246,4.34988617
18.0974741,right_stick_right,right,1,0,89,0,51.723633,32.233887,-137.702637,49.108887,99.602051,11.315918,222.797024,230.711748,154.663592,-126.349322,-4.24201064,-124.939753,222.773465,230.694492,154.694763,-124.083233,-8.09649736,-123.096235,10.4454038,9.492187,0.0427130164,0.0235591786,0.0172554839,-0.0311707419,8.9395995,3.09804017
18.1233511,right_stick_right,right,1,0,90,0,51.657715,32.211914,-137.680664,48.933105,99.645996,11.271973,222.80776,230.683717,154.652459,-126.287123,-4.37810143,-124.897554,222.773465,230.694492,154.694763,-124.083233,-8.09649736,-123.096235,10.6448621,9.667969,0.0555137225,0.0342946533,-0.010774881,-0.0423030978,7.73586741,1.23715137
18.1485403,right_stick_right,right,1,0,91,0,51.61377,32.211914,-137.658691,48.779297,99.667969,11.25,222.782877,230.735169,154.707834,-126.213957,-4.47188699,-124.836978,222.773465,230.694492,154.694763,-124.083233,-8.09649736,-123.096235,10.8082017,9.821777,0.0437499581,0.00941187079,0.0406770522,0.013071073,6.5277204,3.15923964
18.1750116,right_stick_right,right,1,0,92,0,51.503906,32.189941,-137.592773,48.449707,99.733887,11.184082,222.81227,230.812477,154.776659,-126.054149,-4.68241571,-124.742122,222.773465,230.694492,154.694763,-124.083233,-8.09649736,-123.096235,11.1730688,10.151367,0.148772244,0.0388048501,0.117984792,0.0818959886,13.8397709,4.06468761
18.2001026,right_stick_right,right,1,0,93,0,51.459961,32.167969,-137.570801,48.339844,99.755859,11.140137,222.839372,230.794158,154.738627,-126.029948,-4.78143346,-124.720449,222.773465,230.694492,154.694763,-124.083233,-8.09649736,-123.096235,11.302,10.26123,0.127283394,0.0659074264,0.0996654182,0.043864314,5.25429515,1.99933979
18.2021151,return_center_after_right,center,0,0,0,0,51.459961,32.167969,-137.570801,48.339844,99.755859,11.140137,222.839372,230.794158,154.738627,-126.029948,-4.78143346,-124.720449,222.773465,230.694492,154.694763,126.358293,-2.79402175,125.322328,11.302,10.26123,0.127283394,0.0659074264,0.0996654182,0.043864314,0,0
18.2272243,return_center_after_right,center,0,0,1,0,51.37207,32.145996,-137.548828,48.076172,99.799805,11.096191,222.795696,230.768642,154.733434,-125.945627,-4.96741602,-124.619497,222.773465,230.694492,154.694763,126.358293,-2.79402175,125.322328,11.588259,10.524902,0.0865324907,0.0222310096,0.0741498142,0.0386711678,11.4096762,2.02511612
18.2523615,return_center_after_right,center,0,0,2,0,51.328125,32.124023,-137.526855,47.944336,99.84375,11.052246,222.786829,230.777034,154.721402,-125.886806,-5.0884374,-124.601369,222.773465,230.694492,154.694763,126.358293,-2.79402175,125.322328,11.7409054,10.656738,0.0877579623,0.0133637131,0.0825422372,0.0266392606,6.18088386,0.681915088
18.2775798,return_center_after_right,center,0,0,3,0,51.262207,32.102051,-137.504883,47.768555,99.865723,11.030273,222.795469,230.739834,154.687598,-125.839503,-5.1946097,-124.527061,222.773465,230.694492,154.694763,126.358293,-2.79402175,125.322328,11.9327099,10.832519,0.0509058573,0.0220038418,0.0453421769,-0.00716409494,7.6456138,2.02240849
18.3097658,return_center_after_right,center,0,0,4,0,51.152344,32.080078,-137.460938,47.460938,99.931641,10.986328,222.812306,230.731563,154.734382,-125.699532,-5.37807455,-124.431347,222.773465,230.694492,154.694763,126.358293,-2.79402175,125.322328,12.271664,11.140136,0.0667273884,0.0388409173,0.0370706657,0.0396193546,10.5539172,1.56603112
18.3349335,return_center_after_right,center,0,0,5,0,51.108398,32.058105,-137.438965,47.307129,99.953613,10.942383,222.767134,230.75572,154.69994,-125.657869,-5.51332686,-124.374687,222.773465,230.694492,154.694763,126.358293,-2.79402175,125.322328,12.4405406,11.293945,0.061771998,-0.00633122557,0.0612281407,0.00517784723,6.76263254,2.45265992
18.3601053,return_center_after_right,center,0,0,6,0,51.064453,32.036133,-137.416992,47.15332,99.975586,10.92041,222.721702,230.779396,154.6657,-125.606558,-5.62384201,-124.306709,222.773465,230.694492,154.694763,126.358293,-2.79402175,125.322328,12.6054893,11.447754,0.103598434,-0.0517630794,0.0849035386,-0.0290621434,6.59033305,2.44795926
18.3890369,return_center_after_right,center,0,0,7,0,50.95459,32.01416,-137.373047,46.845703,100.041504,10.854492,222.736611,230.767146,154.71411,-125.474707,-5.83045601,-124.222632,222.773465,230.694492,154.694763,126.358293,-2.79402175,125.322328,12.9484026,11.755371,0.0837327858,-0.0368541753,0.0726542899,0.019346921,11.8632702,1.80124479
18.4141262,return_center_after_right,center,0,0,8,0,50.888672,31.992188,-137.329102,46.647949,100.063477,10.83252,222.752629,230.803693,154.706983,-125.394153,-5.93555469,-124.139184,222.773465,230.694492,154.694763,126.358293,-2.79402175,125.322328,13.1623914,11.953125,0.111841098,-0.0208361365,0.109201402,0.0122204977,8.62542245,1.61561588
18.439353,return_center_after_right,center,0,0,9,0,50.844727,31.992188,-137.307129,46.516113,100.107422,10.810547,222.759964,230.830374,154.788433,-125.300791,-6.01207795,-124.118089,222.773465,230.694492,154.694763,126.358293,-2.79402175,125.322328,13.3095363,12.084961,0.16559111,-0.0135007431,0.13588202,0.0936708173,5.90743146,3.40994844
18.4698522,return_center_after_right,center,0,0,10,0,50.734863,31.948242,-137.263184,46.208496,100.151367,10.722656,222.754929,230.78671,154.722152,-125.226525,-6.2567202,-124.016643,222.773465,230.694492,154.694763,126.358293,-2.79402175,125.322328,13.6543044,12.392578,0.0979690518,-0.0185357151,0.0922181742,0.0273892448,11.3682525,2.60763002
18.4950328,return_center_after_right,center,0,0,11,0,50.690918,31.92627,-137.241211,46.054688,100.17334,10.700684,222.707779,230.806869,154.689309,-125.174059,-6.36599639,-123.948832,222.773465,230.694492,154.694763,126.358293,-2.79402175,125.322328,13.8192979,12.546386,0.130280628,-0.0656859617,0.112377266,-0.0054540473,6.58798218,2.41833715
18.5201967,return_center_after_right,center,0,0,12,0,50.646973,31.92627,-137.219238,45.900879,100.217285,10.678711,222.678455,230.853588,154.773051,-125.071692,-6.46020129,-123.910367,222.773465,230.694492,154.694763,126.358293,-2.79402175,125.322328,13.986385,12.700195,0.201165819,-0.0950102219,0.159096244,0.0782887573,6.70705043,3.98494763
18.5482137,return_center_after_right,center,0,0,13,0,50.537109,31.882324,-137.175293,45.615234,100.26123,10.634766,222.707434,230.784354,154.70666,-124.986164,-6.63615482,-123.803836,222.773465,230.694492,154.694763,126.358293,-2.79402175,125.322328,14.3033725,12.98584,0.112146374,-0.0660304452,0.0898623565,0.011897324,11.3650346,3.57656203
18.5733757,return_center_after_right,center,0,0,14,0,50.493164,31.882324,-137.131348,45.505371,100.283203,10.612793,222.795116,230.836709,154.78669,-124.902655,-6.67229824,-123.788362,222.773465,230.694492,154.694763,126.358293,-2.79402175,125.322328,14.429144,13.095703,0.170718807,0.0216506881,0.142216586,0.0919271518,5.16619306,5.15638347
18.5986025,return_center_after_right,center,0,0,15,0,50.449219,31.860352,-137.131348,45.351562,100.305176,10.59082,222.701461,230.799532,154.731155,-124.873245,-6.79875856,-123.712075,222.773465,230.694492,154.694763,126.358293,-2.79402175,125.322328,14.591879,13.249512,0.132447968,-0.0720041058,0.105040241,0.0363925922,6.51800462,4.56077293
18.6278768,return_center_after_right,center,0,0,16,0,50.361328,31.816406,-137.087402,45.109863,100.349121,10.524902,222.71251,230.769476,154.662491,-124.801178,-6.9851416,-123.640854,222.773465,230.694492,154.694763,126.358293,-2.79402175,125.322328,14.8660409,13.491211,0.101879923,-0.0609544945,0.0749839102,-0.0322719944,9.43465142,2.58810549
18.653033,return_center_after_right,center,0,0,17,0,50.339355,31.816406,-137.06543,45,100.371094,10.50293,222.665789,230.850889,154.719404,-124.729306,-7.06227843,-123.605525,222.773465,230.694492,154.694763,126.358293,-2.79402175,125.322328,14.9826128,13.601074,0.191471538,-0.107675651,0.156397317,0.0246410893,4.70364037,4.36364497
18.6782715,return_center_after_right,center,0,0,18,0,50.29541,31.794434,-137.043457,44.868164,100.393066,10.480957,222.652905,230.845773,154.686258,-124.684208,-7.15202755,-123.555438,222.773465,230.694492,154.694763,126.358293,-2.79402175,125.322328,15.127723,13.73291,0.193630787,-0.120560066,0.151280621,-0.00850444945,5.77490344,1.4235355
18.7082386,return_center_after_right,center,0,0,19,0,50.229492,31.772461,-136.999512,44.648438,100.437012,10.458984,222.628941,230.899471,154.708648,-124.566521,-7.27589359,-123.476184,222.773465,230.694492,154.694763,126.358293,-2.79402175,125.322328,15.3655804,13.952636,0.251189406,-0.144523805,0.204978473,0.0138857221,7.99854671,2.09966813
18.7334707,return_center_after_right,center,0,0,20,0,50.185547,31.772461,-136.999512,44.560547,100.437012,10.415039,222.661195,230.813731,154.716093,-124.573296,-7.35075307,-123.452042,222.773465,230.694492,154.694763,126.358293,-2.79402175,125.322328,15.4669862,14.040527,0.165158879,-0.112270076,0.119238904,0.0213300008,4.26614285,3.64248771
18.7587125,return_center_after_right,center,0,0,21,0,50.141602,31.750488,-136.977539,44.450684,100.458984,10.415039,222.683967,230.786194,154.681517,-124.527573,-7.39751977,-123.40805,222.773465,230.694492,154.694763,126.358293,-2.79402175,125.322328,15.5882479,14.15039,0.128819382,-0.0894974654,0.0917016357,-0.0132456335,4.92419341,1.9698597
18.7874379,return_center_after_right,center,0,0,22,0,50.097656,31.728516,-136.955566,44.25293,100.50293,10.371094,222.561227,230.847475,154.679222,-124.438889,-7.56818513,-123.337619,222.773465,230.694492,154.694763,126.358293,-2.79402175,125.322328,15.80083,14.348144,0.262087812,-0.21223772,0.152982602,-0.0155401083,7.45553904,4.77651068
18.8125951,return_center_after_right,center,0,0,23,0,50.053711,31.728516,-136.911621,44.187012,100.524902,10.349121,222.720513,230.853794,154.756547,-124.371636,-7.56766319,-123.358213,222.773465,230.694492,154.694763,126.358293,-2.79402175,125.322328,15.8868075,14.414062,0.178880822,-0.0529514362,0.159302262,0.0617841688,3.80710893,7.04272532
18.8378236,return_center_after_right,center,0,0,24,0,50.031738,31.706543,-136.911621,44.121094,100.546875,10.305176,222.681267,230.814028,154.69486,-124.372752,-7.66796198,-123.351998,222.773465,230.694492,154.694763,126.358293,-2.79402175,125.322328,15.966805,14.47998,0.150960948,-0.0921976278,0.119535751,9.78167066e-05,3.48378813,3.29895429
18.8629124,return_center_after_right,center,0,0,25,0,49.987793,31.706543,-136.889648,43.989258,100.546875,10.327148,222.686133,230.823985,154.730143,-124.311492,-7.68750331,-123.267163,222.773465,230.694492,154.694763,126.358293,-2.79402175,125.322328,16.098671,14.611816,0.16014648,-0.0873316953,0.129492421,0.0353805446,5.67580252,1.47405311
18.888139,return_center_after_right,center,0,0,26,0,49.943848,31.68457,-136.867676,43.901367,100.568848,10.283203,222.744656,230.774054,154.694059,-124.29174,-7.76478405,-123.26395,222.773465,230.694492,154.694763,126.358293,-2.79402175,125.322328,16.2078689,14.699707,0.0846199825,-0.0288093326,0.0795617288,-0.000703636914,4.52591141,3.36829617
18.9132795,return_center_after_right,center,0,0,27,0,49.921875,31.68457,-136.867676,43.835449,100.59082,10.26123,222.723736,230.756043,154.724562,-124.260113,-7.8227261,-123.255146,222.773465,230.694492,154.694763,126.358293,-2.79402175,125.322328,16.282198,14.765625,0.0845548602,-0.0497291845,0.0615511367,0.0297991638,3.02760397,1.63637425
18.9385059,return_center_after_right,center,0,0,28,0,49.921875,31.68457,-136.867676,43.747559,100.59082,10.26123,222.578217,230.839733,154.732609,-124.225189,-7.89463965,-123.184885,222.773465,230.694492,154.694763,126.358293,-2.79402175,125.322328,16.3619436,14.853515,0.246270345,-0.195247817,0.145241314,0.0378461824,3.48405473,6.66211674
18.9642072,return_center_after_right,center,0,0,29,0,49.87793,31.662598,-136.845703,43.659668,100.612793,10.26123,222.636527,230.789372,154.696702,-124.187775,-7.92280361,-123.158508,222.773465,230.694492,154.694763,126.358293,-2.79402175,125.322328,16.4632976,14.941406,0.166607378,-0.13693782,0.0948803928,0.00193982141,4.10008094,3.30735241
18.9893496,return_center_after_right,center,0,0,30,0,49.855957,31.662598,-136.82373,43.615723,100.612793,10.217285,222.698071,230.800096,154.724266,-124.175689,-7.96688906,-123.167289,222.773465,230.694492,154.694763,126.358293,-2.79402175,125.322328,16.520325,14.985351,0.133066853,-0.0753937492,0.105603726,0.0295029294,2.7635936,2.71579452
19.0161004,return_center_after_right,center,0,0,31,0,49.833984,31.640625,-136.801758,43.571777,100.634766,10.217285,222.740629,230.793159,154.68432,-124.143961,-7.98225062,-123.164465,222.773465,230.694492,154.694763,126.358293,-2.79402175,125.322328,16.5749437,15.029297,0.104509854,-0.0328358031,0.0986664561,-0.010442701,2.32324524,2.19727572
19.0412569,return_center_after_right,center,0,0,32,0,49.812012,31.640625,-136.801758,43.505859,100.634766,10.217285,222.719837,230.77022,154.690491,-124.129445,-8.01293508,-123.123387,222.773465,230.694492,154.694763,126.358293,-2.79402175,125.322328,16.6416294,15.095215,0.0928920794,-0.0536278805,0.075728107,-0.00427114183,2.76204829,1.25488219
19.0664225,return_center_after_right,center,0,0,33,0,49.812012,31.640625,-136.779785,43.461914,100.656738,10.217285,222.692468,230.870616,154.742636,-124.062131,-8.0338163,-123.118082,222.773465,230.694492,154.694763,126.358293,-2.79402175,125.322328,16.6876356,15.13916,0.199679421,-0.0809967375,0.176123745,0.0478730216,2.13869343,4.6250949
19.0915773,return_center_after_right,center,0,0,34,0,49.790039,31.618652,-136.801758,43.417969,100.656738,10.195312,222.643527,230.750393,154.631268,-124.112645,-8.10612003,-123.087877,222.773465,230.694492,154.694763,126.358293,-2.79402175,125.322328,16.737612,15.183105,0.155049553,-0.129938094,0.0559010904,-0.063494279,2.47063186,6.79911047
19.1168034,return_center_after_right,center,0,0,35,0,49.790039,31.618652,-136.779785,43.417969,100.656738,10.195312,222.689442,230.804707,154.654725,-124.088843,-8.0885586,-123.097044,222.773465,230.694492,154.694763,126.358293,-2.79402175,125.322328,16.7400493,15.183105,0.144257468,-0.0840229476,0.110215173,-0.0400371937,0.871041735,2.96873364
19.1435781,return_center_after_right,center,0,0,36,0,49.768066,31.618652,-136.779785,43.374023,100.678711,10.17334,222.704646,230.765295,154.683416,-124.065753,-8.1282863,-123.10583,222.773465,230.694492,154.694763,126.358293,-2.79402175,125.322328,16.7944277,15.227051,0.0993871662,-0.0688186131,0.070802921,-0.0113469677,2.17126001,1.907212
19.1688042,return_center_after_right,center,0,0,37,0,49.746094,31.618652,-136.757812,43.352051,100.678711,10.195312,222.802606,230.754898,154.708983,-124.036269,-8.0810784,-123.097447,222.773465,230.694492,154.694763,126.358293,-2.79402175,125.322328,16.8197919,15.249023,0.0685590494,0.0291412192,0.0604061828,0.0142206075,1.74202401,4.03446473
19.1940393,return_center_after_right,center,0,0,38,0,49.746094,31.618652,-136.779785,43.352051,100.678711,10.17334,222.756663,230.700635,154.685506,-124.06875,-8.12307623,-123.099887,222.773465,230.694492,154.694763,126.358293,-2.79402175,125.322328,16.8212556,15.249023,0.0201426424,-0.0168021289,0.00614320986,-0.0092561049,1.23136876,2.96712866
19.2243154,return_center_after_right,center,0,0,39,0,49.746094,31.618652,-136.757812,43.330078,100.678711,10.17334,222.766135,230.775646,154.711075,-124.036152,-8.12344187,-123.091513,222.773465,230.694492,154.694763,126.358293,-2.79402175,125.322328,16.8436283,15.270996,0.0831009641,-0.00733035857,0.0811537473,0.0163127365,1.02637247,2.63616403
19.2494478,return_center_after_right,center,0,0,40,0,49.746094,31.618652,-136.779785,43.330078,100.678711,10.17334,222.720192,230.721383,154.687602,-124.059961,-8.14098397,-123.082322,222.773465,230.694492,154.694763,126.358293,-2.79402175,125.322328,16.8411774,15.270996,0.0601037381,-0.0532731879,0.0268913872,-0.00716101046,0.874289146,2.97919297
19.2745545,return_center_after_right,center,0,0,41,0,49.746094,31.618652,-136.779785,43.352051,100.678711,10.17334,222.756663,230.700635,154.685506,-124.06875,-8.12307623,-123.099887,222.773465,230.694492,154.694763,126.358293,-2.79402175,125.322328,16.8212556,15.249023,0.0201426424,-0.0168021289,0.00614320986,-0.0092561049,0.875185811,1.67334327
19.3016193,return_center_after_right,center,0,0,42,0,49.746094,31.618652,-136.757812,43.352051,100.678711,10.17334,222.802606,230.754898,154.708983,-124.044941,-8.10552924,-123.109074,222.773465,230.694492,154.694763,126.358293,-2.79402175,125.322328,16.8237094,15.249023,0.0685590494,0.0291412192,0.0604061828,0.0142206075,0.811866328,2.76654597
19.3270533,return_center_after_right,center,0,0,43,0,49.746094,31.618652,-136.757812,43.330078,100.678711,10.17334,222.766135,230.775646,154.711075,-124.036152,-8.12344187,-123.091513,222.773465,230.694492,154.694763,126.358293,-2.79402175,125.322328,16.8436283,15.270996,0.0831009641,-0.00733035857,0.0811537473,0.0163127365,0.863921725,1.6518065
19.3522818,return_center_after_right,center,0,0,44,0,49.746094,31.618652,-136.779785,43.352051,100.678711,10.17334,222.756663,230.700635,154.685506,-124.06875,-8.12307623,-123.099887,222.773465,230.694492,154.694763,126.358293,-2.79402175,125.322328,16.8212556,15.249023,0.0201426424,-0.0168021289,0.00614320986,-0.0092561049,1.23172262,3.16359116
19.3775213,return_center_after_right,center,0,0,45,0,49.746094,31.618652,-136.779785,43.352051,100.678711,10.151367,222.756663,230.700635,154.685506,-124.077418,-8.14753792,-123.111508,222.773465,230.694492,154.694763,126.358293,-2.79402175,125.322328,16.8252017,15.249023,0.0201426424,-0.0168021289,0.00614320986,-0.0092561049,0.870580962,0
19.4053371,return_center_after_right,center,0,0,46,0,49.746094,31.618652,-136.757812,43.352051,100.678711,10.17334,222.802606,230.754898,154.708983,-124.044941,-8.10552924,-123.109074,222.773465,230.694492,154.694763,126.358293,-2.79402175,125.322328,16.8237094,15.249023,0.0685590494,0.0291412192,0.0604061828,0.0142206075,1.11715261,2.69185008
19.4304984,return_center_after_right,center,0,0,47,0,49.746094,31.618652,-136.779785,43.395996,100.656738,10.195312,222.829951,230.654631,154.656808,-124.103619,-8.06022174,-123.102715,222.773465,230.694492,154.694763,126.358293,-2.79402175,125.322328,16.7738026,15.205078,0.0788684267,0.0564865702,-0.0398613492,-0.0379548279,2.31045445,4.62183057
19.4556055,return_center_after_right,center,0,0,48,0,49.746094,31.618652,-136.757812,43.395996,100.656738,10.195312,222.875902,230.708902,154.680289,-124.079806,-8.04267332,-123.111891,222.773465,230.694492,154.694763,126.358293,-2.79402175,125.322328,16.7762634,15.205078,0.104453212,0.10243703,0.0144100227,-0.0144734166,0.875169189,2.98273407
19.485122,return_center_after_right,center,0,0,49,0,49.768066,31.618652,-136.779785,43.439941,100.656738,10.195312,222.814387,230.698499,154.652647,-124.109397,-8.04750433,-123.126224,222.773465,230.694492,154.694763,126.358293,-2.79402175,125.322328,16.7270377,15.161133,0.0588588982,0.0409220327,0.00400703626,-0.0421153274,1.82343737,2.31185467
19.5102894,return_center_after_right,center,0,0,50,0,49.768066,31.618652,-136.801758,43.461914,100.656738,10.195312,222.804891,230.623397,154.62711,-124.14198,-8.04714309,-123.134623,222.773465,230.694492,154.694763,126.358293,-2.79402175,125.322328,16.7046822,15.13916,0.103048224,0.0314266272,-0.07109472,-0.0676523796,1.23470975,3.17437751
19.5355291,return_center_after_right,center,0,0,51,0,49.790039,31.618652,-136.801758,43.527832,100.656738,10.217285,222.825731,230.646373,154.620904,-124.147805,-7.99202998,-123.164108,222.773465,230.694492,154.694763,126.358293,-2.79402175,125.322328,16.6340844,15.073242,0.102480393,0.0522661627,-0.0481186208,-0.0738584971,2.88732729,1.25333846
19.5646753,return_center_after_right,center,0,0,52,0,49.812012,31.618652,-136.801758,43.637695,100.634766,10.217285,222.91968,230.623025,154.586128,-124.205802,-7.92284387,-123.219636,222.773465,230.694492,154.694763,126.358293,-2.79402175,125.322328,16.5239052,14.963379,0.195672401,0.146214851,-0.0714668689,-0.108634214,3.91725034,3.529217
19.5899458,return_center_after_right,center,0,0,53,0,49.833984,31.618652,-136.801758,43.681641,100.634766,10.217285,222.90401,230.666707,154.582054,-124.211533,-7.91009067,-123.243168,222.773465,230.694492,154.694763,126.358293,-2.79402175,125.322328,16.4771627,14.919433,0.174692232,0.130545242,-0.0277853832,-0.112708865,1.9442729,1.84347757
19.6151664,return_center_after_right,center,0,0,54,0,49.855957,31.618652,-136.82373,43.703613,100.612793,10.239258,222.806404,230.67238,154.532043,-124.249556,-7.90580352,-123.207737,222.773465,230.694492,154.694763,126.358293,-2.79402175,125.322328,16.4402171,14.897461,0.16748563,0.0329387434,-0.0221124319,-0.162719131,1.94809655,4.35433621
19.6408048,return_center_after_right,center,0,0,55,0,49.899902,31.640625,-136.845703,43.813477,100.59082,10.239258,222.784472,230.7018,154.565997,-124.295698,-7.8596503,-123.251687,222.773465,230.694492,154.694763,126.358293,-2.79402175,125.322328,16.3188947,14.787597,0.129441161,0.0110069135,0.00730834298,-0.128765097,4.84808345,1.9499949
19.6666045,return_center_after_right,center,0,0,56,0,49.899902,31.640625,-136.845703,43.901367,100.59082,10.283203,222.929865,230.617889,154.557989,-124.31305,-7.73874202,-123.298795,222.773465,230.694492,154.694763,126.358293,-2.79402175,125.322328,16.2313844,14.699707,0.221440921,0.156400236,-0.0766030258,-0.136773624,3.80871917,6.51405192
19.6918492,return_center_after_right,center,0,0,57,0,49.943848,31.640625,-136.867676,43.967285,100.568848,10.283203,222.816454,230.666791,154.504048,-124.365457,-7.74611569,-123.298587,222.773465,230.694492,154.694763,126.358293,-2.79402175,125.322328,16.1516361,14.633789,0.197452414,0.0429887758,-0.0277013304,-0.190714597,3.37100409,5.33857457
19.722306,return_center_after_right,center,0,0,58,0,49.987793,31.640625,-136.911621,44.121094,100.546875,10.327148,222.802427,230.576689,154.418865,-124.458786,-7.65015458,-123.336607,222.773465,230.694492,154.694763,126.358293,-2.79402175,125.322328,15.9820073,14.47998,0.301390162,0.0289619938,-0.117803231,-0.275897864,5.68060797,4.09711657
19.7474372,return_center_after_right,center,0,0,59,0,50.009766,31.662598,-136.911621,44.187012,100.524902,10.327148,222.841775,230.616458,154.480497,-124.475298,-7.59883695,-123.366012,222.773465,230.694492,154.694763,126.358293,-2.79402175,125.322328,15.9098262,14.414062,0.238044753,0.0683097615,-0.0780338803,-0.21426571,3.02873565,3.31208813
19.7726648,return_center_after_right,center,0,0,60,0,50.031738,31.662598,-136.933594,44.25293,100.50293,10.349121,222.816674,230.579346,154.426734,-124.530514,-7.55840885,-123.365919,222.773465,230.694492,154.694763,126.358293,-2.79402175,125.322328,15.8331244,14.348144,0.294898112,0.0432089577,-0.115146074,-0.268028476,3.14035258,2.77412177
19.8018022,return_center_after_right,center,0,0,61,0,50.097656,31.68457,-136.977539,44.472656,100.480957,10.371094,222.841149,230.532096,154.428195,-124.622769,-7.4380416,-123.46585,222.773465,230.694492,154.694763,126.358293,-2.79402175,125.322328,15.5990077,14.128418,0.319393134,0.0676843873,-0.162395611,-0.266567933,8.1219464,1.82694904
19.8270073,return_center_after_right,center,0,0,62,0,50.119629,31.706543,-136.977539,44.560547,100.458984,10.415039,222.916388,230.55014,154.488131,-124.630001,-7.31933045,-123.489685,222.773465,230.694492,154.694763,126.358293,-2.79402175,125.322328,15.4990417,14.040527,0.289760276,0.142923615,-0.144351636,-0.206631225,4.18079703,3.88301965
19.8522389,return_center_after_right,center,0,0,63,0,50.163574,31.728516,-136.999512,44.626465,100.437012,10.415039,222.821228,230.620095,154.526538,-124.658429,-7.30874129,-123.498574,222.773465,230.694492,154.694763,126.358293,-2.79402175,125.322328,15.4175568,13.974609,0.190041828,0.0477633796,-0.0743969615,-0.168224992,3.48335027,4.92216369
19.8825269,return_center_after_right,center,0,0,64,0,50.229492,31.750488,-137.043457,44.846191,100.393066,10.458984,222.845223,230.56641,154.504144,-124.767232,-7.16041916,-123.566331,222.773465,230.694492,154.694763,126.358293,-2.79402175,125.322328,15.1758223,13.754883,0.240602487,0.0717576765,-0.128081888,-0.190618527,8.0129267,2.07748131
19.9077041,return_center_after_right,center,0,0,65,0,50.273438,31.772461,-137.06543,45,100.371094,10.480957,222.894281,230.550105,154.535478,-124.820915,-7.05253138,-123.634033,222.773465,230.694492,154.694763,126.358293,-2.79402175,125.322328,15.0107819,13.601074,0.246608153,0.12081611,-0.144386991,-0.159284166,6.58890819,2.40105224
19.9328382,return_center_after_right,center,0,0,66,0,50.317383,31.772461,-137.06543,45.087891,100.371094,10.50293,222.861737,230.635139,154.528342,-124.822762,-7.00201559,-123.669864,222.773465,230.694492,154.694763,126.358293,-2.79402175,125.322328,14.9132509,13.513183,0.197510736,0.0882717782,-0.0593527833,-0.166420645,4.00617806,3.63364765
19.9589593,return_center_after_right,center,0,0,67,0,50.383301,31.816406,-137.131348,45.307617,100.327148,10.546875,222.857722,230.546523,154.575218,-124.930837,-6.85301356,-123.737854,222.773465,230.694492,154.694763,126.358293,-2.79402175,125.322328,14.6675174,13.293457,0.208050172,0.0842575267,-0.147968657,-0.119544217,9.59094302,3.84098431
19.9840522,return_center_after_right,center,0,0,68,0,50.427246,31.816406,-137.15332,45.461426,100.283203,10.59082,222.887881,230.501709,154.490721,-125.024725,-6.73498636,-123.764693,222.773465,230.694492,154.694763,126.358293,-2.79402175,125.322328,14.4965753,13.139648,0.303132326,0.114415913,-0.192783366,-0.204041122,6.89491132,3.99666409
20.0091891,return_center_after_right,center,0,0,69,0,50.471191,31.838379,-137.175293,45.571289,100.26123,10.59082,222.864104,230.526807,154.526183,-125.069898,-6.68747385,-123.808798,222.773465,230.694492,154.694763,126.358293,-2.79402175,125.322328,14.3753407,13.029785,0.254465009,0.0906387019,-0.16768461,-0.168579175,4.94475061,1.97025857
20.0344152,return_center_after_right,center,0,0,70,0,50.515137,31.860352,-137.175293,45.725098,100.217285,10.634766,222.957694,230.558549,154.557458,-125.115997,-6.53306576,-123.852822,222.773465,230.694492,154.694763,126.358293,-2.79402175,125.322328,14.2049605,12.875976,0.266970685,0.184228964,-0.135943222,-0.137304319,6.85850893,4.10911371
20.0626729,return_center_after_right,center,0,0,71,0,50.625,31.882324,-137.241211,46.010742,100.195312,10.700684,222.864581,230.554323,154.533169,-125.213538,-6.37161899,-123.951967,222.773465,230.694492,154.694763,126.358293,-2.79402175,125.322328,13.8870837,12.590332,0.232512744,0.0911164124,-0.140169231,-0.161593818,11.3750487,3.40868428
20.0929904,return_center_after_right,center,0,0,72,0,50.690918,31.904297,-137.263184,46.230469,100.151367,10.722656,222.93106,230.5491,154.536792,-125.305629,-6.2275982,-124.040247,222.773465,230.694492,154.694763,126.358293,-2.79402175,125.322328,13.6516341,12.370605,0.2663261,0.157594669,-0.145392029,-0.157970472,7.80581378,2.20273345
20.1181211,return_center_after_right,center,0,0,73,0,50.734863,31.92627,-137.285156,46.384277,100.129395,10.766602,222.977955,230.528342,154.569872,-125.34861,-6.09358894,-124.096739,222.773465,230.694492,154.694763,126.358293,-2.79402175,125.322328,13.4827094,12.216797,0.291581579,0.204490274,-0.166149906,-0.124890967,6.77253592,2.42839476
20.1432192,return_center_after_right,center,0,0,74,0,50.800781,31.948242,-137.329102,46.516113,100.085449,10.810547,222.855407,230.554452,154.556649,-125.421167,-6.01619362,-124.095051,222.773465,230.694492,154.694763,126.358293,-2.79402175,125.322328,13.3208131,12.084961,0.213075354,0.0819418018,-0.14003997,-0.138113919,6.66740177,5.02009824
20.1684477,return_center_after_right,center,0,0,75,0,50.866699,31.970215,-137.351074,46.73584,100.041504,10.83252,222.920703,230.546925,154.561211,-125.512543,-5.87124342,-124.183373,222.773465,230.694492,154.694763,126.358293,-2.79402175,125.322328,13.0853577,11.865234,0.247570684,0.147238448,-0.147566941,-0.133551792,9.38038752,2.61161693
20.1936188,return_center_after_right,center,0,0,76,0,50.932617,31.992188,-137.373047,46.911621,100.019531,10.876465,222.914024,230.587783,154.593495,-125.5516,-5.74172882,-124.246176,222.773465,230.694492,154.694763,126.358293,-2.79402175,125.322328,12.8895242,11.689453,0.203467194,0.140559453,-0.106709244,-0.101267351,7.8077518,2.08572841
20.2188587,return_center_after_right,center,0,0,77,0,51.020508,32.01416,-137.438965,47.15332,99.975586,10.92041,222.835401,230.530352,154.550335,-125.677075,-5.61320375,-124.313152,222.773465,230.694492,154.694763,126.358293,-2.79402175,125.322328,12.6189255,11.447754,0.227238224,0.0619362235,-0.164139962,-0.144427102,10.8382626,4.21957909
20.2440999,return_center_after_right,center,0,0,78,0,51.064453,32.036133,-137.438965,47.285156,99.953613,10.942383,222.89034,230.584717,154.609469,-125.69643,-5.50292366,-124.371704,222.773465,230.694492,154.694763,126.358293,-2.79402175,125.322328,12.4760387,11.315918,0.181618512,0.116874913,-0.109775283,-0.0852931756,5.70831909,3.85549212
20.2726908,return_center_after_right,center,0,0,79,0,51.174316,32.080078,-137.504883,47.592773,99.887695,11.008301,222.847289,230.560732,154.630491,-125.827236,-5.29528435,-124.456089,222.773465,230.694492,154.694763,126.358293,-2.79402175,125.322328,12.1294439,11.008301,0.165748113,0.0738236761,-0.13375988,-0.0642712711,12.1998473,1.87394792
20.2978675,return_center_after_right,center,0,0,80,0,51.218262,32.080078,-137.526855,47.768555,99.865723,11.030273,222.909371,230.490471,154.57225,-125.909903,-5.18404933,-124.533777,222.773465,230.694492,154.694763,126.358293,-2.79402175,125.322328,11.9462159,10.832519,0.274052114,0.135906275,-0.204021265,-0.122512728,7.35382583,4.38406355
20.3230953,return_center_after_right,center,0,0,81,0,51.262207,32.102051,-137.548828,47.900391,99.84375,11.052246,222.918442,230.487425,154.608521,-125.952379,-5.09147568,-124.584306,222.773465,230.694492,154.694763,126.358293,-2.79402175,125.322328,11.8012594,10.700683,0.267081903,0.144977316,-0.207066968,-0.0862414721,5.77737133,1.48693935
20.351536,return_center_after_right,center,0,0,82,0,51.37207,32.124023,-137.592773,48.186035,99.777832,11.118164,222.865002,230.515431,154.564126,-126.073661,-4.90117412,-124.651528,222.773465,230.694492,154.694763,126.358293,-2.79402175,125.322328,11.4783316,10.415039,0.239807521,0.0915372077,-0.179060826,-0.130636164,11.3807551,2.63379914
20.3812075,return_center_after_right,center,0,0,83,0,51.459961,32.167969,-137.636719,48.427734,99.711914,11.162109,222.846591,230.52454,154.614443,-126.175707,-4.72998828,-124.714018,222.773465,230.694492,154.694763,126.358293,-2.79402175,125.322328,11.2047408,10.17334,0.201698602,0.0731258071,-0.169952146,-0.0803194266,9.30835168,1.83166609
20.4063656,return_center_after_right,center,0,0,84,0,51.525879,32.167969,-137.658691,48.55957,99.711914,11.206055,222.74829,230.587466,154.584153,-126.193898,-4.65833606,-124.755579,222.773465,230.694492,154.694763,126.358293,-2.79402175,125.322328,11.0541244,10.041504,0.155958054,-0.0251753321,-0.107026069,-0.110609844,6.17574051,4.79300527
20.4314823,return_center_after_right,center,0,0,85,0,51.569824,32.189941,-137.680664,48.735352,99.667969,11.228027,222.826779,230.5313,154.594703,-126.277818,-4.52359026,-124.820243,222.773465,230.694492,154.694763,126.358293,-2.79402175,125.322328,10.865606,9.865722,0.19871095,0.0533142412,-0.163192211,-0.100059659,7.57620856,3.86557616
20.4602211,return_center_after_right,center,0,0,86,0,51.679688,32.211914,-137.702637,49.020996,99.624023,11.315918,222.815433,230.615566,154.600359,-126.337771,-4.29222626,-124.905508,222.773465,230.694492,154.694763,126.358293,-2.79402175,125.322328,10.5444941,9.580078,0.130010968,0.0419683662,-0.078926447,-0.094404046,11.2367775,2.96512845
20.4903078,return_center_after_right,center,0,0,87,0,51.767578,32.233887,-137.746582,49.240723,99.580078,11.359863,222.741836,230.625928,154.586111,-126.427873,-4.16086739,-124.96425,222.773465,230.694492,154.694763,126.358293,-2.79402175,125.322328,10.2961763,9.360351,0.132312173,-0.0316283746,-0.0685639634,-0.108651461,8.29472723,2.51525806
20.520956,return_center_after_right,center,0,0,88,0,51.833496,32.277832,-137.790527,49.504395,99.536133,11.403809,222.844158,230.525974,154.662057,-126.521339,-3.94876273,-125.076863,222.773465,230.694492,154.694763,126.358293,-2.79402175,125.322328,10.0134575,9.096679,0.185648608,0.0706933826,-0.168517714,-0.0327052151,9.32010107,5.28420761
20.5460815,return_center_after_right,center,0,0,89,0,51.899414,32.277832,-137.790527,49.63623,99.492188,11.447754,222.788942,230.632385,154.607762,-126.566898,-3.8497074,-125.08407,222.773465,230.694492,154.694763,126.358293,-2.79402175,125.322328,9.85740032,8.964844,0.108009145,0.01547719,-0.0621067355,-0.0870010659,6.36653591,5.23794849
20.5712721,return_center_after_right,center,0,0,90,0,51.943359,32.299805,-137.8125,49.812012,99.470215,11.447754,222.865322,230.577492,154.644367,-126.633347,-3.74192862,-125.181068,222.773465,230.694492,154.694763,126.358293,-2.79402175,125.322328,9.67650411,8.789062,0.157056155,0.0918576281,-0.117000542,-0.0503952894,7.34979369,4.00673703
20.5964296,return_center_after_right,center,0,0,91,0,52.03125,32.321777,-137.856445,50.031738,99.42627,11.491699,222.789992,230.584143,154.631628,-126.722202,-3.60936165,-125.24016,222.773465,230.694492,154.694763,126.358293,-2.79402175,125.322328,9.42826716,8.569336,0.128203639,0.0165271583,-0.110349443,-0.0631349867,9.9199561,3.04836484
20.6216366,return_center_after_right,center,0,0,92,0,52.075195,32.321777,-137.878418,50.185547,99.404297,11.535645,222.813009,230.528592,154.578036,-126.783892,-3.48976541,-125.290187,222.773465,230.694492,154.694763,126.358293,-2.79402175,125.322328,9.26105089,8.415527,0.206668242,0.0395446064,-0.165899985,-0.116726952,6.69557848,3.19540298
20.6468239,return_center_after_right,center,0,0,93,0,52.163086,32.365723,-137.900391,50.405273,99.360352,11.57959,222.798837,230.613102,154.681149,-126.825015,-3.31889624,-125.363816,222.773465,230.694492,154.694763,126.358293,-2.79402175,125.322328,9.01320958,8.195801,0.0863332524,0.025372405,-0.0813900532,-0.0136136248,9.908229,5.32298566
20.6720493,return_center_after_right,center,0,0,94,0,52.207031,32.365723,-137.922363,50.559082,99.316406,11.601562,222.82122,230.551226,154.603685,-126.922423,-3.21920373,-125.403809,222.773465,230.694492,154.694763,126.358293,-2.79402175,125.322328,8.8462253,8.041992,0.176354205,0.04775538,-0.143266051,-0.0910772624,6.69069533,4.02918656
