t,profile,cycle,segment,cmd_index,send_dt_s,target_send_hz,cmd_vel,cmd_dx,cmd_dy,cmd_dz,sample_kind,alarm,j0,j1,j2,j3,j4,j5,x,y,z,a,b,c,axis_projection_mm,off_axis_error_mm,distance_from_base_mm
3.66547871,balanced,1,extend,1,,80,6.66666667,0.0832376273,-0.00392567517,-0.000728643195,feedback,0,55.041504,32.958984,-138.669434,58.601074,97.822266,13.161621,222.731331,230.629166,154.647319,126.37348,-2.75533734,125.262878,0.000155946325,0.0180009866,0.0180016621
3.68950224,balanced,1,extend,3,0.0126092434,80,6.66666667,0.0832376273,-0.00392567517,-0.000728643195,feedback,0,55.063477,32.958984,-138.647461,58.601074,97.822266,13.161621,222.684506,230.774171,154.67051,126.38039,-2.75156937,125.296408,-0.0536495241,0.142715367,0.152466218
3.71498156,balanced,1,extend,5,0.0130136013,80,6.66666667,0.0832376273,-0.00392567517,-0.000728643195,feedback,0,55.041504,32.958984,-138.669434,58.601074,97.822266,13.183594,222.731331,230.629166,154.647319,126.383629,-2.7798044,125.274071,0.000155946325,0.0180009866,0.0180016621
3.73961282,balanced,1,extend,7,0.0126101971,80,6.66666667,0.0832376273,-0.00392567517,-0.000728643195,feedback,0,55.041504,32.958984,-138.647461,58.601074,97.822266,13.183594,222.772992,230.688755,154.67051,126.379325,-2.8000362,125.296408,0.0387584663,0.0617319663,0.0728907016
3.76512599,balanced,1,extend,9,0.0126297474,80,6.66666667,0.0832376273,-0.00392567517,-0.000728643195,feedback,0,55.041504,32.958984,-138.647461,58.601074,97.822266,13.183594,222.772992,230.688755,154.67051,126.379325,-2.8000362,125.296408,0.0387584663,0.0617319663,0.0728907016
3.79032612,balanced,1,extend,11,0.0125980377,80,6.66666667,0.0832376273,-0.00392567517,-0.000728643195,feedback,0,55.041504,32.958984,-138.647461,58.601074,97.822266,13.161621,222.772992,230.688755,154.67051,126.369178,-2.77556821,125.285215,0.0387584663,0.0617319663,0.0728907016
3.81572366,balanced,1,extend,13,0.012614727,80,6.66666667,0.0832376273,-0.00392567517,-0.000728643195,feedback,0,55.041504,32.958984,-138.647461,58.601074,97.822266,13.161621,222.772992,230.688755,154.67051,126.369178,-2.77556821,125.285215,0.0387584663,0.0617319663,0.0728907016
3.84061694,balanced,1,extend,15,0.0126283169,80,6.66666667,0.0832376273,-0.00392567517,-0.000728643195,feedback,0,55.041504,32.958984,-138.647461,58.601074,97.822266,13.183594,222.772992,230.688755,154.67051,126.379325,-2.8000362,125.296408,0.0387584663,0.0617319663,0.0728907016
3.86563754,balanced,1,extend,17,0.0126075745,80,6.66666667,0.0832376273,-0.00392567517,-0.000728643195,feedback,0,55.041504,32.958984,-138.625488,58.579102,97.822266,13.161621,222.782041,230.774996,154.692841,126.382697,-2.77631857,125.314483,0.0435391717,0.15066163,0.156826612
3.89110351,balanced,1,extend,19,0.0126070976,80,6.66666667,0.0832376273,-0.00392567517,-0.000728643195,feedback,0,55.019531,32.958984,-138.647461,58.601074,97.822266,13.161621,222.861445,230.603304,154.67051,126.357963,-2.7995629,125.27402,0.131135329,0.0206984221,0.1327588
3.91619158,balanced,1,extend,21,0.0126066208,80,6.66666667,0.0832376273,-0.00392567517,-0.000728643195,feedback,0,55.019531,32.958984,-138.625488,58.557129,97.822266,13.161621,222.83792,230.716203,154.691957,126.389305,-2.78083281,125.310224,0.102131115,0.0959927066,0.140161922
3.94406581,balanced,1,extend,23,0.012714386,80,6.66666667,0.0832376273,-0.00392567517,-0.000728643195,feedback,0,55.019531,32.958984,-138.603516,58.535156,97.822266,13.139648,222.846974,230.802408,154.714327,126.392647,-2.75709847,125.328318,0.106918469,0.185351933,0.213978732
3.96948457,balanced,1,extend,25,0.0125920773,80,6.66666667,0.0832376273,-0.00392567517,-0.000728643195,feedback,0,54.997559,32.958984,-138.603516,58.535156,97.822266,13.139648,222.935466,230.716933,154.714327,126.38143,-2.78109802,125.317129,0.199335993,0.109727183,0.22754097
3.99536467,balanced,1,extend,27,0.0157546997,80,6.66666667,0.0832376273,-0.00392567517,-0.000728643195,feedback,0,54.997559,32.958984,-138.603516,58.557129,97.822266,13.139648,222.968073,230.690271,154.715205,126.363612,-2.80058462,125.310185,0.2331537,0.0889235763,0.249535669
4.0221808,balanced,1,extend,29,0.0125956535,80,6.66666667,0.0832376273,-0.00392567517,-0.000728643195,feedback,0,54.997559,32.958984,-138.603516,58.513184,97.822266,13.117676,222.902851,230.743582,154.713453,126.389087,-2.73714102,125.312881,0.165510446,0.132031118,0.211721336
4.04801989,balanced,1,extend,31,0.0126349926,80,6.66666667,0.0832376273,-0.00392567517,-0.000728643195,feedback,0,54.975586,32.958984,-138.581543,58.535156,97.800293,13.117676,223.065171,230.68523,154.713344,126.376776,-2.80683839,125.291179,0.330393846,0.0879608667,0.341902337
4.07112217,balanced,1,extend,33,0.0127122402,80,6.66666667,0.0832376273,-0.00392567517,-0.000728643195,feedback,0,54.975586,32.958984,-138.581543,58.513184,97.822266,13.117676,223.033039,230.717602,154.736732,126.373534,-2.78135953,125.324046,0.296569534,0.126465269,0.322408053
4.0963757,balanced,1,extend,35,0.0126421452,80,6.66666667,0.0832376273,-0.00392567517,-0.000728643195,feedback,0,54.953613,32.958984,-138.55957,58.513184,97.800293,13.07373,223.162766,230.685847,154.735777,126.35873,-2.78261988,125.286906,0.427650894,0.106889299,0.440806771
4.1261642,balanced,1,extend,37,0.0152153969,80,6.66666667,0.0832376273,-0.00392567517,-0.000728643195,feedback,0,54.931641,32.958984,-138.537598,58.491211,97.800293,13.07373,223.260371,230.686407,154.758242,126.360956,-2.80732393,125.305036,0.52492152,0.127473083,0.540177738
4.15112352,balanced,1,extend,39,0.0126218796,80,6.66666667,0.0832376273,-0.00392567517,-0.000728643195,feedback,0,54.931641,32.958984,-138.537598,58.491211,97.822266,13.07373,223.260838,230.692099,154.782507,126.339889,-2.80135113,125.330943,0.524907359,0.150134674,0.545956185
4.17461681,balanced,1,extend,41,0.0125775337,80,6.66666667,0.0832376273,-0.00392567517,-0.000728643195,feedback,0,54.909668,32.958984,-138.515625,58.447266,97.800293,13.07373,223.325398,230.713571,154.779887,126.380947,-2.81252028,125.330155,0.58840462,0.164141142,0.610870127
4.1998353,balanced,1,extend,43,0.0126259327,80,6.66666667,0.0832376273,-0.00392567517,-0.000728643195,feedback,0,54.909668,32.958984,-138.515625,58.447266,97.800293,13.051758,223.325398,230.713571,154.779887,126.370799,-2.78805196,125.318963,0.58840462,0.164141142,0.610870127
4.22685528,balanced,1,extend,45,0.0125989914,80,6.66666667,0.0832376273,-0.00392567517,-0.000728643195,feedback,0,54.887695,32.958984,-138.493652,58.447266,97.800293,13.051758,223.455651,230.687343,154.80328,126.355198,-2.83224794,125.330139,0.719539324,0.171221623,0.739630775
4.25620532,balanced,1,extend,47,0.0161678791,80,6.66666667,0.0832376273,-0.00392567517,-0.000728643195,feedback,0,54.865723,32.958984,-138.47168,58.40332,97.800293,13.029785,223.520708,230.714392,154.825004,126.364989,-2.81294942,125.344108,0.783057682,0.206629516,0.809861155
4.27907562,balanced,1,extend,49,0.0126109123,80,6.66666667,0.0832376273,-0.00392567517,-0.000728643195,feedback,0,54.865723,32.958984,-138.47168,58.425293,97.800293,13.029785,223.553312,230.687724,154.825849,126.347217,-2.83246079,125.337111,0.816872945,0.193820395,0.839552115
4.30489588,balanced,1,extend,51,0.0126001835,80,6.66666667,0.0832376273,-0.00392567517,-0.000728643195,feedback,0,54.84375,32.937012,-138.449707,58.381348,97.800293,12.98584,223.601791,230.691134,154.756584,126.351234,-2.76850073,125.317523,0.865741116,0.14268234,0.877420042
4.32994938,balanced,1,extend,53,0.0126304626,80,6.66666667,0.0832376273,-0.00392567517,-0.000728643195,feedback,0,54.84375,32.937012,-138.449707,58.381348,97.77832,13.007812,223.601322,230.685472,154.732313,126.38247,-2.79890606,125.302813,0.865752,0.122528054,0.87437958
4.35537124,balanced,1,extend,55,0.0126507282,80,6.66666667,0.0832376273,-0.00392567517,-0.000728643195,feedback,0,54.821777,32.937012,-138.427734,58.337402,97.77832,12.98584,223.666413,230.712414,154.754095,126.392216,-2.77957483,125.316824,0.929308195,0.159911036,0.942966203
4.38732266,balanced,1,extend,57,0.0177628994,80,6.66666667,0.0832376273,-0.00392567517,-0.000728643195,feedback,0,54.799805,32.937012,-138.383789,58.359375,97.77832,12.963867,223.871211,230.718658,154.801911,126.34426,-2.83898713,125.332208,1.1331593,0.204788779,1.15151572
4.41688275,balanced,1,extend,59,0.0164215565,80,6.66666667,0.0832376273,-0.00392567517,-0.000728643195,feedback,0,54.777832,32.937012,-138.383789,58.31543,97.77832,12.941895,223.894483,230.686141,154.800256,126.358376,-2.79945815,125.323867,1.15795067,0.183091574,1.17233625
4.4395566,balanced,1,extend,61,0.0126185417,80,6.66666667,0.0832376273,-0.00392567517,-0.000728643195,feedback,0,54.777832,32.937012,-138.383789,58.293457,97.77832,12.941895,223.861871,230.712802,154.799436,126.376115,-2.77992701,125.330892,1.12412747,0.198584779,1.14153339
4.46691179,balanced,1,extend,63,0.0126957893,80,6.66666667,0.0832376273,-0.00392567517,-0.000728643195,feedback,0,54.755859,32.937012,-138.361816,58.293457,97.77832,12.919922,223.992242,230.686245,154.822973,126.350304,-2.79962639,125.330909,1.2553933,0.204916063,1.27200744
4.49374461,balanced,1,extend,65,0.0148894787,80,6.66666667,0.0832376273,-0.00392567517,-0.000728643195,feedback,0,54.733887,32.937012,-138.339844,58.249512,97.77832,12.919922,224.057403,230.71295,154.844914,126.370085,-2.804714,125.356201,1.3190298,0.240613672,1.34079624
4.51942801,balanced,1,extend,67,0.012595892,80,6.66666667,0.0832376273,-0.00392567517,-0.000728643195,feedback,0,54.711914,32.937012,-138.339844,58.249512,97.77832,12.897949,224.145865,230.627006,154.844914,126.348712,-2.80423964,125.333811,1.41143904,0.202482691,1.42588899
4.54422879,balanced,1,extend,69,0.0126180649,80,6.66666667,0.0832376273,-0.00392567517,-0.000728643195,feedback,0,54.711914,32.937012,-138.317871,58.227539,97.77832,12.875977,224.155198,230.712934,154.867705,126.351811,-2.78039748,125.352084,1.41651423,0.262403792,1.44061386
4.56940675,balanced,1,extend,71,0.0126187801,80,6.66666667,0.0832376273,-0.00392567517,-0.000728643195,feedback,0,54.689941,32.915039,-138.295898,58.249512,97.756348,12.875977,224.301102,230.630394,154.776627,126.344003,-2.82982107,125.307945,1.56693533,0.145875277,1.57371087
4.59525871,balanced,1,extend,73,0.0126130581,80,6.66666667,0.0832376273,-0.00392567517,-0.000728643195,feedback,0,54.667969,32.915039,-138.295898,58.183594,97.756348,12.854004,224.29173,230.62439,154.774226,126.375768,-2.7707162,125.306721,1.55787822,0.140494744,1.56420054
4.62004733,balanced,1,extend,75,0.0126004219,80,6.66666667,0.0832376273,-0.00392567517,-0.000728643195,feedback,0,54.667969,32.915039,-138.251953,58.183594,97.756348,12.854004,224.375703,230.742847,154.821503,126.366799,-2.81100906,125.351582,1.63576029,0.25603878,1.65567738
4.64510179,balanced,1,extend,77,0.0126101971,80,6.66666667,0.0832376273,-0.00392567517,-0.000728643195,feedback,0,54.645996,32.915039,-138.251953,58.183594,97.756348,12.854004,224.464176,230.656782,154.821503,126.355571,-2.83500014,125.340388,1.72818671,0.203155166,1.74008658
4.67349911,balanced,1,extend,79,0.0154297352,80,6.66666667,0.0832376273,-0.00392567517,-0.000728643195,feedback,0,54.624023,32.893066,-138.22998,58.139648,97.734375,12.810059,224.512272,230.654115,154.728022,126.380583,-2.77682167,125.295061,1.77716998,0.13402869,1.78221683
4.69851184,balanced,1,extend,81,0.0126152039,80,6.66666667,0.0832376273,-0.00392567517,-0.000728643195,feedback,0,54.602051,32.893066,-138.22998,58.139648,97.756348,12.810059,224.601175,230.573585,154.752311,126.348229,-2.7949488,125.309752,1.86955245,0.108351614,1.87268962
4.72204947,balanced,1,extend,83,0.0125815868,80,6.66666667,0.0832376273,-0.00392567517,-0.000728643195,feedback,0,54.580078,32.893066,-138.186035,58.117676,97.734375,12.788086,224.740662,230.626844,154.774632,126.356665,-2.82104397,125.313448,2.00617478,0.156904947,2.01230127
4.75166583,balanced,1,extend,85,0.0126156807,80,6.66666667,0.0832376273,-0.00392567517,-0.000728643195,feedback,0,54.580078,32.893066,-138.186035,58.095703,97.734375,12.788086,224.708054,230.653513,154.773857,126.374343,-2.80148064,125.320537,1.97235481,0.172089334,1.97984803
4.77283049,balanced,1,extend,87,0.0126171112,80,6.66666667,0.0832376273,-0.00392567517,-0.000728643195,feedback,0,54.558105,32.871094,-138.164062,58.07373,97.734375,12.766113,224.789241,230.629612,154.705457,126.370648,-2.78144407,125.305242,2.05517238,0.113410099,2.05829914
4.79943156,balanced,1,extend,89,0.0126414299,80,6.66666667,0.0832376273,-0.00392567517,-0.000728643195,feedback,0,54.536133,32.871094,-138.14209,58.07373,97.734375,12.744141,224.919776,230.602506,154.729196,126.344752,-2.80109029,125.305306,2.18662714,0.112852154,2.18953736
4.8233676,balanced,1,extend,91,0.0125992298,80,6.66666667,0.0832376273,-0.00392567517,-0.000728643195,feedback,0,54.51416,32.871094,-138.120117,58.029785,97.734375,12.722168,224.985122,230.628677,154.75144,126.354159,-2.78159547,125.319589,2.25047109,0.149543274,2.25543417
4.8482399,balanced,1,extend,93,0.0126361847,80,6.66666667,0.0832376273,-0.00392567517,-0.000728643195,feedback,0,54.51416,32.871094,-138.120117,58.007812,97.712402,12.700195,224.952042,230.64979,154.726385,126.382821,-2.74337877,125.289629,2.21665306,0.148833763,2.22164405
4.87370062,balanced,1,extend,95,0.0126259327,80,6.66666667,0.0832376273,-0.00392567517,-0.000728643195,feedback,0,54.470215,32.849121,-138.076172,58.029785,97.712402,12.678223,225.229043,230.545123,154.683287,126.328057,-2.80658592,125.271389,2.49864335,0.0521725726,2.49918798
4.89991713,balanced,1,retract,97,0.0139021873,80,6.66666667,-0.0832376273,0.00392567517,0.000728643195,feedback,0,54.448242,32.849121,-138.054199,57.963867,97.712402,12.700195,225.261847,230.597824,154.704861,126.375333,-2.81640734,125.315242,2.52873889,0.107369551,2.5310173
4.92797279,balanced,1,retract,99,0.0125677586,80,6.66666667,-0.0832376273,0.00392567517,0.000728643195,feedback,0,54.448242,32.849121,-138.054199,57.963867,97.712402,12.678223,225.261847,230.597824,154.704861,126.365188,-2.79193981,125.304049,2.52873889,0.107369551,2.5310173
4.9560082,balanced,1,retract,101,0.0126228333,80,6.66666667,-0.0832376273,0.00392567517,0.000728643195,feedback,0,54.42627,32.849121,-138.032227,57.919922,97.712402,12.65625,225.32725,230.623771,154.727238,126.374497,-2.77238442,125.318414,2.59264896,0.144297466,2.59666139
4.9808743,balanced,1,retract,103,0.0126051903,80,6.66666667,-0.0832376273,0.00392567517,0.000728643195,feedback,0,54.404297,32.827148,-138.010254,57.919922,97.712402,12.634277,225.441098,230.572852,154.659572,126.353132,-2.7719157,125.296025,2.70935609,0.0736235912,2.71035622
5.0063529,balanced,1,retract,105,0.0126111507,80,6.66666667,-0.0832376273,0.00392567517,0.000728643195,feedback,0,54.382324,32.827148,-137.966309,57.875977,97.712402,12.634277,225.548782,230.657657,154.705913,126.367936,-2.79688957,125.344119,2.81251616,0.173870001,2.81788536
5.03158188,balanced,1,retract,107,0.012481451,80,6.66666667,-0.0832376273,0.00392567517,0.000728643195,feedback,0,54.360352,32.827148,-137.966309,57.875977,97.69043,12.590332,225.636758,230.565648,154.681605,126.357617,-2.77773768,125.284671,2.9049381,0.0844332134,2.90616489
5.0573144,balanced,1,retract,109,0.0126194954,80,6.66666667,-0.0832376273,0.00392567517,0.000728643195,feedback,0,54.338379,32.827148,-137.944336,57.832031,97.69043,12.590332,225.702237,230.591379,154.704108,126.376985,-2.78259824,125.310307,2.9689332,0.12099599,2.97139771
5.08180928,balanced,1,retract,111,0.0126414299,80,6.66666667,-0.0832376273,0.00392567517,0.000728643195,feedback,0,54.316406,32.827148,-137.922363,57.810059,97.69043,12.568359,225.800349,230.590384,154.727367,126.368575,-2.78258595,125.317604,3.06677581,0.138200139,3.06988814
5.11226916,balanced,1,retract,113,0.0173466206,80,6.66666667,-0.0832376273,0.00392567517,0.000728643195,feedback,0,54.294434,32.805176,-137.878418,57.810059,97.69043,12.546387,225.956556,230.598105,154.683687,126.342564,-2.80217615,125.317729,3.22282185,0.129562785,3.22542512
5.14074707,balanced,1,retract,115,0.0163133144,80,6.66666667,-0.0832376273,0.00392567517,0.000728643195,feedback,0,54.272461,32.805176,-137.856445,57.744141,97.668457,12.502441,225.989026,230.644844,154.681293,126.380337,-2.74419621,125.302377,3.25307336,0.174864747,3.25776979
5.16776586,balanced,1,retract,117,0.0129070282,80,6.66666667,-0.0832376273,0.00392567517,0.000728643195,feedback,0,54.250488,32.805176,-137.856445,57.744141,97.668457,12.502441,226.077462,230.55816,154.681293,126.369125,-2.76819565,125.291184,3.34549127,0.0977938009,3.34692029
5.19160271,balanced,1,retract,119,0.012629509,80,6.66666667,-0.0832376273,0.00392567517,0.000728643195,feedback,0,54.228516,32.805176,-137.834473,57.744141,97.668457,12.502441,226.208246,230.530277,154.705348,126.353239,-2.81223269,125.302519,3.47722872,0.0958548507,3.47854965
5.22590375,balanced,1,retract,121,0.0193929672,80,6.66666667,-0.0832376273,0.00392567517,0.000728643195,feedback,0,54.206543,32.783203,-137.790527,57.722168,97.668457,12.458496,226.331954,230.564384,154.661042,126.334614,-2.78771738,125.298667,3.59957532,0.108381259,3.6012066
5.25017929,balanced,1,retract,123,0.0126137733,80,6.66666667,-0.0832376273,0.00392567517,0.000728643195,feedback,0,54.18457,32.783203,-137.768555,57.700195,97.646484,12.458496,226.429721,230.557604,154.660144,126.357495,-2.81784496,125.291378,3.69755738,0.106274423,3.69908433
5.2756741,balanced,1,retract,125,0.0125832558,80,6.66666667,-0.0832376273,0.00392567517,0.000728643195,feedback,0,54.162598,32.783203,-137.768555,57.634277,97.646484,12.436523,226.420292,230.550775,154.658111,126.388763,-2.75846635,125.290648,3.6884785,0.0987108588,3.68979911
5.3009243,balanced,1,retract,127,0.0126159191,80,6.66666667,-0.0832376273,0.00392567517,0.000728643195,feedback,0,54.140625,32.783203,-137.746582,57.634277,97.646484,12.414551,226.55116,230.52268,154.682254,126.362689,-2.77802005,125.29082,3.82030834,0.0891540717,3.82134849
5.32560468,balanced,1,retract,129,0.0126042366,80,6.66666667,-0.0832376273,0.00392567517,0.000728643195,feedback,0,54.118652,32.783203,-137.702637,57.612305,97.646484,12.414551,226.691905,230.579907,154.729955,126.359551,-2.82241081,125.331978,3.95777831,0.169474522,3.96140515
5.35144329,balanced,1,retract,131,0.0126228333,80,6.66666667,-0.0832376273,0.00392567517,0.000728643195,feedback,0,54.09668,32.76123,-137.680664,57.568359,97.624512,12.392578,226.74019,230.576207,154.636588,126.394486,-2.78833455,125.298234,4.00699883,0.136101762,4.00930958
5.37635756,balanced,1,retract,133,0.0125892162,80,6.66666667,-0.0832376273,0.00392567517,0.000728643195,feedback,0,54.074707,32.76123,-137.658691,57.546387,97.624512,12.370605,226.838508,230.574591,154.660162,126.385889,-2.78821335,125.305675,4.10507423,0.142331551,4.10754096
5.40210915,balanced,1,retract,135,0.0126173496,80,6.66666667,-0.0832376273,0.00392567517,0.000728643195,feedback,0,54.052734,32.76123,-137.636719,57.546387,97.624512,12.348633,226.969457,230.546246,154.684417,126.35977,-2.80774289,125.305865,4.2369963,0.129620009,4.23897853
5.42728925,balanced,1,retract,137,0.0126130581,80,6.66666667,-0.0832376273,0.00392567517,0.000728643195,feedback,0,54.030762,32.76123,-137.636719,57.502441,97.624512,12.348633,226.992627,230.512536,154.683125,126.383555,-2.79241981,125.309198,4.26173884,0.1006496,4.2629272
5.45220113,balanced,1,retract,139,0.0126230717,80,6.66666667,-0.0832376273,0.00392567517,0.000728643195,feedback,0,54.008789,32.76123,-137.592773,57.502441,97.624512,12.32666,227.166171,230.542716,154.731724,126.352636,-2.83193209,125.331982,4.43323669,0.161505478,4.43617758
5.48361182,balanced,1,retract,141,0.0177295208,80,6.66666667,-0.0832376273,0.00392567517,0.000728643195,feedback,0,53.964844,32.739258,-137.570801,57.436523,97.602539,12.282715,227.270281,230.478323,154.637752,126.383642,-2.77764277,125.283218,4.54108174,0.0643091561,4.54153708
5.51029921,balanced,1,retract,143,0.0156519413,80,6.66666667,-0.0832376273,0.00392567517,0.000728643195,feedback,0,53.942871,32.739258,-137.526855,57.436523,97.602539,12.260742,227.443936,230.508285,154.686464,126.352681,-2.81712218,125.306031,4.71270034,0.118919511,4.7142005
5.53449035,balanced,1,retract,145,0.0126149654,80,6.66666667,-0.0832376273,0.00392567517,0.000728643195,feedback,0,53.942871,32.739258,-137.526855,57.414551,97.602539,12.260742,227.411322,230.534954,154.68584,126.370147,-2.79744579,125.313331,4.6788731,0.140507055,4.68098234
5.56033421,balanced,1,retract,147,0.0126183033,80,6.66666667,-0.0832376273,0.00392567517,0.000728643195,feedback,0,53.920898,32.717285,-137.504883,57.392578,97.602539,12.23877,227.492741,230.509584,154.617469,126.366244,-2.77729526,125.298243,4.76199116,0.105043315,4.76314958
5.59267592,balanced,1,retract,149,0.0190000534,80,6.66666667,-0.0832376273,0.00392567517,0.000728643195,feedback,0,53.876953,32.717285,-137.460938,57.348633,97.602539,12.216797,227.689649,230.505395,154.665071,126.358913,-2.80137888,125.32451,4.95845439,0.118099339,4.95986062
5.61826444,balanced,1,retract,151,0.0128991604,80,6.66666667,-0.0832376273,0.00392567517,0.000728643195,feedback,0,53.85498,32.717285,-137.438965,57.304688,97.580566,12.194824,227.755057,230.524553,154.663972,126.3889,-2.78709765,125.313566,5.02289469,0.138856084,5.02481364
5.64249158,balanced,1,retract,153,0.0126357079,80,6.66666667,-0.0832376273,0.00392567517,0.000728643195,feedback,0,53.833008,32.717285,-137.438965,57.304688,97.580566,12.150879,227.843443,230.437196,154.663972,126.357384,-2.7621619,125.279987,5.11529409,0.0654971664,5.11571339
5.66801667,balanced,1,retract,155,0.0128529072,80,6.66666667,-0.0832376273,0.00392567517,0.000728643195,feedback,0,53.811035,32.695312,-137.39502,57.282715,97.580566,12.128906,227.967636,230.470038,154.620092,126.348592,-2.76193988,125.287562,5.23818099,0.0877317262,5.23891563
5.69341183,balanced,1,retract,157,0.0126376152,80,6.66666667,-0.0832376273,0.00392567517,0.000728643195,feedback,0,53.789062,32.695312,-137.39502,57.23877,97.558594,12.150879,227.99031,230.430631,154.594561,126.403695,-2.77659929,125.276418,5.26290878,0.0552807066,5.26319911
5.71838379,balanced,1,retract,159,0.0126292706,80,6.66666667,-0.0832376273,0.00392567517,0.000728643195,feedback,0,53.76709,32.695312,-137.351074,57.23877,97.558594,12.128906,228.16426,230.46,154.643615,126.372575,-2.81598758,125.299331,5.43484659,0.0907167077,5.43560364
5.74326301,balanced,1,retract,161,0.012597084,80,6.66666667,-0.0832376273,0.00392567517,0.000728643195,feedback,0,53.745117,32.695312,-137.329102,57.194824,97.558594,12.084961,228.230204,230.484205,154.667024,126.370982,-2.77155006,125.303115,5.49936994,0.124628099,5.50078193
5.77135181,balanced,1,retract,163,0.0126793385,80,6.66666667,-0.0832376273,0.00392567517,0.000728643195,feedback,0,53.723145,32.695312,-137.307129,57.194824,97.558594,12.084961,228.361406,230.455023,154.691622,126.354862,-2.81546695,125.314575,5.63158039,0.118487543,5.63282673
5.7983911,balanced,1,retract,165,0.012619257,80,6.66666667,-0.0832376273,0.00392567517,0.000728643195,feedback,0,53.679199,32.67334,-137.263184,57.172852,97.536621,12.062988,228.573675,230.394587,154.623534,126.356105,-2.84475225,125.285212,5.84704812,0.0419646522,5.84719871
5.82309461,balanced,1,retract,167,0.0125696659,80,6.66666667,-0.0832376273,0.00392567517,0.000728643195,feedback,0,53.657227,32.67334,-137.241211,57.128906,97.536621,12.019043,228.639693,230.418592,154.647057,126.354442,-2.80027147,125.28906,5.91165433,0.0757726687,5.91213991
5.84844208,balanced,1,retract,169,0.0126194954,80,6.66666667,-0.0832376273,0.00392567517,0.000728643195,feedback,0,53.635254,32.67334,-137.219238,57.084961,97.536621,11.99707,228.705725,230.44252,154.670627,126.362872,-2.78023982,125.304133,5.97627638,0.111089945,5.97730879
5.87369418,balanced,1,retract,171,0.0126166344,80,6.66666667,-0.0832376273,0.00392567517,0.000728643195,feedback,0,53.613281,32.67334,-137.197266,57.084961,97.536621,11.99707,228.837008,230.413044,154.695337,126.346702,-2.8241296,125.315614,6.10858118,0.110043287,6.10957229
5.89912224,balanced,1,retract,173,0.0126204491,80,6.66666667,-0.0832376273,0.00392567517,0.000728643195,feedback,0,53.591309,32.651367,-137.175293,57.041016,97.536621,11.975098,228.885922,230.413606,154.626443,126.360049,-2.78418456,125.308041,6.15801501,0.0761065064,6.15848529
5.92437911,balanced,1,retract,175,0.0126101971,80,6.66666667,-0.0832376273,0.00392567517,0.000728643195,feedback,0,53.569336,32.651367,-137.15332,57.019043,97.514648,11.931152,228.984167,230.405475,154.626273,126.362294,-2.76491677,125.278763,6.2565317,0.072829638,6.25695558
5.9491508,balanced,1,retract,177,0.0126171112,80,6.66666667,-0.0832376273,0.00392567517,0.000728643195,feedback,0,53.547363,32.651367,-137.109375,56.99707,97.514648,11.90918,229.125862,230.460698,154.6753,126.348308,-2.78445759,125.309188,6.39503432,0.148398192,6.39675589
5.9744885,balanced,1,retract,179,0.0126049519,80,6.66666667,-0.0832376273,0.00392567517,0.000728643195,feedback,0,53.525391,32.651367,-137.087402,56.975098,97.514648,11.90918,229.224607,230.457654,154.699594,126.349419,-2.80857075,125.328129,6.49359668,0.162484701,6.49562923
5.99992037,balanced,1,retract,181,0.0126070976,80,6.66666667,-0.0832376273,0.00392567517,0.000728643195,feedback,0,53.481445,32.629395,-137.043457,56.931152,97.492676,11.887207,229.404519,230.422981,154.631209,126.367861,-2.8179327,125.306353,6.67553367,0.111096675,6.67645806
6.02498055,balanced,1,retract,183,0.012622118,80,6.66666667,-0.0832376273,0.00392567517,0.000728643195,feedback,0,53.481445,32.629395,-137.043457,56.90918,97.492676,11.865234,229.371894,230.449644,154.630692,126.375023,-2.77369874,125.302608,6.64169439,0.1355558,6.64307758
6.0506587,balanced,1,retract,185,0.0126237869,80,6.66666667,-0.0832376273,0.00392567517,0.000728643195,feedback,0,53.4375,32.607422,-136.999512,56.887207,97.492676,11.843262,229.584904,230.393287,154.587226,126.354721,-2.7973094,125.299201,6.85749451,0.0891182549,6.85807357
6.07856798,balanced,1,retract,187,0.0156264305,80,6.66666667,-0.0832376273,0.00392567517,0.000728643195,feedback,0,53.393555,32.607422,-136.955566,56.821289,97.470703,11.799316,229.749494,230.408106,154.611178,126.375193,-2.78219752,125.296507,7.02098822,0.110048619,7.02185063
6.10362577,balanced,1,retract,189,0.0126247406,80,6.66666667,-0.0832376273,0.00392567517,0.000728643195,feedback,0,53.393555,32.607422,-136.955566,56.843262,97.470703,11.777344,229.782119,230.381438,154.611677,126.347769,-2.77751667,125.277833,7.05482784,0.0850890002,7.05534095
6.12941432,balanced,1,retract,191,0.0125927925,80,6.66666667,-0.0832376273,0.00392567517,0.000728643195,feedback,0,53.371582,32.607422,-136.933594,56.799316,97.470703,11.755371,229.848352,230.404673,154.635648,126.355894,-2.75731417,125.293145,7.11967988,0.115718803,7.12062023
6.1543839,balanced,2,extend,193,0.0126152039,80,6.66666667,0.0832376273,-0.00392567517,-0.000728643195,feedback,0,53.327637,32.607422,-136.889648,56.777344,97.44873,11.733398,230.078295,230.365832,154.660784,126.351874,-2.80614594,125.286765,7.35096913,0.102322047,7.35168124
6.17964482,balanced,2,extend,195,0.0126085281,80,6.66666667,0.0832376273,-0.00392567517,-0.000728643195,feedback,0,53.305664,32.585449,-136.867676,56.733398,97.44873,11.711426,230.127309,230.36572,154.591966,126.365015,-2.7660792,125.279383,7.40053417,0.0857070393,7.40103045
6.20854783,balanced,2,extend,197,0.0161988735,80,6.66666667,0.0832376273,-0.00392567517,-0.000728643195,feedback,0,53.261719,32.585449,-136.82373,56.689453,97.44873,11.689453,230.325167,230.358355,154.641145,126.356717,-2.78962434,125.306348,7.59808174,0.0969316275,7.59870001
6.2319963,balanced,2,extend,199,0.0125851631,80,6.66666667,0.0832376273,-0.00392567517,-0.000728643195,feedback,0,53.261719,32.585449,-136.82373,56.66748,97.426758,11.689453,230.292086,230.379909,154.616283,126.395405,-2.77522705,125.288096,7.56424103,0.108560615,7.56502001
6.25700307,balanced,2,extend,201,0.0126106739,80,6.66666667,0.0832376273,-0.00392567517,-0.000728643195,feedback,0,53.239746,32.563477,-136.779785,56.645508,97.426758,11.66748,230.416994,230.410877,154.573062,126.386149,-2.77474378,125.296011,7.68792397,0.14618336,7.68931366
6.28250623,balanced,2,extend,203,0.0125668049,80,6.66666667,0.0832376273,-0.00392567517,-0.000728643195,feedback,0,53.195801,32.563477,-136.757812,56.601562,97.426758,11.645508,230.571689,230.345286,154.597282,126.382873,-2.77842938,125.300284,7.84531945,0.0857942139,7.84578855
6.30769849,balanced,2,extend,205,0.0126342773,80,6.66666667,0.0832376273,-0.00392567517,-0.000728643195,feedback,0,53.173828,32.563477,-136.73584,56.601562,97.426758,11.601562,230.703319,230.314682,154.622444,126.346213,-2.7732824,125.289484,7.97801998,0.0670483554,7.97830172
6.34051108,balanced,2,extend,207,0.0177102089,80,6.66666667,0.0832376273,-0.00392567517,-0.000728643195,feedback,0,53.151855,32.563477,-136.713867,56.57959,97.426758,11.601562,230.802336,230.310681,154.647185,126.34704,-2.79723752,125.308628,8.07689552,0.0813046679,8.07730473
6.37122297,balanced,2,extend,209,0.0188593864,80,6.66666667,0.0832376273,-0.00392567517,-0.000728643195,feedback,0,53.195801,32.563477,-136.73584,56.601562,97.426758,11.623535,230.614976,230.40314,154.622444,126.367576,-2.77375131,125.311877,7.88561143,0.147937473,7.886999
6.39696503,balanced,2,extend,211,0.0125832558,80,6.66666667,0.0832376273,-0.00392567517,-0.000728643195,feedback,0,53.217773,32.563477,-136.757812,56.645508,97.426758,11.645508,230.548612,230.380376,154.598196,126.359656,-2.79407283,125.296402,7.82060825,0.119762736,7.82152521
6.42261672,balanced,2,extend,213,0.0128052235,80,6.66666667,0.0832376273,-0.00392567517,-0.000728643195,feedback,0,53.217773,32.563477,-136.801758,56.645508,97.426758,11.645508,230.462061,230.264606,154.547955,126.36991,-2.75448155,125.250849,7.74004995,0.0496909092,7.74020946
6.4471848,balanced,2,extend,215,0.0126383305,80,6.66666667,0.0832376273,-0.00392567517,-0.000728643195,feedback,0,53.261719,32.563477,-136.82373,56.66748,97.426758,11.711426,230.274784,230.356728,154.523343,126.410667,-2.77989842,125.276511,7.548863,0.112696068,7.54970417
6.47148347,balanced,2,extend,217,0.0126485825,80,6.66666667,0.0832376273,-0.00392567517,-0.000728643195,feedback,0,53.283691,32.563477,-136.845703,56.711426,97.44873,11.711426,230.20894,230.338879,154.523626,126.37105,-2.77027861,125.275695,7.48393274,0.0984753913,7.48458059
6.49596882,balanced,2,extend,219,0.0126593113,80,6.66666667,0.0832376273,-0.00392567517,-0.000728643195,feedback,0,53.305664,32.563477,-136.889648,56.755371,97.44873,11.711426,230.099439,230.257873,154.474571,126.35793,-2.74624463,125.226373,7.37880235,0.128455517,7.37992039
6.52538991,balanced,2,extend,221,0.0126180649,80,6.66666667,0.0832376273,-0.00392567517,-0.000728643195,feedback,0,53.371582,32.563477,-136.933594,56.799316,97.470703,11.777344,229.813822,230.358228,154.450031,126.376165,-2.74211524,125.258855,7.08900122,0.165758087,7.09093887
6.54654455,balanced,2,extend,223,0.0126204491,80,6.66666667,0.0832376273,-0.00392567517,-0.000728643195,feedback,0,53.371582,32.563477,-136.955566,56.821289,97.470703,11.799316,229.803299,230.27352,154.425618,126.374083,-2.76652727,125.239837,7.08269348,0.179148322,7.08495879
6.57710004,balanced,2,extend,225,0.0179708004,80,6.66666667,0.0832376273,-0.00392567517,-0.000728643195,feedback,0,53.415527,32.585449,-136.999512,56.887207,97.470703,11.843262,229.655535,230.276806,154.470115,126.369943,-2.80693624,125.239497,6.93455591,0.137022544,6.93590952
6.60550189,balanced,2,extend,227,0.0142972469,80,6.66666667,0.0832376273,-0.00392567517,-0.000728643195,feedback,0,53.459473,32.585449,-137.021484,56.90918,97.492676,11.865234,229.468863,230.373288,154.470155,126.368826,-2.77783798,125.268696,6.74355218,0.149575282,6.7452108
6.62894201,balanced,2,extend,229,0.0125923157,80,6.66666667,0.0832376273,-0.00392567517,-0.000728643195,feedback,0,53.459473,32.585449,-137.043457,56.931152,97.492676,11.843262,229.458405,230.288489,154.445849,126.346383,-2.75327978,125.227337,6.73731406,0.16226337,6.73926777
6.65443659,balanced,2,extend,231,0.0126414299,80,6.66666667,0.0832376273,-0.00392567517,-0.000728643195,feedback,0,53.503418,32.585449,-137.087402,56.953125,97.492676,11.90918,229.228267,230.321416,154.396809,126.391902,-2.75871561,125.230454,6.50631741,0.211635394,6.50975851
6.67957067,balanced,2,extend,233,0.012604475,80,6.66666667,0.0832376273,-0.00392567517,-0.000728643195,feedback,0,53.525391,32.585449,-137.131348,56.975098,97.492676,11.931152,229.086499,230.266247,154.347885,126.405876,-2.7392053,125.200001,6.36773903,0.269272116,6.37342984
6.70680785,balanced,2,extend,235,0.0126287937,80,6.66666667,0.0832376273,-0.00392567517,-0.000728643195,feedback,0,53.569336,32.607422,-137.15332,56.99707,97.514648,11.953125,228.917165,230.385566,154.440637,126.399725,-2.72988315,125.251971,6.19216817,0.177196852,6.19470301
6.73527861,balanced,2,extend,237,0.0163106918,80,6.66666667,0.0832376273,-0.00392567517,-0.000728643195,feedback,0,53.591309,32.607422,-137.197266,57.041016,97.514648,11.975098,228.808136,230.303518,154.392377,126.396281,-2.7300694,125.214165,6.08755129,0.223160299,6.09164027
6.76082492,balanced,2,extend,239,0.0126314163,80,6.66666667,0.0832376273,-0.00392567517,-0.000728643195,feedback,0,53.613281,32.607422,-137.219238,57.062988,97.536621,11.99707,228.709956,230.311568,154.39266,126.38386,-2.7248342,125.232281,5.989102,0.223159192,5.99325811
6.78568912,balanced,2,extend,241,0.0125713348,80,6.66666667,0.0832376273,-0.00392567517,-0.000728643195,feedback,0,53.657227,32.629395,-137.263184,57.106934,97.536621,12.041016,228.529878,230.340334,154.437003,126.396746,-2.74531311,125.239613,5.80748848,0.178207752,5.81022207
6.80988264,balanced,2,extend,243,0.0125820637,80,6.66666667,0.0832376273,-0.00392567517,-0.000728643195,feedback,0,53.679199,32.629395,-137.285156,57.128906,97.536621,12.062988,228.431273,230.342962,154.412994,126.405628,-2.74559775,125.231953,5.70908278,0.203159411,5.71269638
6.83517218,balanced,2,extend,245,0.0125648975,80,6.66666667,0.0832376273,-0.00392567517,-0.000728643195,feedback,0,53.723145,32.651367,-137.329102,57.172852,97.536621,12.062988,228.251254,230.371403,154.457402,126.398138,-2.7171111,125.216954,5.52754266,0.159614877,5.52984673
6.86195898,balanced,2,extend,247,0.0126037598,80,6.66666667,0.0832376273,-0.00392567517,-0.000728643195,feedback,0,53.745117,32.651367,-137.373047,57.194824,97.558594,12.106934,228.110338,230.320758,154.433331,126.400687,-2.71634231,125.223679,5.38938445,0.192786009,5.39283147
6.88713622,balanced,2,extend,249,0.0125973225,80,6.66666667,0.0832376273,-0.00392567517,-0.000728643195,feedback,0,53.76709,32.67334,-137.373047,57.260742,97.558594,12.106934,228.136977,230.351588,154.52737,126.354772,-2.77136499,125.235503,5.41371815,0.0933967235,5.41452372
6.91397429,balanced,2,extend,251,0.0125923157,80,6.66666667,0.0832376273,-0.00392567517,-0.000728643195,feedback,0,53.811035,32.67334,-137.416992,57.282715,97.580566,12.150879,227.907796,230.388244,154.503371,126.36846,-2.74652541,125.253489,5.18328336,0.116676971,5.1845964
6.94015598,balanced,2,extend,253,0.0126144886,80,6.66666667,0.0832376273,-0.00392567517,-0.000728643195,feedback,0,53.833008,32.695312,-137.438965,57.304688,97.558594,12.150879,227.825915,230.408535,154.547401,126.383542,-2.74782697,125.231537,5.10015523,0.0759070657,5.10072008
6.96599579,balanced,2,extend,255,0.0126390457,80,6.66666667,0.0832376273,-0.00392567517,-0.000728643195,feedback,0,53.876953,32.695312,-137.48291,57.348633,97.580566,12.216797,227.629442,230.418197,154.524131,126.389882,-2.76709595,125.253441,4.90365647,0.100333945,4.90468283
6.9886353,balanced,2,extend,257,0.0126383305,80,6.66666667,0.0832376273,-0.00392567517,-0.000728643195,feedback,0,53.898926,32.695312,-137.504883,57.370605,97.580566,12.216797,227.530993,230.420276,154.500372,126.388451,-2.74282185,125.234712,4.80543025,0.124168961,4.8070342
7.01429534,balanced,2,extend,259,0.0126209259,80,6.66666667,0.0832376273,-0.00392567517,-0.000728643195,feedback,0,53.920898,32.717285,-137.548828,57.414551,97.602539,12.260742,227.440029,230.365811,154.569377,126.368544,-2.78150165,125.256924,4.71653344,0.0685077259,4.71703095
7.04456568,balanced,2,extend,261,0.012704134,80,6.66666667,0.0832376273,-0.00392567517,-0.000728643195,feedback,0,53.964844,32.717285,-137.570801,57.436523,97.602539,12.282715,227.253268,230.454938,154.545688,126.388432,-2.75766892,125.260615,4.52599531,0.089052222,4.5268713
7.06613469,balanced,2,extend,263,0.0126285553,80,6.66666667,0.0832376273,-0.00392567517,-0.000728643195,feedback,0,53.986816,32.717285,-137.614746,57.480469,97.624512,12.282715,227.145368,230.376886,154.522748,126.35295,-2.72738148,125.237902,4.42209631,0.112865452,4.42353641
7.09067988,balanced,2,extend,265,0.0126285553,80,6.66666667,0.0832376273,-0.00392567517,-0.000728643195,feedback,0,54.030762,32.739258,-137.636719,57.524414,97.602539,12.32666,227.0078,230.457089,154.56745,126.381933,-2.77329667,125.242322,4.28051797,0.0672940708,4.28104691
7.11596918,balanced,2,extend,267,0.0126383305,80,6.66666667,0.0832376273,-0.00392567517,-0.000728643195,feedback,0,54.052734,32.739258,-137.680664,57.546387,97.624512,12.370605,226.867393,230.405495,154.544005,126.384165,-2.77221614,125.249329,4.14290741,0.0897644202,4.14387975
7.14135575,balanced,2,extend,269,0.0126373768,80,6.66666667,0.0832376273,-0.00392567517,-0.000728643195,feedback,0,54.09668,32.76123,-137.724609,57.568359,97.624512,12.370605,226.65517,230.458772,154.588219,126.393792,-2.72385904,125.241898,3.92803205,0.0451970605,3.92829207
7.16845036,balanced,2,extend,271,0.0126187801,80,6.66666667,0.0832376273,-0.00392567517,-0.000728643195,feedback,0,54.118652,32.76123,-137.746582,57.612305,97.646484,12.392578,226.590002,230.439037,154.589725,126.363576,-2.73790097,125.253099,3.86385474,0.0425972651,3.86408954
7.1958065,balanced,2,extend,273,0.0126297474,80,6.66666667,0.0832376273,-0.00392567517,-0.000728643195,feedback,0,54.162598,32.76123,-137.790527,57.65625,97.646484,12.436523,226.393531,230.441892,154.542869,126.380617,-2.73806215,125.238323,3.66788461,0.0915466137,3.66902688
7.22635555,balanced,2,extend,275,0.0177249908,80,6.66666667,0.0832376273,-0.00392567517,-0.000728643195,feedback,0,54.18457,32.783203,-137.8125,57.700195,97.646484,12.480469,226.344862,230.44001,154.611949,126.377013,-2.80225075,125.25749,3.61875679,0.0286786401,3.61887043
7.2545228,balanced,2,extend,277,0.0159776211,80,6.66666667,0.0832376273,-0.00392567517,-0.000728643195,feedback,0,54.250488,32.783203,-137.856445,57.766113,97.668457,12.502441,226.093186,230.508035,154.590263,126.356217,-2.76776758,125.261462,3.3643545,0.0589951563,3.36487172
7.28092241,balanced,2,extend,279,0.0126109123,80,6.66666667,0.0832376273,-0.00392567517,-0.000728643195,feedback,0,54.250488,32.783203,-137.878418,57.744141,97.668457,12.524414,226.0182,230.475839,154.565565,126.388599,-2.7525767,125.25731,3.2911873,0.071001893,3.29195308
7.30496645,balanced,2,extend,281,0.0126304626,80,6.66666667,0.0832376273,-0.00392567517,-0.000728643195,feedback,0,54.294434,32.805176,-137.922363,57.788086,97.668457,12.546387,225.83882,230.501505,154.610697,126.390645,-2.7482177,125.254009,3.11040927,0.0332945581,3.11058746
7.33254123,balanced,2,extend,283,0.0147852898,80,6.66666667,0.0832376273,-0.00392567517,-0.000728643195,feedback,0,54.338379,32.805176,-137.966309,57.854004,97.69043,12.612305,225.675711,230.482295,154.58929,126.378774,-2.78653508,125.269323,2.94858005,0.0508837823,2.94901907
7.3578372,balanced,2,extend,285,0.0126290321,80,6.66666667,0.0832376273,-0.00392567517,-0.000728643195,feedback,0,54.360352,32.805176,-137.988281,57.875977,97.69043,12.612305,225.577642,230.483196,154.566129,126.376983,-2.76206312,125.250863,2.85078363,0.0751873691,2.85177496
7.38303876,balanced,2,extend,287,0.0126399994,80,6.66666667,0.0832376273,-0.00392567517,-0.000728643195,feedback,0,54.404297,32.827148,-138.032227,57.897949,97.712402,12.634277,225.366251,230.540516,154.634982,126.375349,-2.73224639,125.280669,2.63633332,0.0363165782,2.63658345
7.40856624,balanced,2,retract,289,0.0126297474,80,6.66666667,-0.0832376273,0.00392567517,0.000728643195,feedback,0,54.42627,32.827148,-138.054199,57.941895,97.712402,12.65625,225.300849,230.514595,154.612625,126.366039,-2.75179867,125.266303,2.57242286,0.0309180222,2.57260865
7.43233085,balanced,2,retract,291,0.0126028061,80,6.66666667,-0.0832376273,0.00392567517,0.000728643195,feedback,0,54.470215,32.827148,-138.098145,57.98584,97.712402,12.700195,225.104867,230.51589,154.566546,126.382605,-2.75170406,125.251876,2.37700794,0.0780055994,2.37828754
7.4573648,balanced,2,retract,293,0.0126001835,80,6.66666667,-0.0832376273,0.00392567517,0.000728643195,feedback,0,54.492188,32.849121,-138.120117,58.029785,97.712402,12.700195,225.056305,230.513322,154.635724,126.35851,-2.76685026,125.248857,2.32801831,0.0111219755,2.32804488
7.48252439,balanced,2,retract,295,0.0125997066,80,6.66666667,-0.0832376273,0.00392567517,0.000728643195,feedback,0,54.536133,32.849121,-138.164062,58.051758,97.734375,12.766113,224.828297,230.546527,154.613328,126.381637,-2.76576345,125.278678,2.09890378,0.0373568891,2.0992362
7.51290226,balanced,2,retract,297,0.012611866,80,6.66666667,-0.0832376273,0.00392567517,0.000728643195,feedback,0,54.558105,32.849121,-138.186035,58.07373,97.734375,12.766113,224.730387,230.546925,154.590411,126.379696,-2.74121068,125.260326,2.00128775,0.0586592136,2.00214724
7.53329086,balanced,2,retract,299,0.0126206875,80,6.66666667,-0.0832376273,0.00392567517,0.000728643195,feedback,0,54.602051,32.871094,-138.22998,58.117676,97.734375,12.810059,224.55137,230.571123,154.635957,126.391558,-2.76113674,125.268494,1.82093742,0.0308453959,1.82119866
7.56189346,balanced,2,retract,301,0.0167031288,80,6.66666667,-0.0832376273,0.00392567517,0.000728643195,feedback,0,54.645996,32.871094,-138.273926,58.183594,97.756348,12.832031,224.388754,230.550472,154.615383,126.358885,-2.75010855,125.261899,1.65966145,0.0354317895,1.66003962
7.59263325,balanced,2,retract,303,0.0157091618,80,6.66666667,-0.0832376273,0.00392567517,0.000728643195,feedback,0,54.689941,32.893066,-138.317871,58.205566,97.756348,12.875977,224.17723,230.600914,154.660241,126.388365,-2.75043794,125.277196,1.44561163,0.0406041977,1.44618177
7.6185286,balanced,2,retract,305,0.0126256943,80,6.66666667,-0.0832376273,0.00392567517,0.000728643195,feedback,0,54.689941,32.893066,-138.317871,58.249512,97.756348,12.897949,224.242441,230.547575,154.661851,126.363068,-2.81397698,125.27431,1.51324642,0.0142010872,1.51331306
7.64316583,balanced,2,retract,307,0.0126078129,80,6.66666667,-0.0832376273,0.00392567517,0.000728643195,feedback,0,54.733887,32.893066,-138.361816,58.293457,97.77832,12.919922,224.047357,230.553194,154.640711,126.347974,-2.78328335,125.2749,1.31830701,0.0190823905,1.31844511
7.66886163,balanced,2,retract,309,0.0126135349,80,6.66666667,-0.0832376273,0.00392567517,0.000728643195,feedback,0,54.777832,32.893066,-138.405762,58.293457,97.77832,12.941895,223.786664,230.606275,154.593774,126.389401,-2.71942475,125.263668,1.05582275,0.0678557566,1.05800098
7.69395399,balanced,2,retract,311,0.0126359463,80,6.66666667,-0.0832376273,0.00392567517,0.000728643195,feedback,0,54.799805,32.915039,-138.427734,58.337402,97.77832,12.963867,223.738227,230.60303,154.663044,126.375261,-2.75892923,125.272044,1.00698853,0.0223032011,1.00723549
7.72233605,balanced,2,retract,313,0.0175032616,80,6.66666667,-0.0832376273,0.00392567517,0.000728643195,feedback,0,54.865723,32.915039,-138.493652,58.40332,97.800293,13.007812,223.445669,230.607757,154.619643,126.368005,-2.72791092,125.265771,0.714923509,0.0412920363,0.716114974
7.7504878,balanced,2,retract,315,0.0155086517,80,6.66666667,-0.0832376273,0.00392567517,0.000728643195,feedback,0,54.909668,32.915039,-138.515625,58.447266,97.800293,13.051758,223.292192,230.666307,154.598009,126.379534,-2.74765176,125.27422,0.559053829,0.0890611087,0.566103404
7.78248262,balanced,2,retract,317,0.0178031921,80,6.66666667,-0.0832376273,0.00392567517,0.000728643195,feedback,0,54.931641,32.937012,-138.55957,58.469238,97.800293,13.07373,223.169419,230.629955,154.64316,126.38746,-2.74741473,125.267272,0.437739319,0.0281991942,0.438646676
7.80600166,balanced,2,retract,319,0.0125889778,80,6.66666667,-0.0832376273,0.00392567517,0.000728643195,feedback,0,54.953613,32.937012,-138.581543,58.535156,97.800293,13.095703,223.137034,230.576016,154.62249,126.359751,-2.78615146,125.246439,0.408113224,0.051925332,0.411403261
7.83553076,balanced,2,retract,321,0.012638092,80,6.66666667,-0.0832376273,0.00392567517,0.000728643195,feedback,0,54.997559,32.958984,-138.625488,58.557129,97.822266,13.139648,222.926379,230.630731,154.691957,126.367938,-2.7803616,125.28784,0.194515456,0.0303085554,0.196862569
7.86120057,balanced,2,retract,323,0.012629509,80,6.66666667,-0.0832376273,0.00392567517,0.000728643195,feedback,0,55.041504,32.958984,-138.669434,58.579102,97.822266,13.161621,222.698725,230.655825,154.646429,126.391311,-2.73586042,125.269798,-0.0336612176,0.0315872264,0.046160919
7.88620329,balanced,2,retract,325,0.0126287937,80,6.66666667,-0.0832376273,0.00392567517,0.000728643195,feedback,0,55.041504,32.958984,-138.669434,58.601074,97.822266,13.161621,222.731331,230.629166,154.647319,126.37348,-2.75533734,125.262878,0.000155946325,0.0180009866,0.0180016621
7.91117954,balanced,2,retract,327,0.0126264095,80,6.66666667,-0.0832376273,0.00392567517,0.000728643195,feedback,0,54.997559,32.958984,-138.625488,58.535156,97.822266,13.117676,222.893772,230.657393,154.691077,126.375605,-2.73641339,125.283586,0.160697579,0.0449756261,0.166872763
7.93625236,balanced,2,retract,329,0.0126116276,80,6.66666667,-0.0832376273,0.00392567517,0.000728643195,feedback,0,54.975586,32.958984,-138.581543,58.491211,97.822266,13.095703,223.000423,230.744252,154.735864,126.381183,-2.73739832,125.319807,0.262742858,0.146957846,0.301048863
7.96384549,balanced,2,retract,331,0.0126223564,80,6.66666667,-0.0832376273,0.00392567517,0.000728643195,feedback,0,54.931641,32.958984,-138.55957,58.447266,97.800293,13.07373,223.153398,230.680246,154.733187,126.4009,-2.74811518,125.2966,0.41858106,0.100717242,0.430527661
7.98877692,balanced,2,retract,333,0.012575388,80,6.66666667,-0.0832376273,0.00392567517,0.000728643195,feedback,0,54.865723,32.958984,-138.515625,58.40332,97.800293,13.051758,223.437087,230.595562,154.778187,126.383925,-2.79703179,125.310538,0.705540017,0.11904052,0.715511957
8.01402545,balanced,2,retract,335,0.0126130581,80,6.66666667,-0.0832376273,0.00392567517,0.000728643195,feedback,0,54.84375,32.937012,-138.47168,58.381348,97.800293,13.029785,223.559959,230.631737,154.733161,126.375937,-2.79724251,125.317525,0.826960257,0.0858305871,0.831402523
8.039675,balanced,2,retract,337,0.0126225948,80,6.66666667,-0.0832376273,0.00392567517,0.000728643195,feedback,0,54.821777,32.937012,-138.427734,58.337402,97.77832,12.963867,223.666413,230.712414,154.754095,126.382061,-2.75510605,125.305633,0.929308195,0.159911036,0.942966203
8.064605,balanced,2,retract,339,0.0125703812,80,6.66666667,-0.0832376273,0.00392567517,0.000728643195,feedback,0,54.777832,32.937012,-138.405762,58.31543,97.77832,12.941895,223.852593,230.626807,154.776747,126.362807,-2.77928477,125.301466,1.11910906,0.131301508,1.12678532
8.08970308,balanced,2,retract,341,0.0126345158,80,6.66666667,-0.0832376273,0.00392567517,0.000728643195,feedback,0,54.733887,32.937012,-138.361816,58.271484,97.77832,12.919922,224.048088,230.627004,154.822158,126.356814,-2.80408442,125.32675,1.31397375,0.17866284,1.32606464
8.12089896,balanced,2,retract,343,0.0126097202,80,6.66666667,-0.0832376273,0.00392567517,0.000728643195,feedback,0,54.711914,32.937012,-138.317871,58.227539,97.756348,12.897949,224.15474,230.707328,154.843422,126.383088,-2.81075367,125.337384,1.41653268,0.23948037,1.43663346
8.14049673,balanced,2,retract,345,0.0126144886,80,6.66666667,-0.0832376273,0.00392567517,0.000728643195,feedback,0,54.667969,32.937012,-138.273926,58.183594,97.756348,12.832031,224.350387,230.707135,154.889102,126.356649,-2.78654242,125.340388,1.61156473,0.283462534,1.63630434
8.16884065,balanced,2,retract,347,0.0162246227,80,6.66666667,-0.0832376273,0.00392567517,0.000728643195,feedback,0,54.602051,32.915039,-138.208008,58.139648,97.756348,12.788086,224.659921,230.656255,154.86732,126.329058,-2.81075721,125.343431,1.92333107,0.24857153,1.93932726
8.19461918,balanced,2,retract,349,0.0126023293,80,6.66666667,-0.0832376273,0.00392567517,0.000728643195,feedback,0,54.580078,32.915039,-138.208008,58.117676,97.756348,12.810059,224.715765,230.596759,154.866541,126.345655,-2.83965181,125.350524,1.98192039,0.226941597,1.99487116
8.21939182,balanced,2,retract,351,0.0125994682,80,6.66666667,-0.0832376273,0.00392567517,0.000728643195,feedback,0,54.558105,32.915039,-138.164062,58.051758,97.734375,12.766113,224.790072,230.70326,154.887445,126.379245,-2.80211438,125.357256,2.05094218,0.294740862,2.07201255
8.25107908,balanced,2,retract,353,0.01770401,80,6.66666667,-0.0832376273,0.00392567517,0.000728643195,feedback,0,54.51416,32.893066,-138.098145,58.007812,97.734375,12.722168,225.011364,230.737894,154.865937,126.362693,-2.8022407,125.37164,2.27053595,0.308664953,2.29142043
8.28197289,balanced,2,retract,355,0.0177145004,80,6.66666667,-0.0832376273,0.00392567517,0.000728643195,feedback,0,54.448242,32.871094,-138.054199,57.963867,97.712402,12.678223,225.278627,230.621303,154.796365,126.360608,-2.81203588,125.32653,2.54359276,0.18993432,2.55067426
8.3081491,balanced,2,retract,357,0.014708519,80,6.66666667,-0.0832376273,0.00392567517,0.000728643195,feedback,0,54.404297,32.871094,-138.010254,57.919922,97.712402,12.634277,225.474692,230.619783,154.842685,126.34393,-2.81208923,125.341005,2.73909989,0.23430389,2.74910286
8.33287406,balanced,2,retract,359,0.0126583576,80,6.66666667,-0.0832376273,0.00392567517,0.000728643195,feedback,0,54.382324,32.849121,-137.988281,57.897949,97.712402,12.612305,225.555963,230.595495,154.774306,126.340176,-2.79202183,125.325767,2.82201934,0.166593299,2.82693235
8.36002135,balanced,2,retract,361,0.0126574039,80,6.66666667,-0.0832376273,0.00392567517,0.000728643195,feedback,0,54.338379,32.849121,-137.944336,57.854004,97.69043,12.590332,225.751675,230.58816,154.79646,126.354755,-2.82227318,125.325648,3.01765796,0.187304541,3.02346532
8.38322258,balanced,2,retract,363,0.0126218796,80,6.66666667,-0.0832376273,0.00392567517,0.000728643195,feedback,0,54.316406,32.827148,-137.900391,57.832031,97.69043,12.568359,225.87526,230.622621,154.752076,126.346344,-2.82225882,125.332938,3.13986646,0.181898434,3.14513091
8.41046596,balanced,2,retract,365,0.0134868622,80,6.66666667,-0.0832376273,0.00392567517,0.000728643195,feedback,0,54.272461,32.827148,-137.856445,57.788086,97.69043,12.524414,226.071564,230.620405,154.798744,126.329459,-2.82220969,125.347557,3.33564147,0.220274311,3.34290664
8.43831849,balanced,2,retract,367,0.0164399147,80,6.66666667,-0.0832376273,0.00392567517,0.000728643195,feedback,0,54.206543,32.805176,-137.8125,57.722168,97.668457,12.458496,226.306443,230.529003,154.728741,126.334614,-2.78771738,125.298667,3.57516776,0.116788587,3.57707479
8.46912718,balanced,2,retract,369,0.0159730911,80,6.66666667,-0.0832376273,0.00392567517,0.000728643195,feedback,0,54.162598,32.805176,-137.768555,57.678223,97.646484,12.436523,226.502428,230.520848,154.751302,126.348979,-2.81776699,125.298752,3.77111473,0.137752331,3.77362982
8.49455166,balanced,2,retract,371,0.0126373768,80,6.66666667,-0.0832376273,0.00392567517,0.000728643195,feedback,0,54.140625,32.805176,-137.746582,57.65625,97.668457,12.436523,226.60113,230.524816,154.799124,126.329326,-2.83643184,125.343176,3.86909896,0.184926757,3.8735158
8.51738834,balanced,2,retract,373,0.0126211643,80,6.66666667,-0.0832376273,0.00392567517,0.000728643195,feedback,0,54.118652,32.783203,-137.680664,57.612305,97.646484,12.370605,226.734379,230.638623,154.754182,126.334527,-2.79350199,125.332142,3.99722597,0.233550444,4.00404311
8.54253411,balanced,2,retract,375,0.0126335621,80,6.66666667,-0.0832376273,0.00392567517,0.000728643195,feedback,0,54.074707,32.783203,-137.658691,57.568359,97.624512,12.370605,226.888066,230.571309,154.752787,126.363631,-2.82787526,125.320993,4.15392022,0.185408838,4.15805599
8.57022667,balanced,2,retract,377,0.0126216412,80,6.66666667,-0.0832376273,0.00392567517,0.000728643195,feedback,0,54.030762,32.76123,-137.614746,57.524414,97.646484,12.32666,227.068253,230.549889,154.732389,126.32986,-2.80193562,125.339149,4.33508701,0.163326997,4.33816264
8.59737897,balanced,2,retract,379,0.016084671,80,6.66666667,-0.0832376273,0.00392567517,0.000728643195,feedback,0,53.964844,32.76123,-137.548828,57.458496,97.624512,12.282715,227.362952,230.538939,154.779164,126.335276,-2.8316225,125.34695,4.6295545,0.200545548,4.63389613
8.62223053,balanced,2,retract,381,0.0126028061,80,6.66666667,-0.0832376273,0.00392567517,0.000728643195,feedback,0,53.964844,32.76123,-137.548828,57.458496,97.602539,12.282715,227.362504,230.53359,154.754821,126.356576,-2.83727445,125.321124,4.62957182,0.178751846,4.63302142
8.64710569,balanced,2,retract,383,0.0126335621,80,6.66666667,-0.0832376273,0.00392567517,0.000728643195,feedback,0,53.920898,32.739258,-137.48291,57.392578,97.602539,12.23877,227.552406,230.591468,154.734046,126.356603,-2.8172351,125.343462,4.81671092,0.219505941,4.82170996
11.5396421,smooth,1,extend,1,,60,6.66666667,0.110985558,-0.00519289931,-0.000958524271,feedback,0,55.041504,32.958984,-138.647461,58.579102,97.822266,13.161621,222.740385,230.715414,154.669621,126.387007,-2.7560881,125.292141,0.000154690843,0.0180005435,0.0180012082
11.5755825,smooth,1,extend,3,0.0200939178,60,6.66666667,0.110985558,-0.00519289931,-0.000958524271,feedback,0,55.041504,32.958984,-138.669434,58.601074,97.822266,13.139648,222.731331,230.629166,154.647319,126.363327,-2.73087433,125.251683,-0.00466569833,0.0955158882,0.0956297738
11.6164196,smooth,1,extend,5,0.0194749832,60,6.66666667,0.110985558,-0.00519289931,-0.000958524271,feedback,0,55.041504,32.958984,-138.647461,58.623047,97.822266,13.161621,222.80559,230.662082,154.671404,126.351347,-2.79504545,125.278286,0.0677624061,0.0526031521,0.085783654
11.6532693,smooth,1,extend,7,0.0168764591,60,6.66666667,0.110985558,-0.00519289931,-0.000958524271,feedback,0,55.041504,32.958984,-138.647461,58.601074,97.822266,13.161621,222.772992,230.688755,154.67051,126.369178,-2.77556821,125.285215,0.0339624729,0.0302196714,0.0454607314
11.684551,smooth,1,extend,9,0.016711235,60,6.66666667,0.110985558,-0.00519289931,-0.000958524271,feedback,0,55.041504,32.958984,-138.647461,58.623047,97.822266,13.139648,222.80559,230.662082,154.671404,126.341203,-2.7705833,125.267087,0.0677624061,0.0526031521,0.085783654
11.7239537,smooth,1,extend,11,0.0185749531,60,6.66666667,0.110985558,-0.00519289931,-0.000958524271,feedback,0,55.041504,32.958984,-138.647461,58.579102,97.822266,13.161621,222.740385,230.715414,154.669621,126.387007,-2.7560881,125.292141,0.000154690843,0.0180005435,0.0180012082
11.7674189,smooth,1,extend,13,0.0204360485,60,6.66666667,0.110985558,-0.00519289931,-0.000958524271,feedback,0,55.041504,32.958984,-138.625488,58.579102,97.822266,13.139648,222.782041,230.774996,154.692841,126.372543,-2.75185189,125.303291,0.0387780407,0.0617137141,0.0728856567
11.8067017,smooth,1,extend,15,0.0211932659,60,6.66666667,0.110985558,-0.00519289931,-0.000958524271,feedback,0,55.019531,32.958984,-138.625488,58.557129,97.822266,13.161621,222.83792,230.716203,154.691957,126.389305,-2.78083281,125.310224,0.097349042,0.00744059429,0.0976329782
11.8456151,smooth,1,extend,17,0.0204689503,60,6.66666667,0.110985558,-0.00519289931,-0.000958524271,feedback,0,54.997559,32.958984,-138.603516,58.557129,97.822266,13.161621,222.968073,230.690271,154.715205,126.373757,-2.82505371,125.321379,0.228367108,0.0329077823,0.230725937
11.8789153,smooth,1,extend,19,0.0167832375,60,6.66666667,0.110985558,-0.00519289931,-0.000958524271,feedback,0,54.997559,32.958984,-138.603516,58.535156,97.822266,13.117676,222.935466,230.716933,154.714327,126.371277,-2.75663229,125.305937,0.194558614,0.0303109913,0.196905587
11.9177301,smooth,1,extend,21,0.0179462433,60,6.66666667,0.110985558,-0.00519289931,-0.000958524271,feedback,0,54.975586,32.958984,-138.55957,58.513184,97.822266,13.117676,223.074749,230.777114,154.760039,126.369187,-2.80157912,125.346402,0.330476332,0.107864863,0.347634053
11.9494634,smooth,1,extend,23,0.0168263912,60,6.66666667,0.110985558,-0.00519289931,-0.000958524271,feedback,0,54.953613,32.958984,-138.55957,58.513184,97.822266,13.117676,223.163235,230.691548,154.760039,126.357961,-2.82557147,125.335208,0.422862276,0.0761768655,0.429668965
11.9821262,smooth,1,extend,25,0.0183460712,60,6.66666667,0.110985558,-0.00519289931,-0.000958524271,feedback,0,54.931641,32.958984,-138.537598,58.491211,97.800293,13.095703,223.260371,230.686407,154.758242,126.371099,-2.83179307,125.31623,0.520143931,0.0752554824,0.525559793
12.0184424,smooth,1,extend,27,0.0167939663,60,6.66666667,0.110985558,-0.00519289931,-0.000958524271,feedback,0,54.931641,32.958984,-138.515625,58.447266,97.800293,13.07373,223.236902,230.799199,154.779887,126.392173,-2.78852241,125.341344,0.491243572,0.144017757,0.511919292
12.0533545,smooth,1,extend,29,0.019143343,60,6.66666667,0.110985558,-0.00519289931,-0.000958524271,feedback,0,54.887695,32.958984,-138.493652,58.469238,97.800293,13.051758,223.488244,230.660665,154.804135,126.337417,-2.85175096,125.323149,0.748566482,0.12454867,0.758857133
12.0854027,smooth,1,extend,31,0.0167729855,60,6.66666667,0.110985558,-0.00519289931,-0.000958524271,feedback,0,54.887695,32.958984,-138.493652,58.425293,97.800293,13.051758,223.423047,230.71401,154.802429,126.372978,-2.81274026,125.337126,0.680964516,0.124481117,0.692248669
12.1287928,smooth,1,extend,33,0.0258951187,60,6.66666667,0.110985558,-0.00519289931,-0.000958524271,feedback,0,54.865723,32.937012,-138.449707,58.425293,97.800293,13.029785,223.57852,230.723546,154.758271,126.347217,-2.83246171,125.337112,0.836197663,0.0911037155,0.841145896
12.1622431,smooth,1,extend,35,0.0167894363,60,6.66666667,0.110985558,-0.00519289931,-0.000958524271,feedback,0,54.84375,32.937012,-138.449707,58.40332,97.800293,12.98584,223.634393,230.664467,154.757425,126.333476,-2.78801352,125.310518,0.894775669,0.0780584601,0.898174049
12.2035174,smooth,1,extend,37,0.0200374126,60,6.66666667,0.110985558,-0.00519289931,-0.000958524271,feedback,0,54.799805,32.937012,-138.405762,58.337402,97.77832,12.98584,223.796742,230.685979,154.777574,126.376575,-2.82374973,125.32803,1.05576171,0.101055785,1.06058713
12.2489345,smooth,1,extend,39,0.0225803852,60,6.66666667,0.110985558,-0.00519289931,-0.000958524271,feedback,0,54.777832,32.937012,-138.383789,58.31543,97.77832,12.941895,223.894483,230.686141,154.800256,126.358376,-2.79945815,125.323867,1.15318963,0.125050654,1.15994999
12.2829797,smooth,1,extend,41,0.0175795555,60,6.66666667,0.110985558,-0.00519289931,-0.000958524271,feedback,0,54.755859,32.937012,-138.361816,58.293457,97.77832,12.941895,223.992242,230.686245,154.822973,126.36045,-2.82409289,125.342104,1.25063676,0.149067994,1.25948941
12.3211462,smooth,1,extend,43,0.0168218613,60,6.66666667,0.110985558,-0.00519289931,-0.000958524271,feedback,0,54.733887,32.937012,-138.339844,58.293457,97.77832,12.919922,224.122613,230.659616,154.846538,126.33463,-2.8437829,125.342114,1.38190241,0.171073491,1.39245123
12.3526917,smooth,1,extend,45,0.0167410374,60,6.66666667,0.110985558,-0.00519289931,-0.000958524271,feedback,0,54.711914,32.937012,-138.317871,58.227539,97.756348,12.897949,224.15474,230.707328,154.843422,126.383088,-2.81075367,125.337384,1.41178938,0.177724669,1.42293194
12.3905621,smooth,1,extend,47,0.0169944763,60,6.66666667,0.110985558,-0.00519289931,-0.000958524271,feedback,0,54.689941,32.915039,-138.273926,58.227539,97.756348,12.854004,224.310467,230.716317,154.799444,126.3471,-2.80596757,125.326222,1.56729967,0.145705639,1.57405794
12.4245954,smooth,1,extend,49,0.0167191029,60,6.66666667,0.110985558,-0.00519289931,-0.000958524271,feedback,0,54.667969,32.915039,-138.273926,58.205566,97.756348,12.875977,224.366326,230.656957,154.798645,126.363726,-2.834877,125.333284,1.62587741,0.126285902,1.63077451
12.4664435,smooth,1,extend,51,0.0174632072,60,6.66666667,0.110985558,-0.00519289931,-0.000958524271,feedback,0,54.624023,32.915039,-138.22998,58.139648,97.756348,12.832031,224.529434,230.683214,154.84361,126.365088,-2.81555994,125.354583,1.78718572,0.178967732,1.79612423
12.504878,smooth,1,extend,53,0.0206825733,60,6.66666667,0.110985558,-0.00519289931,-0.000958524271,feedback,0,54.602051,32.893066,-138.208008,58.139648,97.734375,12.810059,224.642759,230.627177,154.751702,126.364862,-2.82094833,125.306309,1.90379394,0.0805101821,1.90549554
12.5424645,smooth,1,extend,55,0.0194013119,60,6.66666667,0.110985558,-0.00519289931,-0.000958524271,feedback,0,54.580078,32.871094,-138.164062,58.095703,97.734375,12.788086,224.733395,230.689145,154.706228,126.374343,-2.80148156,125.320538,1.99182441,0.0758798759,1.99326923
12.5819924,smooth,1,extend,57,0.0201072693,60,6.66666667,0.110985558,-0.00519289931,-0.000958524271,feedback,0,54.536133,32.871094,-138.14209,58.07373,97.734375,12.766113,224.919776,230.602506,154.729196,126.354894,-2.82555468,125.316503,2.18184563,0.0613787157,2.18270879
12.6168158,smooth,1,extend,59,0.0168087482,60,6.66666667,0.110985558,-0.00519289931,-0.000958524271,feedback,0,54.51416,32.871094,-138.120117,58.029785,97.734375,12.722168,224.985122,230.628677,154.75144,126.354159,-2.78159547,125.319589,2.24570312,0.0851764947,2.24731786
12.6513772,smooth,1,extend,61,0.0178079605,60,6.66666667,0.110985558,-0.00519289931,-0.000958524271,feedback,0,54.470215,32.871094,-138.076172,57.98584,97.712402,12.722168,225.180618,230.621972,154.773256,126.37906,-2.83646705,125.330502,2.44110295,0.108688415,2.44352139
12.6917651,smooth,1,extend,63,0.01846385,60,6.66666667,0.110985558,-0.00519289931,-0.000958524271,feedback,0,54.448242,32.849121,-138.054199,57.963867,97.712402,12.65625,225.261847,230.597824,154.704861,126.355039,-2.7674752,125.292854,2.52395911,0.0390158444,2.52426065
12.7286501,smooth,1,extend,65,0.0184950829,60,6.66666667,0.110985558,-0.00519289931,-0.000958524271,feedback,0,54.42627,32.849121,-138.010254,57.941895,97.712402,12.634277,225.40207,230.656115,154.751858,126.342132,-2.78760196,125.322564,2.6608931,0.108856052,2.66311879
12.7626109,smooth,1,extend,67,0.0167753696,60,6.66666667,0.110985558,-0.00519289931,-0.000958524271,feedback,0,54.404297,32.849121,-137.988281,57.919922,97.712402,12.634277,225.500127,230.655316,154.775036,126.34393,-2.81208923,125.341005,2.75867726,0.130856294,2.76177906
12.8024137,smooth,1,extend,69,0.0212664604,60,6.66666667,0.110985558,-0.00519289931,-0.000958524271,feedback,0,54.360352,32.827148,-137.944336,57.854004,97.69043,12.590332,225.646412,230.651266,154.704825,126.370602,-2.77820721,125.314337,2.90559179,0.0832696224,2.90678474
12.8415229,smooth,1,extend,71,0.0175051689,60,6.66666667,0.110985558,-0.00519289931,-0.000958524271,feedback,0,54.316406,32.827148,-137.922363,57.810059,97.69043,12.568359,225.800349,230.590384,154.727367,126.368575,-2.78258595,125.317604,3.06200586,0.0686000042,3.06277421
12.8744316,smooth,1,retract,73,0.01679492,60,6.66666667,-0.110985558,0.00519289931,0.000958524271,feedback,0,54.294434,32.827148,-137.900391,57.810059,97.69043,12.546387,225.931083,230.562663,154.751366,126.342564,-2.80217523,125.317728,3.19368066,0.0913635314,3.19498724
12.9095793,smooth,1,retract,75,0.0181167126,60,6.66666667,-0.110985558,0.00519289931,0.000958524271,feedback,0,54.272461,32.805176,-137.856445,57.766113,97.668457,12.502441,226.021646,230.618188,154.68199,126.362771,-2.76382003,125.295185,3.28214485,0.0606411198,3.282705
12.94209,smooth,1,retract,77,0.0167834759,60,6.66666667,-0.110985558,0.00519289931,0.000958524271,feedback,0,54.250488,32.805176,-137.834473,57.722168,97.668457,12.502441,226.087204,230.643666,154.704657,126.382022,-2.76861443,125.320913,3.34624236,0.0963857488,3.34763023
12.9809332,smooth,1,retract,79,0.0211789608,60,6.66666667,-0.110985558,0.00519289931,0.000958524271,feedback,0,54.18457,32.783203,-137.790527,57.700195,97.668457,12.458496,226.387759,230.504252,154.660355,126.34095,-2.79208225,125.294684,3.65335575,0.0406830786,3.65358226
13.0146415,smooth,1,retract,81,0.0168049335,60,6.66666667,-0.110985558,0.00519289931,0.000958524271,feedback,0,54.18457,32.783203,-137.768555,57.65625,97.646484,12.458496,226.364493,230.610937,154.658784,126.392589,-2.778575,125.305811,3.62514341,0.0650659169,3.62572728
13.0491192,smooth,1,retract,83,0.0173778534,60,6.66666667,-0.110985558,0.00519289931,0.000958524271,feedback,0,54.118652,32.783203,-137.724609,57.634277,97.646484,12.392578,226.682034,230.494512,154.706424,126.336611,-2.7975686,125.29098,3.94735597,0.0641987649,3.94787799
13.0882854,smooth,1,retract,85,0.0168523788,60,6.66666667,-0.110985558,0.00519289931,0.000958524271,feedback,0,54.09668,32.76123,-137.680664,57.568359,97.646484,12.370605,226.740649,230.581608,154.660918,126.363074,-2.75817626,125.312886,4.00222674,0.0538750952,4.00258934
13.1336954,smooth,1,retract,87,0.0218317509,60,6.66666667,-0.110985558,0.00519289931,0.000958524271,feedback,0,54.052734,32.76123,-137.636719,57.546387,97.624512,12.370605,226.969457,230.546246,154.684417,126.369913,-2.83221073,125.317058,4.23222653,0.0439497264,4.23245472
13.1675022,smooth,1,retract,89,0.018604517,60,6.66666667,-0.110985558,0.00519289931,0.000958524271,feedback,0,54.008789,32.739258,-137.614746,57.502441,97.624512,12.304688,227.106616,230.460719,154.615396,126.352043,-2.76748577,125.275617,4.373823,0.0610317964,4.3742488
13.201823,smooth,1,retract,91,0.0168085098,60,6.66666667,-0.110985558,0.00519289931,0.000958524271,feedback,0,53.986816,32.739258,-137.592773,57.480469,97.624512,12.282715,227.204981,230.458897,154.639043,126.343396,-2.76734538,125.283085,4.47195789,0.0486107692,4.47222209
13.2421241,smooth,1,retract,93,0.0220243931,60,6.66666667,-0.110985558,0.00519289931,0.000958524271,feedback,0,53.942871,32.739258,-137.526855,57.414551,97.602539,12.260742,227.411322,230.534954,154.68584,126.370147,-2.79744579,125.313331,4.67410746,0.0541575826,4.6744212
13.2778022,smooth,1,retract,95,0.0196585655,60,6.66666667,-0.110985558,0.00519289931,0.000958524271,feedback,0,53.898926,32.739258,-137.504883,57.392578,97.602539,12.23877,227.598144,230.445671,154.709619,126.350205,-2.82125403,125.309658,4.86468581,0.0767456309,4.86529114
13.3175344,smooth,1,retract,97,0.0182623863,60,6.66666667,-0.110985558,0.00519289931,0.000958524271,feedback,0,53.876953,32.717285,-137.438965,57.348633,97.580566,12.194824,227.73189,230.55857,154.665178,126.365242,-2.80249235,125.310112,4.99338797,0.0793491344,4.99401839
13.3625059,smooth,1,retract,99,0.023557663,60,6.66666667,-0.110985558,0.00519289931,0.000958524271,feedback,0,53.833008,32.695312,-137.416992,57.304688,97.580566,12.172852,227.869123,230.472326,154.596205,126.367533,-2.78662647,125.291183,5.13509171,0.047222516,5.13530884
13.3978033,smooth,1,retract,101,0.019141674,60,6.66666667,-0.110985558,0.00519289931,0.000958524271,feedback,0,53.789062,32.695312,-137.373047,57.23877,97.580566,12.128906,228.033546,230.494355,154.643427,126.367342,-2.76646962,125.313695,5.2978916,0.0266165642,5.29795846
13.438858,smooth,1,retract,103,0.0177080631,60,6.66666667,-0.110985558,0.00519289931,0.000958524271,feedback,0,53.745117,32.695312,-137.329102,57.194824,97.558594,12.106934,228.230204,230.484205,154.667024,126.381133,-2.79601809,125.314307,5.49459836,0.0370822976,5.49472349
13.4783199,smooth,1,retract,105,0.0192084312,60,6.66666667,-0.110985558,0.00519289931,0.000958524271,feedback,0,53.701172,32.67334,-137.285156,57.150879,97.536621,12.062988,228.409829,230.450559,154.598341,126.389628,-2.78112473,125.281119,5.67618499,0.0403174941,5.67632817
13.5121918,smooth,1,retract,107,0.0167779922,60,6.66666667,-0.110985558,0.00519289931,0.000958524271,feedback,0,53.679199,32.67334,-137.263184,57.150879,97.536621,12.041016,228.541064,230.421268,154.622966,126.363351,-2.80056379,125.281398,5.80842877,0.0269732685,5.8084914
13.546716,smooth,1,retract,109,0.0169653893,60,6.66666667,-0.110985558,0.00519289931,0.000958524271,feedback,0,53.635254,32.67334,-137.197266,57.106934,97.536621,12.019043,228.781247,230.474116,154.69589,126.350705,-2.84434237,125.330601,6.0452406,0.0731889567,6.04568363
13.5899806,smooth,1,retract,111,0.0211470127,60,6.66666667,-0.110985558,0.00519289931,0.000958524271,feedback,0,53.591309,32.651367,-137.15332,57.019043,97.514648,11.931152,228.895789,230.493274,154.626273,126.373503,-2.74091834,125.289958,6.1593589,0.0663033656,6.15971575
13.6267252,smooth,1,retract,113,0.0197811127,60,6.66666667,-0.110985558,0.00519289931,0.000958524271,feedback,0,53.547363,32.651367,-137.109375,57.019043,97.514648,11.931152,229.15848,230.434024,154.675835,126.341122,-2.82867256,125.31295,6.42409459,0.0475453831,6.42427053
13.6614823,smooth,1,retract,115,0.0168020725,60,6.66666667,-0.110985558,0.00519289931,0.000958524271,feedback,0,53.525391,32.629395,-137.087402,56.975098,97.514648,11.90918,229.20743,230.434419,154.606957,126.354417,-2.78869637,125.305428,6.47356522,0.0328820354,6.47364873
13.6938283,smooth,1,retract,117,0.016772747,60,6.66666667,-0.110985558,0.00519289931,0.000958524271,feedback,0,53.503418,32.629395,-137.06543,56.931152,97.514648,11.887207,229.273561,230.457985,154.630732,126.36269,-2.76858094,125.320624,6.53831482,0.0482009694,6.53849249
13.7270739,smooth,1,retract,119,0.0167028904,60,6.66666667,-0.110985558,0.00519289931,0.000958524271,feedback,0,53.4375,32.607422,-136.999512,56.887207,97.492676,11.843262,229.584904,230.393287,154.587226,126.354721,-2.7973094,125.299201,6.85270483,0.0413242028,6.85282943
13.7678745,smooth,1,retract,121,0.0177090168,60,6.66666667,-0.110985558,0.00519289931,0.000958524271,feedback,0,53.393555,32.607422,-136.955566,56.799316,97.470703,11.777344,229.716859,230.434763,154.610682,126.382316,-2.73794542,125.292792,6.98237014,0.0486768356,6.98253981
13.8089402,smooth,1,retract,123,0.0167765617,60,6.66666667,-0.110985558,0.00519289931,0.000958524271,feedback,0,53.349609,32.607422,-136.911621,56.755371,97.44873,11.733398,229.914146,230.422702,154.635277,126.385416,-2.74252661,125.282708,7.17978599,0.0439533888,7.17992053
13.8401501,smooth,1,retract,125,0.0167775154,60,6.66666667,-0.110985558,0.00519289931,0.000958524271,feedback,0,53.327637,32.585449,-136.867676,56.755371,97.44873,11.733398,230.071581,230.427299,154.592447,126.369128,-2.78634731,125.294267,7.33719714,0.0634361514,7.33747136
13.8750148,smooth,1,retract,127,0.0180463791,60,6.66666667,-0.110985558,0.00519289931,0.000958524271,feedback,0,53.283691,32.585449,-136.82373,56.66748,97.44873,11.66748,230.204169,230.473312,154.640677,126.375004,-2.72135275,125.313869,7.46706852,0.108421065,7.46785561
13.9132283,smooth,1,retract,129,0.0168089867,60,6.66666667,-0.110985558,0.00519289931,0.000958524271,feedback,0,53.239746,32.563477,-136.801758,56.689453,97.44873,11.66748,230.439441,230.304744,154.573282,126.335357,-2.78915278,125.283951,7.71053497,0.0694679445,7.71084789
13.9466367,smooth,1,retract,131,0.0170571804,60,6.66666667,-0.110985558,0.00519289931,0.000958524271,feedback,0,53.195801,32.563477,-136.73584,56.601562,97.426758,11.623535,230.614976,230.40314,154.622444,126.367576,-2.77375131,125.311877,7.88084858,0.0561787876,7.88104882
13.9837053,smooth,1,retract,133,0.0181827545,60,6.66666667,-0.110985558,0.00519289931,0.000958524271,feedback,0,53.151855,32.563477,-136.713867,56.601562,97.404785,11.601562,230.834511,230.278934,154.623233,126.351322,-2.82244469,125.275314,8.10593353,0.0579668156,8.10614079
14.0176535,smooth,1,retract,135,0.0167896748,60,6.66666667,-0.110985558,0.00519289931,0.000958524271,feedback,0,53.173828,32.563477,-136.713867,56.57959,97.404785,11.623535,230.713552,230.394106,154.622783,126.389887,-2.80309261,125.305254,7.97973247,0.051846113,7.9799009
14.0625551,smooth,1,retract,137,0.0200462341,60,6.66666667,-0.110985558,0.00519289931,0.000958524271,feedback,0,53.217773,32.563477,-136.801758,56.689453,97.426758,11.645508,230.527295,230.211246,154.548888,126.335463,-2.79409595,125.235791,7.8028692,0.156876094,7.80444603
14.0948591,smooth,1,retract,139,0.0194847584,60,6.66666667,-0.110985558,0.00519289931,0.000958524271,feedback,0,53.283691,32.563477,-136.845703,56.711426,97.44873,11.711426,230.20894,230.338879,154.523626,126.37105,-2.77027861,125.275695,7.47912691,0.103094243,7.47983742
14.1342807,smooth,1,retract,141,0.0171875954,60,6.66666667,-0.110985558,0.00519289931,0.000958524271,feedback,0,53.327637,32.563477,-136.911621,56.777344,97.44873,11.733398,230.000552,230.261427,154.450093,126.367089,-2.74667882,125.218524,7.27522892,0.208758811,7.27822342
14.1771548,smooth,1,retract,143,0.0171532631,60,6.66666667,-0.110985558,0.00519289931,0.000958524271,feedback,0,53.371582,32.585449,-136.977539,56.799316,97.470703,11.777344,229.744803,230.26539,154.492983,126.381217,-2.72228736,125.23611,7.01921394,0.181393986,7.02155739
14.2104592,smooth,2,extend,145,0.016805172,60,6.66666667,0.110985558,-0.00519289931,-0.000958524271,feedback,0,53.393555,32.585449,-136.999512,56.865234,97.470703,11.799316,229.71122,230.215412,154.469605,126.355751,-2.76223379,125.213368,6.98820621,0.234599404,6.99214294
14.2447431,smooth,2,extend,147,0.0177092552,60,6.66666667,0.110985558,-0.00519289931,-0.000958524271,feedback,0,53.459473,32.585449,-137.043457,56.887207,97.492676,11.865234,229.393163,230.34183,154.444815,126.391153,-2.73822515,125.253416,6.66481435,0.195491212,6.66768079
14.2850683,smooth,2,extend,149,0.0185372829,60,6.66666667,0.110985558,-0.00519289931,-0.000958524271,feedback,0,53.525391,32.585449,-137.109375,56.975098,97.492676,11.90918,229.129527,230.32445,154.372597,126.390753,-2.73460022,125.211519,6.40291082,0.275580947,6.40883857
14.3192523,smooth,2,extend,151,0.0167782307,60,6.66666667,0.110985558,-0.00519289931,-0.000958524271,feedback,0,53.547363,32.585449,-137.15332,56.975098,97.514648,11.931152,228.955647,230.301097,154.347566,126.400681,-2.68981525,125.214285,6.23053509,0.311767981,6.23833045
14.355803,smooth,2,extend,153,0.0198276043,60,6.66666667,0.110985558,-0.00519289931,-0.000958524271,feedback,0,53.613281,32.607422,-137.197266,57.062988,97.514648,11.975098,228.75243,230.364587,154.392925,126.390119,-2.72579741,125.217969,6.02418862,0.252477742,6.02947705
14.3998044,smooth,2,extend,155,0.0216288567,60,6.66666667,0.110985558,-0.00519289931,-0.000958524271,feedback,0,53.657227,32.629395,-137.263184,57.128906,97.536621,12.041016,228.562497,230.313666,154.437564,126.37936,-2.76503067,125.232245,5.83646557,0.237861143,5.84131049
14.4361639,smooth,2,extend,157,0.0216152668,60,6.66666667,0.110985558,-0.00519289931,-0.000958524271,feedback,0,53.723145,32.651367,-137.329102,57.150879,97.558594,12.084961,228.219094,230.403349,154.481185,126.404368,-2.71628957,125.261313,5.48888245,0.168547605,5.49146964
14.4761617,smooth,2,extend,159,0.0231573582,60,6.66666667,0.110985558,-0.00519289931,-0.000958524271,feedback,0,53.76709,32.651367,-137.373047,57.23877,97.558594,12.106934,228.087248,230.354903,154.434497,126.377054,-2.73174001,125.220199,5.35985239,0.234421108,5.36497632
14.5176971,smooth,2,extend,161,0.0218784809,60,6.66666667,0.110985558,-0.00519289931,-0.000958524271,feedback,0,53.833008,32.67334,-137.438965,57.282715,97.580566,12.172852,227.776678,230.417154,154.478941,126.394668,-2.72705065,125.253236,5.04634124,0.176601174,5.04943046
14.5481632,smooth,2,extend,163,0.0167884827,60,6.66666667,0.110985558,-0.00519289931,-0.000958524271,feedback,0,53.85498,32.695312,-137.438965,57.304688,97.580566,12.172852,227.738006,230.501208,154.571748,126.383592,-2.7426824,125.279744,5.00298337,0.0753137585,5.00355022
14.5846729,smooth,2,extend,165,0.0177912712,60,6.66666667,0.110985558,-0.00519289931,-0.000958524271,feedback,0,53.920898,32.695312,-137.526855,57.370605,97.580566,12.23877,227.399943,230.448953,154.47603,126.414615,-2.72333052,125.234472,4.66857029,0.178027223,4.67196342
14.6191709,smooth,2,extend,167,0.0167779922,60,6.66666667,0.110985558,-0.00519289931,-0.000958524271,feedback,0,53.942871,32.717285,-137.570801,57.414551,97.602539,12.260742,227.309017,230.394438,154.545061,126.38455,-2.73753621,125.245509,4.57969932,0.148628913,4.58211048
14.6552861,smooth,2,extend,169,0.0178184509,60,6.66666667,0.110985558,-0.00519289931,-0.000958524271,feedback,0,54.008789,32.717285,-137.636719,57.502441,97.602539,12.32666,227.046547,230.373274,154.474827,126.39298,-2.75765589,125.215798,4.31912077,0.224848399,4.32496949
14.6921034,smooth,2,extend,171,0.0179479122,60,6.66666667,0.110985558,-0.00519289931,-0.000958524271,feedback,0,54.074707,32.739258,-137.680664,57.546387,97.624512,12.348633,226.779016,230.492482,154.544005,126.385219,-2.72374857,125.249329,4.04572392,0.113891923,4.0473267
14.7334642,smooth,2,extend,173,0.019423008,60,6.66666667,0.110985558,-0.00519289931,-0.000958524271,feedback,0,54.118652,32.76123,-137.746582,57.612305,97.624512,12.414551,226.589528,230.43361,154.565401,126.394964,-2.76807629,125.238446,3.85901731,0.135021021,3.86137867
14.7670257,smooth,2,extend,175,0.0167748928,60,6.66666667,0.110985558,-0.00519289931,-0.000958524271,feedback,0,54.140625,32.76123,-137.768555,57.634277,97.646484,12.436523,226.491756,230.440494,154.56628,126.382258,-2.76244925,125.256898,3.76102638,0.133272095,3.76338689
14.8100047,smooth,2,extend,177,0.0237905979,60,6.66666667,0.110985558,-0.00519289931,-0.000958524271,feedback,0,54.206543,32.783203,-137.834473,57.700195,97.646484,12.480469,226.214056,230.467972,154.587892,126.392904,-2.75822182,125.246138,3.4821693,0.109779444,3.48389933
14.8431716,smooth,2,extend,179,0.017136097,60,6.66666667,0.110985558,-0.00519289931,-0.000958524271,feedback,0,54.272461,32.783203,-137.900391,57.766113,97.668457,12.546387,225.920057,230.476955,154.542292,126.397027,-2.75261015,125.249985,3.18847681,0.148018147,3.19191068
14.8806729,smooth,2,extend,181,0.0169394016,60,6.66666667,0.110985558,-0.00519289931,-0.000958524271,feedback,0,54.316406,32.805176,-137.966309,57.810059,97.69043,12.590332,225.69887,230.449075,154.587857,126.392632,-2.74687687,125.261242,2.96844901,0.147736125,2.97212306
14.9231741,smooth,2,extend,183,0.0188946724,60,6.66666667,0.110985558,-0.00519289931,-0.000958524271,feedback,0,54.382324,32.827148,-138.010254,57.919922,97.69043,12.612305,225.529037,230.480862,154.635268,126.352959,-2.77724654,125.247768,2.79691328,0.10772386,2.79898702
14.958935,smooth,2,extend,185,0.0167856216,60,6.66666667,0.110985558,-0.00519289931,-0.000958524271,feedback,0,54.42627,32.827148,-138.054199,57.919922,97.712402,12.65625,225.268234,230.541257,154.611887,126.383672,-2.73221575,125.273429,2.53378403,0.0775813546,2.53497148
14.9913597,smooth,2,extend,187,0.0176196098,60,6.66666667,0.110985558,-0.00519289931,-0.000958524271,feedback,0,54.492188,32.827148,-138.120117,58.007812,97.712402,12.722168,225.006902,230.516452,154.543559,126.390859,-2.75164566,125.244682,2.27449616,0.155245194,2.27978811
15.0301969,smooth,2,extend,189,0.0172271729,60,6.66666667,0.110985558,-0.00519289931,-0.000958524271,feedback,0,54.558105,32.849121,-138.186035,58.051758,97.734375,12.766113,224.697771,230.573581,154.589642,126.397372,-2.72165036,125.267404,1.96264717,0.0953351314,1.96496124
15.0661156,smooth,2,extend,191,0.0168244839,60,6.66666667,0.110985558,-0.00519289931,-0.000958524271,feedback,0,54.580078,32.849121,-138.208008,58.095703,97.734375,12.788086,224.632493,230.547266,154.567529,126.387886,-2.74111549,125.253178,1.8988632,0.130699243,1.90335592
15.1091893,smooth,2,extend,193,0.021907568,60,6.66666667,0.110985558,-0.00519289931,-0.000958524271,feedback,0,54.645996,32.871094,-138.273926,58.161621,97.756348,12.832031,224.356144,230.577137,154.61459,126.376589,-2.73056536,125.268953,1.62102522,0.086062881,1.62330822
15.141834,smooth,2,extend,195,0.0167553425,60,6.66666667,0.110985558,-0.00519289931,-0.000958524271,feedback,0,54.689941,32.871094,-138.339844,58.205566,97.756348,12.875977,224.118533,230.518044,154.54556,126.397281,-2.71015369,125.232337,1.38703927,0.185868551,1.3994374
15.1791241,smooth,2,extend,197,0.0168473721,60,6.66666667,0.110985558,-0.00519289931,-0.000958524271,feedback,0,54.755859,32.893066,-138.383789,58.293457,97.77832,12.941895,223.917009,230.57977,154.617228,126.373768,-2.76359016,125.274884,1.18224007,0.100520897,1.18650581
15.2152987,smooth,2,extend,199,0.0168178082,60,6.66666667,0.110985558,-0.00519289931,-0.000958524271,feedback,0,54.799805,32.915039,-138.427734,58.337402,97.77832,12.941895,223.738227,230.60303,154.663044,126.365109,-2.73446667,125.26085,1.00217762,0.0675310203,1.00445031
15.2531638,smooth,2,extend,201,0.0230545998,60,6.66666667,0.110985558,-0.00519289931,-0.000958524271,feedback,0,54.865723,32.915039,-138.493652,58.425293,97.77832,13.029785,223.477791,230.575403,154.596227,126.381443,-2.77783763,125.244079,0.743903483,0.135386493,0.756122936
15.2892473,smooth,2,extend,203,0.0201108456,60,6.66666667,0.110985558,-0.00519289931,-0.000958524271,feedback,0,54.931641,32.937012,-138.55957,58.491211,97.800293,13.051758,223.202024,230.60329,154.644025,126.359513,-2.74244826,125.24912,0.46673318,0.0987050366,0.477056124
15.330106,smooth,2,extend,205,0.0194227695,60,6.66666667,0.110985558,-0.00519289931,-0.000958524271,feedback,0,54.997559,32.937012,-138.625488,58.557129,97.822266,13.139648,222.909803,230.607061,154.601158,126.37226,-2.76014135,125.265494,0.17503596,0.131457963,0.218903594
15.3662324,smooth,2,extend,207,0.0167922974,60,6.66666667,0.110985558,-0.00519289931,-0.000958524271,feedback,0,55.019531,32.958984,-138.647461,58.557129,97.822266,13.139648,222.796241,230.656637,154.668736,126.383468,-2.73614074,125.276685,0.0587019538,0.0590368391,0.0832542357
15.402791,smooth,2,extend,209,0.0205464363,60,6.66666667,0.110985558,-0.00519289931,-0.000958524271,feedback,0,55.019531,32.958984,-138.647461,58.557129,97.822266,13.139648,222.796241,230.656637,154.668736,126.383468,-2.73614074,125.276685,0.0587019538,0.0590368391,0.0832542357
15.4404931,smooth,2,extend,211,0.0192449093,60,6.66666667,0.110985558,-0.00519289931,-0.000958524271,feedback,0,54.953613,32.958984,-138.581543,58.513184,97.822266,13.095703,223.121503,230.632051,154.736732,126.352167,-2.78088927,125.301657,0.384159231,0.0838651757,0.39320692
15.4748945,smooth,2,extend,213,0.0167851448,60,6.66666667,0.110985558,-0.00519289931,-0.000958524271,feedback,0,54.931641,32.958984,-138.537598,58.447266,97.822266,13.07373,223.195619,230.745414,154.780788,126.375471,-2.76235285,125.344888,0.452512362,0.109768732,0.465635707
15.5117974,smooth,2,extend,215,0.0191783905,60,6.66666667,0.110985558,-0.00519289931,-0.000958524271,feedback,0,54.84375,32.958984,-138.449707,58.381348,97.800293,12.98584,223.618396,230.714711,154.847614,126.34683,-2.78868994,125.339907,0.875670145,0.172338781,0.892467848
15.5470557,smooth,2,retract,217,0.0174880028,60,6.66666667,-0.110985558,0.00519289931,0.000958524271,feedback,0,54.777832,32.937012,-138.405762,58.337402,97.77832,12.941895,223.885194,230.600136,154.777574,126.345065,-2.79880805,125.294445,1.14812563,0.117355145,1.15410775
15.5833938,smooth,2,retract,219,0.0188713074,60,6.66666667,-0.110985558,0.00519289931,0.000958524271,feedback,0,54.733887,32.937012,-138.339844,58.249512,97.756348,12.897949,224.056941,230.707335,154.820632,126.381051,-2.78614316,125.319113,1.31429761,0.15393609,1.32328173
15.6199543,smooth,2,retract,221,0.0192015171,60,6.66666667,-0.110985558,0.00519289931,0.000958524271,feedback,0,54.667969,32.937012,-138.273926,58.205566,97.756348,12.854004,224.382995,230.680471,154.889896,126.349099,-2.83056044,125.344514,1.64064079,0.220447374,1.65538492
15.6651652,smooth,2,retract,223,0.0218133926,60,6.66666667,-0.110985558,0.00519289931,0.000958524271,feedback,0,54.602051,32.915039,-138.208008,58.117676,97.756348,12.810059,224.627315,230.682921,154.866541,126.356884,-2.81566304,125.36172,1.88477147,0.202986896,1.89567064
15.7001588,smooth,2,retract,225,0.0189766884,60,6.66666667,-0.110985558,0.00519289931,0.000958524271,feedback,0,54.536133,32.915039,-138.14209,58.07373,97.734375,12.766113,224.953231,230.64947,154.912004,126.345806,-2.86579836,125.361411,2.21149044,0.246348149,2.22516907
15.7393117,smooth,2,retract,227,0.018550396,60,6.66666667,-0.110985558,0.00519289931,0.000958524271,feedback,0,54.492188,32.893066,-138.076172,57.98584,97.734375,12.678223,225.109353,230.737303,154.889043,126.344232,-2.77783052,125.367656,2.36352917,0.258422609,2.37761485
15.777462,smooth,2,retract,229,0.0168025494,60,6.66666667,-0.110985558,0.00519289931,0.000958524271,feedback,0,54.448242,32.871094,-138.054199,57.963867,97.712402,12.678223,225.278627,230.621303,154.796365,126.360608,-2.81203588,125.32653,2.53883274,0.132950139,2.54231143
15.8073158,smooth,2,retract,231,0.0167515278,60,6.66666667,-0.110985558,0.00519289931,0.000958524271,feedback,0,54.382324,32.849121,-137.988281,57.875977,97.69043,12.612305,225.522892,230.61666,154.749272,126.378981,-2.77820934,125.30706,2.78344531,0.0912392856,2.78494029
15.8449879,smooth,2,retract,233,0.0167469978,60,6.66666667,-0.110985558,0.00519289931,0.000958524271,feedback,0,54.338379,32.849121,-137.944336,57.854004,97.69043,12.568359,225.751675,230.58816,154.79646,126.344611,-2.79780796,125.314451,3.01289436,0.13552151,3.01594074
15.8805501,smooth,2,retract,235,0.0186111927,60,6.66666667,-0.110985558,0.00519289931,0.000958524271,feedback,0,54.272461,32.827148,-137.834473,57.766113,97.69043,12.502441,226.081283,230.705922,154.822128,126.33221,-2.79818665,125.366083,3.33640469,0.219488931,3.34361655
15.920706,smooth,2,retract,237,0.022387743,60,6.66666667,-0.110985558,0.00519289931,0.000958524271,feedback,0,54.206543,32.805176,-137.8125,57.722168,97.668457,12.458496,226.306443,230.529003,154.728741,126.334614,-2.78771738,125.298667,3.57038449,0.0745293907,3.57116228
15.9548347,smooth,2,retract,239,0.0168232918,60,6.66666667,-0.110985558,0.00519289931,0.000958524271,feedback,0,54.162598,32.805176,-137.768555,57.678223,97.668457,12.458496,226.502883,230.526272,154.775629,126.33787,-2.83651066,125.335793,3.76632553,0.121210379,3.76827546
15.9883137,smooth,2,retract,241,0.0167319775,60,6.66666667,-0.110985558,0.00519289931,0.000958524271,feedback,0,54.09668,32.783203,-137.680664,57.590332,97.646484,12.392578,226.7902,230.578333,154.753521,126.350965,-2.8223034,125.339398,4.05107598,0.113626956,4.0526692
16.0275493,smooth,2,retract,243,0.0168235302,60,6.66666667,-0.110985558,0.00519289931,0.000958524271,feedback,0,54.030762,32.76123,-137.614746,57.546387,97.624512,12.348633,227.100411,230.517834,154.708701,126.343784,-2.85173266,125.317243,4.36415027,0.0590784997,4.36455013
16.0676866,smooth,2,retract,245,0.016872406,60,6.66666667,-0.110985558,0.00519289931,0.000958524271,feedback,0,53.986816,32.76123,-137.570801,57.458496,97.624512,12.304688,227.231939,230.567522,154.754794,126.361447,-2.81211361,125.34675,4.49280973,0.122842211,4.49448879
16.1009488,smooth,2,retract,247,0.0168032646,60,6.66666667,-0.110985558,0.00519289931,0.000958524271,feedback,0,53.964844,32.739258,-137.526855,57.414551,97.602539,12.260742,227.322895,230.62215,154.68584,126.381366,-2.77344868,125.324523,4.58170505,0.126764087,4.58345833
16.1367638,smooth,2,retract,249,0.0191192627,60,6.66666667,-0.110985558,0.00519289931,0.000958524271,feedback,0,53.876953,32.717285,-137.460938,57.32666,97.602539,12.216797,227.657025,230.532055,154.664465,126.376361,-2.78169151,125.331828,4.91985248,0.05046528,4.9201113
16.1798332,smooth,2,retract,251,0.0214366913,60,6.66666667,-0.110985558,0.00519289931,0.000958524271,feedback,0,53.811035,32.717285,-137.39502,57.304688,97.580566,12.150879,228.017307,230.46668,154.712968,126.336451,-2.82604557,125.314046,5.28236471,0.0709412677,5.28284106
16.213063,smooth,2,retract,253,0.0167770386,60,6.66666667,-0.110985558,0.00519289931,0.000958524271,feedback,0,53.789062,32.695312,-137.351074,57.260742,97.580566,12.128906,228.108936,230.526106,154.668556,126.345048,-2.80611184,125.328985,5.37149609,0.0675629908,5.37192097
16.2469239,smooth,2,retract,255,0.0193238258,60,6.66666667,-0.110985558,0.00519289931,0.000958524271,feedback,0,53.701172,32.695312,-137.285156,57.172852,97.558594,12.062988,228.460008,230.452441,154.715676,126.345974,-2.81519637,125.322214,5.72520679,0.077585346,5.72573247
16.2871451,smooth,2,retract,257,0.0199406147,60,6.66666667,-0.110985558,0.00519289931,0.000958524271,feedback,0,53.657227,32.67334,-137.241211,57.106934,97.536621,12.041016,228.607075,230.445261,154.646498,126.38196,-2.80501147,125.307643,5.87304036,0.0104810348,5.87304971
16.3314321,smooth,2,retract,259,0.0220925808,60,6.66666667,-0.110985558,0.00519289931,0.000958524271,feedback,0,53.591309,32.651367,-137.15332,57.062988,97.536621,11.975098,228.961483,230.445165,154.651728,126.337731,-2.82381345,125.323312,6.22700724,0.0273981879,6.22706751
16.3697805,smooth,2,retract,261,0.0226345062,60,6.66666667,-0.110985558,0.00519289931,0.000958524271,feedback,0,53.525391,32.651367,-137.087402,56.975098,97.514648,11.931152,229.224607,230.457654,154.699594,126.359563,-2.83303672,125.339324,6.48883742,0.081822893,6.48935329
16.4068217,smooth,2,retract,263,0.0199313164,60,6.66666667,-0.110985558,0.00519289931,0.000958524271,feedback,0,53.481445,32.629395,-137.021484,56.931152,97.492676,11.887207,229.447558,230.481105,154.65609,126.362844,-2.83779766,125.329065,6.71081592,0.0836861037,6.7113377
16.4387584,smooth,2,retract,265,0.0168061256,60,6.66666667,-0.110985558,0.00519289931,0.000958524271,feedback,0,53.4375,32.629395,-136.999512,56.887207,97.492676,11.843262,229.602122,230.416503,154.679968,126.349686,-2.81716364,125.321922,6.86801788,0.056137524,6.8682473
16.4748685,smooth,2,retract,267,0.0194923878,60,6.66666667,-0.110985558,0.00519289931,0.000958524271,feedback,0,53.371582,32.607422,-136.933594,56.799316,97.470703,11.755371,229.848352,230.404673,154.635648,126.355894,-2.75731417,125.293145,7.11490497,0.023750972,7.11494461
16.5206749,smooth,2,retract,269,0.0224974155,60,6.66666667,-0.110985558,0.00519289931,0.000958524271,feedback,0,53.305664,32.585449,-136.867676,56.755371,97.44873,11.733398,230.159933,230.339049,154.592447,126.35791,-2.81034106,125.283072,7.42957397,0.0426338117,7.4296963
16.555047,smooth,2,retract,271,0.018809557,60,6.66666667,-0.110985558,0.00519289931,0.000958524271,feedback,0,53.261719,32.585449,-136.801758,56.711426,97.426758,11.689453,230.400574,230.384492,154.642328,126.355828,-2.83465795,125.295818,7.66738849,0.0344791439,7.66746601
16.5937476,smooth,2,retract,273,0.0167412758,60,6.66666667,-0.110985558,0.00519289931,0.000958524271,feedback,0,53.217773,32.563477,-136.757812,56.623535,97.426758,11.645508,230.51598,230.407039,154.597737,126.376873,-2.77425297,125.303939,7.78199559,0.0598681014,7.78222588
16.6301913,smooth,2,retract,275,0.0167634487,60,6.66666667,-0.110985558,0.00519289931,0.000958524271,feedback,0,53.173828,32.563477,-136.713867,56.601562,97.426758,11.601562,230.746624,230.372515,154.647635,126.34106,-2.79307129,125.312268,8.01356222,0.0430393441,8.0136778
16.6640093,smooth,2,retract,277,0.0169210434,60,6.66666667,-0.110985558,0.00519289931,0.000958524271,feedback,0,53.195801,32.563477,-136.73584,56.623535,97.426758,11.623535,230.647608,230.376477,154.622899,126.350369,-2.79357494,125.304329,7.91468555,0.031202498,7.91474705
16.7002084,smooth,2,retract,279,0.0167853832,60,6.66666667,-0.110985558,0.00519289931,0.000958524271,feedback,0,53.217773,32.563477,-136.779785,56.645508,97.426758,11.645508,230.50534,230.322495,154.573062,126.364786,-2.77427586,125.273626,7.77553127,0.0559404891,7.7757325
16.7339571,smooth,2,retract,281,0.0167181492,60,6.66666667,-0.110985558,0.00519289931,0.000958524271,feedback,0,53.305664,32.563477,-136.845703,56.733398,97.44873,11.711426,230.15322,230.400489,154.524103,126.365015,-2.76608011,125.279384,7.42058628,0.104488724,7.42132189
16.7708664,smooth,2,retract,283,0.0168499947,60,6.66666667,-0.110985558,0.00519289931,0.000958524271,feedback,0,53.327637,32.563477,-136.889648,56.777344,97.44873,11.733398,230.043742,230.319428,154.475058,126.362022,-2.76649883,125.241273,7.31544355,0.158988772,7.31717103
16.8059425,smooth,2,retract,285,0.0168862343,60,6.66666667,-0.110985558,0.00519289931,0.000958524271,feedback,0,53.393555,32.585449,-136.977539,56.821289,97.470703,11.799316,229.689115,230.326824,154.49348,126.38529,-2.74252572,125.251029,6.96071275,0.14832931,6.96229299
16.8449254,smooth,2,retract,287,0.0174260139,60,6.66666667,-0.110985558,0.00519289931,0.000958524271,feedback,0,53.459473,32.585449,-137.043457,56.90918,97.492676,11.843262,229.42579,230.315165,154.44533,126.36369,-2.7335229,125.234782,6.6986459,0.204143827,6.70175586
19.1971362,fast,1,extend,1,,100,6.66666667,0.0665902284,-0.00314035926,-0.000569269445,feedback,0,55.041504,32.958984,-138.647461,58.601074,97.822266,13.161621,222.772992,230.688755,154.67051,126.369178,-2.77556821,125.285215,0.000152424555,0.0180002865,0.0180009318
19.2230277,fast,1,extend,4,0.0100750923,100,6.66666667,0.0665902284,-0.00314035926,-0.000569269445,feedback,0,55.041504,32.958984,-138.647461,58.601074,97.822266,13.161621,222.772992,230.688755,154.67051,126.369178,-2.77556821,125.285215,0.000152424555,0.0180002865,0.0180009318
19.2538314,fast,1,extend,7,0.010103941,100,6.66666667,0.0665902284,-0.00314035926,-0.000569269445,feedback,0,55.041504,32.958984,-138.647461,58.601074,97.822266,13.161621,222.772992,230.688755,154.67051,126.369178,-2.77556821,125.285215,0.000152424555,0.0180002865,0.0180009318
19.2838082,fast,1,extend,10,0.0101034641,100,6.66666667,0.0665902284,-0.00314035926,-0.000569269445,feedback,0,55.041504,32.958984,-138.647461,58.579102,97.822266,13.161621,222.740385,230.715414,154.669621,126.387007,-2.7560881,125.292141,-0.0336647395,0.0315836291,0.0461610259
19.3147674,fast,1,extend,13,0.0103793144,100,6.66666667,0.0665902284,-0.00314035926,-0.000569269445,feedback,0,55.041504,32.958984,-138.647461,58.601074,97.822266,13.161621,222.772992,230.688755,154.67051,126.369178,-2.77556821,125.285215,0.000152424555,0.0180002865,0.0180009318
19.3448112,fast,1,extend,16,0.0101382732,100,6.66666667,0.0665902284,-0.00314035926,-0.000569269445,feedback,0,55.041504,32.958984,-138.647461,58.601074,97.822266,13.161621,222.772992,230.688755,154.67051,126.369178,-2.77556821,125.285215,0.000152424555,0.0180002865,0.0180009318
19.3749065,fast,1,extend,19,0.010032177,100,6.66666667,0.0665902284,-0.00314035926,-0.000569269445,feedback,0,55.041504,32.958984,-138.647461,58.579102,97.822266,13.161621,222.740385,230.715414,154.669621,126.387007,-2.7560881,125.292141,-0.0336647395,0.0315836291,0.0461610259
19.4057193,fast,1,extend,22,0.0101184845,100,6.66666667,0.0665902284,-0.00314035926,-0.000569269445,feedback,0,55.041504,32.958984,-138.625488,58.579102,97.822266,13.183594,222.782041,230.774996,154.692841,126.392849,-2.80078928,125.325673,0.00493795168,0.086682398,0.0868229318
19.4356792,fast,1,extend,25,0.010119915,100,6.66666667,0.0665902284,-0.00314035926,-0.000569269445,feedback,0,55.019531,32.958984,-138.625488,58.601074,97.822266,13.161621,222.903123,230.662869,154.693729,126.353651,-2.81979396,125.296355,0.131155316,0.0207189416,0.132781743
19.465714,fast,1,extend,28,0.0100195408,100,6.66666667,0.0665902284,-0.00314035926,-0.000569269445,feedback,0,55.019531,32.958984,-138.625488,58.557129,97.822266,13.161621,222.83792,230.716203,154.691957,126.389305,-2.78083281,125.310224,0.0635296603,0.0307365957,0.0705744717
19.4960756,fast,1,extend,31,0.0100927353,100,6.66666667,0.0665902284,-0.00314035926,-0.000569269445,feedback,0,55.019531,32.958984,-138.625488,58.557129,97.822266,13.139648,222.83792,230.716203,154.691957,126.379151,-2.7563645,125.299033,0.0635296603,0.0307365957,0.0705744717
19.5269856,fast,1,extend,34,0.0100924969,100,6.66666667,0.0665902284,-0.00314035926,-0.000569269445,feedback,0,54.997559,32.958984,-138.603516,58.557129,97.822266,13.139648,222.968073,230.690271,154.715205,126.363612,-2.80058462,125.310185,0.194557181,0.0303095203,0.196903945
19.5590961,fast,1,extend,37,0.0101604462,100,6.66666667,0.0665902284,-0.00314035926,-0.000569269445,feedback,0,54.997559,32.958984,-138.603516,58.513184,97.822266,13.095703,222.902851,230.743582,154.713453,126.378925,-2.71267644,125.30169,0.126913589,0.066213866,0.143147949
19.5895569,fast,1,extend,40,0.0101380348,100,6.66666667,0.0665902284,-0.00314035926,-0.000569269445,feedback,0,54.975586,32.958984,-138.581543,58.513184,97.822266,13.095703,223.033039,230.717602,154.736732,126.36338,-2.75689417,125.312853,0.257977618,0.0650317214,0.266048071
19.6196468,fast,1,extend,43,0.0101218224,100,6.66666667,0.0665902284,-0.00314035926,-0.000569269445,feedback,0,54.975586,32.958984,-138.55957,58.535156,97.822266,13.095703,223.107353,230.750452,154.76091,126.341236,-2.79660723,125.328245,0.330452252,0.10791851,0.347627812
19.6501338,fast,1,extend,46,0.0101311207,100,6.66666667,0.0665902284,-0.00314035926,-0.000569269445,feedback,0,54.953613,32.958984,-138.55957,58.469238,97.800293,13.07373,223.097544,230.739165,154.734046,126.394319,-2.74361585,125.300829,0.321415455,0.0814870472,0.331584128
19.6803606,fast,1,extend,49,0.0101203918,100,6.66666667,0.0665902284,-0.00314035926,-0.000569269445,feedback,0,54.931641,32.958984,-138.537598,58.491211,97.822266,13.095703,223.260838,230.692099,154.782507,126.350034,-2.82581578,125.34214,0.486325176,0.101620347,0.496828815
19.7122672,fast,1,extend,52,0.0101201534,100,6.66666667,0.0665902284,-0.00314035926,-0.000569269445,feedback,0,54.931641,32.958984,-138.515625,58.447266,97.800293,13.07373,223.236902,230.799199,154.779887,126.392173,-2.78852241,125.341344,0.457394629,0.162941215,0.48555091
19.7408357,fast,1,extend,55,0.0101094246,100,6.66666667,0.0665902284,-0.00314035926,-0.000569269445,feedback,0,54.909668,32.958984,-138.515625,58.447266,97.800293,13.051758,223.325398,230.713571,154.779887,126.370799,-2.78805196,125.318963,0.549822082,0.108683732,0.560460949
19.7714162,fast,1,extend,58,0.010099411,100,6.66666667,0.0665902284,-0.00314035926,-0.000569269445,feedback,0,54.887695,32.958984,-138.493652,58.447266,97.800293,13.051758,223.455651,230.687343,154.80328,126.355198,-2.83224794,125.330139,0.68096175,0.124446451,0.692239715
19.8014178,fast,1,extend,61,0.0101294518,100,6.66666667,0.0665902284,-0.00314035926,-0.000569269445,feedback,0,54.887695,32.958984,-138.493652,58.40332,97.800293,13.051758,223.390432,230.740666,154.801582,126.390758,-2.79322882,125.34411,0.613320707,0.143349718,0.629850325
19.8320165,fast,1,extend,64,0.0101339817,100,6.66666667,0.0665902284,-0.00314035926,-0.000569269445,feedback,0,54.865723,32.937012,-138.47168,58.425293,97.800293,13.029785,223.536712,230.664134,154.73485,126.351609,-2.81226354,125.314737,0.763607038,0.0540727612,0.765519152
19.8627675,fast,1,extend,67,0.0101349354,100,6.66666667,0.0665902284,-0.00314035926,-0.000569269445,feedback,0,54.84375,32.937012,-138.47168,58.381348,97.800293,13.007812,223.559959,230.631737,154.733161,126.365787,-2.77277537,125.306332,0.788368377,0.0550957123,0.790291235
19.8924441,fast,1,extend,70,0.0101194382,100,6.66666667,0.0665902284,-0.00314035926,-0.000569269445,feedback,0,54.84375,32.937012,-138.427734,58.359375,97.800293,13.007812,223.611004,230.77718,154.7792,126.37474,-2.79363582,125.358108,0.8321107,0.160929693,0.847529695
19.9230216,fast,1,extend,73,0.010127306,100,6.66666667,0.0665902284,-0.00314035926,-0.000569269445,feedback,0,54.821777,32.937012,-138.427734,58.359375,97.77832,12.98584,223.699026,230.685755,154.754927,126.374459,-2.79909855,125.309819,0.924545186,0.0846934905,0.928416279
19.953182,fast,1,extend,76,0.0101473331,100,6.66666667,0.0665902284,-0.00314035926,-0.000569269445,feedback,0,54.799805,32.937012,-138.405762,58.337402,97.77832,12.963867,223.796742,230.685979,154.777574,126.366429,-2.79928019,125.316837,1.02194508,0.107840166,1.02761922
19.9838212,fast,1,extend,79,0.0101537704,100,6.66666667,0.0665902284,-0.00314035926,-0.000569269445,feedback,0,54.777832,32.937012,-138.405762,58.337402,97.77832,12.963867,223.885194,230.600136,154.777574,126.355206,-2.82327228,125.305642,1.11433924,0.104992791,1.11927451
20.0148957,fast,1,extend,82,0.0100963116,100,6.66666667,0.0665902284,-0.00314035926,-0.000569269445,feedback,0,54.755859,32.937012,-138.383789,58.31543,97.77832,12.941895,223.982935,230.600261,154.800256,126.347154,-2.82344866,125.31267,1.21176929,0.126069628,1.21830963
20.0448232,fast,1,extend,85,0.0100986958,100,6.66666667,0.0665902284,-0.00314035926,-0.000569269445,feedback,0,54.755859,32.937012,-138.361816,58.271484,97.77832,12.919922,223.95963,230.712906,154.822158,126.368034,-2.78009155,125.337944,1.18299781,0.164526623,1.19438387
20.0761292,fast,1,extend,88,0.0101070404,100,6.66666667,0.0665902284,-0.00314035926,-0.000569269445,feedback,0,54.733887,32.937012,-138.339844,58.249512,97.77832,12.919922,224.057403,230.71295,154.844914,126.370085,-2.804714,125.356201,1.28046196,0.187545421,1.29412369
20.1070786,fast,1,extend,91,0.0101537704,100,6.66666667,0.0665902284,-0.00314035926,-0.000569269445,feedback,0,54.711914,32.937012,-138.317871,58.249512,97.77832,12.897949,224.187809,230.686272,154.86851,126.344244,-2.82440207,125.356226,1.4117734,0.202496777,1.42622196
20.1369603,fast,1,extend,94,0.0101635456,100,6.66666667,0.0665902284,-0.00314035926,-0.000569269445,feedback,0,54.689941,32.915039,-138.295898,58.249512,97.756348,12.875977,224.301102,230.630394,154.776627,126.344003,-2.82982107,125.307945,1.52835375,0.102092571,1.5317598
20.167762,fast,1,extend,97,0.010158062,100,6.66666667,0.0665902284,-0.00314035926,-0.000569269445,feedback,0,54.667969,32.915039,-138.273926,58.227539,97.756348,12.875977,224.398926,230.630281,154.799444,126.346016,-2.85442053,125.326223,1.62587605,0.126138838,1.63076176
20.1976683,fast,1,extend,100,0.0101187229,100,6.66666667,0.0665902284,-0.00314035926,-0.000569269445,feedback,0,54.667969,32.915039,-138.273926,58.205566,97.756348,12.854004,224.366326,230.656957,154.798645,126.353583,-2.81040898,125.322089,1.5920639,0.131089277,1.59745168
20.2278862,fast,1,extend,103,0.010068655,100,6.66666667,0.0665902284,-0.00314035926,-0.000569269445,feedback,0,54.645996,32.915039,-138.22998,58.161621,97.756348,12.832031,224.473569,230.742651,154.844395,126.358624,-2.81112518,125.358699,1.69475645,0.216713328,1.70855614
20.2606666,fast,1,extend,106,0.0101418495,100,6.66666667,0.0665902284,-0.00314035926,-0.000569269445,feedback,0,54.624023,32.893066,-138.22998,58.139648,97.756348,12.810059,224.512737,230.659699,154.752311,126.359445,-2.77095675,125.320948,1.73857354,0.0948020016,1.74115633
20.288754,fast,1,extend,109,0.0101292133,100,6.66666667,0.0665902284,-0.00314035926,-0.000569269445,feedback,0,54.602051,32.893066,-138.208008,58.139648,97.734375,12.788086,224.642759,230.627177,154.751702,126.354719,-2.79648133,125.295114,1.86998272,0.0835019419,1.87184613
20.3229198,fast,1,extend,112,0.0110487938,100,6.66666667,0.0665902284,-0.00314035926,-0.000569269445,feedback,0,54.580078,32.893066,-138.186035,58.095703,97.734375,12.788086,224.708054,230.653513,154.773857,126.374343,-2.80148064,125.320537,1.9337735,0.116217808,1.93726264
20.3530288,fast,1,extend,115,0.0101327896,100,6.66666667,0.0665902284,-0.00314035926,-0.000569269445,feedback,0,54.558105,32.871094,-138.164062,58.07373,97.734375,12.766113,224.789241,230.629612,154.705457,126.370648,-2.78144407,125.305242,2.01657716,0.0495624572,2.01718612
20.3810596,fast,1,extend,118,0.0100877285,100,6.66666667,0.0665902284,-0.00314035926,-0.000569269445,feedback,0,54.536133,32.871094,-138.14209,58.051758,97.734375,12.766113,224.88717,230.629174,154.728431,126.372562,-2.80598977,125.323603,2.114219,0.0704803961,2.11539345
20.4138324,fast,1,retract,121,0.010178566,100,6.66666667,-0.0665902284,0.00314035926,0.000569269445,feedback,0,54.536133,32.871094,-138.120117,58.029785,97.734375,12.744141,224.896659,230.714942,154.75144,126.37553,-2.78206594,125.341978,2.11946061,0.149972892,2.12476002
20.4461362,fast,1,retract,124,0.0101208687,100,6.66666667,-0.0665902284,0.00314035926,0.000569269445,feedback,0,54.492188,32.871094,-138.098145,58.029785,97.734375,12.722168,225.115692,230.601449,154.775236,126.338382,-2.82569495,125.330856,2.34338535,0.109220914,2.34592926
20.4767265,fast,1,retract,127,0.0101444721,100,6.66666667,-0.0665902284,0.00314035926,0.000569269445,feedback,0,54.492188,32.849121,-138.076172,57.98584,97.712402,12.700195,225.075391,230.684813,154.681781,126.384701,-2.76789766,125.308025,2.30000146,0.105317404,2.30241145
20.5070913,fast,1,retract,130,0.0101335049,100,6.66666667,-0.0665902284,0.00314035926,0.000569269445,feedback,0,54.448242,32.849121,-138.054199,57.963867,97.712402,12.700195,225.261847,230.597824,154.704861,126.375333,-2.81640734,125.315242,2.49014435,0.0459625809,2.4905685
20.5382993,fast,1,retract,133,0.010103941,100,6.66666667,-0.0665902284,0.00314035926,0.000569269445,feedback,0,54.448242,32.849121,-138.032227,57.963867,97.712402,12.65625,225.304032,230.656852,154.728715,126.350461,-2.78756949,125.315333,2.52929657,0.10701442,2.53155944
20.5704386,fast,1,retract,136,0.0102345943,100,6.66666667,-0.0665902284,0.00314035926,0.000569269445,feedback,0,54.404297,32.827148,-138.032227,57.919922,97.712402,12.634277,225.398866,230.513853,154.635715,126.357725,-2.75183303,125.273533,2.63155154,0.059343574,2.63222057
20.6009481,fast,1,retract,139,0.0101230145,100,6.66666667,-0.0665902284,0.00314035926,0.000569269445,feedback,0,54.404297,32.827148,-138.010254,57.919922,97.712402,12.634277,225.441098,230.572852,154.659572,126.353132,-2.7719157,125.296025,2.67075256,0.0116571414,2.670778
20.6311071,fast,1,retract,142,0.010106802,100,6.66666667,-0.0665902284,0.00314035926,0.000569269445,feedback,0,54.382324,32.827148,-137.966309,57.875977,97.69043,12.590332,225.548323,230.652159,154.681605,126.368828,-2.75374233,125.295866,2.77393093,0.0956664859,2.7755801
20.6618848,fast,1,retract,145,0.0101191998,100,6.66666667,-0.0665902284,0.00314035926,0.000569269445,feedback,0,54.338379,32.827148,-137.966309,57.875977,97.69043,12.590332,225.725164,230.479099,154.681605,126.346404,-2.80172998,125.273474,2.9587206,0.0727101808,2.95961389
20.6935813,fast,1,retract,148,0.010130167,100,6.66666667,-0.0665902284,0.00314035926,0.000569269445,feedback,0,54.338379,32.827148,-137.922363,57.832031,97.69043,12.568359,225.744522,230.650308,154.728079,126.362202,-2.77819937,125.321625,2.96959516,0.120554971,2.9720412
20.7226284,fast,1,retract,151,0.0100903511,100,6.66666667,-0.0665902284,0.00314035926,0.000569269445,feedback,0,54.294434,32.805176,-137.900391,57.810059,97.69043,12.546387,225.914231,230.539216,154.659688,126.347212,-2.78211553,125.295214,3.14492692,0.00241428851,3.14492785
20.7523532,fast,1,retract,154,0.0101201534,100,6.66666667,-0.0665902284,0.00314035926,0.000569269445,feedback,0,54.272461,32.805176,-137.856445,57.766113,97.668457,12.546387,226.021646,230.618188,154.68199,126.383069,-2.81275565,125.317571,3.24830796,0.0852298932,3.24942591
20.7830558,fast,1,retract,157,0.010140419,100,6.66666667,-0.0665902284,0.00314035926,0.000569269445,feedback,0,54.250488,32.805176,-137.834473,57.766113,97.668457,12.524414,226.152435,230.590338,154.706044,126.357035,-2.83232964,125.31771,3.38005325,0.0765520656,3.38092002
20.8159561,fast,1,retract,160,0.0101847649,100,6.66666667,-0.0665902284,0.00314035926,0.000569269445,feedback,0,54.228516,32.783203,-137.834473,57.722168,97.668457,12.502441,226.158746,230.533505,154.6129,126.375481,-2.77257045,125.287184,3.3898293,0.0468756655,3.39015339
20.8454278,fast,1,retract,163,0.010130167,100,6.66666667,-0.0665902284,0.00314035926,0.000569269445,feedback,0,54.206543,32.783203,-137.8125,57.722168,97.646484,12.480469,226.289082,230.500124,154.612637,126.370669,-2.79787919,125.261481,3.52159118,0.0511601557,3.52196278
20.8738272,fast,1,retract,166,0.0101053715,100,6.66666667,-0.0665902284,0.00314035926,0.000569269445,feedback,0,54.18457,32.783203,-137.790527,57.678223,97.668457,12.458496,226.35515,230.530923,154.659673,126.3585,-2.7724572,125.301901,3.58573113,0.0112315123,3.58574872
20.9040716,fast,1,retract,169,0.0101289749,100,6.66666667,-0.0665902284,0.00314035926,0.000569269445,feedback,0,54.162598,32.783203,-137.746582,57.65625,97.646484,12.436523,226.495357,230.582884,154.682926,126.366518,-2.79812973,125.30598,3.72313085,0.0743683749,3.72387352
20.936708,fast,1,retract,172,0.0101234913,100,6.66666667,-0.0665902284,0.00314035926,0.000569269445,feedback,0,54.140625,32.783203,-137.724609,57.634277,97.646484,12.436523,226.593622,230.581428,154.706424,126.368117,-2.8225083,125.32457,3.82115151,0.0886024969,3.82217861
20.9652712,fast,1,retract,175,0.0101327896,100,6.66666667,-0.0665902284,0.00314035926,0.000569269445,feedback,0,54.118652,32.76123,-137.702637,57.612305,97.646484,12.414551,226.674975,230.556504,154.638039,126.364282,-2.8023924,125.309417,3.90416922,0.054473147,3.90454922
20.9950361,fast,1,retract,178,0.0100831985,100,6.66666667,-0.0665902284,0.00314035926,0.000569269445,feedback,0,54.09668,32.76123,-137.680664,57.568359,97.646484,12.392578,226.740649,230.581608,154.660918,126.373227,-2.78264167,125.32408,3.96838959,0.0801256071,3.96919841
21.0259185,fast,1,retract,181,0.0101032257,100,6.66666667,-0.0665902284,0.00314035926,0.000569269445,feedback,0,54.074707,32.76123,-137.658691,57.568359,97.624512,12.370605,226.871124,230.547926,154.660816,126.368378,-2.80786788,125.298423,4.10030288,0.0528885822,4.10064396
21.0560319,fast,1,retract,184,0.0101144314,100,6.66666667,-0.0665902284,0.00314035926,0.000569269445,feedback,0,54.030762,32.76123,-137.636719,57.524414,97.624512,12.348633,227.025244,230.485869,154.683769,126.366052,-2.81207776,125.301935,4.25697325,0.0316965997,4.25709125
21.0861986,fast,1,retract,187,0.0101110935,100,6.66666667,-0.0665902284,0.00314035926,0.000569269445,feedback,0,54.030762,32.76123,-137.614746,57.502441,97.624512,12.32666,227.035187,230.571181,154.70741,126.368636,-2.7879451,125.320592,4.26268386,0.100015912,4.26385704
21.1193407,fast,1,retract,190,0.0101940632,100,6.66666667,-0.0665902284,0.00314035926,0.000569269445,feedback,0,53.986816,32.739258,-137.592773,57.480469,97.624512,12.304688,227.204981,230.458897,154.639043,126.353543,-2.79180771,125.294283,4.43815643,0.0238223321,4.43822036
21.1490147,fast,1,retract,193,0.0101072788,100,6.66666667,-0.0665902284,0.00314035926,0.000569269445,feedback,0,53.964844,32.739258,-137.570801,57.436523,97.602539,12.282715,227.270281,230.478323,154.637752,126.383642,-2.77764277,125.283218,4.50247696,0.0124233862,4.5024941
21.1793103,fast,1,retract,196,0.0100793839,100,6.66666667,-0.0665902284,0.00314035926,0.000569269445,feedback,0,53.942871,32.739258,-137.526855,57.436523,97.602539,12.260742,227.443936,230.508285,154.686464,126.352681,-2.81712218,125.306031,4.67410594,0.0549111128,4.67442848
21.2099986,fast,1,retract,199,0.0101320744,100,6.66666667,-0.0665902284,0.00314035926,0.000569269445,feedback,0,53.920898,32.717285,-137.504883,57.392578,97.602539,12.23877,227.492741,230.509584,154.617469,126.366244,-2.77729526,125.298243,4.72338274,0.0531357508,4.72368161
21.2446907,fast,1,retract,202,0.0101242065,100,6.66666667,-0.0665902284,0.00314035926,0.000569269445,feedback,0,53.898926,32.717285,-137.48291,57.370605,97.602539,12.23877,227.591185,230.507524,154.641254,126.367664,-2.8015742,125.316968,4.82160781,0.0463434596,4.82183053
21.2752609,fast,1,retract,205,0.0100922585,100,6.66666667,-0.0665902284,0.00314035926,0.000569269445,feedback,0,53.85498,32.717285,-137.460938,57.304688,97.602539,12.194824,227.712795,230.471391,154.663863,126.372434,-2.76153416,125.316762,4.94458779,0.0234852959,4.94464356
21.3055797,fast,1,retract,208,0.010112524,100,6.66666667,-0.0665902284,0.00314035926,0.000569269445,feedback,0,53.833008,32.717285,-137.416992,57.32666,97.580566,12.172852,227.91879,230.468983,154.689057,126.345247,-2.82626865,125.306477,5.15024485,0.0500584332,5.15048812
21.336884,fast,1,retract,211,0.0101442337,100,6.66666667,-0.0665902284,0.00314035926,0.000569269445,feedback,0,53.811035,32.695312,-137.39502,57.260742,97.580566,12.150879,227.935013,230.496702,154.6195,126.376165,-2.766703,125.306097,5.16573749,0.0570501052,5.16605251
21.3673091,fast,1,retract,214,0.0101695061,100,6.66666667,-0.0665902284,0.00314035926,0.000569269445,feedback,0,53.789062,32.695312,-137.373047,57.23877,97.580566,12.128906,228.033546,230.494355,154.643427,126.367342,-2.76646962,125.313695,5.26406368,0.0536267739,5.26433683
21.3972411,fast,1,retract,217,0.0101304054,100,6.66666667,-0.0665902284,0.00314035926,0.000569269445,feedback,0,53.76709,32.695312,-137.329102,57.23877,97.580566,12.106934,228.207496,230.523676,154.692539,126.336203,-2.80586957,125.336589,5.43601409,0.104143379,5.43701159
21.4259934,fast,1,retract,220,0.0100967884,100,6.66666667,-0.0665902284,0.00314035926,0.000569269445,feedback,0,53.745117,32.695312,-137.307129,57.172852,97.558594,12.062988,228.240383,230.569232,154.691049,126.373319,-2.74728739,125.321945,5.46672998,0.146669367,5.46869716
21.4556806,fast,1,retract,223,0.0101165771,100,6.66666667,-0.0665902284,0.00314035926,0.000569269445,feedback,0,53.701172,32.67334,-137.285156,57.172852,97.558594,12.062988,228.442906,230.429159,154.62327,126.35089,-2.79527864,125.299556,5.67619736,0.0184912468,5.67622748
21.4864767,fast,1,retract,226,0.0101017952,100,6.66666667,-0.0665902284,0.00314035926,0.000569269445,feedback,0,53.679199,32.67334,-137.241211,57.128906,97.536621,12.041016,228.551315,230.506255,154.647057,126.375806,-2.80074605,125.311449,5.78064724,0.0902503454,5.78135172
21.5171022,fast,1,retract,229,0.0101475716,100,6.66666667,-0.0665902284,0.00314035926,0.000569269445,feedback,0,53.657227,32.67334,-137.241211,57.106934,97.536621,11.99707,228.607075,230.445261,154.646498,126.361661,-2.75607764,125.285256,5.83922132,0.0325636679,5.83931212
21.5489957,fast,1,retract,232,0.0101082325,100,6.66666667,-0.0665902284,0.00314035926,0.000569269445,feedback,0,53.613281,32.67334,-137.197266,57.084961,97.514648,11.99707,228.836556,230.407812,154.670969,126.368075,-2.82966913,125.289815,6.06999459,0.0346548266,6.07009352
21.5801394,fast,1,retract,235,0.0100953579,100,6.66666667,-0.0665902284,0.00314035926,0.000569269445,feedback,0,53.591309,32.651367,-137.15332,57.019043,97.514648,11.953125,228.895789,230.493274,154.626273,126.383658,-2.76538424,125.30115,6.12551556,0.0936917832,6.12623204
21.6109424,fast,1,retract,238,0.0101041794,100,6.66666667,-0.0665902284,0.00314035926,0.000569269445,feedback,0,53.569336,32.651367,-137.15332,57.019043,97.536621,11.953125,228.984617,230.410696,154.650643,126.35106,-2.78386092,125.315755,6.21792285,0.0212785408,6.21795926
21.6347599,fast,1,retract,240,0.0101225376,100,6.66666667,-0.0665902284,0.00314035926,0.000569269445,feedback,0,53.547363,32.651367,-137.131348,56.975098,97.514648,11.931152,229.050253,230.42917,154.649972,126.380774,-2.76929098,125.305111,6.28261933,0.0394187264,6.28274299
21.6669071,fast,2,extend,243,0.0108792782,100,6.66666667,0.0665902284,-0.00314035926,-0.000569269445,feedback,0,53.525391,32.629395,-137.087402,56.953125,97.514648,11.90918,229.174803,230.461082,154.60643,126.371742,-2.76894074,125.312863,6.40589516,0.0790453104,6.40638283
21.6983814,fast,2,extend,246,0.0101153851,100,6.66666667,0.0665902284,-0.00314035926,-0.000569269445,feedback,0,53.481445,32.629395,-137.043457,56.931152,97.492676,11.865234,229.404519,230.422981,154.631209,126.357717,-2.79346538,125.295158,6.63693146,0.0469180992,6.63709729
21.7293811,fast,2,extend,249,0.0101029873,100,6.66666667,0.0665902284,-0.00314035926,-0.000569269445,feedback,0,53.459473,32.629395,-137.021484,56.887207,97.492676,11.843262,229.470686,230.446441,154.65506,126.365938,-2.7733161,125.310397,6.70171343,0.0772161115,6.70215825
21.7594633,fast,2,extend,252,0.0101127625,100,6.66666667,0.0665902284,-0.00314035926,-0.000569269445,feedback,0,53.415527,32.607422,-136.999512,56.843262,97.492676,11.821289,229.608003,230.358568,154.586212,126.367949,-2.75729998,125.291737,6.8436004,0.0445583555,6.84374545
21.7897639,fast,2,extend,255,0.0101234913,100,6.66666667,0.0665902284,-0.00314035926,-0.000569269445,feedback,0,53.393555,32.607422,-136.955566,56.865234,97.470703,11.799316,229.814733,230.354759,154.612181,126.340633,-2.82175691,125.28155,7.05005099,0.016242351,7.0500697
21.8220279,fast,2,extend,258,0.0101084709,100,6.66666667,0.0665902284,-0.00314035926,-0.000569269445,feedback,0,53.371582,32.607422,-136.933594,56.799316,97.470703,11.777344,229.848352,230.404673,154.635648,126.366044,-2.78177809,125.304341,7.08107937,0.0501144356,7.0812567
21.8523977,fast,2,extend,261,0.0101299286,100,6.66666667,0.0665902284,-0.00314035926,-0.000569269445,feedback,0,53.327637,32.607422,-136.889648,56.777344,97.470703,11.733398,230.078739,230.370961,154.685174,126.330429,-2.8007087,125.312534,7.31236766,0.0648617771,7.31265532
21.8809927,fast,2,extend,264,0.0100879669,100,6.66666667,0.0665902284,-0.00314035926,-0.000569269445,feedback,0,53.305664,32.585449,-136.867676,56.711426,97.44873,11.733398,230.094677,230.392379,154.591488,126.392415,-2.77074496,125.298077,7.32807878,0.0597811197,7.32832261
21.9112542,fast,2,extend,267,0.0101082325,100,6.66666667,0.0665902284,-0.00314035926,-0.000569269445,feedback,0,53.283691,32.585449,-136.845703,56.689453,97.44873,11.689453,230.1936,230.388726,154.616066,126.373039,-2.74581942,125.294775,7.42685035,0.0506789938,7.42702325
21.943413,fast,2,extend,270,0.0101294518,100,6.66666667,0.0665902284,-0.00314035926,-0.000569269445,feedback,0,53.261719,32.585449,-136.801758,56.689453,97.44873,11.689453,230.368393,230.416267,154.666251,126.3516,-2.80943419,125.329112,7.59971728,0.0956415482,7.60031908
21.9746974,fast,2,extend,273,0.0101358891,100,6.66666667,0.0665902284,-0.00314035926,-0.000569269445,feedback,0,53.217773,32.585449,-136.779785,56.645508,97.426758,11.66748,230.522649,230.345647,154.666058,126.3698,-2.81853857,125.307595,7.75712398,0.0491559716,7.75727972
22.0021675,fast,2,extend,276,0.0101091862,100,6.66666667,0.0665902284,-0.00314035926,-0.000569269445,feedback,0,53.195801,32.563477,-136.73584,56.623535,97.426758,11.645508,230.647608,230.376477,154.622899,126.360513,-2.81804088,125.315525,7.88085598,0.05904355,7.88107715
22.0330904,fast,2,extend,279,0.0101006031,100,6.66666667,0.0665902284,-0.00314035926,-0.000569269445,feedback,0,53.151855,32.563477,-136.713867,56.57959,97.426758,11.601562,230.802336,230.310681,154.647185,126.34704,-2.79723752,125.308628,8.03829893,0.0273208932,8.03834536
22.0633557,fast,2,extend,282,0.0101265907,100,6.66666667,0.0665902284,-0.00314035926,-0.000569269445,feedback,0,53.151855,32.563477,-136.691895,56.57959,97.404785,11.601562,230.845217,230.363423,154.648,126.363361,-2.82240038,125.305659,8.07863937,0.0621906831,8.07887874
22.0933707,fast,2,extend,285,0.0100932121,100,6.66666667,0.0665902284,-0.00314035926,-0.000569269445,feedback,0,53.173828,32.563477,-136.73584,56.601562,97.404785,11.623535,230.702871,230.309602,154.598044,126.377832,-2.80313528,125.274919,7.93941798,0.0232567981,7.93945205
22.1239731,fast,2,extend,288,0.0102314949,100,6.66666667,0.0665902284,-0.00314035926,-0.000569269445,feedback,0,53.217773,32.563477,-136.779785,56.645508,97.426758,11.645508,230.50534,230.322495,154.573062,126.364786,-2.77427586,125.273626,7.74171962,0.0493701844,7.74187704
22.1540909,fast,2,extend,291,0.0101547241,100,6.66666667,0.0665902284,-0.00314035926,-0.000569269445,feedback,0,53.239746,32.563477,-136.801758,56.66748,97.426758,11.66748,230.406369,230.326311,154.54842,126.374042,-2.77475797,125.265713,7.64289285,0.0748712544,7.64325957
22.1864173,fast,2,extend,294,0.0100634098,100,6.66666667,0.0665902284,-0.00314035926,-0.000569269445,feedback,0,53.261719,32.563477,-136.845703,56.689453,97.44873,11.711426,230.264631,230.277253,154.523152,126.377086,-2.77447707,125.272009,7.5038441,0.116784964,7.50475283
22.2171502,fast,2,extend,297,0.0101280212,100,6.66666667,0.0665902284,-0.00314035926,-0.000569269445,feedback,0,53.305664,32.563477,-136.867676,56.755371,97.44873,11.711426,230.142643,230.315847,154.499564,126.352852,-2.76605971,125.249125,7.3803793,0.128452842,7.38149705
22.2504783,fast,2,extend,300,0.0101566315,100,6.66666667,0.0665902284,-0.00314035926,-0.000569269445,feedback,0,53.349609,32.563477,-136.911621,56.777344,97.44873,11.755371,229.912234,230.349611,154.450093,126.388441,-2.74714402,125.240911,7.1490663,0.177395772,7.15126689
22.2805412,fast,2,extend,303,0.010103941,100,6.66666667,0.0665902284,-0.00314035926,-0.000569269445,feedback,0,53.371582,32.585449,-136.955566,56.821289,97.470703,11.777344,229.820579,230.296764,154.51839,126.358887,-2.76189457,125.25138,7.05942306,0.124954214,7.06052884
22.3106718,fast,2,extend,306,0.0101256371,100,6.66666667,0.0665902284,-0.00314035926,-0.000569269445,feedback,0,53.415527,32.585449,-136.977539,56.843262,97.470703,11.799316,229.633407,230.388234,154.493981,126.379208,-2.73830256,125.254757,6.86836508,0.137816263,6.86974761
22.3410814,fast,2,extend,309,0.0101497173,100,6.66666667,0.0665902284,-0.00314035926,-0.000569269445,feedback,0,53.4375,32.585449,-137.021484,56.887207,97.492676,11.843262,229.524578,230.311947,154.469641,126.364778,-2.75760983,125.253755,6.76346224,0.171359535,6.76563268
22.372031,fast,2,extend,312,0.0101144314,100,6.66666667,0.0665902284,-0.00314035926,-0.000569269445,feedback,0,53.481445,32.585449,-137.06543,56.931152,97.492676,11.887207,229.327021,230.318318,154.421052,126.382882,-2.75835384,125.238209,6.56624629,0.22010104,6.56993415
22.4016924,fast,2,extend,315,0.0101010799,100,6.66666667,0.0665902284,-0.00314035926,-0.000569269445,feedback,0,53.503418,32.585449,-137.087402,56.931152,97.492676,11.90918,229.195639,230.34808,154.396284,126.409235,-2.73896321,125.237873,6.43382504,0.240280159,6.43831028
22.4323652,fast,2,extend,318,0.0101337433,100,6.66666667,0.0665902284,-0.00314035926,-0.000569269445,feedback,0,53.547363,32.607422,-137.131348,56.99707,97.514648,11.931152,229.0485,230.355968,154.465349,126.373397,-2.74929227,125.252288,6.28589283,0.173441108,6.28828517
22.4622517,fast,2,extend,321,0.0100977421,100,6.66666667,0.0665902284,-0.00314035926,-0.000569269445,feedback,0,53.569336,32.607422,-137.15332,57.019043,97.514648,11.975098,228.949794,230.358905,154.441175,126.392526,-2.77409305,125.255759,6.1873684,0.198284991,6.19054478
22.4929342,fast,2,extend,324,0.0100805759,100,6.66666667,0.0665902284,-0.00314035926,-0.000569269445,feedback,0,53.613281,32.607422,-137.197266,57.062988,97.536621,11.99707,228.752898,230.369841,154.417288,126.378918,-2.74471967,125.254967,5.99038672,0.223144492,5.99454139
22.5238793,fast,2,extend,327,0.0103344917,100,6.66666667,0.0665902284,-0.00314035926,-0.000569269445,feedback,0,53.635254,32.629395,-137.241211,57.084961,97.536621,12.019043,228.628504,230.337646,154.461046,126.387842,-2.74502071,125.247285,5.86727878,0.192529759,5.87043678
22.553323,fast,2,extend,330,0.0101215839,100,6.66666667,0.0665902284,-0.00314035926,-0.000569269445,feedback,0,53.679199,32.629395,-137.263184,57.128906,97.536621,12.062988,228.474159,230.401299,154.437564,126.400717,-2.76549793,125.254626,5.71031249,0.203044554,5.71392123
22.5858092,fast,2,extend,333,0.0101044178,100,6.66666667,0.0665902284,-0.00314035926,-0.000569269445,feedback,0,53.723145,32.651367,-137.285156,57.172852,97.536621,12.084961,228.336945,230.488155,154.506513,126.398505,-2.78140423,125.27347,5.56857595,0.147944497,5.57054088
22.6163576,fast,2,extend,336,0.0101475716,100,6.66666667,0.0665902284,-0.00314035926,-0.000569269445,feedback,0,53.723145,32.651367,-137.329102,57.194824,97.558594,12.084961,228.284345,230.350029,154.482332,126.369562,-2.75570797,125.24661,5.52274942,0.177445737,5.52559934
22.6491807,fast,2,extend,339,0.0101253986,100,6.66666667,0.0665902284,-0.00314035926,-0.000569269445,feedback,0,53.76709,32.67334,-137.39502,57.23877,97.558594,12.128906,228.061558,230.319844,154.502297,126.387203,-2.75620455,125.231392,5.30146859,0.184706552,5.30468526
22.6805091,fast,2,extend,342,0.0101046562,100,6.66666667,0.0665902284,-0.00314035926,-0.000569269445,feedback,0,53.811035,32.67334,-137.438965,57.282715,97.580566,12.150879,227.865027,230.329784,154.478941,126.373312,-2.72658987,125.230851,5.10489445,0.204060457,5.10897133
22.7109673,fast,2,extend,345,0.0101077557,100,6.66666667,0.0665902284,-0.00314035926,-0.000569269445,feedback,0,53.85498,32.695312,-137.460938,57.32666,97.580566,12.172852,227.727904,230.416055,154.547922,126.370993,-2.74242736,125.249797,4.96327611,0.105665419,4.96440076
22.7394319,fast,2,extend,348,0.0101342201,100,6.66666667,0.0665902284,-0.00314035926,-0.000569269445,feedback,0,53.876953,32.695312,-137.48291,57.348633,97.602539,12.216797,227.629907,230.423538,154.548475,126.368585,-2.76146512,125.279269,4.8650344,0.104913037,4.86616548
22.7702999,fast,2,extend,351,0.0101475716,100,6.66666667,0.0665902284,-0.00314035926,-0.000569269445,feedback,0,53.920898,32.695312,-137.504883,57.414551,97.602539,12.23877,227.508321,230.459534,154.525952,126.353593,-2.77700398,125.268334,4.74208397,0.122213039,4.74365855
22.8025632,fast,2,extend,354,0.0101106167,100,6.66666667,0.0665902284,-0.00314035926,-0.000569269445,feedback,0,53.942871,32.717285,-137.548828,57.436523,97.602539,12.260742,227.384281,230.426349,154.570002,126.362282,-2.77717332,125.26083,4.61937342,0.0909206948,4.6202681
22.8323569,fast,2,extend,357,0.0100908279,100,6.66666667,0.0665902284,-0.00314035926,-0.000569269445,feedback,0,53.986816,32.717285,-137.592773,57.458496,97.602539,12.282715,227.154893,230.456795,154.522035,126.386934,-2.7333619,125.241933,4.38922431,0.131455642,4.39119239
22.8630424,fast,2,extend,360,0.0101337433,100,6.66666667,0.0665902284,-0.00314035926,-0.000569269445,feedback,0,54.008789,32.739258,-137.636719,57.502441,97.624512,12.304688,227.064029,230.402084,154.591138,126.356811,-2.74749848,125.25303,4.30045091,0.10378233,4.30170301
22.8913729,fast,2,retract,363,0.0101399422,100,6.66666667,-0.0665902284,0.00314035926,0.000569269445,feedback,0,54.052734,32.739258,-137.680664,57.524414,97.624512,12.348633,226.834775,230.43216,154.543354,126.391528,-2.72810129,125.24538,4.07045152,0.128101444,4.07246677
22.9231136,fast,2,retract,366,0.010130167,100,6.66666667,-0.0665902284,0.00314035926,0.000569269445,feedback,0,54.09668,32.76123,-137.702637,57.568359,97.646484,12.370605,226.698147,230.522901,154.636717,126.367812,-2.7381686,125.290315,3.92890789,0.0265106653,3.92899733
22.9546483,fast,2,retract,369,0.0101242065,100,6.66666667,-0.0665902284,0.00314035926,0.000569269445,feedback,0,54.140625,32.76123,-137.768555,57.612305,97.646484,12.414551,226.459138,230.467155,154.565609,126.389645,-2.71835083,125.252922,3.69340641,0.103072989,3.69484437
22.9855146,fast,2,retract,372,0.0100741386,100,6.66666667,-0.0665902284,0.00314035926,0.000569269445,feedback,0,54.162598,32.76123,-137.790527,57.678223,97.646484,12.436523,226.426141,230.415219,154.543549,126.363069,-2.75768978,125.231113,3.66308192,0.15216621,3.66624109
23.0156913,fast,2,retract,375,0.0101001263,100,6.66666667,-0.0665902284,0.00314035926,0.000569269445,feedback,0,54.206543,32.783203,-137.834473,57.678223,97.668457,12.458496,226.181909,230.500085,154.611527,126.379085,-2.70839788,125.268,3.41455192,0.0553593764,3.41500066
23.0461984,fast,2,retract,378,0.0101046562,100,6.66666667,-0.0665902284,0.00314035926,0.000569269445,feedback,0,54.228516,32.783203,-137.856445,57.722168,97.668457,12.480469,226.116354,230.474666,154.588871,126.369998,-2.72807059,125.253453,3.35046337,0.0906717249,3.35169004
23.0773914,fast,2,retract,381,0.0102987289,100,6.66666667,-0.0665902284,0.00314035926,0.000569269445,feedback,0,54.272461,32.805176,-137.900391,57.788086,97.668457,12.524414,225.969557,230.473764,154.634666,126.364647,-2.76780056,125.254145,3.20348593,0.0694233842,3.20423808
23.108067,fast,2,retract,384,0.0101327896,100,6.66666667,-0.0665902284,0.00314035926,0.000569269445,feedback,0,54.316406,32.805176,-137.944336,57.810059,97.69043,12.546387,225.741188,230.508003,154.611773,126.367692,-2.71800516,125.261376,2.97396145,0.0655361972,2.97468346
23.137023,fast,2,retract,387,0.0100908279,100,6.66666667,-0.0665902284,0.00314035926,0.000569269445,feedback,0,54.338379,32.805176,-137.966309,57.875977,97.69043,12.590332,225.708314,230.455618,154.590013,126.35102,-2.78166185,125.250973,2.94377895,0.119716217,2.94621223
23.167768,fast,2,retract,390,0.0101006031,100,6.66666667,-0.0665902284,0.00314035926,0.000569269445,feedback,0,54.382324,32.805176,-138.010254,57.875977,97.69043,12.634277,225.446978,230.510693,154.542272,126.402942,-2.7424594,125.250739,2.68055539,0.133827529,2.683894
23.198153,fast,2,retract,393,0.010124445,100,6.66666667,-0.0665902284,0.00314035926,0.000569269445,feedback,0,54.42627,32.827148,-138.054199,57.941895,97.69043,12.65625,225.300373,230.509062,154.588325,126.387207,-2.75760917,125.240432,2.53380161,0.0991101277,2.53573923
23.2281587,fast,2,retract,396,0.010078907,100,6.66666667,-0.0665902284,0.00314035926,0.000569269445,feedback,0,54.448242,32.827148,-138.076172,57.963867,97.712402,12.700195,225.20285,230.515271,154.589568,126.384482,-2.77622168,125.270276,2.43608814,0.0978110154,2.43805095
23.2602358,fast,2,retract,399,0.0103428364,100,6.66666667,-0.0665902284,0.00314035926,0.000569269445,feedback,0,54.492188,32.849121,-138.120117,57.98584,97.712402,12.722168,224.991084,230.566653,154.634213,126.403968,-2.7521701,125.274257,2.22176313,0.0394142185,2.22211271
23.2968571,fast,2,retract,402,0.013302803,100,6.66666667,-0.0665902284,0.00314035926,0.000569269445,feedback,0,54.558105,32.849121,-138.186035,58.051758,97.734375,12.766113,224.697771,230.573581,154.589642,126.397372,-2.72165036,125.267404,1.92884062,0.0859306246,1.93075379
23.3270497,fast,2,retract,405,0.0100343227,100,6.66666667,-0.0665902284,0.00314035926,0.000569269445,feedback,0,54.580078,32.871094,-138.208008,58.095703,97.734375,12.788086,224.649248,230.570826,154.658834,126.383376,-2.76123477,125.275633,1.87991259,0.0324145531,1.88019202
23.3593922,fast,2,retract,408,0.0101385117,100,6.66666667,-0.0665902284,0.00314035926,0.000569269445,feedback,0,54.624023,32.871094,-138.22998,58.139648,97.734375,12.810059,224.49555,230.630564,154.63674,126.385077,-2.75669079,125.272619,1.72376535,0.0436212862,1.7243172
23.3928685,fast,2,retract,411,0.0101225376,100,6.66666667,-0.0665902284,0.00314035926,0.000569269445,feedback,0,54.645996,32.871094,-138.273926,58.183594,97.756348,12.832031,224.388754,230.550472,154.615383,126.358885,-2.75010855,125.261899,1.62104682,0.0857955962,1.62331564
23.423533,fast,2,retract,414,0.0101137161,100,6.66666667,-0.0665902284,0.00314035926,0.000569269445,feedback,0,54.689941,32.893066,-138.317871,58.205566,97.756348,12.875977,224.17723,230.600914,154.660241,126.388365,-2.75043794,125.277196,1.40700592,0.0270280828,1.40726549
23.452486,fast,2,retract,417,0.0101191998,100,6.66666667,-0.0665902284,0.00314035926,0.000569269445,feedback,0,54.733887,32.893066,-138.361816,58.271484,97.77832,12.919922,224.014756,230.579867,154.639893,126.365711,-2.76375993,125.281927,1.24588327,0.0630049484,1.24747535
23.4825153,fast,2,retract,420,0.0101323128,100,6.66666667,-0.0665902284,0.00314035926,0.000569269445,feedback,0,54.777832,32.893066,-138.405762,58.31543,97.77832,12.941895,223.819276,230.579616,154.594598,126.371653,-2.7389463,125.256661,1.05102654,0.103839074,1.05614362
23.5133529,fast,2,retract,423,0.0101134777,100,6.66666667,-0.0665902284,0.00314035926,0.000569269445,feedback,0,54.799805,32.915039,-138.427734,58.337402,97.77832,12.98584,223.738227,230.60303,154.663044,126.385411,-2.78339695,125.283236,0.968382561,0.0436874746,0.969367515
23.5430641,fast,2,retract,426,0.0101027489,100,6.66666667,-0.0665902284,0.00314035926,0.000569269445,feedback,0,54.84375,32.915039,-138.47168,58.381348,97.77832,13.029785,223.542849,230.602447,154.617898,126.401406,-2.78300914,125.269226,0.773641964,0.0811897067,0.777890518
23.5752494,fast,2,retract,429,0.010109663,100,6.66666667,-0.0665902284,0.00314035926,0.000569269445,feedback,0,54.887695,32.915039,-138.515625,58.447266,97.800293,13.029785,223.380636,230.580657,154.598009,126.358176,-2.74718741,125.25183,0.612811413,0.11648272,0.623783658
23.6060522,fast,2,retract,432,0.0101265907,100,6.66666667,-0.0665902284,0.00314035926,0.000569269445,feedback,0,54.931641,32.937012,-138.537598,58.469238,97.800293,13.051758,223.211177,230.689442,154.666467,126.372953,-2.74315207,125.278447,0.437837809,0.0281072801,0.438739064
23.6353986,fast,2,retract,435,0.010112524,100,6.66666667,-0.0665902284,0.00314035926,0.000569269445,feedback,0,54.975586,32.937012,-138.581543,58.535156,97.800293,13.095703,223.048591,230.661573,154.62249,126.37096,-2.76215523,125.257635,0.277126394,0.0652145639,0.28469629
23.667613,fast,2,retract,438,0.0100841522,100,6.66666667,-0.0665902284,0.00314035926,0.000569269445,feedback,0,54.997559,32.958984,-138.625488,58.557129,97.822266,13.117676,222.926379,230.630731,154.691957,126.35779,-2.75589859,125.276645,0.155913937,0.0509574473,0.164029928
23.6983047,fast,2,retract,441,0.0101263523,100,6.66666667,-0.0665902284,0.00314035926,0.000569269445,feedback,0,55.041504,32.958984,-138.647461,58.579102,97.822266,13.139648,222.740385,230.715414,154.669621,126.37685,-2.73162237,125.280949,-0.0336647395,0.0315836291,0.0461610259
23.7282157,fast,2,retract,444,0.0101146698,100,6.66666667,-0.0665902284,0.00314035926,0.000569269445,feedback,0,55.041504,32.958984,-138.647461,58.579102,97.822266,13.139648,222.740385,230.715414,154.669621,126.37685,-2.73162237,125.280949,-0.0336647395,0.0315836291,0.0461610259
23.7610588,fast,2,retract,447,0.010281086,100,6.66666667,-0.0665902284,0.00314035926,0.000569269445,feedback,0,54.997559,32.958984,-138.603516,58.535156,97.822266,13.117676,222.935466,230.716933,154.714327,126.371277,-2.75663229,125.305937,0.160739305,0.0449554745,0.166907516
23.7915568,fast,2,retract,450,0.0100910664,100,6.66666667,-0.0665902284,0.00314035926,0.000569269445,feedback,0,54.931641,32.958984,-138.55957,58.469238,97.800293,13.095703,223.186012,230.653593,154.734046,126.393258,-2.79208692,125.30083,0.413813199,0.051510336,0.417006808
23.8212013,fast,2,retract,453,0.0100564957,100,6.66666667,-0.0665902284,0.00314035926,0.000569269445,feedback,0,54.887695,32.958984,-138.515625,58.425293,97.800293,13.051758,223.381256,230.654575,154.779035,126.377362,-2.79254134,125.314749,0.60840233,0.095880087,0.615911021
23.8518851,fast,2,retract,456,0.010130167,100,6.66666667,-0.0665902284,0.00314035926,0.000569269445,feedback,0,54.865723,32.958984,-138.47168,58.381348,97.800293,13.029785,223.488096,230.741047,154.824163,126.382759,-2.79343516,125.351102,0.710661482,0.165735928,0.729731554
23.8823159,fast,2,retract,459,0.0101006031,100,6.66666667,-0.0665902284,0.00314035926,0.000569269445,feedback,0,54.821777,32.937012,-138.427734,58.359375,97.77832,13.007812,223.699026,230.685755,154.754927,126.384605,-2.82356848,125.32101,0.924545186,0.0846934905,0.928416279
23.912297,fast,2,retract,462,0.0100877285,100,6.66666667,-0.0665902284,0.00314035926,0.000569269445,feedback,0,54.777832,32.937012,-138.383789,58.293457,97.77832,12.963867,223.861871,230.712802,154.799436,126.386267,-2.8043957,125.342082,1.08554995,0.141844931,1.09477791
23.9429269,fast,2,retract,465,0.0101058483,100,6.66666667,-0.0665902284,0.00314035926,0.000569269445,feedback,0,54.733887,32.937012,-138.339844,58.271484,97.77832,12.919922,224.090012,230.686289,154.845724,126.352358,-2.82424989,125.349159,1.31428299,0.178668008,1.32637175
23.9734323,fast,2,retract,468,0.0100798607,100,6.66666667,-0.0665902284,0.00314035926,0.000569269445,feedback,0,54.689941,32.937012,-138.295898,58.227539,97.77832,12.875977,224.285622,230.686195,154.89133,126.336111,-2.82454677,125.363305,1.50928293,0.226389947,1.52616754
24.0046847,fast,2,retract,471,0.0101206303,100,6.66666667,-0.0665902284,0.00314035926,0.000569269445,feedback,0,54.645996,32.937012,-138.251953,58.161621,97.756348,12.832031,224.44824,230.706948,154.911994,126.358624,-2.81112518,125.358699,1.67056045,0.256816288,1.69018544
24.03684,fast,2,retract,474,0.0101156235,100,6.66666667,-0.0665902284,0.00314035926,0.000569269445,feedback,0,54.602051,32.915039,-138.208008,58.139648,97.756348,12.810059,224.659921,230.656255,154.86732,126.339201,-2.8352206,125.35463,1.88476881,0.202913318,1.89566012
24.0670478,fast,2,retract,477,0.0101003647,100,6.66666667,-0.0665902284,0.00314035926,0.000569269445,feedback,0,54.580078,32.915039,-138.186035,58.095703,97.734375,12.788086,224.724764,230.677009,154.865211,126.369819,-2.82160816,125.342988,1.94857737,0.209323918,1.95978832
24.0977087,fast,2,retract,480,0.010103941,100,6.66666667,-0.0665902284,0.00314035926,0.000569269445,feedback,0,54.51416,32.893066,-138.14209,58.051758,97.734375,12.766113,224.992347,230.566403,154.819828,126.356787,-2.85009663,125.334869,2.22145113,0.151326737,2.2265994
26.8631151,legacy,1,extend,1,,80,6.66666667,0.0832362341,-0.00395644715,-0.000721324498,feedback,0,55.041504,32.958984,-138.669434,58.623047,97.822266,13.161621,222.76393,230.602494,154.648214,126.355646,-2.77481139,125.255955,0.000154482723,0.0180011069,0.0180017697
26.8895688,legacy,1,extend,3,0.0126240253,80,6.66666667,0.0832362341,-0.00395644715,-0.000721324498,feedback,0,55.041504,32.958984,-138.647461,58.579102,97.822266,13.161621,222.740385,230.715414,154.669621,126.387007,-2.7560881,125.292141,-0.0289087341,0.111718061,0.115397747
26.9173412,legacy,1,extend,5,0.0126399994,80,6.66666667,0.0832362341,-0.00395644715,-0.000721324498,feedback,0,55.041504,32.958984,-138.647461,58.601074,97.822266,13.161621,222.772992,230.688755,154.67051,126.369178,-2.77556821,125.285215,0.00491763561,0.0867010077,0.0868403585
26.9410784,legacy,1,extend,7,0.0126097202,80,6.66666667,0.0832362341,-0.00395644715,-0.000721324498,feedback,0,55.041504,32.958984,-138.647461,58.601074,97.822266,13.161621,222.772992,230.688755,154.67051,126.369178,-2.77556821,125.285215,0.00491763561,0.0867010077,0.0868403585
26.9689004,legacy,1,extend,9,0.0126457214,80,6.66666667,0.0832362341,-0.00395644715,-0.000721324498,feedback,0,55.041504,32.958984,-138.647461,58.601074,97.822266,13.139648,222.772992,230.688755,154.67051,126.359028,-2.75110427,125.27402,0.00491763561,0.0867010077,0.0868403585
26.9921038,legacy,1,extend,11,0.0126671791,80,6.66666667,0.0832362341,-0.00395644715,-0.000721324498,feedback,0,55.041504,32.958984,-138.647461,58.623047,97.822266,13.161621,222.80559,230.662082,154.671404,126.351347,-2.79504545,125.278286,0.0387361665,0.0617453865,0.0728902143
27.017293,legacy,1,extend,13,0.0125746727,80,6.66666667,0.0832362341,-0.00395644715,-0.000721324498,feedback,0,55.063477,32.958984,-138.647461,58.601074,97.822266,13.161621,222.684506,230.774171,154.67051,126.38039,-2.75156937,125.296408,-0.0875204167,0.167748944,0.189207641
27.0427561,legacy,1,extend,15,0.0128920078,80,6.66666667,0.0832362341,-0.00395644715,-0.000721324498,feedback,0,55.041504,32.958984,-138.647461,58.579102,97.822266,13.183594,222.740385,230.715414,154.669621,126.397161,-2.78055789,125.303331,-0.0289087341,0.111718061,0.115397747
27.0732746,legacy,1,extend,17,0.0175807476,80,6.66666667,0.0832362341,-0.00395644715,-0.000721324498,feedback,0,55.041504,32.958984,-138.647461,58.579102,97.822266,13.161621,222.740385,230.715414,154.669621,126.387007,-2.7560881,125.292141,-0.0289087341,0.111718061,0.115397747
27.1020665,legacy,1,extend,19,0.0168495178,80,6.66666667,0.0832362341,-0.00395644715,-0.000721324498,feedback,0,55.019531,32.958984,-138.625488,58.579102,97.822266,13.139648,222.870527,230.689541,154.692841,126.36133,-2.77584919,125.292096,0.102108442,0.0960338258,0.14017357
27.1308773,legacy,1,extend,21,0.0163912773,80,6.66666667,0.0832362341,-0.00395644715,-0.000721324498,feedback,0,55.019531,32.958984,-138.625488,58.579102,97.822266,13.139648,222.870527,230.689541,154.692841,126.36133,-2.77584919,125.292096,0.102108442,0.0960338258,0.14017357
27.1581697,legacy,1,extend,23,0.0126152039,80,6.66666667,0.0832362341,-0.00395644715,-0.000721324498,feedback,0,55.019531,32.958984,-138.603516,58.557129,97.822266,13.139648,222.879591,230.775759,154.715205,126.37483,-2.77659011,125.321378,0.106874981,0.18540547,0.214003388
27.1814704,legacy,1,extend,25,0.0126023293,80,6.66666667,0.0832362341,-0.00395644715,-0.000721324498,feedback,0,54.997559,32.958984,-138.603516,58.579102,97.822266,13.117676,223.00067,230.663597,154.716087,126.335652,-2.79560532,125.29204,0.233130677,0.0889726623,0.249531656
27.2114508,legacy,1,extend,27,0.0156304836,80,6.66666667,0.0832362341,-0.00395644715,-0.000721324498,feedback,0,54.997559,32.958984,-138.603516,58.513184,97.822266,13.117676,222.902851,230.743582,154.713453,126.389087,-2.73714102,125.312881,0.13165097,0.155253572,0.203557485
27.2364845,legacy,1,extend,29,0.0126123428,80,6.66666667,0.0832362341,-0.00395644715,-0.000721324498,feedback,0,54.997559,32.958984,-138.581543,58.513184,97.822266,13.117676,222.944543,230.803118,154.736732,126.384751,-2.75736043,125.335238,0.170265663,0.221025411,0.279002919
27.2620449,legacy,1,extend,31,0.0126013756,80,6.66666667,0.0832362341,-0.00395644715,-0.000721324498,feedback,0,54.975586,32.958984,-138.55957,58.535156,97.800293,13.095703,223.106885,230.74475,154.736648,126.362296,-2.80258911,125.302336,0.335191254,0.174532903,0.377908601
27.287102,legacy,1,extend,33,0.0125029087,80,6.66666667,0.0832362341,-0.00395644715,-0.000721324498,feedback,0,54.953613,32.958984,-138.55957,58.513184,97.800293,13.095703,223.162766,230.685847,154.735777,126.368876,-2.80708646,125.298101,0.393810352,0.125573021,0.413346316
27.310688,legacy,1,extend,35,0.0126359463,80,6.66666667,0.0832362341,-0.00395644715,-0.000721324498,feedback,0,54.953613,32.958984,-138.55957,58.491211,97.822266,13.095703,223.13063,230.718212,154.759172,126.365617,-2.78161134,125.330976,0.359972752,0.164068748,0.395599465
27.336328,legacy,1,extend,37,0.0126304626,80,6.66666667,0.0832362341,-0.00395644715,-0.000721324498,feedback,0,54.931641,32.958984,-138.537598,58.491211,97.822266,13.07373,223.260838,230.692099,154.782507,126.339889,-2.80135113,125.330943,0.491066973,0.165293322,0.518139609
27.3631976,legacy,1,extend,39,0.0126180649,80,6.66666667,0.0832362341,-0.00395644715,-0.000721324498,feedback,0,54.931641,32.958984,-138.537598,58.469238,97.800293,13.051758,223.227766,230.713072,154.75738,126.368597,-2.76335611,125.300813,0.457255257,0.163090705,0.485469822
27.3901908,legacy,1,extend,41,0.0145440102,80,6.66666667,0.0832362341,-0.00395644715,-0.000721324498,feedback,0,54.909668,32.937012,-138.515625,58.425293,97.800293,13.051758,223.27619,230.716608,154.688091,126.392954,-2.74834461,125.303564,0.506055343,0.140775896,0.525271228
27.4139316,legacy,1,extend,43,0.0126583576,80,6.66666667,0.0832362341,-0.00395644715,-0.000721324498,feedback,0,54.887695,32.958984,-138.493652,58.447266,97.800293,13.051758,223.455651,230.687343,154.80328,126.355198,-2.83224794,125.330139,0.685699262,0.185145357,0.710255082
27.4388995,legacy,1,extend,45,0.0126330853,80,6.66666667,0.0832362341,-0.00395644715,-0.000721324498,feedback,0,54.887695,32.937012,-138.493652,58.425293,97.800293,13.029785,223.40645,230.690407,154.711457,126.367211,-2.76807524,125.303557,0.637205089,0.128746987,0.650081619
27.4647465,legacy,1,extend,47,0.012598753,80,6.66666667,0.0832362341,-0.00395644715,-0.000721324498,feedback,0,54.865723,32.937012,-138.47168,58.40332,97.800293,13.007812,223.504108,230.690801,154.734003,126.359233,-2.76828983,125.310534,0.734534868,0.14392035,0.74850153
27.4893093,legacy,1,extend,49,0.0126414299,80,6.66666667,0.0832362341,-0.00395644715,-0.000721324498,feedback,0,54.865723,32.937012,-138.47168,58.40332,97.800293,13.029785,223.504108,230.690801,154.734003,126.369384,-2.79275535,125.321728,0.734534868,0.14392035,0.74850153
27.514818,legacy,1,extend,51,0.0126309395,80,6.66666667,0.0832362341,-0.00395644715,-0.000721324498,feedback,0,54.84375,32.937012,-138.449707,58.40332,97.800293,13.007812,223.634393,230.664467,154.757425,126.343619,-2.81247464,125.321717,0.865715969,0.142827046,0.877418773
27.5398977,legacy,1,extend,53,0.0126414299,80,6.66666667,0.0832362341,-0.00395644715,-0.000721324498,feedback,0,54.821777,32.937012,-138.449707,58.381348,97.800293,12.98584,223.690245,230.605365,154.756584,126.34002,-2.79249252,125.306325,0.924315988,0.108958383,0.93071584
27.5655601,legacy,1,extend,55,0.0126898289,80,6.66666667,0.0832362341,-0.00395644715,-0.000721324498,feedback,0,54.821777,32.937012,-138.427734,58.337402,97.77832,13.007812,223.666413,230.712414,154.754095,126.402368,-2.80404654,125.328011,0.895451032,0.18012738,0.913388429
27.5908246,legacy,1,extend,57,0.012619257,80,6.66666667,0.0832362341,-0.00395644715,-0.000721324498,feedback,0,54.799805,32.937012,-138.405762,58.337402,97.77832,12.963867,223.796742,230.685979,154.777574,126.366429,-2.79928019,125.316837,1.02667976,0.178876505,1.04214593
27.6247637,legacy,1,extend,59,0.0193710327,80,6.66666667,0.0832362341,-0.00395644715,-0.000721324498,feedback,0,54.777832,32.937012,-138.383789,58.31543,97.77832,12.963867,223.894483,230.686141,154.800256,126.368522,-2.82392506,125.335061,1.12410345,0.198754886,1.14153935
27.6496654,legacy,1,extend,61,0.0126211643,80,6.66666667,0.0832362341,-0.00395644715,-0.000721324498,feedback,0,54.777832,32.937012,-138.383789,58.293457,97.77832,12.919922,223.861871,230.712802,154.799436,126.36596,-2.75546127,125.319699,1.09027088,0.216095988,1.11148012
27.6737731,legacy,1,extend,63,0.0126993656,80,6.66666667,0.0832362341,-0.00395644715,-0.000721324498,feedback,0,54.755859,32.937012,-138.361816,58.271484,97.77832,12.919922,223.95963,230.712906,154.822158,126.368034,-2.78009155,125.337944,1.18771422,0.235669398,1.21086958
27.6985598,legacy,1,extend,65,0.0126316547,80,6.66666667,0.0832362341,-0.00395644715,-0.000721324498,feedback,0,54.733887,32.937012,-138.339844,58.293457,97.77832,12.897949,224.122613,230.659616,154.846538,126.324491,-2.81931969,125.330913,1.35282652,0.227282179,1.37178598
27.7238421,legacy,1,extend,67,0.0126013756,80,6.66666667,0.0832362341,-0.00395644715,-0.000721324498,feedback,0,54.711914,32.937012,-138.317871,58.249512,97.77832,12.897949,224.187809,230.686272,154.86851,126.344244,-2.82440207,125.356226,1.41649006,0.262535318,1.44061407
27.7487876,legacy,1,extend,69,0.0126261711,80,6.66666667,0.0832362341,-0.00395644715,-0.000721324498,feedback,0,54.689941,32.915039,-138.295898,58.249512,97.756348,12.875977,224.301102,230.630394,154.776627,126.344003,-2.82982107,125.307945,1.53309982,0.159590833,1.54138389
27.7739954,legacy,1,extend,71,0.0126063824,80,6.66666667,0.0832362341,-0.00395644715,-0.000721324498,feedback,0,54.689941,32.915039,-138.295898,58.205566,97.77832,12.875977,224.236352,230.689338,154.799306,126.358303,-2.78484728,125.347943,1.46543066,0.213991649,1.48097247
27.7992113,legacy,1,extend,73,0.0125982761,80,6.66666667,0.0832362341,-0.00395644715,-0.000721324498,feedback,0,54.667969,32.915039,-138.273926,58.183594,97.756348,12.854004,224.333718,230.683621,154.79785,126.371286,-2.79086079,125.329151,1.56296709,0.212778525,1.57738417
27.8319819,legacy,1,extend,75,0.0180909634,80,6.66666667,0.0832362341,-0.00395644715,-0.000721324498,feedback,0,54.645996,32.915039,-138.251953,58.183594,97.756348,12.854004,224.464176,230.656782,154.821503,126.355571,-2.83500014,125.340388,1.69434267,0.217021063,1.70818478
27.860317,legacy,1,extend,77,0.0158634186,80,6.66666667,0.0832362341,-0.00395644715,-0.000721324498,feedback,0,54.624023,32.915039,-138.22998,58.161621,97.756348,12.832031,224.562043,230.656548,154.844395,126.347396,-2.83511468,125.347503,1.79190806,0.238623001,1.80772659
27.8839197,legacy,1,extend,79,0.012670517,80,6.66666667,0.0832362341,-0.00395644715,-0.000721324498,feedback,0,54.624023,32.915039,-138.208008,58.139648,97.734375,12.810059,224.570997,230.736822,154.843027,126.371581,-2.81709258,125.339943,1.79705248,0.292225815,1.82065745
27.9091456,legacy,1,extend,81,0.0126581192,80,6.66666667,0.0832362341,-0.00395644715,-0.000721324498,feedback,0,54.602051,32.893066,-138.186035,58.117676,97.734375,12.810059,224.6522,230.713015,154.774632,126.378036,-2.82152108,125.335835,1.87988275,0.235728361,1.89460471
27.9368262,legacy,1,extend,83,0.0154583454,80,6.66666667,0.0832362341,-0.00395644715,-0.000721324498,feedback,0,54.580078,32.893066,-138.186035,58.095703,97.756348,12.788086,224.708513,230.659079,154.79815,126.35319,-2.79562785,125.346419,1.93848761,0.210411434,1.94987364
27.9621933,legacy,1,extend,85,0.012609005,80,6.66666667,0.0832362341,-0.00395644715,-0.000721324498,feedback,0,54.558105,32.871094,-138.164062,58.095703,97.734375,12.766113,224.821848,230.602943,154.706228,126.352976,-2.80100791,125.298149,2.05515185,0.113911074,2.05830631
27.9877098,legacy,1,extend,87,0.0125825405,80,6.66666667,0.0832362341,-0.00395644715,-0.000721324498,feedback,0,54.536133,32.871094,-138.14209,58.051758,97.734375,12.744141,224.88717,230.629174,154.728431,126.362414,-2.78152363,125.31241,2.11896024,0.150783229,2.12431827
28.0128667,legacy,1,extend,89,0.0126430988,80,6.66666667,0.0832362341,-0.00395644715,-0.000721324498,feedback,0,54.536133,32.871094,-138.120117,58.051758,97.712402,12.744141,224.928814,230.682736,154.727902,126.379035,-2.80747634,125.308992,2.15801741,0.19981258,2.16724807
28.037874,legacy,1,extend,91,0.0126099586,80,6.66666667,0.0832362341,-0.00395644715,-0.000721324498,feedback,0,54.51416,32.871094,-138.120117,58.051758,97.734375,12.744141,225.017729,230.602006,154.7522,126.346648,-2.82563068,125.323674,2.25045089,0.149899529,2.25543767
28.0711105,legacy,1,extend,93,0.0186810493,80,6.66666667,0.0832362341,-0.00395644715,-0.000721324498,feedback,0,54.470215,32.849121,-138.076172,57.98584,97.712402,12.678223,225.163843,230.59848,154.681781,126.363335,-2.76743085,125.285639,2.39717113,0.115778031,2.39996542
28.0953081,legacy,1,extend,95,0.0132405758,80,6.66666667,0.0832362341,-0.00395644715,-0.000721324498,feedback,0,54.448242,32.849121,-138.054199,57.98584,97.712402,12.678223,225.294453,230.57115,154.705607,126.347551,-2.81152165,125.296919,2.52872036,0.107923632,2.53102236
28.1206441,legacy,1,retract,97,0.0126385689,80,6.66666667,-0.0832362341,0.00395644715,0.000721324498,feedback,0,54.448242,32.849121,-138.032227,57.963867,97.712402,12.678223,225.304032,230.656852,154.728715,126.360608,-2.81203496,125.326529,2.53401972,0.194212898,2.54145128
28.1460569,legacy,1,retract,99,0.0126132965,80,6.66666667,-0.0832362341,0.00395644715,0.000721324498,feedback,0,54.42627,32.849121,-138.010254,57.941895,97.712402,12.65625,225.40207,230.656115,154.751858,126.352279,-2.81206586,125.333762,2.63177751,0.209121201,2.64007283
28.1711383,legacy,1,retract,101,0.0126354694,80,6.66666667,-0.0832362341,0.00395644715,0.000721324498,feedback,0,54.404297,32.849121,-138.010254,57.941895,97.69043,12.65625,225.490048,230.564147,154.727553,126.362241,-2.84185905,125.2967,2.72422993,0.12456313,2.72707622
28.196667,legacy,1,retract,103,0.0126433372,80,6.66666667,-0.0832362341,0.00395644715,0.000721324498,feedback,0,54.382324,32.827148,-137.988281,57.919922,97.69043,12.634277,225.571292,230.539845,154.659151,126.358503,-2.82179007,125.281456,2.80712526,0.0727815423,2.80806862
28.2213204,legacy,1,retract,105,0.0126116276,80,6.66666667,-0.0832362341,0.00395644715,0.000721324498,feedback,0,54.360352,32.827148,-137.966309,57.875977,97.69043,12.612305,225.636758,230.565648,154.681605,126.367763,-2.80220363,125.295867,2.87109583,0.107416569,2.87310452
28.2465503,legacy,1,retract,107,0.01263237,80,6.66666667,-0.0832362341,0.00395644715,0.000721324498,feedback,0,54.338379,32.827148,-137.944336,57.854004,97.69043,12.590332,225.73485,230.564713,154.704825,126.359384,-2.80220189,125.303142,2.96891725,0.121697254,2.97141042
28.2720459,legacy,1,retract,109,0.0126280785,80,6.66666667,-0.0832362341,0.00395644715,0.000721324498,feedback,0,54.338379,32.827148,-137.944336,57.832031,97.69043,12.590332,225.702237,230.591379,154.704108,126.376985,-2.78259824,125.310307,2.9350823,0.143160158,2.93857158
28.2969887,legacy,1,retract,111,0.0126037598,80,6.66666667,-0.0832362341,0.00395644715,0.000721324498,feedback,0,54.316406,32.805176,-137.900391,57.810059,97.69043,12.568359,225.825807,230.625834,154.659688,126.368575,-2.78258595,125.317604,3.05725655,0.169861386,3.06197167
28.3254616,legacy,1,retract,113,0.015733242,80,6.66666667,-0.0832362341,0.00395644715,0.000721324498,feedback,0,54.272461,32.805176,-137.878418,57.788086,97.668457,12.524414,226.01191,230.532645,154.658665,126.36,-2.78785142,125.276667,3.24757623,0.0869069206,3.24873886
28.3517783,legacy,1,retract,115,0.012629509,80,6.66666667,-0.0832362341,0.00395644715,0.000721324498,feedback,0,54.272461,32.805176,-137.856445,57.766113,97.668457,12.502441,226.021646,230.618188,154.68199,126.362771,-2.76382003,125.295185,3.25303759,0.175922712,3.25779103
28.376081,legacy,1,retract,117,0.0126247406,80,6.66666667,-0.0832362341,0.00395644715,0.000721324498,feedback,0,54.250488,32.805176,-137.834473,57.744141,97.668457,12.480469,226.119825,230.617007,154.705348,126.354308,-2.76377807,125.302519,3.35095609,0.186709235,3.35615361
28.4033954,legacy,1,retract,119,0.0126471519,80,6.66666667,-0.0832362341,0.00395644715,0.000721324498,feedback,0,54.228516,32.783203,-137.8125,57.722168,97.668457,12.502441,226.201133,230.592339,154.636957,126.370804,-2.79261099,125.309721,3.43393292,0.153051696,3.43734201
28.4264569,legacy,1,retract,121,0.0126042366,80,6.66666667,-0.0832362341,0.00395644715,0.000721324498,feedback,0,54.206543,32.783203,-137.8125,57.722168,97.668457,12.480469,226.289549,230.505574,154.636957,126.349442,-2.79214001,125.287331,3.52636509,0.0705927186,3.5270716
28.452256,legacy,1,retract,123,0.0126366615,80,6.66666667,-0.0832362341,0.00395644715,0.000721324498,feedback,0,54.18457,32.783203,-137.768555,57.678223,97.668457,12.458496,226.397571,230.589707,154.683786,126.3538,-2.79248887,125.324445,3.6298611,0.167092548,3.63370493
28.4769185,legacy,1,retract,125,0.0126140118,80,6.66666667,-0.0832362341,0.00395644715,0.000721324498,feedback,0,54.162598,32.783203,-137.746582,57.65625,97.646484,12.436523,226.495357,230.582884,154.682926,126.366518,-2.79812973,125.30598,3.72786469,0.165012888,3.73151503
28.506073,legacy,1,retract,127,0.0161142349,80,6.66666667,-0.0832362341,0.00395644715,0.000721324498,feedback,0,54.140625,32.783203,-137.724609,57.612305,97.646484,12.414551,226.561005,230.608089,154.705757,126.375501,-2.77839773,125.320612,3.79204173,0.199460629,3.7972839
28.5396578,legacy,1,retract,129,0.0126028061,80,6.66666667,-0.0832362341,0.00395644715,0.000721324498,feedback,0,54.118652,32.76123,-137.702637,57.590332,97.646484,12.414551,226.642357,230.583167,154.637376,126.381811,-2.78274883,125.316654,3.87507388,0.164905658,3.87858111
28.5558157,legacy,1,retract,131,0.0126712322,80,6.66666667,-0.0832362341,0.00395644715,0.000721324498,feedback,0,54.09668,32.76123,-137.680664,57.568359,97.646484,12.370605,226.740649,230.581608,154.660918,126.363074,-2.75817626,125.312886,3.97312191,0.170449451,3.97677642
28.5880311,legacy,1,retract,133,0.0194833279,80,6.66666667,-0.0832362341,0.00395644715,0.000721324498,feedback,0,54.052734,32.76123,-137.636719,57.546387,97.646484,12.348633,226.96991,230.551631,154.708751,126.338496,-2.80206223,125.331698,4.20312471,0.168512373,4.20650137
28.6134973,legacy,1,retract,135,0.0126159191,80,6.66666667,-0.0832362341,0.00395644715,0.000721324498,feedback,0,54.030762,32.76123,-137.636719,57.524414,97.624512,12.348633,227.025244,230.485869,154.683769,126.366052,-2.81207776,125.301935,4.26173321,0.101640715,4.26294509
28.6386611,legacy,1,retract,137,0.0126042366,80,6.66666667,-0.0832362341,0.00395644715,0.000721324498,feedback,0,54.030762,32.76123,-137.614746,57.502441,97.624512,12.32666,227.035187,230.571181,154.70741,126.368636,-2.7879451,125.320592,4.26740914,0.188475703,4.27156925
28.6639929,legacy,1,retract,139,0.0125911236,80,6.66666667,-0.0832362341,0.00395644715,0.000721324498,feedback,0,53.986816,32.739258,-137.592773,57.502441,97.624512,12.304688,227.237586,230.432219,154.639681,126.336055,-2.81146523,125.287003,4.47675636,0.0440488203,4.47697306
28.688828,legacy,1,retract,141,0.0126161575,80,6.66666667,-0.0832362341,0.00395644715,0.000721324498,feedback,0,53.964844,32.739258,-137.570801,57.458496,97.624512,12.282715,227.303355,230.457017,154.662722,126.344877,-2.79165504,125.301764,4.54107228,0.0788206224,4.54175629
28.7145841,legacy,1,retract,143,0.0126092434,80,6.66666667,-0.0832362341,0.00395644715,0.000721324498,feedback,0,53.942871,32.739258,-137.548828,57.436523,97.624512,12.260742,227.401753,230.455075,154.686436,126.336189,-2.79149663,125.309257,4.63924166,0.0946927335,4.64020796
28.7391622,legacy,1,retract,145,0.012609005,80,6.66666667,-0.0832362341,0.00395644715,0.000721324498,feedback,0,53.942871,32.739258,-137.526855,57.414551,97.602539,12.260742,227.411322,230.534954,154.68584,126.370147,-2.79744579,125.313331,4.64501286,0.164459962,4.64792336
28.764945,legacy,1,retract,147,0.0126042366,80,6.66666667,-0.0832362341,0.00395644715,0.000721324498,feedback,0,53.898926,32.717285,-137.48291,57.392578,97.602539,12.216797,227.623799,230.480852,154.641869,126.340063,-2.79678981,125.298459,4.86019171,0.110664985,4.86145145
28.7951524,legacy,1,retract,149,0.0126156807,80,6.66666667,-0.0832362341,0.00395644715,0.000721324498,feedback,0,53.876953,32.717285,-137.460938,57.32666,97.580566,12.216797,227.656571,230.526731,154.640117,126.397672,-2.78731184,125.305998,4.8907617,0.157458536,4.89329574
28.8147767,legacy,1,retract,151,0.0125973225,80,6.66666667,-0.0832362341,0.00395644715,0.000721324498,feedback,0,53.85498,32.717285,-137.438965,57.32666,97.580566,12.194824,227.787679,230.497892,154.664573,126.371461,-2.80679226,125.306242,5.02287533,0.140415339,5.02483761
28.8443136,legacy,1,retract,153,0.016900301,80,6.66666667,-0.0832362341,0.00395644715,0.000721324498,feedback,0,53.811035,32.717285,-137.416992,57.304688,97.580566,12.150879,227.974557,230.408245,154.688456,126.341315,-2.80609963,125.291419,5.21358458,0.0859460117,5.21429294
28.8753102,legacy,1,retract,155,0.0165054798,80,6.66666667,-0.0832362341,0.00395644715,0.000721324498,feedback,0,53.811035,32.695312,-137.39502,57.23877,97.580566,12.128906,227.902382,230.523352,154.618912,126.383427,-2.72253406,125.302241,5.13663049,0.164939815,5.13927796
28.9010243,legacy,1,retract,157,0.0126485825,80,6.66666667,-0.0832362341,0.00395644715,0.000721324498,feedback,0,53.789062,32.695312,-137.373047,57.260742,97.580566,12.150879,228.066167,230.467693,154.644014,126.360073,-2.81063746,125.317543,5.3026502,0.119469337,5.30399585
28.9257326,legacy,1,retract,159,0.0125858784,80,6.66666667,-0.0832362341,0.00395644715,0.000721324498,feedback,0,53.76709,32.695312,-137.329102,57.216797,97.558594,12.106934,228.174428,230.545061,154.667601,126.374951,-2.79173743,125.31814,5.40690787,0.205253433,5.41080231
28.9513078,legacy,1,retract,161,0.0126225948,80,6.66666667,-0.0832362341,0.00395644715,0.000721324498,feedback,0,53.745117,32.695312,-137.329102,57.216797,97.558594,12.106934,228.262826,230.457539,154.667601,126.363729,-2.81573178,125.306947,5.49935771,0.126187562,5.50080526
28.9767044,legacy,1,retract,163,0.0125842094,80,6.66666667,-0.0832362341,0.00395644715,0.000721324498,feedback,0,53.701172,32.67334,-137.285156,57.172852,97.558594,12.084961,228.442906,230.429159,154.62327,126.361034,-2.81974481,125.310753,5.6809591,0.0966928595,5.68178192
29.0051014,legacy,1,retract,165,0.0155003071,80,6.66666667,-0.0832362341,0.00395644715,0.000721324498,feedback,0,53.679199,32.67334,-137.241211,57.150879,97.536621,12.019043,228.583935,230.479585,154.64762,126.348286,-2.79600965,125.292865,5.81921909,0.156810781,5.8213315
29.0296912,legacy,1,retract,167,0.0126042366,80,6.66666667,-0.0832362341,0.00395644715,0.000721324498,feedback,0,53.657227,32.67334,-137.241211,57.106934,97.536621,12.019043,228.607075,230.445261,154.646498,126.371812,-2.78054253,125.29645,5.84397129,0.124265317,5.84529232
29.0551531,legacy,1,retract,169,0.0126178265,80,6.66666667,-0.0832362341,0.00395644715,0.000721324498,feedback,0,53.635254,32.67334,-137.219238,57.106934,97.536621,12.019043,228.738344,230.415849,154.671181,126.355652,-2.82443894,125.30793,5.97627031,0.112548792,5.97733001
29.0808496,legacy,1,retract,171,0.0128638744,80,6.66666667,-0.0832362341,0.00395644715,0.000721324498,feedback,0,53.613281,32.651367,-137.175293,57.084961,97.536621,11.99707,228.862792,230.448034,154.627537,126.346702,-2.8241296,125.315614,6.09942272,0.1360167,6.10093912
29.1057436,legacy,1,retract,173,0.0126266479,80,6.66666667,-0.0832362341,0.00395644715,0.000721324498,feedback,0,53.591309,32.651367,-137.15332,57.041016,97.514648,11.953125,228.928418,230.466613,154.626813,126.366315,-2.78513353,125.293736,6.1640964,0.157574559,6.16611013
29.1335423,legacy,1,retract,175,0.0153105259,80,6.66666667,-0.0832362341,0.00395644715,0.000721324498,feedback,0,53.547363,32.651367,-137.131348,56.975098,97.514648,11.931152,229.050253,230.42917,154.649972,126.380774,-2.76929098,125.305111,6.28736664,0.13102617,6.28873176
29.1575472,legacy,1,retract,177,0.0126764774,80,6.66666667,-0.0832362341,0.00395644715,0.000721324498,feedback,0,53.547363,32.651367,-137.109375,56.975098,97.514648,11.931152,229.093236,230.487359,154.674769,126.375784,-2.78916705,125.327815,6.32732239,0.19601464,6.33035784
29.1822767,legacy,1,retract,179,0.0126144886,80,6.66666667,-0.0832362341,0.00395644715,0.000721324498,feedback,0,53.503418,32.629395,-137.06543,56.953125,97.514648,11.90918,229.306188,230.431322,154.631254,126.355519,-2.81280488,125.324375,6.54306382,0.141312741,6.54458963
29.2083952,legacy,1,retract,181,0.0126519203,80,6.66666667,-0.0832362341,0.00395644715,0.000721324498,feedback,0,53.481445,32.629395,-137.06543,56.953125,97.492676,11.865234,229.394092,230.338172,154.606879,126.345416,-2.79336435,125.264997,6.63549825,0.0508050872,6.63569274
29.2327471,legacy,1,retract,183,0.0126328468,80,6.66666667,-0.0832362341,0.00395644715,0.000721324498,feedback,0,53.459473,32.629395,-137.021484,56.887207,97.492676,11.843262,229.470686,230.446441,154.65506,126.365938,-2.7733161,125.310397,6.70644588,0.169182012,6.7085795
29.2643175,legacy,1,retract,185,0.0126376152,80,6.66666667,-0.0832362341,0.00395644715,0.000721324498,feedback,0,53.4375,32.607422,-137.021484,56.865234,97.492676,11.843262,229.509196,230.361864,154.561835,126.377054,-2.75769184,125.283934,6.74973365,0.0921742388,6.75036299
29.2832906,legacy,1,retract,187,0.0126399994,80,6.66666667,-0.0832362341,0.00395644715,0.000721324498,feedback,0,53.415527,32.607422,-136.977539,56.843262,97.470703,11.799316,229.650655,230.411471,154.58674,126.374171,-2.75814306,125.277491,6.8884565,0.137606908,6.88983081
29.3148744,legacy,1,retract,189,0.0185706615,80,6.66666667,-0.0832362341,0.00395644715,0.000721324498,feedback,0,53.371582,32.607422,-136.933594,56.821289,97.470703,11.777344,229.880976,230.378005,154.636142,126.348773,-2.80156389,125.296853,7.11967123,0.117972314,7.12064856
29.3416243,legacy,1,retract,191,0.0126051903,80,6.66666667,-0.0832362341,0.00395644715,0.000721324498,feedback,0,53.349609,32.607422,-136.911621,56.777344,97.470703,11.733398,229.947228,230.40118,154.660151,126.346722,-2.75688947,125.300988,7.18453771,0.150802928,7.18612021
29.3666265,legacy,2,extend,193,0.0126144886,80,6.66666667,0.0832362341,-0.00395644715,-0.000721324498,feedback,0,53.327637,32.585449,-136.867676,56.755371,97.470703,11.755371,230.072025,230.432427,154.616838,126.357831,-2.80537887,125.331237,7.30808019,0.177648551,7.31023906
29.391824,legacy,2,extend,195,0.0126152039,80,6.66666667,0.0832362341,-0.00395644715,-0.000721324498,feedback,0,53.283691,32.585449,-136.845703,56.711426,97.44873,11.733398,230.226233,230.362066,154.616539,126.376096,-2.81455734,125.309649,7.46545221,0.115119939,7.46633975
29.4176848,legacy,2,extend,197,0.0126347542,80,6.66666667,0.0832362341,-0.00395644715,-0.000721324498,feedback,0,53.283691,32.585449,-136.845703,56.711426,97.44873,11.689453,230.226233,230.362066,154.616539,126.355802,-2.76562525,125.287261,7.46545221,0.115119939,7.46633975
29.4427054,legacy,2,extend,199,0.0126087666,80,6.66666667,0.0832362341,-0.00395644715,-0.000721324498,feedback,0,53.239746,32.585449,-136.801758,56.645508,97.44873,11.66748,230.391488,230.381236,154.665319,126.364687,-2.76934052,125.32178,7.62918178,0.155449005,7.63076529
29.4664087,legacy,2,extend,201,0.0126242638,80,6.66666667,0.0832362341,-0.00395644715,-0.000721324498,feedback,0,53.217773,32.563477,-136.779785,56.645508,97.44873,11.645508,230.505786,230.327593,154.597457,126.343323,-2.76887432,125.299388,7.74648096,0.0930000825,7.74703919
29.491014,legacy,2,extend,203,0.0125977993,80,6.66666667,0.0832362341,-0.00395644715,-0.000721324498,feedback,0,53.195801,32.563477,-136.73584,56.623535,97.426758,11.623535,230.647608,230.376477,154.622899,126.350369,-2.79357494,125.304329,7.88559631,0.150625846,7.88703476
29.516371,legacy,2,extend,205,0.0126082897,80,6.66666667,0.0832362341,-0.00395644715,-0.000721324498,feedback,0,53.173828,32.563477,-136.713867,56.601562,97.426758,11.623535,230.746624,230.372515,154.647635,126.351204,-2.81753542,125.323466,7.98447171,0.157611125,7.98602716
29.541151,legacy,2,extend,207,0.012619257,80,6.66666667,0.0832362341,-0.00395644715,-0.000721324498,feedback,0,53.151855,32.563477,-136.713867,56.57959,97.426758,11.601562,230.802336,230.310681,154.647185,126.34704,-2.79723752,125.308628,8.04305801,0.103394542,8.04372256
29.5671809,legacy,2,extend,209,0.012617588,80,6.66666667,0.0832362341,-0.00395644715,-0.000721324498,feedback,0,53.173828,32.563477,-136.713867,56.601562,97.426758,11.601562,230.746624,230.372515,154.647635,126.34106,-2.79307129,125.312268,7.98447171,0.157611125,7.98602716
29.5935135,legacy,2,extend,211,0.0126254559,80,6.66666667,0.0832362341,-0.00395644715,-0.000721324498,feedback,0,53.195801,32.563477,-136.757812,56.623535,97.426758,11.623535,230.604321,230.318622,154.597737,126.35551,-2.77378291,125.28155,7.84532429,0.0887044598,7.84582575
29.6218162,legacy,2,extend,213,0.0170032978,80,6.66666667,0.0832362341,-0.00395644715,-0.000721324498,feedback,0,53.239746,32.563477,-136.801758,56.66748,97.426758,11.689453,230.406369,230.326311,154.54842,126.384188,-2.79922678,125.276905,7.64766503,0.101137431,7.64833376
29.6503122,legacy,2,extend,215,0.0162491798,80,6.66666667,0.0832362341,-0.00395644715,-0.000721324498,feedback,0,53.283691,32.563477,-136.845703,56.711426,97.44873,11.711426,230.20894,230.338879,154.523626,126.37105,-2.77027861,125.275695,7.45008388,0.119289685,7.45103885
29.6756296,legacy,2,extend,217,0.0125732422,80,6.66666667,0.0832362341,-0.00395644715,-0.000721324498,feedback,0,53.283691,32.563477,-136.867676,56.711426,97.44873,11.711426,230.165717,230.280925,154.498603,126.376146,-2.75046914,125.252932,7.4098794,0.107801373,7.41066353
29.7008059,legacy,2,extend,219,0.01263237,80,6.66666667,0.0832362341,-0.00395644715,-0.000721324498,feedback,0,53.327637,32.563477,-136.889648,56.755371,97.44873,11.733398,230.011117,230.346099,154.474571,126.379282,-2.74670758,125.248764,7.25257399,0.156042316,7.25425246
29.7265055,legacy,2,extend,221,0.0126988888,80,6.66666667,0.0832362341,-0.00395644715,-0.000721324498,feedback,0,53.349609,32.563477,-136.933594,56.777344,97.44873,11.755371,229.869061,230.291585,154.425155,126.393498,-2.72732322,125.218161,7.11369854,0.181480119,7.11601307
29.7516775,legacy,2,extend,223,0.012680769,80,6.66666667,0.0832362341,-0.00395644715,-0.000721324498,feedback,0,53.393555,32.585449,-136.977539,56.821289,97.44873,11.777344,229.688649,230.321655,154.469099,126.396545,-2.72352192,125.214051,6.93168883,0.14536557,6.9332129
29.7800348,legacy,2,extend,225,0.0161554813,80,6.66666667,0.0832362341,-0.00395644715,-0.000721324498,feedback,0,53.4375,32.585449,-136.999512,56.887207,97.492676,11.843262,229.567665,230.370044,154.494494,126.359752,-2.77745783,125.276478,6.80832915,0.144829367,6.80986941
29.8066754,legacy,2,extend,227,0.0126252174,80,6.66666667,0.0832362341,-0.00395644715,-0.000721324498,feedback,0,53.4375,32.585449,-137.021484,56.865234,97.470703,11.843262,229.491488,230.333425,154.444753,126.40348,-2.74332678,125.235412,6.73440965,0.170857065,6.73657668
29.8306093,legacy,2,extend,229,0.0126173496,80,6.66666667,0.0832362341,-0.00395644715,-0.000721324498,feedback,0,53.459473,32.585449,-137.043457,56.931152,97.492676,11.887207,229.458405,230.288489,154.445849,126.366667,-2.80220589,125.249731,6.70348953,0.162402601,6.70545647
29.864181,legacy,2,extend,231,0.0188188553,80,6.66666667,0.0832362341,-0.00395644715,-0.000721324498,feedback,0,53.525391,32.585449,-137.109375,56.975098,97.514648,11.90918,229.129995,230.329675,154.396965,126.369381,-2.72908656,125.237315,6.3739301,0.216142656,6.37759379
29.8890252,legacy,2,extend,233,0.0126383305,80,6.66666667,0.0832362341,-0.00395644715,-0.000721324498,feedback,0,53.547363,32.585449,-137.131348,56.975098,97.514648,11.90918,228.998651,230.359314,154.372252,126.385551,-2.68521746,125.225802,6.2415453,0.245755163,6.24638162
29.913455,legacy,2,extend,235,0.012622118,80,6.66666667,0.0832362341,-0.00395644715,-0.000721324498,feedback,0,53.569336,32.607422,-137.175293,57.041016,97.514648,11.931152,228.93943,230.273996,154.417033,126.359833,-2.7250224,125.203275,6.18605606,0.198736298,6.18924759
29.9391651,legacy,2,extend,237,0.014248848,80,6.66666667,0.0832362341,-0.00395644715,-0.000721324498,feedback,0,53.613281,32.607422,-137.197266,57.084961,97.514648,11.975098,228.785049,230.337915,154.393477,126.372756,-2.74552945,125.210581,6.02902464,0.221615271,6.03309634
29.9653394,legacy,2,extend,239,0.0126559734,80,6.66666667,0.0832362341,-0.00395644715,-0.000721324498,feedback,0,53.635254,32.607422,-137.219238,57.084961,97.536621,12.019043,228.654244,230.372603,154.393213,126.387842,-2.74502071,125.247285,5.89672742,0.227539485,5.90111587
29.9903579,legacy,2,extend,241,0.0126247406,80,6.66666667,0.0832362341,-0.00395644715,-0.000721324498,feedback,0,53.657227,32.629395,-137.263184,57.128906,97.536621,12.019043,228.562497,230.313666,154.437564,126.369212,-2.74056578,125.22105,5.80750171,0.178876479,5.81025584
30.0169189,legacy,2,extend,243,0.0127375126,80,6.66666667,0.0832362341,-0.00395644715,-0.000721324498,feedback,0,53.679199,32.651367,-137.285156,57.128906,97.536621,12.062988,228.448431,230.366302,154.505378,126.400717,-2.76549793,125.254626,5.69048294,0.116642211,5.69167827
30.0425155,legacy,2,extend,245,0.012617588,80,6.66666667,0.0832362341,-0.00395644715,-0.000721324498,feedback,0,53.723145,32.651367,-137.307129,57.194824,97.536621,12.084961,228.326722,230.403116,154.482518,126.386001,-2.78120503,125.243454,5.56736572,0.150279053,5.56939358
30.0713871,legacy,2,extend,247,0.017926693,80,6.66666667,0.0832362341,-0.00395644715,-0.000721324498,feedback,0,53.76709,32.67334,-137.373047,57.216797,97.558594,12.106934,228.071744,230.404929,154.526198,126.389597,-2.73195932,125.250188,5.31222011,0.108775077,5.31333366
30.09958,legacy,2,extend,249,0.0162129402,80,6.66666667,0.0832362341,-0.00395644715,-0.000721324498,feedback,0,53.811035,32.67334,-137.416992,57.260742,97.580566,12.172852,227.875173,230.414907,154.502778,126.396047,-2.75129913,125.272005,5.11560707,0.131369636,5.11729359
30.1294296,legacy,2,extend,251,0.0174455643,80,6.66666667,0.0832362341,-0.00395644715,-0.000721324498,feedback,0,53.833008,32.695312,-137.438965,57.282715,97.580566,12.194824,227.793759,230.44052,154.57115,126.399974,-2.77145716,125.287062,5.03248042,0.092655007,5.0333333
30.1581399,legacy,2,extend,253,0.0153291225,80,6.66666667,0.0832362341,-0.00395644715,-0.000721324498,feedback,0,53.876953,32.695312,-137.48291,57.370605,97.580566,12.216797,227.662055,230.391525,154.524743,126.372428,-2.78677657,125.246137,4.9036574,0.101407958,4.90470585
30.1829433,legacy,2,extend,255,0.0126185417,80,6.66666667,0.0832362341,-0.00395644715,-0.000721324498,feedback,0,53.876953,32.695312,-137.504883,57.348633,97.580566,12.216797,227.58673,230.359673,154.499759,126.394704,-2.74714571,125.230817,4.83014842,0.125388278,4.83177566
30.2087154,legacy,2,extend,257,0.0127999783,80,6.66666667,0.0832362341,-0.00395644715,-0.000721324498,feedback,0,53.920898,32.717285,-137.548828,57.392578,97.602539,12.260742,227.407414,230.392482,154.568755,126.386017,-2.761832,125.264212,4.6488868,0.0582135555,4.64925126
30.234293,legacy,2,extend,259,0.0126435757,80,6.66666667,0.0832362341,-0.00395644715,-0.000721324498,feedback,0,53.942871,32.717285,-137.570801,57.414551,97.602539,12.260742,227.309017,230.394438,154.545061,126.38455,-2.73753621,125.245509,4.55071659,0.0821551684,4.55145812
30.2687728,legacy,2,extend,261,0.012594223,80,6.66666667,0.0832362341,-0.00395644715,-0.000721324498,feedback,0,53.986816,32.717285,-137.614746,57.480469,97.602539,12.282715,227.144894,230.371498,154.498414,126.374217,-2.73304945,125.21207,4.3882781,0.131797751,4.39025687
30.2975481,legacy,2,extend,263,0.0126285553,80,6.66666667,0.0832362341,-0.00395644715,-0.000721324498,feedback,0,54.030762,32.739258,-137.658691,57.502441,97.624512,12.348633,226.933084,230.430489,154.566909,126.393081,-2.75244115,125.264024,4.17332107,0.0683774602,4.1738812
30.3211439,legacy,2,extend,265,0.012597084,80,6.66666667,0.0832362341,-0.00395644715,-0.000721324498,feedback,0,54.052734,32.739258,-137.658691,57.524414,97.624512,12.348633,226.877329,230.490844,154.567555,126.386781,-2.74809334,125.267964,4.11475955,0.104847968,4.11609515
30.3463993,legacy,2,extend,267,0.0126135349,80,6.66666667,0.0832362341,-0.00395644715,-0.000721324498,feedback,0,54.09668,32.76123,-137.702637,57.612305,97.646484,12.370605,226.763373,230.469561,154.638039,126.332778,-2.77745643,125.275824,4.00133761,0.057470244,4.0017503
30.3717866,legacy,2,extend,269,0.0126020908,80,6.66666667,0.0832362341,-0.00395644715,-0.000721324498,feedback,0,54.118652,32.76123,-137.746582,57.590332,97.646484,12.414551,226.557383,230.4657,154.58906,126.391262,-2.74272748,125.271518,3.79619406,0.062063368,3.79670135
30.3968074,legacy,2,extend,271,0.0126371384,80,6.66666667,0.0832362341,-0.00395644715,-0.000721324498,feedback,0,54.162598,32.76123,-137.790527,57.65625,97.646484,12.436523,226.393531,230.441892,154.542869,126.380617,-2.73806215,125.238323,3.63406319,0.0926627189,3.63524437
30.4219255,legacy,2,extend,273,0.0125849247,80,6.66666667,0.0832362341,-0.00395644715,-0.000721324498,feedback,0,54.18457,32.76123,-137.8125,57.678223,97.646484,12.458496,226.295325,230.443223,154.519491,126.389106,-2.73813281,125.230952,3.5361109,0.116437056,3.5380274
30.4475503,legacy,2,extend,275,0.0126125813,80,6.66666667,0.0832362341,-0.00395644715,-0.000721324498,feedback,0,54.228516,32.783203,-137.856445,57.700195,97.668457,12.480469,226.083733,230.501325,154.588182,126.387563,-2.7084498,125.260644,3.32141264,0.0750251099,3.32225988
30.4724824,legacy,2,extend,277,0.0125789642,80,6.66666667,0.0832362341,-0.00395644715,-0.000721324498,feedback,0,54.250488,32.783203,-137.878418,57.744141,97.668457,12.502441,226.0182,230.475839,154.565565,126.378445,-2.72811103,125.246117,3.25736162,0.0776792225,3.25828771
30.4999807,legacy,2,extend,279,0.0126125813,80,6.66666667,0.0832362341,-0.00395644715,-0.000721324498,feedback,0,54.272461,32.783203,-137.922363,57.788086,97.668457,12.546387,225.910308,230.391393,154.519054,126.384077,-2.75217262,125.220292,3.15400699,0.134711077,3.15688251
30.5269527,legacy,2,extend,281,0.0164322853,80,6.66666667,0.0832362341,-0.00395644715,-0.000721324498,feedback,0,54.338379,32.805176,-137.966309,57.810059,97.69043,12.568359,225.610476,230.535614,154.587857,126.393676,-2.69840495,125.261242,2.84708149,0.0869289722,2.84840827
30.5526793,legacy,2,extend,283,0.0125961304,80,6.66666667,0.0832362341,-0.00395644715,-0.000721324498,feedback,0,54.338379,32.805176,-137.988281,57.854004,97.69043,12.590332,225.633412,230.423347,154.565405,126.373241,-2.74200621,125.235621,2.87551571,0.0871097494,2.87683484
30.5776422,legacy,2,extend,285,0.0126063824,80,6.66666667,0.0832362341,-0.00395644715,-0.000721324498,feedback,0,54.382324,32.827148,-138.032227,57.897949,97.69043,12.634277,225.454172,230.448549,154.61068,126.385318,-2.76204738,125.243606,2.69489598,0.0414216254,2.69521429
30.6045001,legacy,2,extend,287,0.0127608776,80,6.66666667,0.0832362341,-0.00395644715,-0.000721324498,feedback,0,54.42627,32.827148,-138.032227,57.941895,97.69043,12.634277,225.342591,230.56809,154.61215,126.372483,-2.75322517,125.251727,2.57775669,0.0936158267,2.57945604
30.6525004,legacy,2,retract,289,0.0138304234,80,6.66666667,-0.0832362341,0.00395644715,0.000721324498,feedback,0,54.448242,32.827148,-138.098145,57.963867,97.712402,12.678223,225.160648,230.456218,154.565797,126.378898,-2.73166803,125.236599,2.40173807,0.0859407747,2.40327517
30.673394,legacy,2,retract,291,0.0158145428,80,6.66666667,-0.0832362341,0.00395644715,0.000721324498,feedback,0,54.470215,32.849121,-138.120117,57.98584,97.712402,12.722168,225.07949,230.480352,154.634213,126.392755,-2.77617345,125.263068,2.3189371,0.0169675087,2.31899917
30.7024984,legacy,2,retract,293,0.0127952099,80,6.66666667,-0.0832362341,0.00395644715,0.000721324498,feedback,0,54.51416,32.849121,-138.14209,58.007812,97.712402,12.722168,224.893134,230.567162,154.611225,126.402064,-2.72764166,125.255871,2.12887606,0.0752767165,2.13020653
30.7369232,legacy,2,retract,295,0.0180716515,80,6.66666667,-0.0832362341,0.00395644715,0.000721324498,feedback,0,54.580078,32.871094,-138.208008,58.095703,97.734375,12.788086,224.649248,230.570826,154.658834,126.383376,-2.76123477,125.275633,1.8846881,0.0585653516,1.88559782
30.7620018,legacy,2,retract,297,0.0126113892,80,6.66666667,-0.0832362341,0.00395644715,0.000721324498,feedback,0,54.624023,32.871094,-138.251953,58.139648,97.734375,12.832031,224.453509,230.571354,154.613115,126.399719,-2.76102917,125.261365,1.68954785,0.0623921905,1.69069948
30.7863054,legacy,2,retract,299,0.0126199722,80,6.66666667,-0.0832362341,0.00395644715,0.000721324498,feedback,0,54.667969,32.871094,-138.295898,58.205566,97.756348,12.875977,224.290932,230.5506,154.592613,126.377155,-2.77443827,125.266005,1.52832244,0.0638145475,1.52965413
30.8128152,legacy,2,retract,301,0.0126328468,80,6.66666667,-0.0832362341,0.00395644715,0.000721324498,feedback,0,54.689941,32.893066,-138.317871,58.227539,97.756348,12.875977,224.20984,230.57425,154.661044,126.370647,-2.76997691,125.270156,1.44561032,0.0410985225,1.44619441
30.8367162,legacy,2,retract,303,0.0126256943,80,6.66666667,-0.0832362341,0.00395644715,0.000721324498,feedback,0,54.733887,32.893066,-138.361816,58.249512,97.756348,12.919922,223.981668,230.600889,154.614804,126.404543,-2.75014322,125.263049,1.21683918,0.0695067319,1.21882271
30.8631666,legacy,2,retract,305,0.0126228333,80,6.66666667,-0.0832362341,0.00395644715,0.000721324498,feedback,0,54.755859,32.893066,-138.383789,58.271484,97.756348,12.941895,223.883916,230.600783,154.592136,126.412602,-2.7499846,125.255993,1.11940225,0.0824331872,1.12243335
30.8879158,legacy,2,retract,307,0.0126342773,80,6.66666667,-0.0832362341,0.00395644715,0.000721324498,feedback,0,54.799805,32.893066,-138.427734,58.337402,97.77832,12.98584,223.721562,230.579407,154.572004,126.389822,-2.76322424,125.260837,0.958427252,0.0887927359,0.962531531
30.9131289,legacy,2,retract,309,0.0126338005,80,6.66666667,-0.0832362341,0.00395644715,0.000721324498,feedback,0,54.821777,32.915039,-138.449707,58.381348,97.77832,12.98584,223.673134,230.576096,154.641292,126.365505,-2.77825234,125.258039,0.909612797,0.0239365633,0.909927689
30.9379416,legacy,2,retract,311,0.0126037598,80,6.66666667,-0.0832362341,0.00395644715,0.000721324498,feedback,0,54.865723,32.915039,-138.493652,58.40332,97.77832,13.007812,223.445186,230.602071,154.595378,126.389071,-2.7338633,125.239863,0.681094889,0.0723664583,0.684928574
30.9695253,legacy,2,retract,313,0.0178701878,80,6.66666667,-0.0832362341,0.00395644715,0.000721324498,feedback,0,54.909668,32.937012,-138.537598,58.447266,97.800293,13.051758,223.267027,230.630488,154.665608,126.379534,-2.74765176,125.27422,0.501185985,0.0519816555,0.503874472
30.9943478,legacy,2,retract,315,0.0149908066,80,6.66666667,-0.0832362341,0.00395644715,0.000721324498,feedback,0,54.953613,32.937012,-138.581543,58.513184,97.800293,13.07373,223.104439,230.602691,154.621616,126.367408,-2.74219941,125.242194,0.340488039,0.0447531314,0.34341658
31.0196397,legacy,2,retract,317,0.0126037598,80,6.66666667,-0.0832362341,0.00395644715,0.000721324498,feedback,0,54.975586,32.937012,-138.603516,58.535156,97.822266,13.095703,223.007351,230.607763,154.623498,126.354246,-2.7359509,125.261195,0.243255548,0.043958832,0.247195551
31.0447536,legacy,2,retract,319,0.0126047134,80,6.66666667,-0.0832362341,0.00395644715,0.000721324498,feedback,0,55.019531,32.958984,-138.647461,58.579102,97.822266,13.139648,222.828849,230.629976,154.669621,126.365644,-2.75562225,125.269755,0.063507824,0.0307869065,0.0705767477
31.0698342,legacy,2,retract,321,0.0125830173,80,6.66666667,-0.0832362341,0.00395644715,0.000721324498,feedback,0,55.041504,32.958984,-138.669434,58.601074,97.822266,13.161621,222.731331,230.629166,154.647319,126.37348,-2.75533734,125.262878,-0.0336642205,0.0315889254,0.0461642714
31.095129,legacy,2,retract,323,0.0125892162,80,6.66666667,-0.0832362341,0.00395644715,0.000721324498,feedback,0,55.019531,32.958984,-138.647461,58.579102,97.822266,13.139648,222.828849,230.629976,154.669621,126.365644,-2.75562225,125.269755,0.063507824,0.0307869065,0.0705767477
31.1202693,legacy,2,retract,325,0.0126113892,80,6.66666667,-0.0832362341,0.00395644715,0.000721324498,feedback,0,54.997559,32.958984,-138.625488,58.535156,97.822266,13.139648,222.893772,230.657393,154.691077,126.38576,-2.76087818,125.294777,0.126868116,0.0662949729,0.143145179
31.1455824,legacy,2,retract,327,0.0125999451,80,6.66666667,-0.0832362341,0.00395644715,0.000721324498,feedback,0,54.953613,32.958984,-138.55957,58.491211,97.822266,13.095703,223.13063,230.718212,154.759172,126.365617,-2.78161134,125.330976,0.359972752,0.164068748,0.395599465
31.1736152,legacy,2,retract,329,0.0154855251,80,6.66666667,-0.0832362341,0.00395644715,0.000721324498,feedback,0,54.887695,32.937012,-138.515625,58.447266,97.800293,13.051758,223.397259,230.604297,154.688945,126.363954,-2.7918474,125.285398,0.632307448,0.0425571644,0.633737975
31.1989908,legacy,2,retract,331,0.0126333237,80,6.66666667,-0.0832362341,0.00395644715,0.000721324498,feedback,0,54.865723,32.937012,-138.493652,58.40332,97.800293,13.029785,223.462296,230.631384,154.710609,126.373774,-2.77256406,125.299347,0.695794974,0.0799236283,0.700370211
31.2240098,legacy,2,retract,333,0.0126042366,80,6.66666667,-0.0832362341,0.00395644715,0.000721324498,feedback,0,54.84375,32.937012,-138.449707,58.381348,97.77832,13.007812,223.601322,230.685472,154.732313,126.38247,-2.79890606,125.302813,0.831903961,0.14287786,0.844084286
31.2506053,legacy,2,retract,335,0.0136325359,80,6.66666667,-0.0832362341,0.00395644715,0.000721324498,feedback,0,54.777832,32.937012,-138.405762,58.31543,97.77832,12.963867,223.852593,230.626807,154.776747,126.372954,-2.80375077,125.312659,1.08528238,0.141968754,1.09452865
31.275835,legacy,2,retract,337,0.0128529072,80,6.66666667,-0.0832362341,0.00395644715,0.000721324498,feedback,0,54.755859,32.937012,-138.383789,58.293457,97.77832,12.941895,223.950334,230.626933,154.799436,126.364894,-2.80392256,125.319699,1.18270677,0.164621971,1.19410875
31.3049562,legacy,2,retract,339,0.0161879063,80,6.66666667,-0.0832362341,0.00395644715,0.000721324498,feedback,0,54.689941,32.937012,-138.317871,58.249512,97.77832,12.897949,224.276261,230.600278,154.86851,126.333016,-2.8483877,125.345027,1.50892171,0.226326996,1.52580098
31.3336871,legacy,2,retract,341,0.0165610313,80,6.66666667,-0.0832362341,0.00395644715,0.000721324498,feedback,0,54.645996,32.915039,-138.273926,58.205566,97.756348,12.854004,224.454767,230.570896,154.798645,126.34236,-2.83439765,125.310892,1.68921995,0.154915116,1.69630856
31.3591909,legacy,2,retract,343,0.0126199722,80,6.66666667,-0.0832362341,0.00395644715,0.000721324498,feedback,0,54.645996,32.915039,-138.251953,58.161621,97.756348,12.832031,224.431567,230.683448,154.820713,126.363123,-2.79098087,125.336264,1.66051231,0.232662423,1.67673282
31.384789,legacy,2,retract,345,0.0126988888,80,6.66666667,-0.0832362341,0.00395644715,0.000721324498,feedback,0,54.624023,32.915039,-138.208008,58.139648,97.756348,12.810059,224.571452,230.742392,154.86732,126.350429,-2.81123379,125.365827,1.79703209,0.312763825,1.82404648
31.4107075,legacy,2,retract,347,0.0126523972,80,6.66666667,-0.0832362341,0.00395644715,0.000721324498,feedback,0,54.558105,32.915039,-138.186035,58.095703,97.734375,12.788086,224.813212,230.590809,154.865211,126.358589,-2.84559894,125.331794,2.04572569,0.233013946,2.0589534
31.4353492,legacy,2,retract,349,0.012616396,80,6.66666667,-0.0832362341,0.00395644715,0.000721324498,feedback,0,54.51416,32.915039,-138.14209,58.029785,97.734375,12.744141,224.976467,230.616536,154.910482,126.359752,-2.82617401,125.353249,2.2071769,0.28904691,2.22602291
31.4775195,legacy,2,retract,351,0.0205981731,80,6.66666667,-0.0832362341,0.00395644715,0.000721324498,feedback,0,54.470215,32.893066,-138.076172,57.98584,97.712402,12.700195,225.197372,230.645435,154.864738,126.364343,-2.83209781,125.341784,2.42684878,0.270733178,2.44190324
31.4965181,legacy,2,retract,353,0.0126273632,80,6.66666667,-0.0832362341,0.00395644715,0.000721324498,feedback,0,54.448242,32.871094,-138.054199,57.963867,97.712402,12.678223,225.278627,230.621303,154.796365,126.360608,-2.81203588,125.32653,2.509746,0.205332883,2.51813157
31.5235667,legacy,2,retract,355,0.0162842274,80,6.66666667,-0.0832362341,0.00395644715,0.000721324498,feedback,0,54.382324,32.849121,-137.966309,57.875977,97.69043,12.612305,225.565135,230.675625,154.773212,126.37437,-2.79828633,125.329561,2.79354158,0.244261637,2.80420012
31.5526142,legacy,2,retract,357,0.0164062977,80,6.66666667,-0.0832362341,0.00395644715,0.000721324498,feedback,0,54.338379,32.849121,-137.922363,57.854004,97.69043,12.590332,225.793954,230.647081,154.820458,126.350121,-2.8423472,125.348152,3.02304048,0.260851985,3.0342738
31.5789795,legacy,2,retract,359,0.0125892162,80,6.66666667,-0.0832362341,0.00395644715,0.000721324498,feedback,0,54.316406,32.849121,-137.922363,57.832031,97.69043,12.568359,225.849788,230.587151,154.819743,126.346343,-2.82225974,125.332939,3.08166119,0.222901686,3.0897121
31.6032124,legacy,2,retract,361,0.0126132965,80,6.66666667,-0.0832362341,0.00395644715,0.000721324498,feedback,0,54.272461,32.827148,-137.878418,57.788086,97.69043,12.546387,226.029228,230.561547,154.774688,126.344267,-2.82661392,125.336237,3.26249716,0.178093983,3.26735446
31.6310852,legacy,2,retract,363,0.0126075745,80,6.66666667,-0.0832362341,0.00395644715,0.000721324498,feedback,0,54.250488,32.827148,-137.856445,57.744141,97.668457,12.502441,226.094327,230.581587,154.773028,126.364458,-2.78824113,125.313714,3.32658311,0.192938806,3.33217355
31.6559219,legacy,2,retract,365,0.0126392841,80,6.66666667,-0.0832362341,0.00395644715,0.000721324498,feedback,0,54.206543,32.805176,-137.790527,57.700195,97.668457,12.480469,226.316232,230.614477,154.752169,126.35762,-2.81259365,125.339619,3.54684895,0.215025251,3.55336085
31.6824858,legacy,2,retract,367,0.0160989761,80,6.66666667,-0.0832362341,0.00395644715,0.000721324498,feedback,0,54.140625,32.783203,-137.746582,57.65625,97.646484,12.414551,226.583769,230.496006,154.682926,126.345157,-2.79765783,125.283588,3.82029858,0.0900116447,3.82135883
31.7077446,legacy,2,retract,369,0.0126113892,80,6.66666667,-0.0832362341,0.00395644715,0.000721324498,feedback,0,54.140625,32.783203,-137.724609,57.612305,97.646484,12.414551,226.561005,230.608089,154.705757,126.375501,-2.77839773,125.320612,3.79204173,0.199460629,3.7972839
31.7326751,legacy,2,retract,371,0.0125756264,80,6.66666667,-0.0832362341,0.00395644715,0.000721324498,feedback,0,54.074707,32.783203,-137.680664,57.568359,97.646484,12.392578,226.846003,230.518019,154.752864,126.357256,-2.82664501,125.335457,4.08057583,0.163868326,4.08386482
31.7623637,legacy,2,retract,373,0.0166716576,80,6.66666667,-0.0832362341,0.00395644715,0.000721324498,feedback,0,54.030762,32.76123,-137.614746,57.524414,97.624512,12.32666,227.067804,230.544514,154.708054,126.351142,-2.80760799,125.313319,4.30124858,0.166413721,4.30446662
31.787394,legacy,2,retract,375,0.0126361847,80,6.66666667,-0.0832362341,0.00395644715,0.000721324498,feedback,0,54.008789,32.76123,-137.592773,57.502441,97.624512,12.32666,227.166171,230.542716,154.731724,126.352636,-2.83193209,125.331982,4.39938171,0.181721573,4.40313322
31.8134313,legacy,2,retract,377,0.012614727,80,6.66666667,-0.0832362341,0.00395644715,0.000721324498,feedback,0,53.964844,32.76123,-137.548828,57.436523,97.602539,12.282715,227.329888,230.56026,154.754193,126.374049,-2.81759768,125.328419,4.56188059,0.216180075,4.56699993
31.8414443,legacy,2,retract,379,0.0162432194,80,6.66666667,-0.0832362341,0.00395644715,0.000721324498,feedback,0,53.920898,32.739258,-137.48291,57.392578,97.602539,12.23877,227.552406,230.591468,154.734046,126.356603,-2.8172351,125.343462,4.78283168,0.242351234,4.78896785
31.8672736,legacy,2,retract,381,0.0126633644,80,6.66666667,-0.0832362341,0.00395644715,0.000721324498,feedback,0,53.898926,32.739258,-137.460938,57.370605,97.602539,12.216797,227.650868,230.589367,154.757886,126.347851,-2.8170392,125.351,4.88107301,0.256631553,4.8878148
31.8919497,legacy,2,retract,383,0.0126593113,80,6.66666667,-0.0832362341,0.00395644715,0.000721324498,feedback,0,53.85498,32.717285,-137.416992,57.304688,97.580566,12.172852,227.79777,230.58303,154.688456,126.373897,-2.78258028,125.325006,5.02870553,0.229199243,5.03392606
