t,segment,target,sample,alarm,j0,j1,j2,j3,j4,j5,x,y,z,a,b,c,q_speed_norm_deg_s,tcp_speed_norm_mm_s,sigma_min,sigma_max,condition,manip_6d,manip_trans
1.12056732e-05,baseline_default,Default,0,0,55.041504,32.958984,-138.647461,58.623047,97.822266,13.161621,222.80559,230.662082,154.671404,126.351347,-2.79504545,125.278286,,,,,,,
0.0251142979,baseline_default,Default,1,0,55.041504,32.958984,-138.647461,58.623047,97.822266,13.161621,222.80559,230.662082,154.671404,126.351347,-2.79504545,125.278286,0,0,,,,,
0.0501995087,baseline_default,Default,2,0,55.041504,32.958984,-138.647461,58.579102,97.822266,13.161621,222.740385,230.715414,154.669621,126.387007,-2.7560881,125.292141,1.75182901,3.35878358,,,,,
0.0752980709,baseline_default,Default,3,0,55.041504,32.958984,-138.647461,58.579102,97.822266,13.161621,222.740385,230.715414,154.669621,126.387007,-2.7560881,125.292141,0,0,,,,,
0.101366043,baseline_default,Default,4,0,55.041504,32.958984,-138.647461,58.601074,97.822266,13.161621,222.772992,230.688755,154.67051,126.369178,-2.77556821,125.285215,0.842873387,1.61604205,,,,,
0.126455069,baseline_default,Default,5,0,55.041504,32.958984,-138.647461,58.623047,97.822266,13.139648,222.80559,230.662082,154.671404,126.341203,-2.7705833,125.267087,1.23857001,1.67917468,,,,,
0.151551723,baseline_default,Default,6,0,55.041504,32.958984,-138.647461,58.601074,97.822266,13.161621,222.772992,230.688755,154.67051,126.369178,-2.77556821,125.285215,1.23819349,1.67866421,,,,,
0.176644802,baseline_default,Default,7,0,55.041504,32.958984,-138.647461,58.601074,97.822266,13.161621,222.772992,230.688755,154.67051,126.369178,-2.77556821,125.285215,0,0,,,,,
0.201746702,baseline_default,Default,8,0,55.041504,32.958984,-138.647461,58.601074,97.822266,13.139648,222.772992,230.688755,154.67051,126.359028,-2.75110427,125.27402,0.875352061,0,,,,,
0.226858854,baseline_default,Default,9,0,55.041504,32.958984,-138.647461,58.579102,97.822266,13.161621,222.740385,230.715414,154.669621,126.387007,-2.7560881,125.292141,1.23740121,1.67755193,,,,,
0.258746386,baseline_default,Default,10,0,55.041504,32.958984,-138.647461,58.579102,97.822266,13.139648,222.740385,230.715414,154.669621,126.37685,-2.73162237,125.280949,0.689078117,0,,,,,
0.287592649,baseline_default,Default,11,0,55.041504,32.958984,-138.669434,58.601074,97.822266,13.161621,222.731331,230.629166,154.647319,126.37348,-2.75533734,125.262878,1.31933117,3.10416612,,,,,
0.316533566,baseline_default,Default,12,0,55.041504,32.958984,-138.647461,58.601074,97.822266,13.161621,222.772992,230.688755,154.67051,126.369178,-2.77556821,125.285215,0.759236506,2.63697777,,,,,
0.344639301,baseline_default,Default,13,0,55.041504,32.958984,-138.647461,58.601074,97.822266,13.161621,222.772992,230.688755,154.67051,126.369178,-2.77556821,125.285215,0,0,,,,,
0.372643471,baseline_default,Default,14,0,55.041504,32.958984,-138.647461,58.579102,97.822266,13.161621,222.740385,230.715414,154.669621,126.387007,-2.7560881,125.292141,0.784597452,1.50430954,,,,,
0.404480219,baseline_default,Default,15,0,55.041504,32.958984,-138.647461,58.579102,97.822266,13.161621,222.740385,230.715414,154.669621,126.387007,-2.7560881,125.292141,0,0,,,,,
0.430721998,baseline_default,Default,16,0,55.041504,32.958984,-138.647461,58.601074,97.822266,13.161621,222.772992,230.688755,154.67051,126.369178,-2.77556821,125.285215,0.837290785,1.60533852,,,,,
0.455812693,baseline_default,Default,17,0,55.041504,32.958984,-138.647461,58.601074,97.822266,13.183594,222.772992,230.688755,154.67051,126.379325,-2.8000362,125.296408,0.875743,0,,,,,
0.487128735,baseline_default,Default,18,0,55.041504,32.958984,-138.647461,58.601074,97.822266,13.161621,222.772992,230.688755,154.67051,126.369178,-2.77556821,125.285215,0.701653167,0,,,,,
0.515460968,baseline_default,Default,19,0,55.041504,32.958984,-138.625488,58.623047,97.822266,13.161621,222.847245,230.721663,154.694621,126.347043,-2.81528228,125.300616,1.09679015,2.99030582,,,,,
0.548453808,baseline_default,Default,20,0,55.041504,32.958984,-138.647461,58.579102,97.822266,13.183594,222.740385,230.715414,154.669621,126.397161,-2.78055789,125.303331,1.63131825,3.33170946,,,,,
0.575353622,baseline_default,Default,21,0,55.041504,32.958984,-138.647461,58.579102,97.822266,13.161621,222.740385,230.715414,154.669621,126.387007,-2.7560881,125.292141,0.816845778,0,,,,,
0.605913401,baseline_default,Default,22,0,55.041504,32.958984,-138.669434,58.579102,97.822266,13.161621,222.698725,230.655825,154.646429,126.391311,-2.73586042,125.269798,0.719016998,2.49731022,,,,,
0.632789612,baseline_default,Default,23,0,55.041504,32.958984,-138.647461,58.579102,97.822266,13.161621,222.740385,230.715414,154.669621,126.387007,-2.7560881,125.292141,0.817563155,2.83958352,,,,,
0.657904148,baseline_default,Default,24,0,55.041504,32.958984,-138.647461,58.601074,97.822266,13.183594,222.772992,230.688755,154.67051,126.379325,-2.8000362,125.296408,1.23728374,1.67739267,,,,,
0.682991982,baseline_default,Default,25,0,55.041504,32.958984,-138.647461,58.579102,97.822266,13.183594,222.740385,230.715414,154.669621,126.397161,-2.78055789,125.303331,0.87580301,1.67917805,,,,,
0.708108187,baseline_default,Default,26,0,55.041504,32.958984,-138.647461,58.601074,97.822266,13.161621,222.772992,230.688755,154.67051,126.369178,-2.77556821,125.285215,1.23720153,1.67728121,,,,,
0.733213186,baseline_default,Default,27,0,55.041504,32.958984,-138.647461,58.623047,97.822266,13.161621,222.80559,230.662082,154.671404,126.351347,-2.79504545,125.278286,0.875243991,1.67810624,,,,,
0.758507967,baseline_default,Default,28,0,55.041504,32.958984,-138.669434,58.601074,97.800293,13.161621,222.730843,230.623421,154.623068,126.394502,-2.76135033,125.236956,1.50459309,3.83663048,,,,,
0.783607006,baseline_default,Default,29,0,55.041504,32.958984,-138.669434,58.623047,97.822266,13.183594,222.76393,230.602494,154.648214,126.365789,-2.79927665,125.267152,1.51632707,1.85383246,,,,,
0.808698893,baseline_default,Default,30,0,55.041504,32.958984,-138.647461,58.579102,97.822266,13.161621,222.740385,230.715414,154.669621,126.387007,-2.7560881,125.292141,2.14498904,4.67553999,,,,,
0.833796501,baseline_default,Default,31,0,55.041504,32.958984,-138.647461,58.601074,97.822266,13.161621,222.772992,230.688755,154.67051,126.369178,-2.77556821,125.285215,0.875461897,1.67852403,,,,,
0.858894825,baseline_default,Default,32,0,55.041504,32.958984,-138.647461,58.601074,97.822266,13.183594,222.772992,230.688755,154.67051,126.379325,-2.8000362,125.296408,0.875476791,0,,,,,
0.883990765,baseline_default,Default,33,0,55.041504,32.958984,-138.647461,58.601074,97.822266,13.161621,222.772992,230.688755,154.67051,126.369178,-2.77556821,125.285215,0.875559964,0,,,,,
0.90912056,baseline_default,Default,34,0,55.041504,32.958984,-138.647461,58.601074,97.822266,13.161621,222.772992,230.688755,154.67051,126.369178,-2.77556821,125.285215,0,0,,,,,
0.934220314,baseline_default,Default,35,0,55.041504,32.958984,-138.647461,58.601074,97.822266,13.161621,222.772992,230.688755,154.67051,126.369178,-2.77556821,125.285215,0,0,,,,,
0.959305525,baseline_default,Default,36,0,55.041504,32.958984,-138.647461,58.601074,97.822266,13.183594,222.772992,230.688755,154.67051,126.379325,-2.8000362,125.296408,0.875934437,0,,,,,
0.988758326,baseline_default,Default,37,0,55.041504,32.958984,-138.647461,58.601074,97.822266,13.161621,222.772992,230.688755,154.67051,126.369178,-2.77556821,125.285215,0.746041104,0,,,,,
1.0138588,baseline_default,Default,38,0,55.041504,32.958984,-138.647461,58.601074,97.822266,13.161621,222.772992,230.688755,154.67051,126.369178,-2.77556821,125.285215,0,0,,,,,
1.03894854,baseline_default,Default,39,0,55.041504,32.958984,-138.647461,58.601074,97.822266,13.161621,222.772992,230.688755,154.67051,126.369178,-2.77556821,125.285215,0,0,,,,,
1.06727099,baseline_default,Default,40,0,55.041504,32.958984,-138.647461,58.601074,97.822266,13.161621,222.772992,230.688755,154.67051,126.369178,-2.77556821,125.285215,0,0,,,,,
1.09237289,baseline_default,Default,41,0,55.041504,32.958984,-138.647461,58.601074,97.822266,13.139648,222.772992,230.688755,154.67051,126.359028,-2.75110427,125.27402,0.875352061,0,,,,,
1.11747909,baseline_default,Default,42,0,55.041504,32.958984,-138.647461,58.623047,97.822266,13.161621,222.80559,230.662082,154.671404,126.351347,-2.79504545,125.278286,1.23772315,1.67802656,,,,,
1.1425755,baseline_default,Default,43,0,55.041504,32.958984,-138.647461,58.601074,97.822266,13.161621,222.772992,230.688755,154.67051,126.369178,-2.77556821,125.285215,0.875543328,1.67868016,,,,,
1.16843462,baseline_default,Default,44,0,55.041504,32.958984,-138.647461,58.601074,97.822266,13.161621,222.772992,230.688755,154.67051,126.369178,-2.77556821,125.285215,0,0,,,,,
1.19352841,baseline_default,Default,45,0,55.041504,32.958984,-138.647461,58.623047,97.822266,13.161621,222.80559,230.662082,154.671404,126.351347,-2.79504545,125.278286,0.875634833,1.6788556,,,,,
1.20111465,cycle1_default_to_reload,Reload,0,0,55.041504,32.958984,-138.647461,58.623047,97.822266,13.161621,222.80559,230.662082,154.671404,126.351347,-2.79504545,125.278286,0,0,,,,,
1.22853565,cycle1_default_to_reload,Reload,1,0,55.041504,32.958984,-138.647461,58.623047,97.822266,13.183594,222.80559,230.662082,154.671404,126.361489,-2.81951164,125.289483,0.801320226,0,,,,,
1.25656986,cycle1_default_to_reload,Reload,2,0,55.041504,32.958984,-138.647461,58.623047,97.822266,13.161621,222.80559,230.662082,154.671404,126.351347,-2.79504545,125.278286,0.783792368,0,,,,,
1.28166318,cycle1_default_to_reload,Reload,3,0,55.041504,32.958984,-138.647461,58.623047,97.822266,13.161621,222.80559,230.662082,154.671404,126.351347,-2.79504545,125.278286,0,0,,,,,
1.30693865,cycle1_default_to_reload,Reload,4,0,55.041504,32.958984,-138.647461,58.601074,97.822266,13.161621,222.772992,230.688755,154.67051,126.369178,-2.77556821,125.285215,0.869340947,1.66678833,,,,,
1.33203411,cycle1_default_to_reload,Reload,5,0,55.041504,32.958984,-138.647461,58.579102,97.800293,13.161621,222.739903,230.709678,154.645367,126.408036,-2.76209368,125.266215,1.23822413,1.85403197,,,,,
1.35712838,cycle1_default_to_reload,Reload,6,0,55.041504,32.958984,-138.647461,58.601074,97.800293,13.161621,222.772509,230.683017,154.646257,126.390207,-2.78157813,125.259294,0.875578344,1.67877765,,,,,
1.38221288,cycle1_default_to_reload,Reload,7,0,55.041504,32.958984,-138.647461,58.601074,97.77832,13.161621,222.772017,230.67728,154.622003,126.411231,-2.78758774,125.233369,0.875959413,0.993744426,,,,,
1.40729284,cycle1_default_to_reload,Reload,8,0,55.041504,32.958984,-138.647461,58.601074,97.756348,13.139648,222.771515,230.671544,154.597751,126.422104,-2.76911936,125.196256,1.23898924,0.993878682,,,,,
1.43239594,cycle1_default_to_reload,Reload,9,0,55.019531,32.958984,-138.647461,58.557129,97.712402,13.161621,222.793722,230.627968,154.547467,126.498714,-2.7906288,125.158205,2.76794962,2.79431433,,,,,
1.45747995,cycle1_default_to_reload,Reload,10,0,55.019531,32.958984,-138.625488,58.557129,97.69043,13.139648,222.8349,230.681848,154.546424,126.505294,-2.79234282,125.143446,1.51721203,2.70376609,,,,,
1.48258114,cycle1_default_to_reload,Reload,11,0,54.997559,32.980957,-138.625488,58.535156,97.624512,13.161621,222.905699,230.629591,154.563576,126.580765,-2.85953895,125.094859,3.15617248,3.57160928,,,,,
1.50768065,cycle1_default_to_reload,Reload,12,0,54.997559,32.980957,-138.603516,58.535156,97.602539,13.161621,222.946879,230.683487,154.562576,126.59749,-2.8857269,125.091263,1.23802418,2.70262969,,,,,
1.53277421,cycle1_default_to_reload,Reload,13,0,54.975586,32.980957,-138.581543,58.513184,97.536621,13.139648,223.04277,230.667144,154.512206,126.652654,-2.90384766,125.02034,3.15713207,4.3653224,,,,,
1.55784512,cycle1_default_to_reload,Reload,14,0,54.953613,32.980957,-138.55957,58.513184,97.492676,13.183594,223.171824,230.629804,154.486991,126.699346,-3.00912137,125.001911,2.77150317,5.45225939,,,,,
1.58293223,cycle1_default_to_reload,Reload,15,0,54.931641,33.024902,-138.55957,58.469238,97.426758,13.139648,223.226463,230.627925,154.594233,126.757918,-3.00321017,124.949119,4.10813333,4.79820179,,,,,
1.60804009,cycle1_default_to_reload,Reload,16,0,54.931641,33.046875,-138.55957,58.447266,97.36084,13.161621,223.20856,230.66128,154.611471,126.84451,-3.04625616,124.911536,3.03154265,1.65667445,,,,,
1.63314271,cycle1_default_to_reload,Reload,17,0,54.887695,33.068848,-138.537598,58.40332,97.272949,13.139648,223.376061,230.604029,154.627025,126.922828,-3.09472064,124.83276,4.5482948,7.0788218,,,,,
1.65823603,cycle1_default_to_reload,Reload,18,0,54.887695,33.09082,-138.515625,58.40332,97.207031,13.139648,223.432525,230.670377,154.668625,126.977233,-3.15283489,124.799531,2.90415932,3.84740884,,,,,
1.68335271,cycle1_default_to_reload,Reload,19,0,54.84375,33.134766,-138.493652,58.381348,97.097168,13.139648,223.648411,230.6044,154.751909,127.064488,-3.27143528,124.721364,5.17551735,9.57991018,,,,,
1.7084291,cycle1_default_to_reload,Reload,20,0,54.821777,33.156738,-138.47168,58.337402,97.03125,13.139648,223.728002,230.638422,154.792015,127.143118,-3.31419235,124.690778,3.50492046,3.80429177,,,,,
1.73353481,cycle1_default_to_reload,Reload,21,0,54.799805,33.178711,-138.449707,58.271484,96.921387,13.139648,223.773366,230.688011,154.782829,127.281371,-3.3489632,124.614916,5.323658,2.70189581,,,,,
1.75862622,cycle1_default_to_reload,Reload,22,0,54.777832,33.222656,-138.427734,58.249512,96.833496,13.117676,223.901285,230.71337,154.890767,127.348813,-3.41249102,124.562792,4.29005961,6.74666425,,,,,
1.78373051,cycle1_default_to_reload,Reload,23,0,54.733887,33.244629,-138.405762,58.205566,96.70166,13.139648,224.066627,230.644957,154.858303,127.488771,-3.52142655,124.453869,6.00044849,7.24408654,,,,,
1.80881739,cycle1_default_to_reload,Reload,24,0,54.711914,33.266602,-138.361816,58.161621,96.635742,13.139648,224.188127,230.738553,154.922681,127.563014,-3.58376842,124.445689,3.81780996,6.63032238,,,,,
1.83392572,cycle1_default_to_reload,Reload,25,0,54.667969,33.310547,-138.339844,58.117676,96.481934,13.139648,224.368912,230.688193,154.95737,127.709447,-3.69359397,124.32202,6.89062028,7.60094363,,,,,
1.85901189,cycle1_default_to_reload,Reload,26,0,54.645996,33.354492,-138.317871,58.117676,96.37207,13.095703,224.528136,230.681411,155.042365,127.769955,-3.75743558,124.225983,5.18184037,7.19985186,,,,,
1.88412404,cycle1_default_to_reload,Reload,27,0,54.602051,33.398438,-138.273926,58.051758,96.240234,13.117676,224.719088,230.722771,155.124993,127.918852,-3.88595764,124.168682,6.66366176,8.44746452,,,,,
1.9092226,cycle1_default_to_reload,Reload,28,0,54.580078,33.42041,-138.251953,58.029785,96.130371,13.095703,224.828766,230.71934,155.118174,128.011204,-3.93442199,124.067869,4.7950583,4.38044293,,,,,
1.9343431,cycle1_default_to_reload,Reload,29,0,54.51416,33.464355,-138.208008,57.963867,95.95459,13.095703,225.105749,230.663733,155.152658,128.180165,-4.0734526,123.936286,8.29802847,11.3296762,,,,,
1.95943117,cycle1_default_to_reload,Reload,30,0,54.492188,33.508301,-138.186035,57.919922,95.822754,13.095703,225.197946,230.705193,155.212502,128.31673,-4.15219341,123.84941,5.94011075,4.68253122,,,,,
1.98452473,cycle1_default_to_reload,Reload,31,0,54.42627,33.552246,-138.14209,57.832031,95.668945,13.07373,225.442914,230.681562,155.271167,128.472255,-4.23981031,123.739928,7.97737942,10.0822815,,,,,
2.0096221,cycle1_default_to_reload,Reload,32,0,54.404297,33.596191,-138.120117,57.810059,95.537109,13.07373,225.567321,230.696413,155.332107,128.590981,-4.33811904,123.646126,5.74101224,5.55137083,,,,,
2.03474998,cycle1_default_to_reload,Reload,33,0,54.338379,33.640137,-138.054199,57.744141,95.339355,13.051758,225.884603,230.695058,155.368023,128.766103,-4.47641602,123.499885,9.29535804,12.7074208,,,,,
2.06206632,cycle1_default_to_reload,Reload,34,0,54.272461,33.728027,-138.010254,57.65625,95.075684,13.051758,226.155408,230.691926,155.48954,129.026816,-4.65594504,123.314771,11.0583371,10.8666068,,,,,
2.08716583,cycle1_default_to_reload,Reload,35,0,54.250488,33.75,-137.988281,57.612305,95.009766,13.029785,226.233844,230.725949,155.53178,129.094743,-4.67129422,123.273186,3.60946353,3.79938681,,,,,
2.1122582,cycle1_default_to_reload,Reload,36,0,54.162598,33.837891,-137.922363,57.502441,94.724121,13.029785,226.600823,230.717227,155.65419,129.377623,-4.87913682,123.08022,13.4238059,15.4212179,,,,,
2.13736415,cycle1_default_to_reload,Reload,37,0,54.140625,33.859863,-137.900391,57.502441,94.658203,13.029785,226.744396,230.697746,155.698095,129.420083,-4.95989135,123.035795,3.03176146,6.0302129,,,,,
2.16257358,cycle1_default_to_reload,Reload,38,0,54.052734,33.947754,-137.834473,57.392578,94.350586,13.029785,227.108742,230.684011,155.797378,129.723122,-5.17215544,122.816139,14.1081531,14.9896661,,,,,
2.18765974,cycle1_default_to_reload,Reload,39,0,54.030762,33.969727,-137.8125,57.348633,94.284668,13.007812,227.186767,230.717983,155.840415,129.790815,-5.18651415,122.774592,3.6113749,3.80144249,,,,,
2.21461034,cycle1_default_to_reload,Reload,40,0,53.942871,34.057617,-137.746582,57.23877,93.955078,13.007812,227.548113,230.699465,155.916597,130.113914,-5.40282847,122.528094,13.9078711,13.7196789,,,,,
2.24457383,cycle1_default_to_reload,Reload,41,0,53.876953,34.123535,-137.680664,57.150879,93.713379,12.98584,227.843101,230.738186,155.999552,130.342341,-5.54698541,122.357946,9.41958859,10.3081056,,,,,
2.26969433,cycle1_default_to_reload,Reload,42,0,53.833008,34.189453,-137.636719,57.128906,93.537598,12.98584,228.109414,230.739179,156.132316,130.481606,-5.71723502,122.245416,7.92064569,11.8457984,,,,,
2.29476142,cycle1_default_to_reload,Reload,43,0,53.745117,34.255371,-137.592773,57.019043,93.273926,12.98584,228.413766,230.653076,156.165799,130.749448,-5.87545174,122.03227,12.3342153,12.6885402,,,,,
2.31996918,cycle1_default_to_reload,Reload,44,0,53.701172,34.299316,-137.526855,56.953125,93.098145,12.963867,228.640767,230.744162,156.231912,130.913655,-5.97784937,121.92257,8.31511858,10.0513368,,,,,
2.3450644,cycle1_default_to_reload,Reload,45,0,53.613281,34.365234,-137.48291,56.865234,92.834473,12.98584,228.976462,230.631331,156.266989,131.172923,-6.1811317,121.712728,12.0689289,14.1812891,,,,,
2.37017059,cycle1_default_to_reload,Reload,46,0,53.569336,34.431152,-137.416992,56.799316,92.636719,12.963867,229.217471,230.740657,156.402539,131.353462,-6.30720892,121.599159,9.30338709,11.8433072,,,,,
2.39525056,cycle1_default_to_reload,Reload,47,0,53.503418,34.519043,-137.373047,56.711426,92.351074,12.941895,229.477789,230.734001,156.507126,131.621532,-6.45779944,121.374893,12.8462158,11.1890434,,,,,
2.4203434,cycle1_default_to_reload,Reload,48,0,53.4375,34.562988,-137.307129,56.623535,92.15332,12.919922,229.756949,230.759542,156.550825,131.810943,-6.56679967,121.234599,9.59232168,11.3064839,,,,,
2.44544148,cycle1_default_to_reload,Reload,49,0,53.349609,34.672852,-137.241211,56.491699,91.867676,12.919922,230.09953,230.800235,156.775619,132.1028,-6.76249863,121.069387,13.980154,16.406211,,,,,
2.47054911,cycle1_default_to_reload,Reload,50,0,53.283691,34.716797,-137.197266,56.447754,91.647949,12.919922,230.396708,230.708548,156.770362,132.290846,-6.92426686,120.875934,9.62653704,12.3884693,,,,,
2.49563122,cycle1_default_to_reload,Reload,51,0,53.195801,34.804688,-137.131348,56.337891,91.340332,12.897949,230.751094,230.695575,156.879912,132.579372,-7.09930813,120.643701,14.2067912,14.7977531,,,,,
2.52071691,cycle1_default_to_reload,Reload,52,0,53.151855,34.870605,-137.087402,56.25,91.120605,12.897949,230.909763,230.768433,156.968073,132.809801,-7.21171471,120.496227,10.1014384,7.79700453,,,,,
2.54580927,cycle1_default_to_reload,Reload,53,0,53.063965,34.958496,-137.021484,56.162109,90.812988,12.875977,231.295094,230.728939,157.079762,133.080252,-7.40599202,120.257061,13.9558934,16.0658625,,,,,
2.57092619,cycle1_default_to_reload,Reload,54,0,52.998047,35.024414,-136.933594,56.096191,90.593262,12.854004,231.662921,230.80502,157.224527,133.263721,-7.57518929,120.129331,10.4977539,16.0267896,,,,,
2.59601998,cycle1_default_to_reload,Reload,55,0,52.888184,35.134277,-136.867676,55.942383,90.241699,12.854004,232.047817,230.770719,157.382087,133.619179,-7.78314617,119.878681,16.7057889,16.6299877,,,,,
2.62111878,cycle1_default_to_reload,Reload,56,0,52.822266,35.200195,-136.801758,55.898438,90.021973,12.854004,232.402742,230.760714,157.501614,133.797962,-7.97947763,119.730934,10.019922,14.9267579,,,,,
2.64621329,cycle1_default_to_reload,Reload,57,0,52.734375,35.288086,-136.73584,55.744629,89.648438,12.810059,232.676912,230.789375,157.543358,134.170008,-8.09317583,119.419482,17.1357604,11.1102804,,,,,
2.67134976,cycle1_default_to_reload,Reload,58,0,52.668457,35.354004,-136.669922,55.656738,89.406738,12.810059,232.961842,230.828895,157.639629,134.402812,-8.24942274,119.257262,11.1944158,12.0677018,,,,,
2.69642782,cycle1_default_to_reload,Reload,59,0,52.558594,35.463867,-136.604004,55.546875,89.055176,12.810059,233.407546,230.741069,157.802412,134.721578,-8.49561755,118.992573,16.1557606,19.2423234,,,,,
2.72150064,cycle1_default_to_reload,Reload,60,0,52.492676,35.551758,-136.538086,55.458984,88.813477,12.810059,233.707897,230.802474,157.99466,-134.89669,8.66541097,-118.80653,11.459816,14.4322533,,,,,
2.74658442,cycle1_default_to_reload,Reload,61,0,52.382812,35.639648,-136.450195,55.327148,88.417969,12.766113,234.140021,230.770813,158.045466,-135.167309,8.83789306,-118.398866,17.9734308,17.3917371,,,,,
2.77168846,cycle1_default_to_reload,Reload,62,0,52.316895,35.727539,-136.40625,55.26123,88.154297,12.766113,234.422541,230.742887,158.186855,-135.31755,9.01155384,-118.129033,11.8079495,12.6337197,,,,,
2.79678535,cycle1_default_to_reload,Reload,63,0,52.207031,35.81543,-136.296387,55.107422,87.758789,12.766113,234.864664,230.797076,158.269246,-135.528318,9.2240694,-117.692648,18.34404,18.0495118,,,,,
2.82187963,cycle1_default_to_reload,Reload,64,0,52.119141,35.90332,-136.230469,54.997559,87.495117,12.744141,235.213878,230.791207,158.441564,-135.659592,9.36587318,-117.418268,12.718875,15.5198676,,,,,
2.84697366,cycle1_default_to_reload,Reload,65,0,52.009277,36.013184,-136.142578,54.865723,87.077637,12.744141,235.653385,230.777999,158.568398,-135.897311,9.60282898,-116.971826,18.8409419,18.2366924,,,,,
2.87209129,cycle1_default_to_reload,Reload,66,0,51.943359,36.101074,-136.07666,54.777832,86.813965,12.700195,235.945108,230.835628,158.743336,-136.036577,9.71332943,-116.711438,12.3093921,13.7354741,,,,,
2.89717579,cycle1_default_to_reload,Reload,67,0,51.811523,36.210938,-135.98877,54.602051,86.374512,12.700195,236.400122,230.781717,158.848904,-136.289024,9.92923447,-116.221615,20.3739723,18.744686,,,,,
2.92226171,cycle1_default_to_reload,Reload,68,0,51.745605,36.298828,-135.922852,54.536133,86.088867,12.678223,236.718569,230.809572,159.002069,-136.443625,10.0909199,-115.941171,12.7832865,14.1299316,,,,,
2.94737577,cycle1_default_to_reload,Reload,69,0,51.61377,36.408691,-135.834961,54.382324,85.649414,12.678223,237.202854,230.729053,159.111134,-136.698631,10.3264177,-115.464738,20.0658851,20.0246989,,,,,
2.9724617,cycle1_default_to_reload,Reload,70,0,51.525879,36.496582,-135.74707,54.272461,85.36377,12.65625,237.588486,230.777589,159.29726,-136.820795,10.4793788,-115.17162,13.6538547,17.1786392,,,,,
2.99932981,cycle1_default_to_reload,Reload,71,0,51.37207,36.672363,-135.615234,54.052734,84.748535,12.634277,238.166192,230.841973,159.563511,-137.135888,10.7557095,-114.506205,26.2970022,23.7961916,,,,,
3.02442193,cycle1_default_to_reload,Reload,72,0,51.28418,36.760254,-135.527344,53.964844,84.462891,12.612305,238.582441,230.863522,159.753749,-137.261346,10.9286204,-114.2266,13.3952833,18.2594279,,,,,
3.05073285,cycle1_default_to_reload,Reload,73,0,51.152344,36.89209,-135.439453,53.811035,83.979492,12.612305,239.066119,230.797654,159.918418,-137.528288,11.1781206,-113.706281,20.8109963,19.5800538,,,,,
3.07634926,cycle1_default_to_reload,Reload,74,0,51.064453,36.97998,-135.373535,53.701172,83.649902,12.590332,239.390123,230.781107,160.031937,-137.714469,11.3155664,-113.357727,14.6573612,13.4176834,,,,,
3.10144067,cycle1_default_to_reload,Reload,75,0,50.932617,37.111816,-135.241699,53.525391,83.166504,12.568359,239.931125,230.858403,160.264305,-137.932903,11.5401405,-112.845478,22.4460476,23.6672958,,,,,
3.12914681,cycle1_default_to_reload,Reload,76,0,50.800781,37.243652,-135.153809,53.349609,82.661133,12.546387,240.369368,230.815931,160.411773,-138.220407,11.7339819,-112.295907,20.7108855,16.7593063,,,,,
3.15424156,cycle1_default_to_reload,Reload,77,0,50.712891,37.331543,-135.065918,53.239746,82.331543,12.546387,240.736312,230.857561,160.56251,-138.363632,11.9058069,-111.944492,15.1149933,15.8948139,,,,,
3.17969799,cycle1_default_to_reload,Reload,78,0,50.581055,37.485352,-134.956055,53.063965,81.804199,12.502441,241.228875,230.891473,160.819255,-138.63189,12.1025262,-111.391471,23.7012335,21.8606849,,,,,
3.20481038,cycle1_default_to_reload,Reload,79,0,50.471191,37.573242,-134.868164,52.976074,81.452637,12.480469,241.708937,230.811742,160.949612,-138.821793,12.3014583,-111.045128,15.8946585,20.0616193,,,,,
3.23312712,cycle1_default_to_reload,Reload,80,0,50.339355,37.705078,-134.780273,52.756348,80.925293,12.480469,242.065258,230.818717,161.082613,-139.094518,12.4610211,-110.436615,21.447966,13.4336991,,,,,
3.25824356,cycle1_default_to_reload,Reload,81,0,50.229492,37.814941,-134.692383,52.668457,80.595703,12.458496,242.564881,230.760861,161.337586,-139.233274,12.6664102,-110.121825,15.3532281,22.4513607,,,,,
3.28335738,cycle1_default_to_reload,Reload,82,0,50.075684,37.96875,-134.58252,52.492676,80.046387,12.458496,243.129768,230.698382,161.581513,-139.494746,12.9321478,-109.53467,24.9314432,24.626538,,,,,
3.30843568,cycle1_default_to_reload,Reload,83,0,49.987793,38.056641,-134.516602,52.382812,79.694824,12.458496,243.433166,230.678563,161.686107,-139.674098,13.0798572,-109.151522,15.7222017,12.8211464,,,,,
3.33351946,cycle1_default_to_reload,Reload,84,0,49.899902,38.144531,-134.406738,52.229004,79.343262,12.414551,243.7667,230.826574,161.86008,-139.814248,13.150873,-108.776052,16.7582848,16.1160255,,,,,
3.35861301,cycle1_default_to_reload,Reload,85,0,49.702148,38.342285,-134.274902,51.987305,78.640137,12.392578,244.43894,230.738357,162.174015,-140.154483,13.4271448,-108.022882,32.101106,29.7748456,,,,,
3.38370204,cycle1_default_to_reload,Reload,86,0,49.592285,38.452148,-134.165039,51.855469,78.288574,12.370605,244.907458,230.785357,162.450926,-140.266915,13.5857314,-107.667026,16.8005276,21.7728123,,,,,
3.40878749,cycle1_default_to_reload,Reload,87,0,49.460449,38.583984,-134.077148,51.679688,77.76123,12.370605,245.310567,230.738144,162.602023,-140.53359,13.7726968,-107.083877,23.6334181,17.2640743,,,,,
3.43389297,cycle1_default_to_reload,Reload,88,0,49.350586,38.693848,-133.967285,51.569824,77.409668,12.348633,245.809372,230.758089,162.883609,-140.648965,13.9525005,-106.739976,16.5366664,22.8294762,,,,,
3.45899153,cycle1_default_to_reload,Reload,89,0,49.196777,38.847656,-133.879395,51.394043,76.904297,12.304688,246.319433,230.636493,163.161748,-140.896673,14.1190921,-106.215773,23.343624,23.6490182,,,,,
3.48408532,cycle1_default_to_reload,Reload,90,0,49.108887,38.935547,-133.791504,51.28418,76.552734,12.304688,246.660389,230.672431,163.314698,-141.038162,14.2644525,-105.840821,15.8823444,14.9604814,,,,,
3.50919366,cycle1_default_to_reload,Reload,91,0,48.955078,39.089355,-133.681641,51.086426,76.047363,12.282715,247.182181,230.632223,163.633908,-141.236365,14.437163,-105.305542,23.7089618,24.4145105,,,,,
3.53429866,cycle1_default_to_reload,Reload,92,0,48.867188,39.177246,-133.59375,50.976562,75.695801,12.260742,247.520105,230.667283,163.790958,-141.38722,14.5518223,-104.939615,15.8993401,14.9086381,,,,,
3.55940056,cycle1_default_to_reload,Reload,93,0,48.713379,39.331055,-133.483887,50.778809,75.168457,12.260742,248.029688,230.623881,164.09231,-141.588982,14.7469543,-104.371313,24.4468732,23.6479624,,,,,
3.58449173,cycle1_default_to_reload,Reload,94,0,48.625488,39.418945,-133.395996,50.646973,74.838867,12.260742,248.338846,230.684303,164.277417,-141.695876,14.8524745,-104.013474,15.393631,14.561636,,,,,
3.6096375,cycle1_default_to_reload,Reload,95,0,48.47168,39.572754,-133.286133,50.471191,74.333496,12.216797,248.884487,230.614471,164.608184,-141.903644,15.0121661,-103.49964,23.4468173,25.5262847,,,,,
3.63473034,cycle1_default_to_reload,Reload,96,0,48.383789,39.682617,-133.198242,50.339355,74.003906,12.194824,249.207497,230.692172,164.896234,-141.995233,15.0997493,-103.159109,15.6396983,17.5233722,,,,,
3.65985823,cycle1_default_to_reload,Reload,97,0,48.22998,39.814453,-133.088379,50.163574,73.498535,12.194824,249.732007,230.60132,165.133914,-142.197905,15.2921792,-102.622191,23.1848438,23.2002274,,,,,
3.68495584,cycle1_default_to_reload,Reload,98,0,48.14209,39.924316,-133.000488,50.053711,73.146973,12.172852,250.077456,230.651624,165.40247,-142.313903,15.4056099,-102.266455,16.1194174,17.5490781,,,,,
3.71003985,cycle1_default_to_reload,Reload,99,0,47.988281,40.078125,-132.890625,49.87793,72.641602,12.150879,250.613842,230.577022,165.74512,-142.499511,15.5778934,-101.747015,23.4555184,25.5480209,,,,,
3.73514104,cycle1_default_to_reload,Reload,100,0,47.878418,40.166016,-132.802734,49.746094,72.312012,12.128906,251.003084,230.53678,165.942406,-142.616998,15.6717393,-101.40912,15.634499,17.4587658,,,,,
3.76024175,cycle1_default_to_reload,Reload,101,0,47.746582,40.319824,-132.714844,49.54834,71.806641,12.128906,251.361634,230.523932,166.252869,-142.797454,15.7951689,-100.857338,23.3416299,18.9021927,,,,,
3.7853508,cycle1_default_to_reload,Reload,102,0,47.636719,40.407715,-132.60498,49.438477,71.455078,12.106934,251.824408,230.513197,166.468745,-142.913833,15.9275,-100.511828,16.3245945,20.3417357,,,,,
3.81042624,cycle1_default_to_reload,Reload,103,0,47.548828,40.517578,-132.539062,49.328613,71.125488,12.084961,252.119406,230.503559,166.732749,-143.027025,16.0145355,-100.176679,15.2025957,15.7922757,,,,,
3.83730602,cycle1_default_to_reload,Reload,104,0,47.373047,40.715332,-132.385254,49.086914,70.444336,12.084961,252.698907,230.545364,167.180897,-143.238832,16.2108589,-99.4560051,29.1999282,27.2978787,,,,,
3.86612058,cycle1_default_to_reload,Reload,105,0,47.219238,40.869141,-132.253418,48.911133,69.938965,12.019043,253.272331,230.518534,167.581401,-143.410455,16.3208351,-98.9664224,20.6875765,24.2917371,,,,,
3.89122653,cycle1_default_to_reload,Reload,106,0,47.109375,40.957031,-132.1875,48.779297,69.609375,12.019043,253.600376,230.415542,167.752152,-143.531299,16.4151497,-98.6158937,15.4342657,15.2910657,,,,,
3.91845322,cycle1_default_to_reload,Reload,107,0,46.977539,41.11084,-132.055664,48.581543,69.104004,11.99707,254.0476,230.507023,168.159,-143.660954,16.514148,-98.0958013,21.8345066,22.4587313,,,,,
3.94353724,cycle1_default_to_reload,Reload,108,0,46.867676,41.19873,-131.989746,48.47168,68.774414,11.99707,254.406035,230.377726,168.333147,-143.785347,16.63279,-97.7550216,15.1721065,16.7019403,,,,,
3.96861959,cycle1_default_to_reload,Reload,109,0,46.73584,41.352539,-131.85791,48.317871,68.269043,11.975098,254.915843,230.417895,168.746099,-143.923367,16.7820354,-97.2536989,23.1773332,26.2057841,,,,,
3.99369907,cycle1_default_to_reload,Reload,110,0,46.647949,41.44043,-131.791992,48.14209,67.91748,11.953125,255.072933,230.45676,168.90082,-144.053054,16.7581747,-96.8627651,16.6693507,8.92717759,,,,,
4.01878643,cycle1_default_to_reload,Reload,111,0,46.538086,41.550293,-131.704102,48.054199,67.565918,11.931152,255.519782,230.373743,169.198108,-144.16179,16.897847,-96.5308083,16.1260068,21.6479236,,,,,
4.04485226,cycle1_default_to_reload,Reload,112,0,46.384277,41.704102,-131.594238,47.878418,67.038574,11.931152,256.01549,230.280273,169.556283,-144.326399,17.0557084,-95.9881855,23.2848624,23.7349096,,,,,
4.06994605,cycle1_default_to_reload,Reload,113,0,46.252441,41.835938,-131.484375,47.702637,66.533203,11.90918,256.413593,230.266246,169.839757,-144.500673,17.1414037,-95.464279,23.0173384,19.4836036,,,,,
4.09832692,cycle1_default_to_reload,Reload,114,0,46.098633,41.989746,-131.352539,47.504883,66.005859,11.887207,256.922832,230.248144,170.246066,-144.641871,17.2466723,-94.9336717,21.7881028,22.9633517,,,,,
4.12340784,cycle1_default_to_reload,Reload,115,0,46.010742,42.099609,-131.264648,47.351074,65.67627,11.865234,257.183569,230.328962,170.575672,-144.701336,17.2586836,-94.6010898,15.962749,17.0634098,,,,,
4.14848733,cycle1_default_to_reload,Reload,116,0,45.922852,42.1875,-131.19873,47.263184,65.324707,11.865234,257.464563,230.267243,170.741309,-144.834624,17.3639241,-94.2373537,15.5001657,13.2366305,,,,,
4.1745317,cycle1_default_to_reload,Reload,117,0,45.703125,42.385254,-131.044922,47.021484,64.643555,11.821289,258.177724,230.08507,171.242662,-145.0474,17.5054641,-93.5666868,30.6053004,34.1949037,,,,,
4.19963169,cycle1_default_to_reload,Reload,118,0,45.615234,42.495117,-130.957031,46.889648,64.291992,11.799316,258.456822,230.138885,171.556226,-145.128169,17.5412125,-93.2172827,16.3773477,16.8613037,,,,,
4.22473884,cycle1_default_to_reload,Reload,119,0,45.527344,42.583008,-130.891113,46.779785,63.94043,11.777344,258.698742,230.09773,171.727491,-145.26388,17.5843223,-92.8557387,15.728446,11.9189217,,,,,
4.24984145,cycle1_default_to_reload,Reload,120,0,45.41748,42.692871,-130.803223,46.647949,63.588867,11.777344,259.063373,230.05029,172.044403,-145.335945,17.6720847,-92.5077694,16.5617242,19.3377174,,,,,
4.2749126,cycle1_default_to_reload,Reload,121,0,45.241699,42.890625,-130.649414,46.384277,62.907715,11.733398,259.553257,230.079436,172.560968,-145.522118,17.709169,-91.821371,31.635924,28.4196489,,,,,
4.30001593,cycle1_default_to_reload,Reload,122,0,45.131836,42.978516,-130.561523,46.274414,62.556152,11.733398,259.932103,229.98995,172.781102,-145.622038,17.8113329,-91.472102,16.0920008,17.8145284,,,,,
4.32509089,cycle1_default_to_reload,Reload,123,0,44.978027,43.132324,-130.45166,46.098633,62.006836,11.711426,260.387174,229.877062,173.150631,-145.795481,17.9070638,-90.9224886,24.985453,23.8078063,,,,,
4.35020328,cycle1_default_to_reload,Reload,124,0,44.890137,43.242188,-130.385742,45.966797,61.655273,11.689453,260.601713,229.868639,173.433124,-145.894244,17.9195903,-90.5683473,16.2047426,14.1294491,,,,,
4.3752923,cycle1_default_to_reload,Reload,125,0,44.758301,43.374023,-130.253906,45.791016,61.12793,11.689453,261.013313,229.89002,173.772125,-146.027832,18.0052322,-90.0332328,23.9523931,21.2706738,,,,,
4.40037036,cycle1_default_to_reload,Reload,126,0,44.648438,43.483887,-130.187988,45.65918,60.754395,11.66748,261.301122,229.779986,174.036077,-146.148115,18.0440686,-89.660996,17.1917084,16.1784449,,,,,
4.42545605,cycle1_default_to_reload,Reload,127,0,44.538574,43.571777,-130.100098,45.527344,60.402832,11.66748,261.638113,229.706545,174.265313,-146.236811,18.1066668,-89.3093599,16.3632535,16.5087239,,,,,
4.45055318,cycle1_default_to_reload,Reload,128,0,44.384766,43.725586,-129.990234,45.32959,59.875488,11.623535,262.057382,229.605279,174.670316,-146.389892,18.1289251,-88.7945955,24.5141431,23.575041,,,,,
4.47565866,cycle1_default_to_reload,Reload,129,0,44.296875,43.813477,-129.902344,45.219727,59.501953,11.601562,262.325175,229.608445,174.881931,-146.506792,18.1624766,-88.4229176,16.6750534,13.5956967,,,,,
4.50075507,cycle1_default_to_reload,Reload,130,0,44.143066,43.967285,-129.79248,45.021973,58.974609,11.601562,262.73903,229.502805,175.292509,-146.632332,18.2324987,-87.895855,24.4522249,23.6073965,,,,,
4.5258584,cycle1_default_to_reload,Reload,131,0,44.055176,44.055176,-129.70459,44.912109,58.601074,11.601562,263.003259,229.503523,175.508198,-146.734806,18.2889623,-87.5182588,16.6534939,13.587241,,,,,
4.55094838,cycle1_default_to_reload,Reload,132,0,43.901367,44.208984,-129.594727,44.736328,58.07373,11.557617,263.445488,229.371708,175.925049,-146.886291,18.3288433,-87.0140505,24.2538094,24.7851059,,,,,
4.57604885,cycle1_default_to_reload,Reload,133,0,43.813477,44.318848,-129.506836,44.626465,57.722168,11.535645,263.733071,229.382825,176.269816,-146.955647,18.3614087,-86.6842789,16.1175909,17.8921187,,,,,
4.60164595,cycle1_default_to_reload,Reload,134,0,43.659668,44.472656,-129.396973,44.406738,57.172852,11.535645,264.090161,229.290888,176.668888,-147.08795,18.3900502,-86.1302423,24.9970985,21.2268189,,,,,
4.62675214,cycle1_default_to_reload,Reload,135,0,43.505859,44.604492,-129.243164,44.25293,56.645508,11.491699,264.654206,229.222204,177.084276,-147.214336,18.4585796,-85.6466016,24.1748747,28.0351185,,,,,
4.65212297,cycle1_default_to_reload,Reload,136,0,43.352051,44.758301,-129.155273,44.077148,56.118164,11.491699,265.028837,229.027399,177.467301,-147.359843,18.5315812,-85.121803,23.7812003,22.4703736,,,,,
4.67722487,cycle1_default_to_reload,Reload,137,0,43.26416,44.846191,-129.067383,43.945312,55.766602,11.469727,265.260396,229.039035,177.716401,-147.444877,18.5167156,-84.7799131,16.1641351,13.5568718,,,,,
4.70242977,cycle1_default_to_reload,Reload,138,0,43.110352,45,-128.95752,43.747559,55.239258,11.447754,265.651595,228.913307,178.14978,-147.569907,18.5343777,-84.272289,24.3625665,23.694253,,,,,
4.7275188,cycle1_default_to_reload,Reload,139,0,43.022461,45.087891,-128.869629,43.615723,54.909668,11.425781,265.892514,228.919939,178.423873,-147.635803,18.5147914,-83.9603118,15.4198482,14.5475153,,,,,
4.75409675,cycle1_default_to_reload,Reload,140,0,42.868652,45.263672,-128.759766,43.439941,54.382324,11.425781,266.326709,228.781587,178.967364,-147.7264,18.5920644,-83.4647471,23.0595686,26.6860069,,,,,
4.78241873,cycle1_default_to_reload,Reload,141,0,42.736816,45.395508,-128.649902,43.26416,53.85498,11.381836,266.641182,228.715881,179.306247,-147.883649,18.5669455,-82.9540275,21.1187514,16.4875763,,,,,
4.80751324,cycle1_default_to_reload,Reload,142,0,42.626953,45.505371,-128.562012,43.17627,53.503418,11.381836,267.033841,228.588888,179.671316,-147.94129,18.6673819,-82.6374883,16.0976056,21.9564016,,,,,
4.83259559,cycle1_default_to_reload,Reload,143,0,42.51709,45.593262,-128.496094,43.022461,53.173828,11.381836,267.26577,228.454751,179.903268,-148.017265,18.6591879,-82.3134536,15.7683835,14.1286466,,,,,
4.85769773,cycle1_default_to_reload,Reload,144,0,42.429199,45.703125,-128.408203,42.912598,52.822266,11.359863,267.534148,228.447686,180.269969,-148.076339,18.6691858,-81.9946071,16.1165193,18.1049722,,,,,
4.8827939,cycle1_default_to_reload,Reload,145,0,42.275391,45.834961,-128.29834,42.714844,52.316895,11.315918,267.906342,228.289223,180.637318,-148.21209,18.632659,-81.5200618,23.5583062,21.7733707,,,,,
4.90789461,cycle1_default_to_reload,Reload,146,0,42.1875,45.944824,-128.188477,42.626953,51.987305,11.337891,268.275344,228.308199,181.078628,-148.209196,18.7310196,-81.2329085,15.3628621,22.9303158,,,,,
4.93299031,cycle1_default_to_reload,Reload,147,0,41.989746,46.142578,-128.056641,42.363281,51.28418,11.271973,268.693417,228.104246,181.619524,-148.403626,18.6584784,-80.5714178,32.4664369,28.4274689,,,,,
4.95809102,cycle1_default_to_reload,Reload,148,0,41.879883,46.252441,-127.990723,42.231445,50.95459,11.271973,268.964302,227.952681,181.964725,-148.455863,18.6790939,-80.2691116,15.6592724,18.4949167,,,,,
4.98317504,cycle1_default_to_reload,Reload,149,0,41.748047,46.40625,-127.836914,42.055664,50.449219,11.25,269.399893,227.979978,182.546329,-148.501785,18.6800551,-79.8286641,23.63476,28.9886069,,,,,
5.00828505,cycle1_default_to_reload,Reload,150,0,41.638184,46.494141,-127.770996,41.923828,50.119629,11.228027,269.653842,227.812167,182.789951,-148.588747,18.663116,-79.5228623,15.4565742,15.5266781,,,,,
5.03337646,cycle1_default_to_reload,Reload,151,0,41.550293,46.604004,-127.683105,41.835938,49.768066,11.228027,269.943885,227.772536,183.171886,-148.635039,18.7180627,-79.2073697,15.8838536,19.1785433,,,,,
5.06133676,cycle1_default_to_reload,Reload,152,0,41.352539,46.801758,-127.529297,41.572266,49.086914,11.184082,270.414564,227.597639,183.798442,-148.769849,18.6611114,-78.5906382,28.5514067,28.7168747,,,,,
5.08643317,cycle1_default_to_reload,Reload,153,0,41.286621,46.845703,-127.485352,41.506348,48.933105,11.184082,270.61832,227.483123,183.957437,-148.788419,18.6818798,-78.4598977,7.58231722,11.2638949,,,,,
5.11150575,cycle1_default_to_reload,Reload,154,0,41.088867,47.043457,-127.331543,41.264648,48.251953,11.140137,271.116196,227.281017,184.592005,-148.924584,18.6492716,-77.8501826,31.56121,33.1639835,,,,,
5.13659501,cycle1_default_to_reload,Reload,155,0,41.000977,47.15332,-127.265625,41.154785,47.900391,11.140137,271.307106,227.20206,184.929444,-148.988584,18.6593656,-77.5230266,15.9333776,15.7700741,,,,,
5.16169429,cycle1_default_to_reload,Reload,156,0,40.913086,47.241211,-127.199707,41.000977,47.570801,11.140137,271.429867,227.145435,185.178601,-149.053119,18.5999668,-77.2065567,15.537341,11.2939664,,,,,
5.18678927,cycle1_default_to_reload,Reload,157,0,40.803223,47.351074,-127.089844,40.935059,47.241211,11.118164,271.902521,227.019815,185.644483,-149.073758,18.6836763,-76.9551514,15.4161653,26.9156226,,,,,
5.21234703,cycle1_default_to_reload,Reload,158,0,40.627441,47.548828,-126.936035,40.671387,46.560059,11.096191,272.2658,226.924851,186.288642,-149.186822,18.6048167,-76.3373635,30.9978466,29.1734488,,,,,
5.24251294,cycle1_default_to_reload,Reload,159,0,40.473633,47.702637,-126.826172,40.473633,46.054688,11.052246,272.613981,226.734525,186.793182,-149.284425,18.5372617,-75.8993824,19.7742372,21.2784258,,,,,
5.26760888,cycle1_default_to_reload,Reload,160,0,40.385742,47.790527,-126.738281,40.385742,45.725098,11.030273,272.889412,226.664143,187.106967,-149.343887,18.5428388,-75.6146382,14.9100266,16.8717005,,,,,
5.29270554,cycle1_default_to_reload,Reload,161,0,40.275879,47.900391,-126.672363,40.231934,45.395508,11.030273,273.103203,226.502857,187.467627,-149.386236,18.510585,-75.3251421,15.9767657,17.8994354,,,,,
5.32106781,cycle1_default_to_reload,Reload,162,0,40.078125,48.098145,-126.518555,40.012207,44.692383,11.008301,273.591434,226.251678,188.109507,-149.521207,18.5096108,-74.6993035,28.3168381,29.7815301,,,,,
5.34617281,cycle1_default_to_reload,Reload,163,0,39.990234,48.186035,-126.408691,39.880371,44.362793,10.986328,273.852146,226.25952,188.474069,-149.548893,18.4529089,-74.4285801,15.6321256,17.8554317,,,,,
5.37127233,cycle1_default_to_reload,Reload,164,0,39.880371,48.295898,-126.342773,39.748535,43.989258,10.964355,274.064246,226.077932,188.801988,-149.635314,18.418261,-74.0949231,17.177001,17.1591836,,,,,
5.39639282,cycle1_default_to_reload,Reload,165,0,39.748535,48.449707,-126.210938,39.594727,43.483887,10.964355,274.43604,225.986989,189.377153,-149.685184,18.4303981,-73.663077,23.1255824,27.5026778,,,,,
5.42146778,cycle1_default_to_reload,Reload,166,0,39.638672,48.537598,-126.166992,39.462891,43.132324,10.942383,274.58885,225.740259,189.569561,-149.802691,18.3830889,-73.3307926,16.1102107,13.88659,,,,,
5.44908142,cycle1_default_to_reload,Reload,167,0,39.440918,48.735352,-125.991211,39.221191,42.451172,10.92041,275.098121,225.530752,190.295345,-149.890239,18.3402233,-72.7571192,28.7891404,32.9927396,,,,,
5.47421145,cycle1_default_to_reload,Reload,168,0,39.353027,48.845215,-125.925293,39.111328,42.099609,10.92041,275.264067,225.425622,190.652158,-149.947288,18.3290707,-72.4435948,15.9075719,16.2083151,,,,,
5.49932933,cycle1_default_to_reload,Reload,169,0,39.243164,48.933105,-125.81543,39.001465,41.748047,10.898438,275.620473,225.29962,191.010039,-149.994507,18.3231952,-72.1596175,16.3188079,20.7246171,,,,,
5.52437854,cycle1_default_to_reload,Reload,170,0,39.111328,49.064941,-125.705566,38.825684,41.242676,10.854492,275.875011,225.152075,191.434382,-150.107252,18.2269907,-71.7189456,23.1083169,20.6137548,,,,,
5.54946399,cycle1_default_to_reload,Reload,171,0,39.001465,49.174805,-125.617676,38.693848,40.869141,10.854492,276.131433,225.002095,191.825117,-150.155744,18.2136005,-71.4009896,17.3200414,19.5665638,,,,,
5.57456112,cycle1_default_to_reload,Reload,172,0,38.869629,49.328613,-125.507812,38.540039,40.36377,10.854492,276.425987,224.84121,192.363092,-150.224948,18.2051255,-70.9651699,22.9642732,25.2652328,,,,,
5.5996573,cycle1_default_to_reload,Reload,173,0,38.759766,49.416504,-125.419922,38.38623,40.012207,10.810547,276.649123,224.69086,192.665887,-150.299937,18.0975602,-70.6761326,16.7500435,16.1405832,,,,,
5.62475348,cycle1_default_to_reload,Reload,174,0,38.671875,49.526367,-125.332031,38.276367,39.660645,10.810547,276.863508,224.621275,193.083874,-150.331226,18.0825777,-70.3836074,16.0965524,18.9226368,,,,,
5.65092111,cycle1_default_to_reload,Reload,175,0,38.474121,49.724121,-125.200195,38.012695,38.95752,10.766602,277.177354,224.299374,193.700823,-150.483427,17.9467994,-69.7749797,31.0798188,29.1726165,,,,,
5.67812562,cycle1_default_to_reload,Reload,176,0,38.320312,49.87793,-125.068359,37.858887,38.430176,10.766602,277.58913,224.067603,194.282298,-150.545305,17.9620242,-69.3397141,22.2516741,27.5417043,,,,,
5.70323396,cycle1_default_to_reload,Reload,177,0,38.210449,49.96582,-124.980469,37.770996,38.056641,10.744629,277.889699,223.861995,194.584923,-150.62912,17.9699155,-69.0207358,16.6731449,18.8581446,,,,,
5.72834539,cycle1_default_to_reload,Reload,178,0,38.122559,50.075684,-124.914551,37.617188,37.705078,10.722656,277.969143,223.766711,194.945593,-150.688817,17.8531215,-68.7240742,16.5095903,15.1886524,,,,,
5.75342369,cycle1_default_to_reload,Reload,179,0,37.96875,50.20752,-124.782715,37.463379,37.177734,10.722656,278.362489,223.517156,195.427054,-150.772368,17.858535,-68.2771839,23.9306376,26.7134794,,,,,
5.77850127,cycle1_default_to_reload,Reload,180,0,37.880859,50.317383,-124.716797,37.331543,36.804199,10.700684,278.455635,223.404473,195.775808,-150.847955,17.769483,-67.9541258,16.9898948,15.0794998,,,,,
5.80361247,cycle1_default_to_reload,Reload,181,0,37.770996,50.405273,-124.628906,37.243652,36.452637,10.678711,278.765604,223.188595,196.102577,-150.915249,17.7735992,-67.666795,15.8954043,19.8899793,,,,,
5.82871222,cycle1_default_to_reload,Reload,182,0,37.63916,50.559082,-124.519043,37.023926,35.90332,10.656738,278.898971,223.045754,196.607447,-151.013842,17.6192568,-67.1962846,25.3114193,21.5688505,,,,,
5.85381055,cycle1_default_to_reload,Reload,183,0,37.529297,50.668945,-124.431152,36.914062,35.551758,10.634766,279.181599,222.847795,197.038115,-151.055801,17.5925618,-66.9274812,16.3315387,21.9876035,,,,,
5.87891006,cycle1_default_to_reload,Reload,184,0,37.375488,50.822754,-124.321289,36.738281,35.024414,10.634766,279.478534,222.558465,197.57497,-151.135565,17.5568054,-66.4880956,24.181303,27.0245877,,,,,
5.90667248,cycle1_default_to_reload,Reload,185,0,37.199707,50.998535,-124.16748,36.496582,34.321289,10.612793,279.751025,222.319115,198.168732,-151.269449,17.4238712,-65.8865419,28.7875844,25.0615012,,,,,
5.93177223,cycle1_default_to_reload,Reload,186,0,37.133789,51.064453,-124.123535,36.430664,34.145508,10.612793,279.919676,222.172962,198.436562,-151.274649,17.4230326,-65.7626199,8.53246284,13.8894097,,,,,
5.95712447,cycle1_default_to_reload,Reload,187,0,36.958008,51.262207,-123.947754,36.188965,33.442383,10.568848,280.254305,221.976301,199.196836,-151.37197,17.2633129,-65.2052929,31.9386111,33.6704663,,,,,
5.98221993,cycle1_default_to_reload,Reload,188,0,36.870117,51.350098,-123.859863,36.079102,33.09082,10.546875,280.431631,221.864607,199.528132,-151.432301,17.1961959,-64.9190831,15.9054151,15.6210239,,,,,
6.00733638,cycle1_default_to_reload,Reload,189,0,36.760254,51.459961,-123.793945,35.969238,32.739258,10.546875,280.642184,221.605795,199.910622,-151.485834,17.1861945,-64.6336262,16.1310806,20.2081701,,,,,
6.03242302,cycle1_default_to_reload,Reload,190,0,36.672363,51.547852,-123.706055,35.859375,32.387695,10.50293,280.816683,221.490456,200.243825,-151.555427,17.0888154,-64.3556602,15.9831561,15.6823125,,,,,
6.05926919,cycle1_default_to_reload,Reload,191,0,36.474609,51.745605,-123.552246,35.617676,31.706543,10.480957,281.179384,221.119462,200.974602,-151.653529,16.9758967,-63.8185039,29.4419855,33.3838269,,,,,
6.08737707,cycle1_default_to_reload,Reload,192,0,36.320801,51.899414,-123.398438,35.419922,31.179199,10.458984,281.537623,220.899336,201.632372,-151.695005,16.8696717,-63.435108,22.1795346,27.7742034,,,,,
6.11246753,cycle1_default_to_reload,Reload,193,0,36.23291,52.009277,-123.354492,35.310059,30.849609,10.458984,281.612271,220.691153,201.980049,-151.753572,16.8237305,-63.1588301,15.0412932,16.4229038,,,,,
6.13829136,cycle1_default_to_reload,Reload,194,0,36.079102,52.141113,-123.222656,35.134277,30.344238,10.437012,281.947408,220.39726,202.501614,-151.826759,16.7420339,-62.7715206,22.7517547,26.5681109,,,,,
6.16336608,cycle1_default_to_reload,Reload,195,0,35.991211,52.250977,-123.134766,35.002441,29.992676,10.415039,282.087341,220.287123,202.940555,-151.863113,16.6373786,-62.511471,16.3938222,18.8910717,,,,,
6.18858171,cycle1_default_to_reload,Reload,196,0,35.837402,52.404785,-123.024902,34.82666,29.487305,10.393066,282.365681,219.948041,203.514154,-151.93622,16.5523849,-62.12732,23.3330949,28.6380137,,,,,
6.21369648,cycle1_default_to_reload,Reload,197,0,35.749512,52.492676,-122.937012,34.716797,29.157715,10.393066,282.544728,219.811676,203.872811,-151.97228,16.5049858,-61.8722848,15.102931,16.859592,,,,,
6.23878384,cycle1_default_to_reload,Reload,198,0,35.595703,52.646484,-122.849121,34.562988,28.630371,10.349121,282.773214,219.412754,204.381094,-152.090319,16.4158926,-61.4492835,23.8738406,27.3182836,,,,,
6.26388717,cycle1_default_to_reload,Reload,199,0,35.507812,52.734375,-122.739258,34.40918,28.300781,10.349121,282.942387,219.338542,204.784665,-152.104026,16.3053921,-61.2178084,15.9244778,17.6806429,,,,,
6.28898931,cycle1_default_to_reload,Reload,200,0,35.354004,52.888184,-122.629395,34.233398,27.79541,10.305176,283.209827,218.984449,205.362945,-152.186214,16.1857417,-60.8462741,23.4875708,29.0378755,,,,,
6.31408978,cycle1_default_to_reload,Reload,201,0,35.244141,52.976074,-122.541504,34.145508,27.443848,10.305176,283.481572,218.720588,205.715556,-152.238475,16.1939179,-60.5708515,15.8780764,20.6170023,,,,,
6.33919168,cycle1_default_to_reload,Reload,202,0,35.15625,53.085938,-122.475586,33.991699,27.114258,10.305176,283.533681,218.558536,206.11155,-152.274936,16.0783913,-60.3247621,15.7561136,17.171226,,,,,
6.3642962,cycle1_default_to_reload,Reload,203,0,35.024414,53.217773,-122.321777,33.837891,26.608887,10.283203,283.855711,218.370485,206.710725,-152.322988,15.9870683,-59.9599937,23.1568443,28.1123233,,,,,
6.38938737,cycle1_default_to_reload,Reload,204,0,34.914551,53.327637,-122.255859,33.706055,26.279297,10.283203,284.021258,218.08275,207.115548,-152.362575,15.9311822,-59.7205564,15.6652354,20.8649349,,,,,
6.41509604,cycle1_default_to_reload,Reload,205,0,34.73877,53.525391,-122.124023,33.486328,25.598145,10.239258,284.221628,217.694528,207.819049,-152.488296,15.7596944,-59.192037,30.1690587,32.2115888,,,,,
6.44020939,cycle1_default_to_reload,Reload,206,0,34.694824,53.569336,-122.058105,33.398438,25.422363,10.217285,284.305257,217.674548,208.039973,-152.501032,15.6563602,-59.0832532,8.66147778,9.43985759,,,,,
6.46529245,cycle1_default_to_reload,Reload,207,0,34.49707,53.76709,-121.904297,33.156738,24.763184,10.195312,284.62753,217.217118,208.813165,-152.586742,15.5120462,-58.6084689,30.7597831,38.0505864,,,,,
6.49036169,cycle1_default_to_reload,Reload,208,0,34.453125,53.811035,-121.860352,33.112793,24.587402,10.195312,284.715385,217.131287,208.992915,-152.61131,15.497861,-58.4705377,7.83948093,8.68417074,,,,,
6.51613498,cycle1_default_to_reload,Reload,209,0,34.255371,54.008789,-121.706543,32.849121,23.90625,10.17334,284.979289,216.676273,209.743132,-152.711286,15.3162444,-57.9734663,30.9389494,35.5502373,,,,,
6.54124761,cycle1_default_to_reload,Reload,210,0,34.211426,54.052734,-121.662598,32.805176,23.752441,10.151367,285.083846,216.585638,209.940381,-152.731679,15.2747197,-57.8718957,7.10824774,9.59454258,,,,,
6.56633162,cycle1_default_to_reload,Reload,211,0,34.013672,54.250488,-121.508789,32.541504,23.071289,10.129395,285.340751,216.119713,210.692515,-152.832398,15.0897296,-57.3788646,31.7891016,36.7285251,,,,,
6.59145427,cycle1_default_to_reload,Reload,212,0,33.969727,54.316406,-121.464844,32.519531,22.895508,10.129395,285.464028,216.023297,210.989579,-152.834624,15.1068458,-57.2587617,7.91996917,13.3651561,,,,,
6.61664367,cycle1_default_to_reload,Reload,213,0,33.771973,54.51416,-121.311035,32.277832,22.192383,10.107422,285.727636,215.539206,211.736836,-152.947671,14.9476446,-56.7377864,32.1332537,36.8631841,,,,,
6.64540625,cycle1_default_to_reload,Reload,214,0,33.640137,54.645996,-121.179199,32.102051,21.687012,10.085449,285.92743,215.275375,212.282208,-153.019771,14.8071729,-56.3738983,20.2405923,22.1791931,,,,,
6.67051601,cycle1_default_to_reload,Reload,215,0,33.530273,54.733887,-121.091309,31.970215,21.335449,10.085449,286.107218,214.994873,212.629182,-153.074469,14.7392057,-56.1172541,16.3475697,19.1573236,,,,,
6.69560742,cycle1_default_to_reload,Reload,216,0,33.442383,54.84375,-121.025391,31.838379,21.005859,10.063477,286.16711,214.783199,213.039119,-153.122426,14.6143556,-55.8903574,15.4680186,18.5415009,,,,,
6.72070932,cycle1_default_to_reload,Reload,217,0,33.33252,54.931641,-120.959473,31.728516,20.654297,10.041504,286.316242,214.449326,213.336711,-153.20544,14.5466545,-55.6190219,15.9494047,18.7817836,,,,,
6.74579954,cycle1_default_to_reload,Reload,218,0,33.134766,55.129395,-120.783691,31.486816,19.951172,9.997559,286.621245,213.976865,214.149688,-153.307328,14.3514875,-55.1337829,32.4735455,39.3987332,,,,,
6.77484417,cycle1_default_to_reload,Reload,219,0,33.00293,55.283203,-120.651855,31.311035,19.423828,9.975586,286.793952,213.697611,214.789843,-153.37233,14.2034946,-54.7678749,20.8830655,24.7705125,,,,,
6.79994655,cycle1_default_to_reload,Reload,220,0,32.915039,55.371094,-120.585938,31.179199,19.072266,9.953613,286.822027,213.473027,215.079086,-153.454443,14.0717917,-54.4964071,15.9970729,14.6309056,,,,,
6.82504964,cycle1_default_to_reload,Reload,221,0,32.805176,55.480957,-120.476074,31.091309,18.742676,9.953613,287.140061,213.198647,215.632647,-153.453018,14.0666352,-54.307088,15.5596177,27.6810758,,,,,
6.85017347,cycle1_default_to_reload,Reload,222,0,32.695312,55.568848,-120.410156,30.959473,18.391113,9.931641,287.247071,212.859765,215.922561,-153.538142,13.9637726,-54.0434844,16.1973676,18.2548294,,,,,
6.87559938,cycle1_default_to_reload,Reload,223,0,32.519531,55.766602,-120.256348,30.739746,17.687988,9.909668,287.423076,212.421629,216.69169,-153.649858,13.7900327,-53.5313825,31.385455,35.4951488,,,,,
6.90070653,cycle1_default_to_reload,Reload,224,0,32.409668,55.854492,-120.168457,30.585938,17.336426,9.909668,287.553969,212.122544,217.03216,-153.708969,13.6841109,-53.2872175,16.6509385,18.7876584,,,,,
6.92580104,cycle1_default_to_reload,Reload,225,0,32.299805,55.964355,-120.080566,30.476074,16.984863,9.887695,287.75191,211.808185,217.501129,-153.751479,13.6120372,-53.0628757,16.3340576,23.8409161,,,,,
6.95276475,cycle1_default_to_reload,Reload,226,0,32.124023,56.162109,-119.926758,30.212402,16.281738,9.887695,287.851972,211.367523,218.25056,-153.861454,13.4003874,-52.5578894,30.0740222,32.4556126,,,,,
6.97787976,cycle1_default_to_reload,Reload,227,0,32.01416,56.25,-119.86084,30.102539,15.930176,9.84375,287.980844,211.006093,218.553645,-153.953002,13.29636,-52.3012552,16.0129363,19.4695715,,,,,
7.00306988,cycle1_default_to_reload,Reload,228,0,31.882324,56.403809,-119.729004,29.926758,15.380859,9.821777,288.108772,210.690164,219.185493,-154.03337,13.135557,-51.9192412,24.8406667,28.5000574,,,,,
7.02817273,cycle1_default_to_reload,Reload,229,0,31.772461,56.491699,-119.641113,29.816895,15.029297,9.799805,288.294323,210.361171,219.550886,-154.097047,13.0598547,-51.6782444,16.1160493,20.9349261,,,,,
7.0537169,cycle1_default_to_reload,Reload,230,0,31.618652,56.645508,-119.53125,29.641113,14.47998,9.777832,288.436578,209.888786,220.123036,-154.200819,12.9265373,-51.2845113,24.5265643,29.5751536,,,,,
7.07880855,cycle1_default_to_reload,Reload,231,0,31.530762,56.733398,-119.443359,29.487305,14.128418,9.777832,288.474222,209.677859,220.465064,-154.260221,12.7864786,-51.0408856,16.4528012,16.08493,,,,,
7.10392141,cycle1_default_to_reload,Reload,232,0,31.442871,56.843262,-119.377441,29.377441,13.754883,9.777832,288.49687,209.418321,220.860879,-154.326032,12.7054273,-50.7602852,16.6931111,18.8691503,,,,,
7.13249993,cycle1_default_to_reload,Reload,233,0,31.245117,57.041016,-119.20166,29.135742,13.07373,9.755859,288.763693,208.854942,221.70347,-154.416365,12.5205388,-50.3265482,27.8171687,36.6749974,,,,,
7.15759325,cycle1_default_to_reload,Reload,234,0,31.201172,57.084961,-119.179688,29.091797,12.875977,9.733887,288.747093,208.700999,221.817089,-154.481054,12.4640118,-50.1555493,8.53461492,7.65346863,,,,,
7.18267131,cycle1_default_to_reload,Reload,235,0,31.003418,57.282715,-119.003906,28.850098,12.172852,9.689941,288.986566,208.128113,222.646286,-154.591641,12.244763,-49.7023405,32.4892809,41.3074782,,,,,
7.20776701,cycle1_default_to_reload,Reload,236,0,30.959473,57.32666,-118.959961,28.762207,11.99707,9.689941,288.985614,208.017735,222.811113,-154.624167,12.1580207,-49.5851372,8.39804792,7.90469665,,,,,
7.23284864,cycle1_default_to_reload,Reload,237,0,30.761719,57.524414,-118.806152,28.520508,11.293945,9.689941,289.15737,207.396727,223.579248,-154.74137,11.9951636,-49.101473,32.2594235,39.9729863,,,,,
7.25795054,cycle1_default_to_reload,Reload,238,0,30.651855,57.612305,-118.718262,28.410645,10.942383,9.645996,289.325626,207.042176,223.948721,-154.814402,11.8850759,-48.8739469,16.1878282,21.4726977,,,,,
7.28305697,cycle1_default_to_reload,Reload,239,0,30.52002,57.766113,-118.586426,28.212891,10.437012,9.624023,289.431447,206.679703,224.602915,-154.880514,11.6893677,-48.5697487,23.6784276,30.0859537,,,,,
7.30815458,cycle1_default_to_reload,Reload,240,0,30.432129,57.854004,-118.520508,28.081055,10.063477,9.602051,289.404958,206.401269,224.882655,-154.978684,11.5437385,-48.2851225,16.7719385,15.761569,,,,,
7.33326244,cycle1_default_to_reload,Reload,241,0,30.27832,58.007812,-118.410645,27.927246,9.558105,9.602051,289.58659,205.874242,225.502402,-155.053514,11.467922,-47.9520069,23.1703425,33.1994376,,,,,
7.35837889,cycle1_default_to_reload,Reload,242,0,30.19043,58.117676,-118.322754,27.817383,9.206543,9.580078,289.669918,205.62064,225.97829,-155.098609,11.3550603,-47.7367366,16.1073423,21.7245395,,,,,
7.38346457,cycle1_default_to_reload,Reload,243,0,30.036621,58.249512,-118.212891,27.619629,8.701172,9.558105,289.782502,205.093859,226.4655,-155.208453,11.1872717,-47.4000085,23.51929,28.9537456,,,,,
7.40856123,cycle1_default_to_reload,Reload,244,0,29.94873,58.359375,-118.103027,27.487793,8.349609,9.558105,289.891681,204.873517,226.989994,-155.232506,11.0720085,-47.2072529,16.5656661,23.0819226,,,,,
7.43364382,cycle1_default_to_reload,Reload,245,0,29.794922,58.491211,-117.993164,27.312012,7.844238,9.51416,290.030139,204.334081,227.491683,-155.346487,10.9045022,-46.8739457,23.2926897,29.8840365,,,,,
7.4587481,cycle1_default_to_reload,Reload,246,0,29.707031,58.601074,-117.905273,27.180176,7.492676,9.51416,290.075337,204.072793,227.953668,-155.390711,10.7887113,-46.6609225,16.3511043,21.2185588,,,,,
7.48386216,cycle1_default_to_reload,Reload,247,0,29.619141,58.688965,-117.839355,27.04834,7.141113,9.492188,290.058134,203.774292,228.248133,-155.479845,10.6438357,-46.4102373,15.9896619,16.7098939,,,,,
7.51101398,cycle1_default_to_reload,Reload,248,0,29.421387,58.886719,-117.685547,26.828613,6.481934,9.470215,290.261313,203.084849,229.062319,-155.586429,10.4797401,-46.003245,28.1730961,39.9992494,,,,,
7.53612685,cycle1_default_to_reload,Reload,249,0,29.377441,58.930664,-117.619629,26.784668,6.328125,9.470215,290.392719,202.979258,229.333014,-155.584517,10.4548105,-45.9332352,7.32042244,12.6984265,,,,,
7.56180382,cycle1_default_to_reload,Reload,250,0,29.179688,59.128418,-117.46582,26.542969,5.625,9.448242,290.516694,202.284711,230.104975,-155.71939,10.2525985,-45.4757611,31.5230833,40.7289501,,,,,
7.58690763,cycle1_default_to_reload,Reload,251,0,29.069824,59.238281,-117.399902,26.433105,5.29541,9.42627,290.62091,201.859051,230.533092,-155.77863,10.1698623,-45.280596,15.4107685,24.4043704,,,,,
7.61325741,cycle1_default_to_reload,Reload,252,0,28.937988,59.39209,-117.268066,26.235352,4.790039,9.404297,290.693003,201.438679,231.187427,-155.855179,9.967165,-44.9928579,22.5611321,29.6422109,,,,,
7.63837576,cycle1_default_to_reload,Reload,253,0,28.828125,59.47998,-117.202148,26.081543,4.438477,9.382324,290.712558,201.01404,231.465765,-155.954388,9.82061729,-44.7578624,16.5050163,20.2285562,,,,,
7.66346169,cycle1_default_to_reload,Reload,254,0,28.740234,59.567871,-117.114258,25.97168,4.108887,9.382324,290.79523,200.725797,231.852682,-156.005881,9.73666019,-44.5524106,15.1203085,19.5134434,,,,,
7.69012809,cycle1_default_to_reload,Reload,255,0,28.564453,59.765625,-116.960449,25.72998,3.449707,9.338379,290.865822,200.111984,232.651231,-156.12779,9.47866756,-44.1607913,28.7687033,37.8629538,,,,,
7.71524262,cycle1_default_to_reload,Reload,256,0,28.45459,59.875488,-116.872559,25.64209,3.098145,9.360352,291.029166,199.704202,233.145371,-156.164234,9.48030309,-43.9450034,16.1085461,26.326084,,,,,
7.74035621,cycle1_default_to_reload,Reload,257,0,28.366699,59.963379,-116.784668,25.510254,2.768555,9.316406,291.076721,199.40951,233.516189,-156.235058,9.30610361,-43.759411,15.4791319,18.9553323,,,,,
7.76543713,cycle1_default_to_reload,Reload,258,0,28.256836,60.073242,-116.696777,25.400391,2.438965,9.294434,291.227915,198.998391,234.007402,-156.279381,9.22104954,-43.5918801,15.5979915,26.2412855,,,,,
7.7905128,cycle1_default_to_reload,Reload,259,0,28.059082,60.270996,-116.564941,25.136719,1.757812,9.272461,291.250025,198.221527,234.711563,-156.435808,8.98888844,-43.1586056,31.6423776,41.8228565,,,,,
7.81559539,cycle1_default_to_reload,Reload,260,0,27.971191,60.358887,-116.477051,25.026855,1.40625,9.272461,291.300993,197.917089,235.085781,-156.501081,8.90042165,-42.9278774,15.8894157,19.3399996,,,,,
7.84070086,cycle1_default_to_reload,Reload,261,0,27.883301,60.46875,-116.38916,24.873047,1.07666,9.228516,291.311143,197.611223,235.542308,-156.561837,8.69481599,-42.7741879,16.0190299,21.8921383,,,,,
7.86579156,cycle1_default_to_reload,Reload,262,0,27.729492,60.600586,-116.279297,24.697266,0.571289,9.228516,291.405448,197.003524,236.044159,-156.673904,8.58128798,-42.4446074,23.219212,31.6354016,,,,,
7.8909049,cycle1_default_to_reload,Reload,263,0,27.619629,60.710449,-116.191406,24.587402,0.241699,9.206543,291.546422,196.577957,236.534806,-156.721168,8.49536851,-42.2806014,15.5778656,26.4646728,,,,,
7.91599584,cycle1_default_to_reload,Reload,264,0,27.531738,60.820312,-116.103516,24.455566,-0.109863,9.18457,291.559832,196.263171,236.994834,-156.782587,8.34584933,-42.0876896,16.3832187,22.2223947,,,,,
7.94110084,cycle1_default_to_reload,Reload,265,0,27.333984,61.018066,-115.949707,24.213867,-0.791016,9.18457,291.650544,195.483716,237.777777,-156.916482,8.17167227,-41.6735648,31.4718266,44.15466,,,,,
7.96620131,cycle1_default_to_reload,Reload,266,0,27.246094,61.105957,-115.861816,24.104004,-1.142578,9.162598,291.691441,195.162902,238.152303,-156.99067,8.05267777,-41.4523843,15.9021964,19.714271,,,,,
7.99129653,cycle1_default_to_reload,Reload,267,0,27.092285,61.259766,-115.773926,23.928223,-1.669922,9.140625,291.687838,194.503062,238.679833,-157.122696,7.90554078,-41.1033294,24.0583119,33.6638406,,,,,
8.01636338,cycle1_default_to_reload,Reload,268,0,27.004395,61.347656,-115.686035,23.774414,-1.999512,9.118652,291.689357,194.176598,239.030315,-157.200049,7.73056667,-40.9248665,15.7537569,19.1079705,,,,,
8.04144216,cycle1_default_to_reload,Reload,269,0,26.850586,61.501465,-115.554199,23.57666,-2.548828,9.09668,291.749944,193.569561,239.654499,-157.316013,7.54837605,-40.6021711,25.4082161,34.802119,,,,,
8.06653857,cycle1_default_to_reload,Reload,270,0,26.740723,61.589355,-115.488281,23.466797,-2.878418,9.09668,291.820095,193.095506,239.977269,-157.39597,7.49406475,-40.388379,15.1646114,23.0224074,,,,,
8.09162545,cycle1_default_to_reload,Reload,271,0,26.652832,61.699219,-115.400391,23.356934,-3.22998,9.052734,291.84948,192.759993,240.45444,-157.4609,7.34371178,-40.1997545,16.1975248,23.2814469,,,,,
8.11672258,cycle1_default_to_reload,Reload,272,0,26.499023,61.831055,-115.268555,23.15918,-3.757324,9.052734,291.927494,192.142248,240.987981,-157.58062,7.19616286,-39.8788845,24.4201617,32.6721143,,,,,
8.14183092,cycle1_default_to_reload,Reload,273,0,26.411133,61.940918,-115.224609,23.027344,-4.086914,9.030762,291.827145,191.740706,241.329288,-157.671416,7.05221929,-39.672543,15.333234,21.3660603,,,,,
8.1680665,cycle1_default_to_reload,Reload,274,0,26.213379,62.116699,-115.048828,22.807617,-4.790039,9.008789,291.955819,190.944238,242.078525,-157.824421,6.8743671,-39.2381112,30.58932,41.9671908,,,,,
8.19316244,cycle1_default_to_reload,Reload,275,0,26.169434,62.182617,-115.004883,22.741699,-4.96582,9.008789,291.950543,190.769073,242.358229,-157.847785,6.81395156,-39.1546962,8.30614833,13.1522602,,,,,
8.21824551,cycle1_default_to_reload,Reload,276,0,25.97168,62.380371,-114.851074,22.478027,-5.668945,8.964844,291.952085,189.927478,243.105609,-158.022378,6.5478502,-38.7406742,32.5771528,44.872884,,,,,
8.24359441,cycle1_default_to_reload,Reload,277,0,25.927734,62.424316,-114.807129,22.412109,-5.844727,8.964844,291.949479,189.751437,243.282974,-158.063032,6.48885175,-38.6331392,7.99161075,9.85881974,,,,,
8.26868129,cycle1_default_to_reload,Reload,278,0,25.72998,62.62207,-114.65332,22.192383,-6.569824,8.920898,291.977739,188.902094,244.057488,-158.235206,6.27795645,-38.1783647,32.8185332,45.8329891,,,,,
8.29394579,cycle1_default_to_reload,Reload,279,0,25.686035,62.666016,-114.609375,22.104492,-6.745605,8.920898,291.945913,188.721242,244.21461,-158.283825,6.19011721,-38.0777612,8.34191307,9.56584014,,,,,
8.31904006,cycle1_default_to_reload,Reload,280,0,25.488281,62.86377,-114.455566,21.862793,-7.470703,8.898926,291.939322,187.858999,244.968604,-158.460287,5.98097856,-37.6254564,33.0185471,45.6451782,,,,,
8.34412766,cycle1_default_to_reload,Reload,281,0,25.422363,62.907715,-114.411621,21.818848,-7.646484,8.876953,292.032946,187.567674,245.166171,-158.502337,5.9514948,-37.5235067,8.12216798,14.5185873,,,,,
8.36922526,cycle1_default_to_reload,Reload,282,0,25.246582,63.127441,-114.257812,21.577148,-8.349609,8.85498,291.963579,186.804582,246.03268,-158.652362,5.71439507,-37.1222129,32.2745361,46.0881239,,,,,
8.39440989,cycle1_default_to_reload,Reload,283,0,25.158691,63.215332,-114.169922,21.445312,-8.723145,8.833008,291.926476,186.434552,246.374942,-158.752114,5.56383218,-36.8857683,16.8726592,20.068324,,,,,
8.41949701,cycle1_default_to_reload,Reload,284,0,25.004883,63.369141,-114.060059,21.269531,-9.250488,8.833008,291.93489,185.736373,246.962576,-158.875694,5.44822836,-36.5670007,24.1932084,36.3772304,,,,,
8.44458318,cycle1_default_to_reload,Reload,285,0,24.89502,63.457031,-113.994141,21.137695,-9.624023,8.811035,291.906345,185.221109,247.239866,-158.995002,5.33027439,-36.3112771,16.9840757,23.3528563,,,,,
8.46966457,cycle1_default_to_reload,Reload,286,0,24.763184,63.61084,-113.862305,20.961914,-10.151367,8.811035,291.897506,184.65457,247.891792,-159.101894,5.18330327,-36.0136718,24.1670355,34.4376177,,,,,
8.49945402,cycle1_default_to_reload,Reload,287,0,24.609375,63.764648,-113.730469,20.786133,-10.678711,8.76709,291.956088,183.971142,248.543443,-159.222137,5.00654964,-35.7332673,20.5735847,31.7604353,,,,,
8.52455044,cycle1_default_to_reload,Reload,288,0,24.521484,63.852539,-113.642578,20.654297,-11.030273,8.76709,291.932933,183.586931,248.89632,-159.310735,4.89119899,-35.5232012,16.143962,20.8071428,,,,,
8.54963613,cycle1_default_to_reload,Reload,289,0,24.367676,64.006348,-113.554688,20.478516,-11.557617,8.745117,291.867613,182.841662,249.417583,-159.458903,4.7488219,-35.1868639,24.0674479,36.3480073,,,,,
8.57470417,cycle1_default_to_reload,Reload,290,0,24.257812,64.116211,-113.466797,20.368652,-11.887207,8.745117,291.953096,182.341867,249.903142,-159.518346,4.69491189,-35.0319269,15.5813917,28.0056836,,,,,
8.59979939,cycle1_default_to_reload,Reload,291,0,24.125977,64.248047,-113.334961,20.192871,-12.436523,8.679199,291.915033,181.756898,250.442714,-159.668374,4.45661937,-34.6977752,24.857565,31.7481724,,,,,
8.62488699,cycle1_default_to_reload,Reload,292,0,24.038086,64.35791,-113.269043,20.039062,-12.788086,8.701172,291.793378,181.327792,250.807413,-159.763841,4.3450783,-34.4906075,16.5252928,22.9651385,,,,,
8.6501739,cycle1_default_to_reload,Reload,293,0,23.884277,64.489746,-113.137207,19.885254,-13.293457,8.657227,291.890897,180.629205,251.390721,-159.886373,4.20389411,-34.210387,23.0390367,36.1967658,,,,,
8.67529607,cycle1_default_to_reload,Reload,294,0,23.774414,64.599609,-113.071289,19.775391,-13.64502,8.657227,291.88688,180.092271,251.799553,-159.972724,4.14941192,-34.0008179,16.1274302,26.8637691,,,,,
8.70035958,cycle1_default_to_reload,Reload,295,0,23.642578,64.753418,-112.939453,19.577637,-14.150391,8.657227,291.850514,179.485263,252.436811,-160.088542,3.98197775,-33.7456591,23.7027829,35.1442955,,,,,
8.72546291,cycle1_default_to_reload,Reload,296,0,23.532715,64.841309,-112.873535,19.445801,-14.501953,8.635254,291.82488,178.941843,252.722776,-160.204337,3.87155867,-33.5224716,16.2105544,24.4829871,,,,,
8.75055265,cycle1_default_to_reload,Reload,297,0,23.400879,64.995117,-112.741699,19.291992,-15.007324,8.591309,291.834665,178.337284,253.404886,-160.312481,3.6996182,-33.2650158,23.2200931,36.3302312,,,,,
8.77565694,cycle1_default_to_reload,Reload,298,0,23.291016,65.083008,-112.675781,19.160156,-15.358887,8.591309,291.805593,177.789028,253.690422,-160.425108,3.62072466,-33.036949,16.1863253,24.6506923,,,,,
8.80074477,cycle1_default_to_reload,Reload,299,0,23.137207,65.236816,-112.565918,18.984375,-15.864258,8.569336,291.794059,177.034705,254.283578,-160.557447,3.4854486,-32.7606694,23.4519415,38.2524777,,,,,
8.82585049,cycle1_default_to_reload,Reload,300,0,23.049316,65.34668,-112.478027,18.852539,-16.193848,8.547363,291.766346,176.616017,254.742861,-160.634733,3.34587986,-32.6163842,15.6316892,24.7792267,,,,,
8.8509469,cycle1_default_to_reload,Reload,301,0,22.961426,65.43457,-112.390137,18.720703,-16.523438,8.547363,291.746189,176.198865,255.102953,-160.723036,3.23921714,-32.4405814,15.3903956,21.9729275,,,,,
8.87880707,cycle1_default_to_reload,Reload,302,0,22.763672,65.632324,-112.258301,18.500977,-17.20459,8.503418,291.670667,175.204468,255.827814,-160.915908,3.04962153,-32.0338985,28.0285303,44.2518591,,,,,
8.90391922,cycle1_default_to_reload,Reload,303,0,22.675781,65.742188,-112.17041,18.369141,-17.53418,8.503418,291.637741,174.777518,256.285568,-160.991714,2.94235844,-31.8856089,15.6031674,24.960988,,,,,
8.92930794,cycle1_default_to_reload,Reload,304,0,22.565918,65.830078,-112.08252,18.259277,-17.885742,8.481445,291.681555,174.24553,256.658588,-161.088,2.86130126,-31.6835153,15.9345952,25.6496102,,,,,
8.95497417,cycle1_default_to_reload,Reload,305,0,22.368164,66.027832,-111.928711,18.017578,-18.544922,8.459473,291.651103,173.255904,257.433104,-161.26755,2.67981898,-31.3371479,30.0609067,48.9765845,,,,,
8.98006511,cycle1_default_to_reload,Reload,306,0,22.280273,66.137695,-111.862793,17.86377,-18.896484,8.4375,291.507418,172.788381,257.789715,-161.382597,2.51486909,-31.1445595,16.5230458,24.1244728,,,,,
9.00517106,cycle1_default_to_reload,Reload,307,0,22.17041,66.225586,-111.774902,17.753906,-19.248047,8.415527,291.545252,172.248713,258.162261,-161.480705,2.4354465,-30.9429208,16.1141159,26.1634757,,,,,
9.03027129,cycle1_default_to_reload,Reload,308,0,22.038574,66.379395,-111.665039,17.578125,-19.731445,8.415527,291.465663,171.575324,258.760612,-161.606609,2.31017843,-30.6900048,22.4552292,36.0286886,,,,,
9.05537748,cycle1_default_to_reload,Reload,309,0,21.928711,66.467285,-111.577148,17.468262,-20.083008,8.393555,291.499708,171.031091,259.132993,-161.705799,2.23177303,-30.4886273,16.1139413,26.3009091,,,,,
9.08045602,cycle1_default_to_reload,Reload,310,0,21.818848,66.577148,-111.51123,17.336426,-20.412598,8.371582,291.462677,170.451713,259.522194,-161.8072,2.13037802,-30.3247274,15.6975883,27.870352,,,,,
9.10734677,cycle1_default_to_reload,Reload,311,0,21.621094,66.774902,-111.335449,17.094727,-21.09375,8.349609,291.44624,169.455475,260.348236,-161.989952,1.95052162,-29.9776364,29.5630472,48.1302464,,,,,
9.13247514,cycle1_default_to_reload,Reload,312,0,21.533203,66.862793,-111.269531,16.984863,-21.42334,8.327637,291.374168,168.994417,260.664339,-162.092942,1.84802283,-29.7745785,14.942055,22.430436,,,,,
9.15755844,cycle1_default_to_reload,Reload,313,0,21.42334,66.972656,-111.203613,16.875,-21.774902,8.305664,291.331483,168.41396,261.06787,-162.19427,1.77185634,-29.573529,16.1761191,28.2351172,,,,,
9.18376017,cycle1_default_to_reload,Reload,314,0,21.225586,67.17041,-111.027832,16.633301,-22.456055,8.283691,291.303291,167.402853,261.892299,-162.381183,1.595871,-29.2273728,30.3405027,49.8028089,,,,,
9.20887709,cycle1_default_to_reload,Reload,315,0,21.137695,67.258301,-110.961914,16.501465,-22.785645,8.283691,291.203028,166.92689,262.182256,-162.493315,1.50002896,-29.0268736,15.2026754,22.5455847,,,,,
9.23399687,cycle1_default_to_reload,Reload,316,0,21.027832,67.368164,-110.874023,16.369629,-23.137207,8.261719,291.188624,166.353272,262.62463,-162.594515,1.39773622,-28.8610281,16.5734682,28.8428875,,,,,
9.25912333,cycle1_default_to_reload,Reload,317,0,20.939941,67.456055,-110.808105,16.281738,-23.48877,8.239746,291.108628,165.88905,262.956546,-162.697069,1.32096541,-28.6204737,15.4959049,22.9342289,,,,,
9.28423667,cycle1_default_to_reload,Reload,318,0,20.742188,67.653809,-110.632324,16.018066,-24.169922,8.195801,291.043561,164.850438,263.752952,-162.903863,1.09314285,-28.2870179,31.9682132,52.1803804,,,,,
9.30935407,cycle1_default_to_reload,Reload,319,0,20.632324,67.763672,-110.566406,15.908203,-24.521484,8.195801,290.987738,164.256376,264.154856,-163.005486,1.0523191,-28.0816333,16.1304681,28.6419461,,,,,
9.33444214,cycle1_default_to_reload,Reload,320,0,20.544434,67.851562,-110.478516,15.776367,-24.873047,8.173828,290.914753,163.789302,264.499947,-163.119389,0.923657837,-27.8834267,16.1730726,23.329694,,,,,
9.35953522,cycle1_default_to_reload,Reload,321,0,20.43457,67.961426,-110.412598,15.666504,-25.202637,8.173828,290.87883,163.194095,264.910361,-163.213701,0.887229229,-27.7086683,15.3924723,28.847763,,,,,
9.38471317,cycle1_default_to_reload,Reload,322,0,20.236816,68.15918,-110.258789,15.424805,-25.905762,8.151855,290.74097,162.122684,265.656262,-163.432093,0.721381475,-27.305172,32.1478592,52.1386037,,,,,
9.40981436,cycle1_default_to_reload,Reload,323,0,20.148926,68.24707,-110.170898,15.314941,-26.257324,8.129883,290.684946,161.657861,266.027388,-163.536217,0.620830814,-27.0998298,15.9017454,23.8012374,,,,,
9.43539119,cycle1_default_to_reload,Reload,324,0,19.995117,68.400879,-110.061035,15.13916,-26.762695,8.129883,290.602267,160.817643,266.609055,-163.689283,0.539916493,-26.8238582,22.9875327,40.0851209,,,,,
9.4604907,cycle1_default_to_reload,Reload,325,0,19.885254,68.48877,-109.973145,15.007324,-27.114258,8.129883,290.582676,160.227083,266.953231,-163.806258,0.478237442,-26.6256766,16.3542363,27.244149,,,,,
9.48558903,cycle1_default_to_reload,Reload,326,0,19.819336,68.598633,-109.907227,14.897461,-27.46582,8.085938,290.390088,159.842217,267.353686,-163.912009,0.31692437,-26.4202907,15.8552862,23.4221687,,,,,
9.51068473,cycle1_default_to_reload,Reload,327,0,19.643555,68.752441,-109.775391,14.72168,-27.993164,8.085938,290.394256,158.900075,267.991358,-164.066416,0.265790598,-26.1465505,24.5935761,45.3329294,,,,,
9.53579164,cycle1_default_to_reload,Reload,328,0,19.555664,68.840332,-109.709473,14.611816,-28.344727,8.063965,290.273004,158.404818,268.296835,-164.184957,0.170797267,-25.9123875,15.728653,23.6743187,,,,,
9.56087685,cycle1_default_to_reload,Reload,329,0,19.401855,68.994141,-109.599609,14.436035,-28.87207,8.041992,290.153188,157.54767,268.86864,-164.353015,0.0612258817,-25.6097521,24.2109158,41.3515904,,,,,
9.58597732,cycle1_default_to_reload,Reload,330,0,19.313965,69.104004,-109.511719,14.304199,-29.223633,8.02002,290.050304,157.05277,269.306399,-164.461252,-0.0610754318,-25.4401195,16.3770174,26.6404756,,,,,
9.61106682,cycle1_default_to_reload,Reload,331,0,19.160156,69.257812,-109.401855,14.128418,-29.772949,8.02002,289.901245,156.186892,269.869432,-164.63617,-0.139486959,-25.102206,24.9556157,41.5926,,,,,
9.6361711,cycle1_default_to_reload,Reload,332,0,19.072266,69.345703,-109.313965,14.018555,-30.124512,7.976074,289.830058,155.703643,270.240356,-164.747376,-0.264789966,-24.9005699,15.971919,24.4315236,,,,,
9.6612761,cycle1_default_to_reload,Reload,333,0,18.918457,69.499512,-109.204102,13.842773,-30.673828,7.954102,289.675162,154.831802,270.803318,-164.926333,-0.372100481,-24.5663873,24.9555763,41.7963746,,,,,
9.68638229,cycle1_default_to_reload,Reload,334,0,18.808594,69.587402,-109.116211,13.73291,-31.025391,7.954102,289.659686,154.23347,271.174376,-165.035896,-0.400872351,-24.3603155,16.0901583,28.0496395,,,,,
9.71168184,cycle1_default_to_reload,Reload,335,0,18.676758,69.741211,-108.984375,13.557129,-31.574707,7.954102,289.496177,153.485908,271.802743,-165.199788,-0.507315085,-24.0467534,24.717929,39.1376866,,,,,
9.73678875,cycle1_default_to_reload,Reload,336,0,18.566895,69.851074,-108.918457,13.40332,-31.92627,7.932129,289.364774,152.83567,272.145403,-165.339053,-0.614491361,-23.8587809,16.7199987,29.7389724,,,,,
9.76188874,cycle1_default_to_reload,Reload,337,0,18.435059,69.98291,-108.808594,13.249512,-32.453613,7.910156,289.198713,152.082839,272.650699,-165.508747,-0.718467833,-23.5142264,23.5384304,36.7238079,,,,,
9.78700137,cycle1_default_to_reload,Reload,338,0,18.347168,70.092773,-108.720703,13.139648,-32.827148,7.910156,289.077969,151.579635,273.107284,-165.614176,-0.780057979,-23.3019926,16.8530097,27.4809471,,,,,
9.81251502,cycle1_default_to_reload,Reload,339,0,18.193359,70.246582,-108.61084,12.963867,-33.354492,7.866211,288.929085,150.693157,273.677252,-165.792387,-0.907464552,-23.0013012,23.8510699,41.7174734,,,,,
9.83761835,cycle1_default_to_reload,Reload,340,0,18.105469,70.334473,-108.522949,12.832031,-33.684082,7.866211,288.848103,150.184425,274.027332,-165.908356,-0.983202968,-22.8287251,15.3861748,24.8108158,,,,,
9.86273646,cycle1_default_to_reload,Reload,341,0,17.95166,70.488281,-108.391113,12.634277,-34.233398,7.822266,288.706521,149.294763,274.626304,-166.098333,-1.13617361,-22.5329222,25.4136198,43.0688637,,,,,
9.89170218,cycle1_default_to_reload,Reload,342,0,17.753906,70.686035,-108.259277,12.414551,-34.914551,7.800293,288.480727,148.138295,275.337394,-166.328946,-1.23596451,-22.1196644,26.9267477,47.5129108,,,,,
9.91679406,cycle1_default_to_reload,Reload,343,0,17.666016,70.795898,-108.171387,12.260742,-35.266113,7.77832,288.334782,147.600771,275.742763,-166.460021,-1.36791623,-21.9559173,16.6840679,27.4543259,,,,,
9.94186449,cycle1_default_to_reload,Reload,344,0,17.512207,70.949707,-108.039551,12.084961,-35.793457,7.77832,288.225535,146.716285,276.376784,-166.627948,-1.42450823,-21.6757119,24.3832469,43.6260649,,,,,
9.96696067,cycle1_default_to_reload,Reload,345,0,17.402344,71.037598,-107.973633,11.99707,-36.123047,7.756348,288.17375,146.095119,276.718726,-166.734763,-1.44544328,-21.4657329,14.9612069,28.3291138,,,,,
9.99202871,cycle1_default_to_reload,Reload,346,0,17.270508,71.191406,-107.86377,11.821289,-36.650391,7.734375,287.946795,145.298683,277.287271,-166.913816,-1.56095489,-21.1550272,24.0205003,40.0717611,,,,,
10.0171227,cycle1_default_to_reload,Reload,347,0,17.160645,71.279297,-107.775879,11.66748,-36.97998,7.734375,287.890969,144.650701,277.606891,-167.051502,-1.61917186,-20.9919111,15.9303609,28.878375,,,,,
10.0422051,cycle1_default_to_reload,Reload,348,0,17.028809,71.433105,-107.666016,11.513672,-37.507324,7.69043,287.677295,143.862824,278.204448,-167.219876,-1.7403478,-20.6770463,23.8142251,40.3340651,,,,,
10.0673232,cycle1_default_to_reload,Reload,349,0,16.940918,71.520996,-107.578125,11.403809,-37.836914,7.668457,287.599459,143.349399,278.582623,-167.329569,-1.81441367,-20.4994484,15.1262591,25.5752216,,,,,
10.0923684,cycle1_default_to_reload,Reload,350,0,16.787109,71.674805,-107.446289,11.206055,-38.342285,7.668457,287.477996,142.437951,279.192947,-167.509975,-1.88097709,-20.2559544,23.9301492,44.0653884,,,,,
10.1174526,cycle1_default_to_reload,Reload,351,0,16.677246,71.784668,-107.380371,11.096191,-38.693848,7.646484,287.353986,141.785601,279.589747,-167.630278,-1.9234015,-20.049903,16.1755494,30.8383026,,,,,
10.1425793,cycle1_default_to_reload,Reload,352,0,16.589355,71.872559,-107.29248,10.964355,-39.023438,7.624512,287.253389,141.252881,279.938064,-167.756017,-2.01694572,-19.8786135,15.3967284,25.6455333,,,,,
10.1676681,cycle1_default_to_reload,Reload,353,0,16.435547,72.026367,-107.182617,10.810547,-39.528809,7.602539,287.104007,140.34699,280.541766,-167.921197,-2.06367322,-19.5933409,23.2044356,43.7973119,,,,,
10.1927669,cycle1_default_to_reload,Reload,354,0,16.325684,72.114258,-107.094727,10.678711,-39.880371,7.580566,287.029877,139.697414,280.883671,-168.057379,-2.125246,-19.393248,16.378083,29.3957081,,,,,
10.2178462,cycle1_default_to_reload,Reload,355,0,16.193848,72.268066,-106.984863,10.50293,-40.385742,7.558594,286.803439,138.882291,281.457315,-168.236087,-2.22303993,-19.1106539,23.2463194,40.7563399,,,,,
10.2429767,cycle1_default_to_reload,Reload,356,0,16.105957,72.37793,-106.918945,10.371094,-40.715332,7.558594,286.622755,138.321236,281.829719,-168.362353,-2.27938019,-18.9349545,15.4192039,27.7439019,,,,,
10.2695494,cycle1_default_to_reload,Reload,357,0,15.88623,72.575684,-106.743164,10.129395,-41.396484,7.536621,286.484191,137.024251,282.638919,-168.605539,-2.33897392,-18.5846854,30.1332311,57.7654476,,,,,
10.2946417,cycle1_default_to_reload,Reload,358,0,15.864258,72.619629,-106.699219,10.063477,-41.550293,7.514648,286.388353,136.864015,282.815753,-168.665134,-2.42910078,-18.5124011,7.22097514,10.2484886,,,,,
10.3198383,cycle1_default_to_reload,Reload,359,0,15.644531,72.817383,-106.54541,9.821777,-42.231445,7.492676,286.187229,135.545194,283.559363,-168.91957,-2.4816866,-18.1301238,31.5990398,60.6160799,,,,,
10.3449349,cycle1_default_to_reload,Reload,360,0,15.600586,72.861328,-106.501465,9.799805,-42.407227,7.492676,286.151446,135.301612,283.791021,-168.956545,-2.46510319,-18.0122283,7.6826841,13.4699325,,,,,
10.3700082,cycle1_default_to_reload,Reload,361,0,15.402832,73.059082,-106.369629,9.536133,-43.088379,7.44873,285.819494,134.056117,284.439041,-169.235821,-2.59716346,-17.604292,31.6817343,57.5392945,,,,,
10.395112,cycle1_default_to_reload,Reload,362,0,15.358887,73.125,-106.325684,9.470215,-43.26416,7.426758,285.72872,133.773801,284.698615,-169.296673,-2.65658208,-17.5335309,8.34954587,15.6991032,,,,,
10.4201846,cycle1_default_to_reload,Reload,363,0,15.161133,73.300781,-106.171875,9.228516,-43.92334,7.426758,285.504431,132.562469,285.359082,-169.552916,-2.69439997,-17.1430167,30.5472352,55.7502034,,,,,
10.4452875,cycle1_default_to_reload,Reload,364,0,15.117188,73.366699,-106.12793,9.18457,-44.099121,7.426758,285.427684,132.294939,285.649004,-169.597306,-2.69877044,-17.0623289,8.0699067,16.0098172,,,,,
10.4704261,cycle1_default_to_reload,Reload,365,0,14.919434,73.564453,-105.952148,8.942871,-44.780273,7.382812,285.204868,131.083395,286.457383,-169.847494,-2.80206902,-16.7064951,31.6597911,58.6117678,,,,,
10.4955175,cycle1_default_to_reload,Reload,366,0,14.80957,73.652344,-105.88623,8.833008,-45.131836,7.382812,285.068696,130.416341,286.765273,-169.980702,-2.79139565,-16.4605887,15.9320698,29.778905,,,,,
10.5206361,cycle1_default_to_reload,Reload,367,0,14.72168,73.762207,-105.79834,8.723145,-45.461426,7.382812,284.93752,129.869868,287.231434,-170.088917,-2.81331089,-16.3059685,15.3269645,29.0688431,,,,,
10.5525188,cycle1_default_to_reload,Reload,368,0,14.523926,73.959961,-105.644531,8.481445,-46.164551,7.338867,284.624064,128.631852,287.969628,-170.356259,-2.90835419,-15.8842498,25.4153589,46.2658427,,,,,
10.5776091,cycle1_default_to_reload,Reload,369,0,14.414062,74.047852,-105.578613,8.327637,-46.494141,7.316895,284.475005,127.930387,288.221192,-170.517728,-2.96460293,-15.6846299,15.7877405,30.2895213,,,,,
10.6026933,cycle1_default_to_reload,Reload,370,0,14.326172,74.157715,-105.490723,8.239746,-46.845703,7.294922,284.328477,127.39333,288.713095,-170.618576,-2.99663938,-15.4929946,15.9124677,29.615369,,,,,
10.6316135,cycle1_default_to_reload,Reload,371,0,14.128418,74.355469,-105.336914,7.976074,-47.526855,7.272949,284.011769,126.133196,289.42549,-170.897336,-3.06758957,-15.1040509,27.5723948,51.2378007,,,,,
10.6580083,cycle1_default_to_reload,Reload,372,0,13.996582,74.487305,-105.205078,7.800293,-48.054199,7.272949,283.787405,125.295961,289.971301,-171.092784,-3.098992,-14.7769114,22.7674502,38.8072064,,,,,
10.6830993,cycle1_default_to_reload,Reload,373,0,13.886719,74.597168,-105.13916,7.69043,-48.405762,7.250977,283.613466,124.615001,290.367319,-171.221211,-3.11190063,-14.5612274,16.1712328,32.1517059,,,,,
10.7081668,cycle1_default_to_reload,Reload,374,0,13.798828,74.685059,-105.05127,7.558594,-48.757324,7.229004,283.450929,124.042566,290.710776,-171.364199,-3.17618372,-14.3490259,16.1862841,27.4086319,,,,,
10.7332647,cycle1_default_to_reload,Reload,375,0,13.710938,74.794922,-104.963379,7.44873,-49.108887,7.207031,283.278775,123.481535,291.17189,-171.483299,-3.22108291,-14.1617467,16.1193119,29.7371077,,,,,
10.7583628,cycle1_default_to_reload,Reload,376,0,13.513184,74.992676,-104.831543,7.207031,-49.790039,7.207031,282.904315,122.213695,291.851435,-171.755791,-3.22170412,-13.7271026,31.3218052,59.2241069,,,,,
10.7834537,cycle1_default_to_reload,Reload,377,0,13.447266,75.036621,-104.787598,7.141113,-49.96582,7.207031,282.86727,121.817018,292.023449,-171.829516,-3.20204994,-13.6213629,8.30780579,17.295144,,,,,
10.8085244,cycle1_default_to_reload,Reload,378,0,13.271484,75.234375,-104.611816,6.877441,-50.668945,7.163086,282.50528,120.655861,292.797487,-172.111167,-3.31903295,-13.2244904,32.5696959,57.5048806,,,,,
10.8336229,cycle1_default_to_reload,Reload,379,0,13.183594,75.344238,-104.545898,6.767578,-51.020508,7.141113,282.271906,120.077408,293.19399,-172.238913,-3.3558075,-13.0031781,15.9515521,29.4483381,,,,,
10.8587227,cycle1_default_to_reload,Reload,380,0,13.095703,75.432129,-104.47998,6.635742,-51.394043,7.141113,282.0228,119.481024,293.46983,-172.395628,-3.37762985,-12.720916,16.7476423,27.9970794,,,,,
10.8838174,cycle1_default_to_reload,Reload,381,0,12.98584,75.541992,-104.370117,6.547852,-51.745605,7.119141,281.94982,118.836152,294.027877,-172.494676,-3.36289366,-12.5587953,16.3338468,34.1076389,,,,,
10.9104133,cycle1_default_to_reload,Reload,382,0,12.788086,75.717773,-104.216309,6.306152,-52.470703,7.097168,281.579446,117.566118,294.681675,-172.781888,-3.38080978,-12.0544634,30.9675873,55.4851965,,,,,
10.9355149,cycle1_default_to_reload,Reload,383,0,12.700195,75.827637,-104.150391,6.152344,-52.822266,7.075195,281.311769,116.945295,295.015532,-172.945119,-3.44828023,-11.8429904,16.5160279,30.0382713,,,,,
10.9606109,cycle1_default_to_reload,Reload,384,0,12.590332,75.915527,-104.0625,6.04248,-53.173828,7.075195,281.189905,116.271773,295.393308,-173.074979,-3.41119929,-11.6188535,16.0967075,31.1520983,,,,,
10.9876785,cycle1_default_to_reload,Reload,385,0,12.414551,76.113281,-103.908691,5.800781,-53.876953,7.053223,280.762971,115.101529,296.137415,-173.349369,-3.45085827,-11.1732556,29.7155797,53.6068681,,,,,
11.0127642,cycle1_default_to_reload,Reload,386,0,12.32666,76.201172,-103.820801,5.690918,-54.228516,7.03125,280.591955,114.533546,296.516096,-173.478259,-3.47635054,-10.9477128,15.9116042,28.0534856,,,,,
11.0378444,cycle1_default_to_reload,Reload,387,0,12.216797,76.311035,-103.754883,5.581055,-54.580078,7.009277,280.386689,113.840709,296.91421,-173.609131,-3.46736067,-10.7235249,16.1781182,32.8951225,,,,,
11.0629625,cycle1_default_to_reload,Reload,388,0,12.128906,76.398926,-103.666992,5.427246,-54.931641,7.009277,280.187468,113.231124,297.229651,-173.7733,-3.49239593,-10.5069609,16.4355322,28.4532877,,,,,
11.0894246,cycle1_default_to_reload,Reload,389,0,11.953125,76.574707,-103.513184,5.20752,-55.59082,6.965332,279.832744,112.086851,297.931074,-174.027843,-3.53014727,-10.0855301,28.5353351,52.461127,,,,,
11.114511,cycle1_default_to_reload,Reload,390,0,11.865234,76.68457,-103.425293,5.119629,-55.92041,6.965332,279.665383,111.534266,298.429493,-174.127757,-3.49818373,-9.91552329,15.1200303,30.4047716,,,,,
11.1396027,cycle1_default_to_reload,Reload,391,0,11.777344,76.772461,-103.359375,4.987793,-56.25,6.943359,279.446768,110.934859,298.716454,-174.276305,-3.53084122,-9.69317917,15.2431537,27.8814136,,,,,
11.1661818,cycle1_default_to_reload,Reload,392,0,11.601562,76.948242,-103.227539,4.768066,-56.865234,6.921387,279.078922,109.783331,299.361108,-174.52721,-3.52177421,-9.29970545,26.7749895,51.5442835,,,,,
11.1912963,cycle1_default_to_reload,Reload,393,0,11.513672,77.036133,-103.161621,4.658203,-57.172852,6.921387,278.893078,109.206913,299.683683,-174.652587,-3.49875898,-9.10153511,14.1614827,27.3222302,,,,,
11.2163739,cycle1_default_to_reload,Reload,394,0,11.425781,77.124023,-103.095703,4.570312,-57.480469,6.899414,278.717665,108.651041,300.038511,-174.760103,-3.49130125,-8.89882351,13.9641222,27.211453,,,,,
11.2414634,cycle1_default_to_reload,Reload,395,0,11.337891,77.211914,-103.029785,4.460449,-57.788086,6.877441,278.529165,108.073888,300.361442,-174.885935,-3.49960126,-8.70130083,14.2026061,27.409599,,,,,
11.2665329,cycle1_default_to_reload,Reload,396,0,11.184082,77.365723,-102.875977,4.262695,-58.381348,6.855469,278.220295,107.065408,301.024985,-175.11267,-3.49501808,-8.32955316,27.1281555,49.7052029,,,,,
11.2916112,cycle1_default_to_reload,Reload,397,0,11.118164,77.453613,-102.810059,4.130859,-58.666992,6.855469,278.000424,106.576113,301.318927,-175.250694,-3.51512693,-8.16660614,13.5451165,24.3908624,,,,,
11.3167062,cycle1_default_to_reload,Reload,398,0,11.030273,77.519531,-102.744141,4.042969,-58.930664,6.833496,277.89448,106.031578,301.598059,-175.354462,-3.49934669,-7.99520233,12.2268058,24.7465004,,,,,
11.3458633,cycle1_default_to_reload,Reload,399,0,10.876465,77.695312,-102.612305,3.845215,-59.47998,6.811523,277.548764,105.012365,302.285347,-175.572858,-3.48422372,-7.68691842,22.0482364,43.7964545,,,,,
11.3709605,cycle1_default_to_reload,Reload,400,0,10.788574,77.76123,-102.546387,3.735352,-59.765625,6.811523,277.403783,104.441517,302.530449,-175.6996,-3.44916027,-7.48529404,13.2198476,25.4186828,,,,,
11.3960559,cycle1_default_to_reload,Reload,401,0,10.722656,77.849121,-102.480469,3.647461,-60.029297,6.789551,277.225876,103.997056,302.891582,-175.796787,-3.46429355,-7.34422162,12.226582,23.8958579,,,,,
11.4211435,cycle1_default_to_reload,Reload,402,0,10.634766,77.915039,-102.414551,3.55957,-60.292969,6.767578,277.114185,103.451232,303.171637,-175.900585,-3.44406797,-7.17092663,12.2304079,24.8553806,,,,,
11.4462383,cycle1_default_to_reload,Reload,403,0,10.50293,78.068848,-102.304688,3.383789,-60.820312,6.745605,276.731155,102.556956,303.749131,-176.104916,-3.43480378,-6.81973227,23.9949157,45.082972,,,,,
11.4713309,cycle1_default_to_reload,Reload,404,0,10.415039,78.134766,-102.260742,3.295898,-61.083984,6.745605,276.566648,102.001452,303.965663,-176.213267,-3.37749722,-6.61098742,12.0383896,24.648384,,,,,
11.4964263,cycle1_default_to_reload,Reload,405,0,10.349121,78.222656,-102.194824,3.208008,-61.347656,6.745605,276.383664,101.555874,304.327205,-176.310519,-3.35461233,-6.46725944,12.1951706,23.9993516,,,,,
11.5263395,cycle1_default_to_reload,Reload,406,0,10.195312,78.354492,-102.062988,3.010254,-61.831055,6.723633,276.148384,100.553514,304.861191,-176.52696,-3.31817397,-6.1865585,19.2530132,38.7734797,,,,,
11.5575333,cycle1_default_to_reload,Reload,407,0,10.107422,78.464355,-101.975098,2.878418,-62.182617,6.70166,275.902767,99.9450533,305.295239,-176.671409,-3.32755363,-5.98707001,13.1779683,25.2208827,,,,,
11.5826397,cycle1_default_to_reload,Reload,408,0,10.019531,78.530273,-101.931152,2.8125,-62.424316,6.679688,275.767702,99.4152422,305.546929,-176.756288,-3.28364079,-5.80568473,11.0702541,23.9741561,,,,,
11.6077302,cycle1_default_to_reload,Reload,409,0,9.953613,78.596191,-101.887207,2.724609,-62.666016,6.657715,275.583367,98.9686885,305.766532,-176.858888,-3.28790077,-5.62808292,11.0773336,21.1504325,,,,,
11.6343644,cycle1_default_to_reload,Reload,410,0,9.821777,78.728027,-101.777344,2.570801,-63.105469,6.635742,275.320837,98.1139694,306.305922,-177.032278,-3.24456939,-5.3664938,19.294612,39.2061873,,,,,
11.6594784,cycle1_default_to_reload,Reload,411,0,9.755859,78.793945,-101.711426,2.460938,-63.325195,6.635742,275.197908,97.6564567,306.559313,-177.14583,-3.2271466,-5.25912972,10.7866493,21.3923535,,,,,
11.6862853,cycle1_default_to_reload,Reload,412,0,9.667969,78.881836,-101.623535,2.351074,-63.654785,6.635742,275.008354,97.0777759,306.94849,-177.271654,-3.17945117,-5.05128561,14.1496481,26.9586614,,,,,
11.7113755,cycle1_default_to_reload,Reload,413,0,9.624023,78.947754,-101.57959,2.285156,-63.874512,6.635742,274.817431,96.7625703,307.202706,-177.349674,-3.16455159,-4.89912124,9.83024269,17.8434652,,,,,
11.7364576,cycle1_default_to_reload,Reload,414,0,9.558105,78.991699,-101.535645,2.197266,-64.072266,6.635742,274.707117,96.3275723,307.346857,-177.448664,-3.12822527,-4.75252068,9.35341939,18.7923256,,,,,
11.7615447,cycle1_default_to_reload,Reload,415,0,9.470215,79.101562,-101.469727,2.06543,-64.401855,6.591797,274.426651,95.7120748,307.719758,-177.593849,-3.15956256,-4.54983015,15.5448313,30.7874515,,,,,
11.7866631,cycle1_default_to_reload,Reload,416,0,9.404297,79.145508,-101.403809,1.999512,-64.599609,6.591797,274.373086,95.307987,307.960543,-177.669189,-3.10789158,-4.43129172,9.25765281,18.8478828,,,,,
11.8134949,cycle1_default_to_reload,Reload,417,0,9.294434,79.255371,-101.315918,1.867676,-64.995117,6.569824,274.100994,94.5838412,308.393747,-177.82262,-3.07068127,-4.1599707,16.921769,33.0433654,,,,,
11.8385928,cycle1_default_to_reload,Reload,418,0,9.228516,79.321289,-101.293945,1.801758,-65.170898,6.569824,273.943567,94.1625721,308.587284,-177.898165,-3.01644421,-4.04090427,8.39730084,19.5076327,,,,,
11.8636837,cycle1_default_to_reload,Reload,419,0,9.18457,79.365234,-101.228027,1.757812,-65.368652,6.547852,273.86066,93.886611,308.860918,-177.95257,-3.0171126,-3.9168429,8.8876067,15.8372269,,,,,
11.8887985,cycle1_default_to_reload,Reload,420,0,9.140625,79.431152,-101.184082,1.669922,-65.544434,6.569824,273.705055,93.5547464,309.086077,-178.042945,-2.97610226,-3.83470036,8.66097237,17.1280491,,,,,
11.9138708,cycle1_default_to_reload,Reload,421,0,9.030762,79.541016,-101.096191,1.538086,-65.895996,6.547852,273.476745,92.8374976,309.522399,-178.18899,-2.93292961,-3.62908044,16.6048413,34.7006996,,,,,
11.9389889,cycle1_default_to_reload,Reload,422,0,8.986816,79.584961,-101.052246,1.472168,-66.09375,6.525879,273.334487,92.529978,309.700359,-178.266837,-2.94511838,-3.47526073,8.8779857,15.2368357,,,,,
11.9640713,cycle1_default_to_reload,Reload,423,0,8.920898,79.628906,-101.030273,1.40625,-66.269531,6.503906,273.20386,92.1136855,309.815731,-178.345759,-2.92188355,-3.32173694,8.21779465,17.9928296,,,,,
11.989176,cycle1_default_to_reload,Reload,424,0,8.876953,79.672852,-100.964355,1.362305,-66.42334,6.503906,273.167116,91.8445295,310.092144,-178.393164,-2.88501525,-3.2639434,7.32278617,15.4375212,,,,,
12.0142658,cycle1_default_to_reload,Reload,425,0,8.789062,79.782715,-100.898438,1.252441,-66.75293,6.525879,272.884382,91.251605,310.498581,-178.518757,-2.78918554,-3.05067703,15.193921,30.787732,,,,,
12.0393634,cycle1_default_to_reload,Reload,426,0,8.745117,79.82666,-100.854492,1.164551,-66.928711,6.503906,272.755908,90.9236193,310.645845,-178.612823,-2.81202695,-2.9343684,8.44288429,15.2123756,,,,,
12.0644426,cycle1_default_to_reload,Reload,427,0,8.701172,79.870605,-100.83252,1.120605,-67.08252,6.481934,272.621788,90.6395396,310.794896,-178.667196,-2.80746671,-2.80880053,6.95406595,13.8646509,,,,,
12.0925958,cycle1_default_to_reload,Reload,428,0,8.613281,79.958496,-100.744629,1.010742,-67.368164,6.481934,272.463715,90.0656399,311.189248,-178.785806,-2.74214923,-2.66279078,12.1412237,25.362886,,,,,
12.1177034,cycle1_default_to_reload,Reload,429,0,8.569336,79.980469,-100.722656,0.966797,-67.521973,6.459961,272.359381,89.7863242,311.260756,-178.843429,-2.73654252,-2.50286357,6.77881009,12.2122634,,,,,
12.1428597,cycle1_default_to_reload,Reload,430,0,8.503418,80.046387,-100.678711,0.878906,-67.741699,6.459961,272.183515,89.3417565,311.484812,-178.941542,-2.68933248,-2.35151374,10.2606621,20.9883023,,,,,
12.1679561,cycle1_default_to_reload,Reload,431,0,8.481445,80.090332,-100.634766,0.856934,-67.873535,6.459961,272.094204,89.1969983,311.730959,-178.968337,-2.67035409,-2.28812936,5.93812389,11.9219553,,,,,
12.1930571,cycle1_default_to_reload,Reload,432,0,8.4375,80.134277,-100.612793,0.791016,-68.005371,6.459961,271.974051,88.8925683,311.848865,-179.039372,-2.6422146,-2.19981976,6.43263907,13.8589883,,,,,
12.2181647,cycle1_default_to_reload,Reload,433,0,8.415527,80.15625,-100.568848,0.74707,-68.137207,6.437988,271.906695,88.7281907,311.985313,-179.089305,-2.66972014,-2.1069947,5.9996624,8.92150081,,,,,
12.2432513,cycle1_default_to_reload,Reload,434,0,8.327637,80.244141,-100.50293,0.65918,-68.400879,6.437988,271.729558,88.1746501,312.349571,-179.187853,-2.58681223,-1.95508547,12.4176062,27.341531,,,,,
12.2684076,cycle1_default_to_reload,Reload,435,0,8.305664,80.266113,-100.50293,0.65918,-68.466797,6.437988,271.658067,88.0553845,312.425156,-179.194762,-2.55328458,-1.88718551,2.89689293,6.29132619,,,,,
12.2935016,cycle1_default_to_reload,Reload,436,0,8.239746,80.332031,-100.437012,0.549316,-68.686523,6.437988,271.517833,87.5933958,312.681084,-179.309609,-2.51552545,-1.77306097,10.7952741,21.775762,,,,,
12.3185978,cycle1_default_to_reload,Reload,437,0,8.217773,80.354004,-100.415039,0.527344,-68.818359,6.416016,271.410711,87.4463097,312.786596,-179.342403,-2.52933469,-1.64136654,5.60617884,8.38128381,,,,,
12.3436844,cycle1_default_to_reload,Reload,438,0,8.173828,80.375977,-100.415039,0.483398,-68.928223,6.416016,271.306091,87.1674956,312.796843,-179.396298,-2.48633792,-1.51386618,5.10719247,11.8777474,,,,,
12.3709719,cycle1_default_to_reload,Reload,439,0,8.129883,80.441895,-100.349121,0.41748,-69.125977,6.394043,271.172541,86.8616819,313.11805,-179.466671,-2.4909155,-1.42469493,8.55969814,16.9739044,,,,,
12.3960834,cycle1_default_to_reload,Reload,440,0,8.085938,80.463867,-100.327148,0.373535,-69.23584,6.416016,271.114538,86.5896961,313.192077,-179.517644,-2.41306695,-1.33089981,5.25001818,11.4603371,,,,,
12.421175,cycle1_default_to_reload,Reload,441,0,8.063965,80.507812,-100.305176,0.351562,-69.32373,6.394043,271.024482,86.4451518,313.375681,-179.54106,-2.42603003,-1.30122434,4.28999444,9.98050171,,,,,
12.446275,cycle1_default_to_reload,Reload,442,0,8.041992,80.529785,-100.283203,0.307617,-69.455566,6.416016,270.908316,86.2736898,313.44945,-179.594336,-2.38238652,-1.17303677,5.80678584,8.75911088,,,,,
12.471355,cycle1_default_to_reload,Reload,443,0,7.998047,80.551758,-100.26123,0.263672,-69.56543,6.394043,270.84977,86.0017748,313.523684,-179.644553,-2.3728585,-1.07925215,5.25664597,11.4785696,,,,,
12.4964459,cycle1_default_to_reload,Reload,444,0,7.976074,80.595703,-100.217285,0.241699,-69.631348,6.394043,270.830759,85.8672913,313.771136,-179.662358,-2.35094089,-1.11766695,3.81717496,11.2501288,,,,,
12.5215349,cycle1_default_to_reload,Reload,445,0,7.954102,80.639648,-100.195312,0.197754,-69.785156,6.394043,270.657705,85.6879326,313.921506,-179.715199,-2.34129807,-0.989378154,6.72702216,11.6019278,,,,,
12.5466344,cycle1_default_to_reload,Reload,446,0,7.932129,80.661621,-100.17334,0.175781,-69.873047,6.394043,270.598578,85.5479153,314.028368,-179.741863,-2.3191979,-0.92523106,3.91502074,7.40239279,,,,,
12.571733,cycle1_default_to_reload,Reload,447,0,7.910156,80.661621,-100.151367,0.153809,-69.938965,6.37207,270.595978,85.415757,314.058912,-179.768186,-2.33140095,-0.86112346,3.15650227,5.4053637,,,,,
12.6001601,cycle1_default_to_reload,Reload,448,0,7.866211,80.705566,-100.129395,0.109863,-70.070801,6.37207,270.479915,85.1360958,314.20973,-179.818544,-2.28669973,-0.766867858,5.41062723,11.899592,,,,,
12.6252508,cycle1_default_to_reload,Reload,449,0,7.844238,80.727539,-100.107422,0.065918,-70.136719,6.350098,270.43708,84.9747876,314.284692,-179.862294,-2.31057682,-0.740949969,3.61072289,7.29195165,,,,,
12.6503711,cycle1_default_to_reload,Reload,450,0,7.844238,80.749512,-100.107422,0.065918,-70.202637,6.37207,270.330961,84.9601971,314.360579,-179.868332,-2.27623532,-0.672478624,2.90104463,5.22583138,,,,,
12.6754489,cycle1_default_to_reload,Reload,451,0,7.822266,80.771484,-100.085449,0.021973,-70.268555,6.37207,270.288032,84.7988672,314.435547,-179.912444,-2.26544549,-0.646471776,3.50470059,7.29743649,,,,,
12.7005305,cycle1_default_to_reload,Reload,452,0,7.800293,80.771484,-100.085449,-0,-70.3125,6.37207,270.263139,84.6636664,314.402988,-179.939002,-2.24280332,-0.582115621,2.1458658,5.63266204,,,,,
12.7256248,cycle1_default_to_reload,Reload,453,0,7.77832,80.793457,-100.063477,-0,-70.356445,6.350098,270.26076,84.5552566,314.542573,-179.939144,-2.24280352,-0.582143788,2.4765659,7.04366172,,,,,
12.7507083,cycle1_default_to_reload,Reload,454,0,7.756348,80.81543,-100.041504,-0.021973,-70.422363,6.350098,270.225574,84.4186934,314.649784,-179.96286,-2.22005249,-0.551982153,3.15839243,7.06235118,,,,,
12.7758031,cycle1_default_to_reload,Reload,455,0,7.756348,80.81543,-100.041504,-0.021973,-70.466309,6.350098,270.176177,84.4119587,314.649497,-179.968456,-2.22010902,-0.483498247,1.75120311,1.98667686,,,,,
12.8009043,cycle1_default_to_reload,Reload,456,0,7.756348,80.837402,-100.019531,-0.065918,-70.488281,6.350098,270.15001,84.3609136,314.724782,179.964002,2.2429027,0.525734358,2.31596963,3.77061723,,,,,
12.8306601,cycle1_default_to_reload,Reload,457,0,7.734375,80.837402,-100.019531,-0.065918,-70.554199,6.37207,270.108247,84.2472121,314.724395,179.957014,2.1737368,0.42297004,2.44909951,4.07078746,,,,,
12.8557723,cycle1_default_to_reload,Reload,458,0,7.734375,80.859375,-100.019531,-0.087891,-70.554199,6.37207,270.068115,84.217994,314.76849,179.938897,2.18490652,0.461172446,1.23742937,2.64403604,,,,,
12.8808632,cycle1_default_to_reload,Reload,459,0,7.712402,80.859375,-99.997559,-0.065918,-70.576172,6.328125,270.130175,84.1422063,314.864084,179.959029,2.20821574,0.457201342,2.47690945,5.45496922,,,,,
12.90995,cycle1_default_to_reload,Reload,460,0,7.712402,80.859375,-99.997559,-0.087891,-70.598145,6.350098,270.097557,84.1140066,314.831749,179.936163,2.18479679,0.426892486,1.30843941,1.85289919,,,,,
12.9350543,cycle1_default_to_reload,Reload,461,0,7.712402,80.859375,-99.997559,-0.065918,-70.598145,6.350098,270.105474,84.1388516,314.863965,179.956895,2.17365885,0.422953696,0.875268928,1.65095769,,,,,
12.9601746,cycle1_default_to_reload,Reload,462,0,7.712402,80.859375,-99.997559,-0.087891,-70.620117,6.37207,270.072858,84.1106489,314.83164,179.93401,2.15023975,0.392659301,1.51500025,2.14527539,,,,,
12.9884987,cycle1_default_to_reload,Reload,463,0,7.712402,80.859375,-99.997559,-0.087891,-70.620117,6.350098,270.072858,84.1106489,314.83164,179.933547,2.18474002,0.392643317,0.775734406,0,,,,,
13.0136075,cycle1_default_to_reload,Reload,464,0,7.712402,80.859375,-99.997559,-0.087891,-70.620117,6.350098,270.072858,84.1106489,314.83164,179.933547,2.18474002,0.392643317,0,0,,,,,
13.0387068,cycle1_default_to_reload,Reload,465,0,7.712402,80.859375,-99.997559,-0.087891,-70.620117,6.350098,270.072858,84.1106489,314.83164,179.933547,2.18474002,0.392643317,0,0,,,,,
13.0638015,cycle1_default_to_reload,Reload,466,0,7.712402,80.859375,-99.997559,-0.087891,-70.620117,6.350098,270.072858,84.1106489,314.83164,179.933547,2.18474002,0.392643317,0,0,,,,,
13.0888805,cycle1_default_to_reload,Reload,467,0,7.712402,80.859375,-99.997559,-0.087891,-70.620117,6.350098,270.072858,84.1106489,314.83164,179.933547,2.18474002,0.392643317,0,0,,,,,
13.113986,cycle1_default_to_reload,Reload,468,0,7.712402,80.859375,-99.997559,-0.109863,-70.620117,6.350098,270.064947,84.0857894,314.799434,179.912815,2.19586842,0.39658514,0.875187535,1.65087588,,,,,
13.1402943,cycle1_default_to_reload,Reload,469,0,7.69043,80.859375,-99.997559,-0.087891,-70.620117,6.350098,270.105093,84.0070742,314.83164,179.933914,2.15023861,0.392627319,1.18111404,3.57484062,,,,,
13.16536,cycle1_default_to_reload,Reload,470,0,7.712402,80.881348,-99.997559,-0.065918,-70.620117,6.350098,270.048509,84.1311275,314.940138,179.956887,2.17362127,0.422956839,1.51832325,6.95172341,,,,,
13.1904581,cycle1_default_to_reload,Reload,471,0,7.712402,80.881348,-99.997559,-0.087891,-70.620117,6.350098,270.040605,84.106281,314.907918,179.936153,2.18474669,0.426896156,0.875485108,1.65143719,,,,,
13.220144,cycle1_default_to_reload,Reload,472,0,7.712402,80.859375,-99.997559,-0.087891,-70.620117,6.350098,270.072858,84.1106489,314.83164,179.933547,2.18474002,0.392643317,0.740181202,2.79366284,,,,,
13.2452583,cycle1_default_to_reload,Reload,473,0,7.712402,80.881348,-99.997559,-0.109863,-70.620117,6.350098,270.032706,84.0814231,314.875709,179.915419,2.195869,0.43083438,1.23729549,2.6437668,,,,,
13.2703712,cycle1_default_to_reload,Reload,474,0,7.712402,80.859375,-99.997559,-0.065918,-70.620117,6.350098,270.080775,84.1354971,314.863855,179.954279,2.17360849,0.388700401,1.95645629,2.9194359,,,,,
13.301405,cycle1_default_to_reload,Reload,475,0,7.712402,80.859375,-99.997559,-0.087891,-70.620117,6.350098,270.072858,84.1106489,314.83164,179.933547,2.18474002,0.392643317,0.708035507,1.33557517,,,,,
13.3268108,cycle1_default_to_reload,Reload,476,0,7.712402,80.881348,-99.997559,-0.065918,-70.620117,6.350098,270.048509,84.1311275,314.940138,179.956887,2.17362127,0.422956839,1.22312276,4.45042837,,,,,
13.3519011,cycle1_default_to_reload,Reload,477,0,7.712402,80.881348,-99.997559,-0.087891,-70.620117,6.350098,270.040605,84.106281,314.907918,179.936153,2.18474669,0.426896156,0.875759643,1.65195505,,,,,
13.3770528,cycle1_default_to_reload,Reload,478,0,7.712402,80.859375,-99.997559,-0.087891,-70.620117,6.328125,270.072858,84.1106489,314.83164,179.933077,2.21924175,0.392627318,1.23548222,3.29729224,,,,,
13.4021437,cycle1_default_to_reload,Reload,479,0,7.69043,80.859375,-99.997559,-0.087891,-70.620117,6.350098,270.105093,84.0070742,314.83164,179.933914,2.15023861,0.392627319,1.23844768,4.3232764,,,,,
13.4272561,cycle1_default_to_reload,Reload,480,0,7.712402,80.859375,-99.997559,-0.087891,-70.620117,6.37207,270.072858,84.1106489,314.83164,179.93401,2.15023975,0.392659301,1.23736131,4.31958231,,,,,
13.452364,cycle1_default_to_reload,Reload,481,0,7.712402,80.859375,-99.997559,-0.065918,-70.620117,6.350098,270.080775,84.1354971,314.863855,179.954279,2.17360849,0.388700401,1.23761272,1.65079424,,,,,
13.4790871,cycle1_default_to_reload,Reload,482,0,7.712402,80.859375,-99.997559,-0.087891,-70.620117,6.350098,270.072858,84.1106489,314.83164,179.933547,2.18474002,0.392643317,0.82224599,1.55101166,,,,,
13.5041854,cycle1_default_to_reload,Reload,483,0,7.712402,80.881348,-99.997559,-0.087891,-70.598145,6.328125,270.065304,84.1096387,314.908038,179.938285,2.21930602,0.461131913,1.51634728,3.05907173,,,,,
13.5292847,cycle1_default_to_reload,Reload,484,0,7.712402,80.859375,-99.997559,-0.087891,-70.598145,6.328125,270.097557,84.1140066,314.831749,179.935689,2.21929897,0.426877279,0.875443526,3.30453386,,,,,
13.5562515,cycle1_default_to_reload,Reload,485,0,7.712402,80.859375,-99.997559,-0.087891,-70.598145,6.328125,270.097557,84.1140066,314.831749,179.935689,2.21929897,0.426877279,0,0,,,,,
13.581362,cycle1_default_to_reload,Reload,486,0,7.69043,80.859375,-99.997559,-0.065918,-70.620117,6.350098,270.11302,84.0319193,314.863855,179.954645,2.13910312,0.388690603,1.75006589,3.56378546,,,,,
13.6064568,cycle1_default_to_reload,Reload,487,0,7.712402,80.859375,-99.997559,-0.065918,-70.620117,6.328125,270.080775,84.1354971,314.863855,179.953811,2.20811421,0.388690602,1.23825942,4.32284764,,,,,
13.631536,cycle1_default_to_reload,Reload,488,0,7.69043,80.859375,-100.019531,-0.087891,-70.598145,6.350098,270.083227,84.0041342,314.76826,179.933925,2.1502887,0.392625208,1.95906095,6.47875578,,,,,
13.6566415,cycle1_default_to_reload,Reload,489,0,7.712402,80.859375,-99.997559,-0.087891,-70.620117,6.350098,270.072858,84.1106489,314.83164,179.933547,2.18474002,0.392643317,1.51586928,4.95420478,,,,,
13.6625941,cycle1_reload_to_default,Default,0,0,7.712402,80.859375,-99.997559,-0.087891,-70.620117,6.350098,270.072858,84.1106489,314.83164,179.933547,2.18474002,0.392643317,0,0,,,,,
13.6876874,cycle1_reload_to_default,Default,1,0,7.69043,80.859375,-99.997559,-0.065918,-70.620117,6.328125,270.11302,84.0319193,314.863855,179.954184,2.17360892,0.38868079,1.51664983,3.74879612,,,,,
13.7159462,cycle1_reload_to_default,Default,2,0,7.712402,80.881348,-99.997559,-0.087891,-70.598145,6.328125,270.065304,84.1096387,314.908038,179.938285,2.21930602,0.461131913,1.55509078,3.58603942,,,,,
13.7410502,cycle1_reload_to_default,Default,3,0,7.712402,80.859375,-99.997559,-0.065918,-70.598145,6.328125,270.105474,84.1388516,314.863965,179.956423,2.20816501,0.422944689,1.23782894,2.6451495,,,,,
13.7670789,cycle1_reload_to_default,Default,4,0,7.712402,80.881348,-99.997559,-0.043945,-70.598145,6.350098,270.081118,84.1593128,314.972486,179.98023,2.16253709,0.453275038,1.46217253,4.34471313,,,,,
13.7921824,cycle1_reload_to_default,Default,5,0,7.712402,80.859375,-99.997559,-0.087891,-70.598145,6.328125,270.097557,84.1140066,314.831749,179.935689,2.21929897,0.426877279,2.14402335,5.92585489,,,,,
13.8172746,cycle1_reload_to_default,Default,6,0,7.712402,80.859375,-99.997559,-0.065918,-70.576172,6.350098,270.130175,84.1422063,314.864084,179.959505,2.17370912,0.45720956,1.51674489,2.14788347,,,,,
13.8423984,cycle1_reload_to_default,Default,7,0,7.712402,80.859375,-99.997559,-0.065918,-70.554199,6.328125,270.154875,84.145561,314.864213,179.961628,2.20826639,0.491459003,1.23685397,0.992188414,,,,,
13.8674939,cycle1_reload_to_default,Default,8,0,7.712402,80.859375,-99.997559,-0.065918,-70.532227,6.350098,270.179575,84.1489156,314.864352,179.964705,2.17380944,0.525722751,1.23822413,0.993264932,,,,,
13.8989663,cycle1_reload_to_default,Default,9,0,7.734375,80.859375,-100.019531,-0.021973,-70.488281,6.350098,270.16599,84.3025588,314.865563,-179.963359,-2.18550793,-0.551990796,2.20776554,4.90102938,,,,,
13.9243879,cycle1_reload_to_default,Default,10,0,7.734375,80.837402,-100.019531,-0,-70.444336,6.350098,270.255573,84.338444,314.821758,-179.940133,-2.17379976,-0.582171871,2.11716731,4.16890179,,,,,
13.9494967,cycle1_reload_to_default,Default,11,0,7.756348,80.837402,-100.041504,-0,-70.400391,6.37207,270.226045,84.4424675,314.758543,-179.937175,-2.1737656,-0.61637715,2.31528097,4.98849973,,,,,
13.974627,cycle1_reload_to_default,Default,12,0,7.77832,80.81543,-100.063477,0.021973,-70.356445,6.350098,270.236595,84.575644,314.651195,-179.915923,-2.23102702,-0.612307271,2.6230516,6.81961807,,,,,
13.999738,cycle1_reload_to_default,Default,13,0,7.77832,80.793457,-100.063477,0.043945,-70.3125,6.37207,270.326131,84.6115354,314.607372,-179.893051,-2.18472269,-0.642435079,2.31506807,4.21928415,,,,,
14.0248504,cycle1_reload_to_default,Default,14,0,7.800293,80.771484,-100.063477,0.065918,-70.246582,6.350098,270.407885,84.7544739,314.563733,-179.866152,-2.24180631,-0.706797849,3.15476413,6.78354367,,,,,
14.0499489,cycle1_reload_to_default,Default,15,0,7.800293,80.749512,-100.085449,0.087891,-70.202637,6.350098,270.450762,84.783955,314.456347,-179.845784,-2.22992646,-0.702719362,2.31621163,4.75439022,,,,,
14.0750284,cycle1_reload_to_default,Default,16,0,7.844238,80.727539,-100.107422,0.131836,-70.092773,6.350098,270.510596,85.0556949,314.381838,-179.795476,-2.27490648,-0.797068781,5.18321968,11.4855864,,,,,
14.1001356,cycle1_reload_to_default,Default,17,0,7.844238,80.705566,-100.107422,0.153809,-70.048828,6.37207,270.600095,85.0915525,314.337996,-179.772598,-2.22842071,-0.827104531,2.31543487,4.21850134,,,,,
14.1252298,cycle1_reload_to_default,Default,18,0,7.888184,80.683594,-100.129395,0.175781,-69.938965,6.37207,270.651591,85.3386898,314.231337,-179.742571,-2.28503574,-0.925436258,4.95315997,10.9209236,,,,,
14.1503458,cycle1_reload_to_default,Default,19,0,7.910156,80.661621,-100.151367,0.197754,-69.873047,6.37207,270.686246,85.475277,314.124186,-179.718828,-2.30727014,-0.955420984,3.15430388,7.04837289,,,,,
14.1754253,cycle1_reload_to_default,Default,20,0,7.932129,80.639648,-100.17334,0.241699,-69.763184,6.37207,270.778295,85.6432887,314.049882,-179.668932,-2.31725456,-1.0495862,4.95607938,8.19315369,,,,,
14.2005095,cycle1_reload_to_default,Default,21,0,7.954102,80.595703,-100.195312,0.241699,-69.675293,6.37207,270.861147,85.7631473,313.834085,-179.665529,-2.35118903,-1.08368421,4.10859339,10.3803138,,,,,
14.2257035,cycle1_reload_to_default,Default,22,0,7.998047,80.57373,-100.217285,0.307617,-69.543457,6.37207,270.952876,86.0630461,313.792469,-179.591742,-2.38313493,-1.20761732,6.2283347,12.5571035,,,,,
14.2508011,cycle1_reload_to_default,Default,23,0,8.02002,80.551758,-100.26123,0.351562,-69.477539,6.37207,270.948349,86.2175777,313.654017,-179.550699,-2.3928183,-1.19915067,3.81615049,8.26898868,,,,,
14.2760496,cycle1_reload_to_default,Default,24,0,8.041992,80.507812,-100.283203,0.373535,-69.32373,6.394043,271.112844,86.3723457,313.471546,-179.518381,-2.3794902,-1.33127835,6.57030494,11.4999672,,,,,
14.3011501,cycle1_reload_to_default,Default,25,0,8.085938,80.463867,-100.305176,0.439453,-69.23584,6.416016,271.186411,86.6697981,313.352449,-179.453838,-2.3764876,-1.35233531,5.17886023,13.0972227,,,,,
14.3262613,cycle1_reload_to_default,Default,26,0,8.129883,80.441895,-100.327148,0.483398,-69.082031,6.416016,271.293854,86.9486278,313.279347,-179.39713,-2.41944274,-1.51412528,6.72111338,12.250562,,,,,
14.3513739,cycle1_reload_to_default,Default,27,0,8.151855,80.397949,-100.371094,0.527344,-68.972168,6.394043,271.369635,87.1143123,313.064766,-179.352999,-2.46232226,-1.53977496,5.46416626,11.2092877,,,,,
14.3764575,cycle1_reload_to_default,Default,28,0,8.195801,80.375977,-100.393066,0.527344,-68.862305,6.416016,271.410552,87.3375391,312.926391,-179.342935,-2.49554059,-1.64152849,4.95527855,10.5967626,,,,,
14.4015627,cycle1_reload_to_default,Default,29,0,8.239746,80.332031,-100.437012,0.615234,-68.708496,6.416016,271.518392,87.6629136,312.777377,-179.251919,-2.51279276,-1.72627847,7.68005297,14.8880894,,,,,
14.4266441,cycle1_reload_to_default,Default,30,0,8.261719,80.288086,-100.458984,0.681152,-68.57666,6.416016,271.673748,87.863056,312.659298,-179.181719,-2.50801113,-1.81539986,6.256274,11.1447821,,,,,
14.4517505,cycle1_reload_to_default,Default,31,0,8.327637,80.244141,-100.50293,0.725098,-68.400879,6.416016,271.755033,88.2473955,312.446411,-179.12721,-2.58347122,-1.94230585,8.06876583,17.7968988,,,,,
14.4768422,cycle1_reload_to_default,Default,32,0,8.349609,80.200195,-100.524902,0.791016,-68.269043,6.437988,271.910024,88.4474498,312.328425,-179.057254,-2.5436624,-2.03091831,6.31473308,11.1280475,,,,,
14.5019357,cycle1_reload_to_default,Default,33,0,8.415527,80.134277,-100.59082,0.834961,-68.071289,6.459961,271.99874,88.8330285,311.975174,-179.006261,-2.58345528,-2.12326024,9.30807193,21.1370408,,,,,
14.5270431,cycle1_reload_to_default,Default,34,0,8.4375,80.112305,-100.612793,0.878906,-67.939453,6.459961,272.113577,89.0042717,311.902482,-178.952805,-2.5902197,-2.25027343,5.73872255,8.70749145,,,,,
14.5521588,cycle1_reload_to_default,Default,35,0,8.503418,80.046387,-100.656738,0.944824,-67.719727,6.437988,272.281747,89.424608,311.646101,-178.874604,-2.68499597,-2.40651772,10.0513155,20.7154512,,,,,
14.5772655,cycle1_reload_to_default,Default,36,0,8.547363,80.002441,-100.678711,1.010742,-67.587891,6.481934,272.40153,89.7289252,311.528293,-178.804013,-2.64377644,-2.49386298,6.66512765,13.8455024,,,,,
14.60234,cycle1_reload_to_default,Default,37,0,8.635254,79.936523,-100.766602,1.098633,-67.302246,6.481934,272.521392,90.274101,311.179256,-178.702069,-2.72288994,-2.67848884,13.1736386,26.2553416,,,,,
14.627423,cycle1_reload_to_default,Default,38,0,8.679199,79.892578,-100.788574,1.142578,-67.148438,6.481934,272.656134,90.5580481,311.030129,-178.647622,-2.76199211,-2.80457381,6.89756291,13.8691031,,,,,
14.6525099,cycle1_reload_to_default,Default,39,0,8.745117,79.804688,-100.83252,1.230469,-66.906738,6.503906,272.885585,91.0107843,310.729393,-178.549714,-2.77211283,-2.95465002,11.3186634,23.5169247,,,,,
14.6776035,cycle1_reload_to_default,Default,40,0,8.789062,79.760742,-100.876465,1.318359,-66.75293,6.503906,272.989556,91.335051,310.581212,-178.458932,-2.7837012,-3.03742487,7.68358761,14.799447,,,,,
14.7035053,cycle1_reload_to_default,Default,41,0,8.85498,79.694824,-100.942383,1.40625,-66.489258,6.525879,273.163967,91.7790912,310.295887,-178.357597,-2.79184908,-3.22078207,11.6314006,21.46102,,,,,
14.7330332,cycle1_reload_to_default,Default,42,0,8.942871,79.628906,-101.008301,1.472168,-66.247559,6.503906,273.268402,92.3005862,309.977486,-178.278208,-2.91558564,-3.37504423,9.55854745,20.9927884,,,,,
14.7581241,cycle1_reload_to_default,Default,43,0,8.986816,79.584961,-101.030273,1.560059,-66.071777,6.525879,273.443648,92.6355616,309.894554,-178.180456,-2.89093958,-3.52427272,8.3078436,15.4253657,,,,,
14.7832177,cycle1_reload_to_default,Default,44,0,9.030762,79.519043,-101.074219,1.604004,-65.895996,6.525879,273.582503,92.9205557,309.604699,-178.129605,-2.92633424,-3.61559623,8.07290562,17.1181873,,,,,
14.8120258,cycle1_reload_to_default,Default,45,0,9.140625,79.40918,-101.162109,1.73584,-65.522461,6.547852,273.835709,93.6412877,309.169409,-177.980154,-2.9685028,-3.8549027,15.1011617,30.5202127,,,,,
14.8371227,cycle1_reload_to_default,Default,46,0,9.18457,79.365234,-101.206055,1.779785,-65.324707,6.569824,273.967521,93.9251105,308.959561,-177.921861,-2.96848853,-4.0127366,8.66714326,15.0131583,,,,,
14.8622203,cycle1_reload_to_default,Default,47,0,9.272461,79.277344,-101.271973,1.889648,-65.039062,6.569824,274.16448,94.505609,308.630261,-177.79952,-3.02512946,-4.18936375,13.4209874,27.7258131,,,,,
14.887311,cycle1_reload_to_default,Default,48,0,9.338379,79.233398,-101.315918,1.955566,-64.841309,6.591797,274.268174,94.9178311,308.453146,-177.720281,-3.04422571,-4.34125208,9.10081947,18.3529461,,,,,
14.9129176,cycle1_reload_to_default,Default,49,0,9.404297,79.145508,-101.403809,2.087402,-64.533691,6.591797,274.485205,95.4116752,308.093908,-177.5798,-3.04952489,-4.51302392,14.1779097,25.3099412,,,,,
14.9380176,cycle1_reload_to_default,Default,50,0,9.470215,79.07959,-101.447754,2.175293,-64.335938,6.591797,274.626621,95.8516624,307.870307,-177.485005,-3.08659801,-4.6265498,9.54951396,20.4543851,,,,,
14.9630928,cycle1_reload_to_default,Default,51,0,9.558105,78.991699,-101.513672,2.263184,-64.006348,6.591797,274.858763,96.4159053,307.512222,-177.374598,-3.15177504,-4.87381997,14.7150914,28.2131231,,,,,
14.988194,cycle1_reload_to_default,Default,52,0,9.624023,78.925781,-101.557617,2.329102,-63.808594,6.61377,274.988704,96.8328303,307.256446,-177.299257,-3.1676454,-4.99091564,9.30524279,20.1622043,,,,,
15.0132852,cycle1_reload_to_default,Default,53,0,9.711914,78.837891,-101.623535,2.460938,-63.457031,6.635742,275.262556,97.4465328,306.965143,-177.145839,-3.16714886,-5.26020968,16.0042477,29.1915543,,,,,
15.0383685,cycle1_reload_to_default,Default,54,0,9.777832,78.75,-101.689453,2.526855,-63.237305,6.635742,275.395389,97.8636937,306.56735,-177.075216,-3.21362072,-5.34414072,10.4752622,23.5825882,,,,,
15.0634944,cycle1_reload_to_default,Default,55,0,9.84375,78.706055,-101.733398,2.614746,-63.017578,6.635742,275.528317,98.301936,306.425579,-176.972187,-3.24656097,-5.52325033,10.085236,19.0798735,,,,,
15.0885596,cycle1_reload_to_default,Default,56,0,9.953613,78.596191,-101.799316,2.746582,-62.666016,6.679688,275.789821,99.0257227,306.055199,-176.821663,-3.24166683,-5.75569884,16.5167892,34.0739191,,,,,
15.1136656,cycle1_reload_to_default,Default,57,0,9.997559,78.530273,-101.865234,2.8125,-62.424316,6.679688,275.953283,99.3354801,305.739261,-176.744001,-3.25172756,-5.90676087,10.790187,18.7877272,,,,,
15.1387639,cycle1_reload_to_default,Default,58,0,10.129395,78.442383,-101.953125,2.944336,-62.072754,6.70166,276.0957,100.150952,305.385383,-176.592095,-3.31187193,-6.13798996,16.6337801,35.8701996,,,,,
15.1638572,cycle1_reload_to_default,Default,59,0,10.17334,78.354492,-101.99707,3.010254,-61.809082,6.70166,276.359512,100.47795,305.055592,-176.510283,-3.31940196,-6.32195272,11.6496084,21.2854418,,,,,
15.1908422,cycle1_reload_to_default,Default,60,0,10.327148,78.222656,-102.128906,3.186035,-61.325684,6.70166,276.58509,101.458543,304.489512,-176.312663,-3.4051041,-6.60884773,21.0607523,42.7835171,,,,,
15.216006,cycle1_reload_to_default,Default,61,0,10.349121,78.178711,-102.150879,3.251953,-61.193848,6.70166,276.731692,101.655086,304.373143,-176.243268,-3.38478343,-6.69266831,6.23577011,10.7856474,,,,,
15.2411089,cycle1_reload_to_default,Default,62,0,10.50293,78.046875,-102.282715,3.405762,-60.666504,6.745605,276.991078,102.620031,303.779844,-176.05592,-3.41222535,-7.04781724,23.9712349,46.2923133,,,,,
15.2665505,cycle1_reload_to_default,Default,63,0,10.546875,78.00293,-102.282715,3.449707,-60.556641,6.745605,277.111933,102.905855,303.693424,-176.003405,-3.44183162,-7.13518827,5.25335144,12.6616292,,,,,
15.2916417,cycle1_reload_to_default,Default,64,0,10.700684,77.849121,-102.436523,3.647461,-60.007324,6.767578,277.389999,103.913412,303.022439,-175.783995,-3.46492861,-7.44613479,25.5912187,49.5018533,,,,,
15.3192856,cycle1_reload_to_default,Default,65,0,10.810547,77.717285,-102.502441,3.779297,-59.567871,6.811523,277.760929,104.655343,302.582117,-175.620494,-3.44101281,-7.77238031,17.9501423,33.9718102,,,,,
15.3443704,cycle1_reload_to_default,Default,66,0,10.898438,77.651367,-102.568359,3.867188,-59.282227,6.789551,277.894615,105.20478,302.305212,-175.512371,-3.52536719,-7.98041368,12.9922392,25.0999693,,,,,
15.3696747,cycle1_reload_to_default,Default,67,0,11.008301,77.519531,-102.678223,4.020996,-58.864746,6.811523,278.14797,105.944396,301.766525,-175.345354,-3.51489698,-8.20181155,19.3582654,37.5201895,,,,,
15.3947794,cycle1_reload_to_default,Default,68,0,11.074219,77.453613,-102.744141,4.108887,-58.557129,6.855469,278.344034,106.39025,301.492896,-175.23336,-3.46118069,-8.43942456,13.643621,22.2531162,,,,,
15.4198523,cycle1_reload_to_default,Default,69,0,11.206055,77.321777,-102.832031,4.262695,-58.117676,6.855469,278.627149,107.248913,301.021816,-175.055226,-3.51388151,-8.72548139,20.3079616,40.6614358,,,,,
15.444957,cycle1_reload_to_default,Default,70,0,11.293945,77.233887,-102.897949,4.394531,-57.810059,6.855469,278.829153,107.848367,300.731125,-174.910705,-3.52430666,-8.91931338,14.4612979,27.730551,,,,,
15.4705148,cycle1_reload_to_default,Default,71,0,11.425781,77.124023,-103.029785,4.54834,-57.348633,6.877441,279.004523,108.683892,300.216853,-174.733337,-3.53687808,-9.20257031,20.8472547,38.9964073,,,,,
15.4995081,cycle1_reload_to_default,Default,72,0,11.535645,76.970215,-103.117676,4.680176,-56.887207,6.921387,279.360797,109.421661,299.634977,-174.575703,-3.49700645,-9.49060448,18.1093223,34.6594949,,,,,
15.5246203,cycle1_reload_to_default,Default,73,0,11.623535,76.882324,-103.183594,4.812012,-56.557617,6.921387,279.582531,110.022855,299.347937,-174.426847,-3.50105879,-9.71561226,15.205553,27.9599357,,,,,
15.549686,cycle1_reload_to_default,Default,74,0,11.755371,76.750488,-103.293457,4.987793,-56.074219,6.943359,279.863337,110.89566,298.851968,-174.226856,-3.48839178,-10.023496,22.2802096,41.5872902,,,,,
15.5747807,cycle1_reload_to_default,Default,75,0,11.843262,76.662598,-103.359375,5.075684,-55.744629,6.965332,280.057858,111.454397,298.501539,-174.113848,-3.49027876,-10.2571766,14.7296754,27.4011184,,,,,
15.5998936,cycle1_reload_to_default,Default,76,0,11.953125,76.574707,-103.425293,5.185547,-55.437012,6.965332,280.195767,112.136801,298.180121,-173.986453,-3.54192722,-10.4516807,14.4035858,30.5346912,,,,,
15.6250012,cycle1_reload_to_default,Default,77,0,12.084961,76.420898,-103.535156,5.339355,-54.931641,6.965332,280.506745,112.995983,297.57317,-173.806389,-3.57129927,-10.7650878,22.9546707,43.6897516,,,,,
15.6500957,cycle1_reload_to_default,Default,78,0,12.172852,76.333008,-103.623047,5.471191,-54.580078,6.987305,280.693994,113.586485,297.226245,-173.658735,-3.53137549,-10.9857131,16.1689412,28.2933708,,,,,
15.6751957,cycle1_reload_to_default,Default,79,0,12.32666,76.201172,-103.754883,5.646973,-54.052734,7.03125,280.91593,114.558276,296.674567,-173.45301,-3.50327795,-11.3187829,24.2125142,45.3900866,,,,,
15.7003059,cycle1_reload_to_default,Default,80,0,12.414551,76.091309,-103.798828,5.756836,-53.723145,7.03125,281.190435,115.151056,296.338367,-173.322856,-3.51394974,-11.5455646,15.0294001,29.2586085,,,,,
15.7253547,cycle1_reload_to_default,Default,81,0,12.568359,75.9375,-103.930664,5.932617,-53.195801,7.053223,281.430839,116.12587,295.703369,-173.124681,-3.51301029,-11.8462829,24.420117,47.4264611,,,,,
15.7504539,cycle1_reload_to_default,Default,82,0,12.65625,75.849609,-104.018555,6.04248,-52.844238,7.053223,281.597922,116.692633,295.325947,-172.996082,-3.51769447,-12.0723776,15.8788833,27.9343071,,,,,
15.7755399,cycle1_reload_to_default,Default,83,0,12.788086,75.695801,-104.128418,6.218262,-52.316895,7.075195,281.928532,117.568195,294.756446,-172.794019,-3.47996951,-12.4056683,24.0033536,43.6721577,,,,,
15.8006287,cycle1_reload_to_default,Default,84,0,12.897949,75.60791,-104.216309,6.37207,-51.965332,7.097168,282.07332,118.279533,294.443117,-172.62831,-3.44419239,-12.614234,16.6861646,31.5143781,,,,,
15.8257251,cycle1_reload_to_default,Default,85,0,13.051758,75.454102,-104.326172,6.547852,-51.437988,7.119141,282.352767,119.260223,293.874199,-172.424861,-3.43443565,-12.9435457,24.2001343,46.528342,,,,,
15.8508315,cycle1_reload_to_default,Default,86,0,13.139648,75.344238,-104.414062,6.679688,-51.108398,7.141113,282.52543,119.843424,293.440275,-172.2918,-3.38111883,-13.0945636,15.6312238,29.7591353,,,,,
15.8759336,cycle1_reload_to_default,Default,87,0,13.293457,75.212402,-104.523926,6.855469,-50.581055,7.141113,282.774998,120.815622,292.957098,-172.082949,-3.40092697,-13.4563485,23.9718816,44.3772066,,,,,
15.901037,cycle1_reload_to_default,Default,88,0,13.40332,75.102539,-104.589844,6.965332,-50.251465,7.163086,282.935814,121.498713,292.556534,-171.958365,-3.39784447,-13.6423207,15.4110408,32.1884986,,,,,
15.9261351,cycle1_reload_to_default,Default,89,0,13.535156,74.94873,-104.699707,7.119141,-49.724121,7.185059,283.235212,122.34676,291.956908,-171.775452,-3.36505003,-13.9768547,23.7509602,43.067588,,,,,
15.9512382,cycle1_reload_to_default,Default,90,0,13.64502,74.86084,-104.787598,7.272949,-49.416504,7.185059,283.319896,123.042902,291.635673,-171.624499,-3.3551411,-14.1190798,15.211027,30.7271849,,,,,
15.9772871,cycle1_reload_to_default,Default,91,0,13.842773,74.663086,-104.941406,7.492676,-48.735352,7.229004,283.62321,124.28004,290.8601,-171.373606,-3.30486987,-14.5224175,30.1313262,57.2506418,,,,,
16.0023754,cycle1_reload_to_default,Default,92,0,13.930664,74.553223,-105.05127,7.624512,-48.383789,7.250977,283.75483,124.845971,290.365306,-171.245311,-3.23788744,-14.6710993,16.5943046,30.4191832,,,,,
16.0274527,cycle1_reload_to_default,Default,93,0,14.084473,74.399414,-105.13916,7.822266,-47.878418,7.250977,284.051058,125.841014,289.88913,-171.028328,-3.22503459,-14.9890106,23.5760137,45.5468347,,,,,
16.0525532,cycle1_reload_to_default,Default,94,0,14.194336,74.311523,-105.249023,7.932129,-47.526855,7.250977,284.093331,126.489424,289.449751,-170.908688,-3.24183098,-15.1749522,16.3066877,31.2502182,,,,,
16.0778623,cycle1_reload_to_default,Default,95,0,14.326172,74.157715,-105.358887,8.10791,-47.021484,7.294922,284.364372,127.340902,288.877413,-170.717175,-3.14456745,-15.4638038,23.0842448,41.9278114,,,,,
16.1031744,cycle1_reload_to_default,Default,96,0,14.436035,74.047852,-105.424805,8.217773,-46.691895,7.294922,284.506168,128.015866,288.476432,-170.596469,-3.16220372,-15.6482678,15.2591762,31.5180018,,,,,
16.1285219,cycle1_reload_to_default,Default,97,0,14.589844,73.916016,-105.534668,8.393555,-46.186523,7.338867,284.700618,128.967507,287.991371,-170.395496,-3.09515046,-15.9644209,23.0493357,42.8321556,,,,,
16.1575484,cycle1_reload_to_default,Default,98,0,14.743652,73.762207,-105.666504,8.591309,-45.681152,7.338867,284.874904,129.925611,287.384786,-170.197818,-3.06717119,-16.2158502,20.6478184,39.5257321,,,,,
16.1826384,cycle1_reload_to_default,Default,99,0,14.831543,73.652344,-105.754395,8.701172,-45.32959,7.36084,285.029957,130.477289,286.923629,-170.08159,-3.01123306,-16.3997651,16.1243299,29.3170975,,,,,
16.2077227,cycle1_reload_to_default,Default,100,0,14.985352,73.520508,-105.864258,8.898926,-44.824219,7.382812,285.230858,131.439518,286.469817,-169.867678,-2.9493228,-16.709683,23.5206298,43.1616275,,,,,
16.2328205,cycle1_reload_to_default,Default,101,0,15.073242,73.410645,-105.952148,9.008789,-44.472656,7.404785,285.382002,131.988358,286.008642,-169.752324,-2.89067525,-16.8928506,16.1192924,29.1910906,,,,,
16.2579079,cycle1_reload_to_default,Default,102,0,15.227051,73.256836,-106.062012,9.162598,-43.989258,7.404785,285.542146,132.915451,285.399824,-169.587328,-2.899867,-17.1547514,22.4326021,44.6690508,,,,,
16.2829955,cycle1_reload_to_default,Default,103,0,15.314941,73.168945,-106.149902,9.294434,-43.637695,7.426758,285.684748,133.472347,285.057613,-169.44863,-2.81922532,-17.3616035,16.1733887,26.6670387,,,,,
16.3080819,cycle1_reload_to_default,Default,104,0,15.424805,73.059082,-106.237793,9.42627,-43.286133,7.44873,285.794996,134.142986,284.626867,-169.316541,-2.7681448,-17.5341621,16.5955305,32.0749477,,,,,
16.3331902,cycle1_reload_to_default,Default,105,0,15.578613,72.905273,-106.347656,9.602051,-42.780762,7.470703,285.986493,135.084348,284.053895,-169.130026,-2.71573329,-17.8167451,23.4327901,44.5485164,,,,,
16.3583002,cycle1_reload_to_default,Default,106,0,15.666504,72.817383,-106.413574,9.711914,-42.429199,7.470703,286.162106,135.635858,283.746647,-169.000625,-2.68686231,-18.0631279,15.7023273,26.096742,,,,,
16.3833721,cycle1_reload_to_default,Default,107,0,15.820312,72.663574,-106.523438,9.887695,-41.923828,7.514648,286.347712,136.573277,283.173611,-168.813727,-2.59824805,-18.3414503,23.5159321,44.4426561,,,,,
16.4084561,cycle1_reload_to_default,Default,108,0,15.930176,72.575684,-106.611328,9.997559,-41.572266,7.536621,286.412948,137.216547,282.80146,-168.68981,-2.56513417,-18.5500066,16.1281657,29.7409192,,,,,
16.433557,cycle1_reload_to_default,Default,109,0,16.062012,72.421875,-106.721191,10.195312,-41.066895,7.558594,286.662152,138.05525,282.258453,-168.493207,-2.45098724,-18.8266184,23.5049793,41.0242712,,,,,
16.4586592,cycle1_reload_to_default,Default,110,0,16.149902,72.333984,-106.831055,10.327148,-40.715332,7.536621,286.73901,138.584903,281.851298,-168.370284,-2.42391166,-19.0066246,16.3759499,26.7893241,,,,,
16.4837558,cycle1_reload_to_default,Default,111,0,16.303711,72.180176,-106.940918,10.524902,-40.187988,7.602539,286.954113,139.531575,281.313982,-168.16284,-2.27073698,-19.3041881,24.5926501,44.2122123,,,,,
16.5088627,cycle1_reload_to_default,Default,112,0,16.391602,72.070312,-107.028809,10.612793,-39.836426,7.580566,287.06636,140.04886,280.822223,-168.070952,-2.28535767,-19.4976315,15.898141,28.7770544,,,,,
16.5339708,cycle1_reload_to_default,Default,113,0,16.54541,71.938477,-107.138672,10.788574,-39.331055,7.602539,287.215626,140.967085,280.338703,-167.880374,-2.21973949,-19.8065573,23.2195949,41.7567304,,,,,
16.559087,cycle1_reload_to_default,Default,114,0,16.655273,71.828613,-107.226562,10.92041,-38.979492,7.624512,287.304628,141.620966,279.906552,-167.753968,-2.15497882,-19.9756724,16.5758659,31.4067842,,,,,
16.5841982,cycle1_reload_to_default,Default,115,0,16.787109,71.674805,-107.336426,11.096191,-38.452148,7.646484,287.54478,142.432971,279.338911,-167.570124,-2.04914736,-20.2881677,23.9792267,40.5967099,,,,,
16.6093099,cycle1_reload_to_default,Default,116,0,16.896973,71.586914,-107.424316,11.228027,-38.100586,7.668457,287.61158,143.077705,278.997101,-167.435134,-1.9836479,-20.4869288,16.3696967,29.18116,,,,,
16.6343496,cycle1_reload_to_default,Default,117,0,17.072754,71.38916,-107.578125,11.491699,-37.397461,7.712402,287.924143,144.164092,278.287857,-167.171737,-1.78543242,-20.8906027,32.4324157,53.2964642,,,,,
16.6594422,cycle1_reload_to_default,Default,118,0,17.182617,71.30127,-107.644043,11.601562,-37.045898,7.712402,288.023696,144.807359,277.982052,-167.044138,-1.77380439,-21.129158,15.9312932,28.6610453,,,,,
16.6845286,cycle1_reload_to_default,Default,119,0,17.270508,71.191406,-107.753906,11.689453,-36.694336,7.734375,288.065548,145.296246,277.424921,-166.961964,-1.71472151,-21.2844774,16.1266394,29.5936994,,,,,
16.7096233,cycle1_reload_to_default,Default,120,0,17.380371,71.103516,-107.819824,11.843262,-36.342773,7.734375,288.198843,145.964404,277.177764,-166.80683,-1.65504842,-21.5084891,16.4973542,28.8812624,,,,,
16.7355664,cycle1_reload_to_default,Default,121,0,17.556152,70.905762,-107.973633,12.084961,-35.617676,7.756348,288.50343,147.025295,276.445735,-166.55651,-1.49977647,-21.9520086,31.7467692,51.0516913,,,,,
16.7606647,cycle1_reload_to_default,Default,122,0,17.666016,70.795898,-108.061523,12.216797,-35.266113,7.77832,288.575377,147.663061,276.011939,-166.435359,-1.42448463,-22.1189564,16.5876839,30.8650745,,,,,
16.785754,cycle1_reload_to_default,Default,123,0,17.775879,70.708008,-108.127441,12.304688,-34.914551,7.800293,288.646475,148.28546,275.677633,-166.321169,-1.39915568,-22.3593942,15.739658,28.3016504,,,,,
16.8173692,cycle1_reload_to_default,Default,124,0,17.907715,70.554199,-108.259277,12.502441,-34.387207,7.822266,288.825799,149.068172,275.072548,-166.140908,-1.25233208,-22.6316362,19.3978955,31.8025737,,,,,
16.8454065,cycle1_reload_to_default,Default,125,0,18.061523,70.400391,-108.369141,12.678223,-33.859863,7.844238,288.9813,149.963205,274.503836,-165.961981,-1.1609681,-22.936524,21.6617268,38.226683,,,,,
16.877558,cycle1_reload_to_default,Default,126,0,18.193359,70.268555,-108.500977,12.854004,-33.310547,7.844238,289.14257,150.723387,273.969577,-165.781513,-1.06486884,-23.2799128,19.2934876,29.3310552,,,,,
16.9033453,cycle1_reload_to_default,Default,127,0,18.325195,70.114746,-108.61084,13.051758,-32.783203,7.866211,289.369074,151.51309,273.429107,-165.593845,-0.913990806,-23.5808933,23.613297,38.1343127,,,,,
16.9284458,cycle1_reload_to_default,Default,128,0,18.435059,70.026855,-108.69873,13.183594,-32.409668,7.866211,289.435968,152.135306,273.094508,-165.460662,-0.862226193,-23.8111051,17.1093067,28.2718545,,,,,
16.9643753,cycle1_reload_to_default,Default,129,0,18.632812,69.807129,-108.852539,13.425293,-31.706543,7.910156,289.643816,153.275187,272.260701,-165.233025,-0.689068248,-24.1828871,22.7098376,39.7307306,,,,,
17.0014007,cycle1_reload_to_default,Default,130,0,18.786621,69.675293,-108.962402,13.601074,-31.179199,7.932129,289.766964,154.147854,271.784436,-165.047537,-0.59043652,-24.5153101,16.2630623,27.0562164,,,,,
17.0349309,cycle1_reload_to_default,Default,131,0,18.918457,69.521484,-109.094238,13.798828,-30.629883,7.954102,289.948773,154.905895,271.184789,-164.867885,-0.426991284,-24.8170125,18.8564963,29.3315065,,,,,
17.0660753,cycle1_reload_to_default,Default,132,0,19.160156,69.279785,-109.291992,14.084473,-29.772949,7.976074,290.128413,156.258018,270.235873,-164.597014,-0.263981582,-25.2985552,31.6615934,53.3518609,,,,,
17.0932493,cycle1_reload_to_default,Default,133,0,19.27002,69.191895,-109.379883,14.216309,-29.421387,7.998047,290.159231,156.862792,269.892918,-164.472983,-0.17645801,-25.4926025,15.1273485,25.6101344,,,,,
17.127691,cycle1_reload_to_default,Default,134,0,19.401855,69.038086,-109.489746,14.370117,-28.916016,8.02002,290.298937,157.60041,269.286366,-164.326141,-0.0651721043,-25.7755214,16.7458494,28.0225755,,,,,
17.1599321,cycle1_reload_to_default,Default,135,0,19.599609,68.840332,-109.643555,14.611816,-28.212891,8.063965,290.462204,158.702796,268.543556,-164.095912,0.120648177,-26.174543,25.1328712,41.5395943,,,,,
17.1850204,cycle1_reload_to_default,Default,136,0,19.753418,68.686523,-109.775391,14.787598,-27.70752,8.063965,290.497594,159.533975,267.897929,-163.951111,0.199308232,-26.4214961,23.6144929,41.9742841,,,,,
17.212594,cycle1_reload_to_default,Default,137,0,19.907227,68.532715,-109.907227,14.985352,-27.224121,8.10791,290.527538,160.369017,267.270232,-163.797851,0.364470369,-26.6219485,21.128434,37.9015609,,,,,
17.2377014,cycle1_reload_to_default,Default,138,0,19.995117,68.444824,-109.973145,15.095215,-26.894531,8.10791,290.621086,160.85736,266.956214,-163.691178,0.426903589,-26.8293379,14.9288927,23.4225373,,,,,
17.2627821,cycle1_reload_to_default,Default,139,0,20.126953,68.291016,-110.083008,15.292969,-26.367188,8.129883,290.811455,161.599672,266.410099,-163.51738,0.598969956,-27.128505,24.2785801,37.519523,,,,,
17.2878721,cycle1_reload_to_default,Default,140,0,20.236816,68.203125,-110.170898,15.424805,-26.037598,8.129883,290.804713,162.184299,266.056857,-163.409581,0.659127602,-27.2958254,15.6169363,27.2256788,,,,,
17.3129706,cycle1_reload_to_default,Default,141,0,20.390625,68.049316,-110.280762,15.600586,-25.532227,8.151855,290.882683,163.019542,265.474367,-163.254924,0.773588628,-27.5670949,23.4419329,40.6906092,,,,,
17.3380663,cycle1_reload_to_default,Default,142,0,20.478516,67.961426,-110.390625,15.710449,-25.180664,8.173828,290.878623,163.459446,265.037471,-163.164192,0.877436554,-27.7440566,16.1206793,24.7057763,,,,,
17.3631554,cycle1_reload_to_default,Default,143,0,20.588379,67.851562,-110.456543,15.820312,-24.851074,8.195801,290.914335,164.054561,264.6269,-163.066771,0.945317548,-27.9141434,15.4198391,28.8525362,,,,,
17.3882487,cycle1_reload_to_default,Default,144,0,20.720215,67.719727,-110.566406,16.018066,-24.345703,8.195801,291.057567,164.77384,264.165521,-162.896496,1.08676476,-28.2156486,23.2827338,34.5293997,,,,,
17.4133732,cycle1_reload_to_default,Default,145,0,20.830078,67.609863,-110.654297,16.171875,-23.994141,8.239746,291.100277,165.362938,263.749834,-162.778878,1.24446378,-28.3693061,16.9355691,28.7471149,,,,,
17.4384632,cycle1_reload_to_default,Default,146,0,20.961914,67.456055,-110.786133,16.347656,-23.510742,8.239746,291.147912,166.046829,263.090441,-162.656173,1.362916,-28.5917891,22.6514248,37.9114246,,,,,
17.463551,cycle1_reload_to_default,Default,147,0,21.071777,67.368164,-110.852051,16.45752,-23.15918,8.261719,291.187099,166.631059,262.783942,-162.539919,1.43490729,-28.8204432,15.9583584,26.3438267,,,,,
17.4886506,cycle1_reload_to_default,Default,148,0,21.203613,67.214355,-110.983887,16.633301,-22.653809,8.283691,291.252637,167.310189,262.132901,-162.407544,1.58969421,-29.0691944,23.4083177,37.5729281,,,,,
17.513747,cycle1_reload_to_default,Default,149,0,21.313477,67.126465,-111.071777,16.765137,-22.324219,8.305664,291.230466,167.874176,261.776984,-162.302847,1.68788719,-29.2324935,15.6374629,26.5882678,,,,,
17.5388501,cycle1_reload_to_default,Default,150,0,21.445312,66.972656,-111.181641,16.940918,-21.796875,8.327637,291.371752,168.570632,261.199878,-162.15085,1.84595789,-29.5398374,23.9869729,36.4679488,,,,,
17.5640533,cycle1_reload_to_default,Default,151,0,21.555176,66.884766,-111.269531,17.072754,-21.467285,8.349609,291.346162,169.129794,260.84335,-162.047511,1.9455242,-29.7033086,15.571189,26.3318987,,,,,
17.5891631,cycle1_reload_to_default,Default,152,0,21.687012,66.730957,-111.379395,17.270508,-20.961914,8.349609,291.483107,169.825315,260.281003,-161.898825,2.09771649,-29.9783461,23.4804417,36.0354344,,,,,
17.6142683,cycle1_reload_to_default,Default,153,0,21.796875,66.643066,-111.467285,17.402344,-20.632324,8.371582,291.454232,170.379499,259.923692,-161.796982,2.19867747,-30.1420785,15.631966,26.2900902,,,,,
17.639354,cycle1_reload_to_default,Default,154,0,21.928711,66.489258,-111.577148,17.578125,-20.10498,8.393555,291.58574,171.061951,259.34481,-161.648753,2.36047661,-30.4502036,24.0036064,36.0568291,,,,,
17.6644359,cycle1_reload_to_default,Default,155,0,22.038574,66.401367,-111.665039,17.687988,-19.775391,8.415527,291.529477,171.60403,258.962173,-161.558624,2.43585462,-30.6212794,15.3743624,26.5491431,,,,,
17.6895192,cycle1_reload_to_default,Default,156,0,22.17041,66.247559,-111.774902,17.86377,-19.248047,8.415527,291.655842,172.279658,258.382679,-161.415811,2.56833466,-30.934783,23.9899112,35.8417598,,,,,
17.7145948,cycle1_reload_to_default,Default,157,0,22.280273,66.137695,-111.862793,17.995605,-18.918457,8.4375,291.629976,172.828143,257.926268,-161.330516,2.67358283,-31.0719475,15.8696341,28.4743846,,,,,
17.739711,cycle1_reload_to_default,Default,158,0,22.412109,66.005859,-111.994629,18.171387,-18.391113,8.459473,291.683128,173.468555,257.378566,-161.185888,2.83857312,-31.381121,23.9425169,33.6178152,,,,,
17.7648056,cycle1_reload_to_default,Default,159,0,22.521973,65.895996,-112.08252,18.28125,-18.039551,8.481445,291.65173,174.006666,256.90716,-161.103332,2.92116523,-31.5560737,16.3340213,28.5353842,,,,,
17.7899163,cycle1_reload_to_default,Default,160,0,22.653809,65.76416,-112.192383,18.479004,-17.512207,8.503418,291.78297,174.670311,256.448515,-160.936431,3.11298588,-31.8857377,24.0434628,32.5484272,,,,,
17.8150086,cycle1_reload_to_default,Default,161,0,22.741699,65.67627,-112.258301,18.61084,-17.160645,8.525391,291.888666,175.118349,256.164316,-160.819651,3.25108514,-32.1128819,16.0034459,21.560283,,,,,
17.8403401,cycle1_reload_to_default,Default,162,0,22.895508,65.522461,-112.390137,18.786621,-16.655273,8.525391,291.851627,175.858333,255.507071,-160.702938,3.35577495,-32.3662493,23.3878115,39.0981202,,,,,
17.8685262,cycle1_reload_to_default,Default,163,0,23.071289,65.324707,-112.543945,19.02832,-15.930176,8.569336,292.003941,176.716937,254.760125,-160.501467,3.61396542,-32.8050376,29.2515406,40.7358782,,,,,
17.8936479,cycle1_reload_to_default,Default,164,0,23.137207,65.280762,-112.587891,19.116211,-15.776367,8.569336,291.959699,177.040656,254.597953,-160.450143,3.66269927,-32.8659373,7.920305,14.5197931,,,,,
17.9201739,cycle1_reload_to_default,Default,165,0,23.312988,65.083008,-112.741699,19.335938,-15.073242,8.591309,292.057655,177.882475,253.81635,-160.273649,3.86098844,-33.2876958,30.0838633,43.4627233,,,,,
17.9481561,cycle1_reload_to_default,Default,166,0,23.466797,64.929199,-112.873535,19.533691,-14.567871,8.613281,292.032764,178.609332,253.180076,-160.148613,4.02722354,-33.5312135,21.4327634,34.5335277,,,,,
17.9732563,cycle1_reload_to_default,Default,167,0,23.554688,64.819336,-112.961426,19.643555,-14.194336,8.635254,292.0747,179.014242,252.717159,-160.065272,4.14771466,-33.743854,16.8840435,24.5592778,,,,,
17.9983485,cycle1_reload_to_default,Default,168,0,23.708496,64.6875,-113.071289,19.819336,-13.666992,8.657227,292.092042,179.751337,252.2325,-159.912559,4.28729751,-34.0778646,23.9974484,35.1635861,,,,,
18.023452,cycle1_reload_to_default,Default,169,0,23.796387,64.577637,-113.15918,19.951172,-13.31543,8.657227,292.133578,180.154814,251.781232,-159.834979,4.40233918,-34.2595808,16.3515702,24.1703912,,,,,
18.0485387,cycle1_reload_to_default,Default,170,0,23.950195,64.445801,-113.269043,20.126953,-12.766113,8.679199,292.168184,180.885287,251.307051,-159.674561,4.54651187,-34.6242295,24.7733768,34.742436,,,,,
18.0736234,cycle1_reload_to_default,Default,171,0,24.038086,64.335938,-113.356934,20.236816,-12.436523,8.679199,292.157804,181.278173,250.821975,-159.616517,4.63077386,-34.7836222,15.3476686,24.8881546,,,,,
18.098706,cycle1_reload_to_default,Default,172,0,24.191895,64.182129,-113.48877,20.43457,-11.887207,8.701172,292.161363,181.981968,250.204551,-159.479421,4.80740069,-35.0903262,25.4043533,37.3264457,,,,,
18.1238017,cycle1_reload_to_default,Default,173,0,24.279785,64.094238,-113.554688,20.544434,-11.535645,8.723145,292.221691,182.393715,249.895213,-159.378252,4.92286127,-35.3269186,15.7356317,20.661783,,,,,
18.1488943,cycle1_reload_to_default,Default,174,0,24.433594,63.94043,-113.686523,20.742188,-10.986328,8.745117,292.219803,183.089005,249.277115,-159.243078,5.10049406,-35.6346919,25.3942304,37.0750663,,,,,
18.174015,cycle1_reload_to_default,Default,175,0,24.521484,63.852539,-113.752441,20.874023,-10.634766,8.76709,292.303483,183.499394,248.989278,-159.134394,5.24486262,-35.8650247,15.985367,20.2304839,,,,,
18.19912,cycle1_reload_to_default,Default,176,0,24.675293,63.69873,-113.884277,21.049805,-10.085449,8.789062,292.269538,184.182627,248.34891,-159.009444,5.39502159,-36.1806446,25.1238724,37.3245423,,,,,
18.2277653,cycle1_reload_to_default,Default,177,0,24.807129,63.544922,-114.016113,21.225586,-9.558105,8.789062,292.280569,184.748283,247.697036,-158.902685,5.54236766,-36.4782056,21.1603028,30.1323934,,,,,
18.2528684,cycle1_reload_to_default,Default,178,0,24.89502,63.457031,-114.082031,21.335449,-9.18457,8.811035,292.354602,185.147735,247.398888,-158.794084,5.66249944,-36.7459856,16.5150657,20.0739955,,,,,
18.2804487,cycle1_reload_to_default,Default,179,0,25.048828,63.303223,-114.213867,21.51123,-8.679199,8.85498,292.267159,185.817168,246.735205,-158.686193,5.83698464,-36.9984303,21.5398429,34.3256482,,,,,
18.3055503,cycle1_reload_to_default,Default,180,0,25.136719,63.215332,-114.279785,21.643066,-8.327637,8.876953,292.342945,186.214043,246.44635,-158.580093,5.98271109,-37.2303535,15.9975352,19.7867362,,,,,
18.3306501,cycle1_reload_to_default,Default,181,0,25.290527,63.061523,-114.411621,21.818848,-7.77832,8.876953,292.294064,186.875963,245.805291,-158.464589,6.10407654,-37.5547803,25.113861,36.7636559,,,,,
18.3557467,cycle1_reload_to_default,Default,182,0,25.400391,62.973633,-114.477539,21.950684,-7.426758,8.898926,292.294964,187.379625,245.516063,-158.356799,6.2197582,-37.7817537,16.2148685,23.1425372,,,,,
18.3808236,cycle1_reload_to_default,Default,183,0,25.532227,62.819824,-114.609375,22.126465,-6.921387,8.898926,292.268317,187.920774,244.851089,-158.26544,6.36529284,-38.0537366,23.4130714,34.2050257,,,,,
18.4059072,cycle1_reload_to_default,Default,184,0,25.64209,62.709961,-114.697266,22.280273,-6.569824,8.920898,292.238968,188.394857,244.41515,-158.183921,6.51316624,-38.2250405,16.8952752,25.7027405,,,,,
18.4309847,cycle1_reload_to_default,Default,185,0,25.773926,62.578125,-114.785156,22.434082,-6.04248,8.964844,292.315528,188.981039,243.972367,-158.032616,6.68972895,-38.5981429,23.4615513,29.4525413,,,,,
18.4560933,cycle1_reload_to_default,Default,186,0,25.883789,62.468262,-114.873047,22.543945,-5.712891,8.964844,292.205022,189.446086,243.483857,-157.982141,6.7462478,-38.7592922,15.5561836,27.2203233,,,,,
18.4811802,cycle1_reload_to_default,Default,187,0,26.037598,62.314453,-115.026855,22.719727,-5.20752,8.986816,292.035282,190.053989,242.753136,-157.903274,6.89335373,-38.9983544,23.842135,38.4887453,,,,,
18.5062914,cycle1_reload_to_default,Default,188,0,26.125488,62.226562,-115.092773,22.851562,-4.87793,9.008789,292.076905,190.429806,242.450351,-157.811334,7.03711569,-39.2037002,15.2312724,19.2904605,,,,,
18.5313768,cycle1_reload_to_default,Default,189,0,26.279297,62.072754,-115.202637,23.027344,-4.372559,9.008789,292.021065,191.087984,241.848036,-157.706608,7.15179555,-39.4994535,23.4378278,35.6351294,,,,,
18.5564663,cycle1_reload_to_default,Default,190,0,26.367188,61.984863,-115.290527,23.181152,-4.020996,9.030762,292.050025,191.429803,241.511593,-157.61562,7.3297987,-39.7044892,16.4775412,19.1511554,,,,,
18.5815492,cycle1_reload_to_default,Default,191,0,26.520996,61.831055,-115.422363,23.334961,-3.515625,9.074707,291.90068,192.049423,240.825121,-157.52536,7.47661115,-39.9720858,23.4402575,37.3457518,,,,,
18.606643,cycle1_reload_to_default,Default,192,0,26.608887,61.743164,-115.488281,23.444824,-3.186035,9.09668,291.907939,192.414329,240.502313,-157.442208,7.59135349,-40.1854204,14.9626307,19.4172241,,,,,
18.6317351,cycle1_reload_to_default,Default,193,0,26.71875,61.633301,-115.576172,23.57666,-2.834473,9.09668,291.833858,192.861121,240.043793,-157.379511,7.6809343,-40.3739154,16.5686125,25.6844645,,,,,
18.6568446,cycle1_reload_to_default,Default,194,0,26.850586,61.479492,-115.686035,23.774414,-2.329102,9.118652,291.867544,193.388549,239.458545,-157.2696,7.88580658,-40.6673263,23.4969566,31.4048879,,,,,
18.6865153,cycle1_reload_to_default,Default,195,0,27.04834,61.281738,-115.839844,23.994141,-1.647949,9.140625,291.76218,194.185286,238.657668,-157.133324,8.0606284,-41.0782944,26.422214,38.2393906,,,,,
18.7148681,cycle1_reload_to_default,Default,196,0,27.202148,61.149902,-115.97168,24.169922,-1.142578,9.140625,291.622599,194.781292,238.092005,-157.035251,8.17561353,-41.3801503,20.7079192,29.396655,,,,,
18.7399647,cycle1_reload_to_default,Default,197,0,27.290039,61.040039,-116.05957,24.301758,-0.812988,9.18457,291.592541,195.102573,237.619619,-156.977289,8.35193719,-41.5363832,15.7106676,22.7949907,,,,,
18.7662001,cycle1_reload_to_default,Default,198,0,27.443848,60.908203,-116.169434,24.455566,-0.285645,9.18457,291.50007,195.721516,237.112813,-156.859157,8.43934811,-41.8992793,22.7059192,30.6949075,,,,,
18.7913425,cycle1_reload_to_default,Default,199,0,27.531738,60.79834,-116.235352,24.56543,0.043945,9.206543,291.497394,196.069225,236.686313,-156.796663,8.55482134,-42.0923755,15.1620771,21.8865804,,,,,
18.8172109,cycle1_reload_to_default,Default,200,0,27.685547,60.666504,-116.367188,24.763184,0.527344,9.206543,291.355367,196.648893,236.125122,-156.706425,8.69599739,-42.3622843,22.2471954,31.6687703,,,,,
18.84231,cycle1_reload_to_default,Default,201,0,27.79541,60.556641,-116.433105,24.873047,0.878906,9.250488,291.294924,197.102614,235.711223,-156.625801,8.8140918,-42.5741098,16.2369249,24.5871406,,,,,
18.8673718,cycle1_reload_to_default,Default,202,0,27.883301,60.46875,-116.520996,25.004883,1.208496,9.272461,291.254725,197.409289,235.341085,-156.558962,8.95917892,-42.7630084,15.4365711,19.2466377,,,,,
18.8943372,cycle1_reload_to_default,Default,203,0,28.081055,60.270996,-116.696777,25.246582,1.889648,9.272461,291.088174,198.128908,234.493037,-156.449178,9.13346868,-43.1602392,29.4699698,41.7061497,,,,,
18.9194522,cycle1_reload_to_default,Default,204,0,28.125,60.205078,-116.71875,25.290527,2.043457,9.272461,291.0878,198.313981,234.244415,-156.43029,9.15931554,-43.2494577,7.16122225,12.3409551,,,,,
18.9445503,cycle1_reload_to_default,Default,205,0,28.300781,60.029297,-116.894531,25.554199,2.746582,9.316406,291.039842,198.907525,233.529746,-156.279109,9.45527975,-43.6904284,32.3332291,37.0642125,,,,,
18.969646,cycle1_reload_to_default,Default,206,0,28.366699,59.963379,-116.938477,25.598145,2.900391,9.316406,290.900958,199.169393,233.217495,-156.276087,9.45142358,-43.7510721,7.58255173,17.1558757,,,,,
18.994879,cycle1_reload_to_default,Default,207,0,28.54248,59.765625,-117.092285,25.817871,3.581543,9.360352,290.826793,199.789727,232.416348,-156.148033,9.68295937,-44.1765653,30.8976678,40.2626547,,,,,
19.0199792,cycle1_reload_to_default,Default,208,0,28.608398,59.72168,-117.114258,25.905762,3.779297,9.360352,290.846974,200.07503,232.330642,-156.077443,9.7444411,-44.3315965,9.2228833,11.8955555,,,,,
19.0450892,cycle1_reload_to_default,Default,209,0,28.78418,59.523926,-117.268066,26.125488,4.460449,9.404297,290.765897,200.684949,231.529615,-155.950848,9.97507125,-44.7594888,31.0490546,40.2253535,,,,,
19.0701969,cycle1_reload_to_default,Default,210,0,28.850098,59.47998,-117.333984,26.191406,4.614258,9.382324,290.591638,200.90549,231.274159,-155.950478,9.97133054,-44.8222529,7.87627133,15.1276295,,,,,
19.0952888,cycle1_reload_to_default,Default,211,0,29.025879,59.282227,-117.46582,26.433105,5.317383,9.404297,290.615067,201.534348,230.565959,-155.798016,10.2043512,-45.3056043,31.8995482,37.757049,,,,,
19.1228127,cycle1_reload_to_default,Default,212,0,29.179688,59.128418,-117.619629,26.608887,5.844727,9.42627,290.393076,202.028469,229.847257,-155.732361,10.3495542,-45.6009641,22.4096324,32.6980718,,,,,
19.1479073,cycle1_reload_to_default,Default,213,0,29.267578,59.040527,-117.685547,26.696777,6.196289,9.448242,290.354929,202.3413,229.522607,-155.651319,10.4342112,-45.8603855,15.5155767,18.0300706,,,,,
19.1729894,cycle1_reload_to_default,Default,214,0,29.421387,58.886719,-117.817383,26.872559,6.723633,9.492188,290.187448,202.860683,228.867782,-155.561572,10.6073375,-46.1743658,24.4347885,33.9848266,,,,,
19.1980817,cycle1_reload_to_default,Default,215,0,29.509277,58.776855,-117.861328,27.004395,7.075195,9.492188,290.266884,203.195737,228.532119,-155.478679,10.7229048,-46.4305645,16.0751681,19.1642102,,,,,
19.2232592,cycle1_reload_to_default,Default,216,0,29.663086,58.64502,-118.015137,27.180176,7.602539,9.51416,290.033808,203.67255,227.919433,-155.396932,10.8654698,-46.7529601,24.2952438,32.1951111,,,,,
19.2484539,cycle1_reload_to_default,Default,217,0,29.750977,58.535156,-118.081055,27.312012,7.954102,9.536133,290.04926,203.967728,227.520841,-155.326951,11.0102574,-46.9821479,16.1518466,19.695842,,,,,
19.2735348,cycle1_reload_to_default,Default,218,0,29.904785,58.381348,-118.190918,27.509766,8.481445,9.558105,289.961633,204.500301,226.943771,-155.22345,11.182106,-47.3239887,24.4829605,31.5036657,,,,,
19.2986207,cycle1_reload_to_default,Default,219,0,30.014648,58.293457,-118.278809,27.597656,8.833008,9.580078,289.773675,204.875232,226.558711,-155.159695,11.2346501,-47.5584713,15.911453,22.6964508,,,,,
19.3236947,cycle1_reload_to_default,Default,220,0,30.146484,58.139648,-118.388672,27.79541,9.360352,9.580078,289.759005,205.288226,225.981922,-155.066996,11.4061071,-47.914996,24.2692724,28.298332,,,,,
19.3487883,cycle1_reload_to_default,Default,221,0,30.256348,58.051758,-118.45459,27.905273,9.733887,9.580078,289.678999,205.687253,225.688614,-154.976254,11.4621138,-48.2031517,16.7059392,19.9912031,,,,,
19.3738835,cycle1_reload_to_default,Default,222,0,30.388184,57.897949,-118.586426,28.081055,10.26123,9.624023,289.5674,206.061213,225.035953,-154.893626,11.6603841,-48.5325479,24.2170904,30.3021218,,,,,
19.3989761,cycle1_reload_to_default,Default,223,0,30.498047,57.810059,-118.652344,28.212891,10.612793,9.645996,289.494524,206.451599,224.742541,-154.803874,11.7727576,-48.781671,16.2175113,19.677681,,,,,
19.4240959,cycle1_reload_to_default,Default,224,0,30.651855,57.65625,-118.806152,28.410645,11.140137,9.667969,289.269056,206.886872,224.041852,-154.742767,11.9410717,-49.0872997,24.8178804,34.042463,,,,,
19.4521677,cycle1_reload_to_default,Default,225,0,30.783691,57.502441,-118.916016,28.586426,11.66748,9.689941,289.209223,207.282647,223.452425,-154.649659,12.1076786,-49.4485866,21.4501662,25.3809092,,,,,
19.4772553,cycle1_reload_to_default,Default,226,0,30.893555,57.392578,-119.003906,28.674316,12.041016,9.689941,289.024881,207.635901,222.98064,-154.602533,12.1301938,-49.7020418,16.8698453,24.615237,,,,,
19.5023305,cycle1_reload_to_default,Default,227,0,31.025391,57.260742,-119.11377,28.87207,12.590332,9.711914,289.013233,208.017729,222.525394,-154.475639,12.3293161,-50.1115282,24.8465512,23.7001848,,,,,
19.527389,cycle1_reload_to_default,Default,228,0,31.135254,57.150879,-119.20166,28.981934,12.919922,9.733887,288.816257,208.363145,222.037929,-154.441699,12.4050822,-50.2974385,15.6119462,25.1041875,,,,,
19.5524595,cycle1_reload_to_default,Default,229,0,31.289062,56.99707,-119.311523,29.157715,13.469238,9.733887,288.685005,208.851743,221.465323,-154.343287,12.5121818,-50.6925863,24.9745948,30.4777606,,,,,
19.5775557,cycle1_reload_to_default,Default,230,0,31.376953,56.90918,-119.377441,29.267578,13.820801,9.755859,288.647227,209.117714,221.160724,-154.261101,12.6202771,-50.9576948,15.7353549,16.1832555,,,,,
19.6026361,cycle1_reload_to_default,Default,231,0,31.464844,56.799316,-119.465332,29.421387,14.150391,9.755859,288.588391,209.331938,220.69877,-154.23262,12.7575063,-51.150156,15.9390366,20.4380581,,,,,
19.6277306,cycle1_reload_to_default,Default,232,0,31.574707,56.711426,-119.53125,29.509277,14.523926,9.777832,288.455478,209.709137,220.39755,-154.138993,12.8064628,-51.4434039,16.5206974,19.9517108,,,,,
19.6528552,cycle1_reload_to_default,Default,233,0,31.728516,56.557617,-119.641113,29.707031,15.073242,9.799805,288.345435,210.176422,219.838935,-154.03149,12.9708838,-51.8321701,25.1955131,29.3162162,,,,,
19.6818795,cycle1_reload_to_default,Default,234,0,31.92627,56.359863,-119.816895,29.926758,15.732422,9.84375,288.011476,210.72535,218.973778,-153.949957,13.1456223,-52.2415584,26.5505035,37.1294422,,,,,
19.7069852,cycle1_reload_to_default,Default,235,0,31.970215,56.315918,-119.86084,29.992676,15.930176,9.84375,287.993508,210.827734,218.81306,-153.909947,13.2018199,-52.3958659,8.8391372,7.62393987,,,,,
19.7320731,cycle1_reload_to_default,Default,236,0,32.167969,56.118164,-120.014648,30.234375,16.611328,9.887695,287.764334,211.394392,218.037724,-153.7947,13.4085705,-52.8542906,31.5419941,39.3538709,,,,,
19.757189,cycle1_reload_to_default,Default,237,0,32.211914,56.074219,-120.058594,30.322266,16.765137,9.887695,287.737883,211.490392,217.857817,-153.77685,13.4900174,-52.9474898,7.67678134,8.18706871,,,,,
19.7822728,cycle1_reload_to_default,Default,238,0,32.431641,55.876465,-120.212402,30.541992,17.468262,9.909668,287.407481,212.161786,217.087919,-153.658024,13.6067184,-53.4423535,32.2447608,42.8016981,,,,,
19.8073776,cycle1_reload_to_default,Default,239,0,32.453613,55.810547,-120.256348,30.60791,17.62207,9.909668,287.42444,212.14951,216.79091,-153.666184,13.6854466,-53.5267036,7.42663063,11.8601533,,,,,
19.8324592,cycle1_reload_to_default,Default,240,0,32.651367,55.612793,-120.410156,30.827637,18.303223,9.931641,287.148449,212.702207,216.007284,-153.563185,13.8266877,-54.0024902,31.2565672,39.7842928,,,,,
19.8602636,cycle1_reload_to_default,Default,241,0,32.805176,55.480957,-120.541992,31.003418,18.808594,9.975586,286.886671,213.108356,215.456227,-153.477608,13.9749154,-54.3422837,21.1753998,26.3593236,,,,,
19.8853743,cycle1_reload_to_default,Default,242,0,32.893066,55.371094,-120.60791,31.135254,19.138184,9.953613,286.835903,213.334205,215.045344,-153.444503,14.0455835,-54.5771439,15.4561249,18.7809548,,,,,
19.9104445,cycle1_reload_to_default,Default,243,0,33.046875,55.217285,-120.717773,31.311035,19.665527,10.019531,286.643484,213.766106,214.465671,-153.338947,14.2231511,-54.9420975,24.3519183,29.838414,,,,,
19.9355319,cycle1_reload_to_default,Default,244,0,33.156738,55.129395,-120.805664,31.420898,19.995117,10.019531,286.419138,214.068994,214.091019,-153.297166,14.2600076,-55.1692809,15.3460551,21.1838248,,,,,
19.960602,cycle1_reload_to_default,Default,245,0,33.288574,54.975586,-120.915527,31.618652,20.522461,10.041504,286.3357,214.374257,213.522904,-153.209639,14.4388933,-55.5530528,24.2887839,25.9395666,,,,,
19.9856923,cycle1_reload_to_default,Default,246,0,33.376465,54.887695,-121.003418,31.728516,20.852051,10.041504,286.190126,214.562076,213.149359,-153.171101,14.5042121,-55.7885699,15.117743,17.6452227,,,,,
20.0107749,cycle1_reload_to_default,Default,247,0,33.552246,54.733887,-121.113281,31.92627,21.335449,10.063477,285.899019,215.083009,212.550008,-153.103907,14.6161921,-56.1042801,23.2432093,33.7196356,,,,,
20.0358629,cycle1_reload_to_default,Default,248,0,33.640137,54.624023,-121.179199,32.01416,21.708984,10.085449,285.809624,215.306788,212.153878,-153.033365,14.6821299,-56.3960874,16.5249533,18.4815816,,,,,
20.0621769,cycle1_reload_to_default,Default,249,0,33.793945,54.492188,-121.311035,32.211914,22.192383,10.107422,285.540802,215.673535,211.602328,-152.969621,14.8217256,-56.7212007,21.8863755,27.1651994,,,,,
20.089102,cycle1_reload_to_default,Default,250,0,33.925781,54.338379,-121.420898,32.387695,22.719727,10.107422,285.410691,215.967294,211.028165,-152.89335,14.9341987,-57.1220918,22.3489041,24.4360057,,,,,
20.1141846,cycle1_reload_to_default,Default,251,0,34.013672,54.228516,-121.486816,32.519531,23.049316,10.151367,285.343512,216.16853,210.61988,-152.837588,15.0845776,-57.346283,15.5476477,18.3439713,,,,,
20.139518,cycle1_reload_to_default,Default,252,0,34.16748,54.074707,-121.618652,32.695312,23.532715,10.151367,285.027609,216.527728,209.955,-152.806073,15.1585253,-57.6667473,22.6506914,32.3318251,,,,,
20.1646278,cycle1_reload_to_default,Default,253,0,34.255371,53.986816,-121.706543,32.805176,23.884277,10.17334,284.888533,216.694717,209.602507,-152.747327,15.2491398,-57.9312633,15.8963296,16.4915886,,,,,
20.1897328,cycle1_reload_to_default,Default,254,0,34.365234,53.898926,-121.750488,32.937012,24.213867,10.17334,284.800054,217.043395,209.360749,-152.663541,15.3132201,-58.2024175,15.3102732,17.2642238,,,,,
20.2148378,cycle1_reload_to_default,Default,255,0,34.453125,53.789062,-121.860352,33.068848,24.56543,10.195312,284.62439,217.150129,208.852613,-152.647259,15.4306648,-58.4282669,16.5832814,21.8337233,,,,,
20.2399492,cycle1_reload_to_default,Default,256,0,34.606934,53.635254,-121.948242,33.244629,25.070801,10.239258,284.437651,217.575139,208.325347,-152.543043,15.562969,-58.807189,23.3316587,27.9755219,,,,,
20.2650464,cycle1_reload_to_default,Default,257,0,34.694824,53.547363,-122.036133,33.33252,25.400391,10.239258,284.241092,217.746276,207.9504,-152.506782,15.5878969,-59.0552422,14.8835897,18.1944086,,,,,
20.2901688,cycle1_reload_to_default,Default,258,0,34.848633,53.393555,-122.167969,33.530273,25.927734,10.239258,283.97966,218.067184,207.332968,-152.45023,15.6903202,-59.4395407,24.5985172,29.5886201,,,,,
20.3188131,cycle1_reload_to_default,Default,259,0,35.024414,53.195801,-122.321777,33.771973,26.630859,10.283203,283.766894,218.396664,206.597563,-152.332491,15.8920505,-59.9774167,28.1113718,29.0967052,,,,,
20.3439174,cycle1_reload_to_default,Default,260,0,35.090332,53.151855,-122.34375,33.859863,26.784668,10.283203,283.699429,218.607875,206.477115,-152.295685,15.9374882,-60.0956171,7.77944836,10.0511933,,,,,
20.3695948,cycle1_reload_to_default,Default,261,0,35.288086,52.954102,-122.519531,34.07959,27.487793,10.305176,283.302283,219.004788,205.678543,-152.206287,16.0431569,-60.6215174,31.452734,38.0181198,,,,,
20.3947034,cycle1_reload_to_default,Default,262,0,35.332031,52.888184,-122.541504,34.145508,27.663574,10.327148,283.294004,219.108241,205.461256,-152.172278,16.1142945,-60.7536215,8.20920687,9.59034444,,,,,
20.4197946,cycle1_reload_to_default,Default,263,0,35.529785,52.69043,-122.717285,34.387207,28.344727,10.349121,282.904725,219.48544,204.656626,-152.096242,16.2454135,-61.2528231,31.6833957,38.6661318,,,,,
20.4448826,cycle1_reload_to_default,Default,264,0,35.57373,52.646484,-122.739258,34.431152,28.520508,10.349121,282.869015,219.603944,204.539076,-152.049209,16.2576024,-61.4124175,7.68528976,6.80376388,,,,,
20.4699726,cycle1_reload_to_default,Default,265,0,35.771484,52.44873,-122.915039,34.672852,29.223633,10.371094,282.490219,219.968213,203.755414,-151.959723,16.3864058,-61.9445174,32.4384012,37.6070505,,,,,
20.5001101,cycle1_reload_to_default,Default,266,0,35.925293,52.294922,-123.024902,34.848633,29.750977,10.415039,282.23062,220.307765,203.198665,-151.863353,16.502709,-62.3494232,20.191681,23.2897283,,,,,
20.5280442,cycle1_reload_to_default,Default,267,0,36.057129,52.141113,-123.134766,35.068359,30.27832,10.437012,282.118921,220.509412,202.656969,-151.780001,16.6818184,-62.7663462,22.0665901,21.0747451,,,,,
20.5531437,cycle1_reload_to_default,Default,268,0,36.166992,52.053223,-123.222656,35.15625,30.629883,10.458984,281.834637,220.758176,202.311687,-151.716986,16.6952002,-63.0405632,15.9028269,20.3901226,,,,,
20.5782213,cycle1_reload_to_default,Default,269,0,36.320801,51.899414,-123.33252,35.332031,31.157227,10.458984,281.565796,221.085695,201.759188,-151.638871,16.7493495,-63.4636649,24.2024608,27.7648606,,,,,
20.6033361,cycle1_reload_to_default,Default,270,0,36.408691,51.811523,-123.42041,35.48584,31.508789,10.480957,281.463061,221.182784,201.435617,-151.58035,16.8854341,-63.7422543,16.4609328,14.0593984,,,,,
20.6284211,cycle1_reload_to_default,Default,271,0,36.518555,51.70166,-123.486328,35.617676,31.860352,10.480957,281.291444,221.436198,201.056411,-151.527653,16.9307449,-64.0231332,16.4105483,19.4262665,,,,,
20.6534998,cycle1_reload_to_default,Default,272,0,36.606445,51.591797,-123.574219,35.705566,32.211914,10.524902,281.076333,221.561984,200.608893,-151.479797,16.9951792,-64.2835318,15.9881267,20.4243615,,,,,
20.6786003,cycle1_reload_to_default,Default,273,0,36.716309,51.503906,-123.640137,35.837402,32.563477,10.546875,280.910542,221.818106,200.337632,-151.394578,17.06989,-64.5762633,16.2124473,16.2646061,,,,,
20.703711,cycle1_reload_to_default,Default,274,0,36.848145,51.350098,-123.771973,36.035156,33.112793,10.546875,280.705069,221.960577,199.759041,-151.328494,17.1764026,-65.0237376,25.1637765,25.1010665,,,,,
20.7288067,cycle1_reload_to_default,Default,275,0,37.067871,51.152344,-123.925781,36.276855,33.815918,10.59082,280.261948,222.42264,199.052232,-151.201681,17.2822996,-65.5815423,32.5136097,38.0002955,,,,,
20.7539122,cycle1_reload_to_default,Default,276,0,37.155762,51.064453,-124.013672,36.364746,34.189453,10.59082,280.064722,222.542739,198.735186,-151.135043,17.2891564,-65.9050916,16.4437791,15.6230542,,,,,
20.7789981,cycle1_reload_to_default,Default,277,0,37.30957,50.910645,-124.123535,36.5625,34.716797,10.634766,279.806408,222.826466,198.200293,-151.036585,17.4172245,-66.3261153,24.5250791,26.2411936,,,,,
20.8041,cycle1_reload_to_default,Default,278,0,37.397461,50.800781,-124.189453,36.672363,35.068359,10.612793,279.672108,222.968544,197.822238,-150.994749,17.4236534,-66.6290002,15.9494156,16.9554656,,,,,
20.8291898,cycle1_reload_to_default,Default,279,0,37.55127,50.668945,-124.321289,36.870117,35.595703,10.656738,279.358582,223.206856,197.34119,-150.895697,17.5479073,-67.0532725,24.4900692,24.7786781,,,,,
20.8542836,cycle1_reload_to_default,Default,280,0,37.63916,50.559082,-124.387207,37.001953,35.947266,10.656738,279.254212,223.329717,196.970443,-150.844996,17.6117021,-67.3509307,16.1930834,16.1106831,,,,,
20.879354,cycle1_reload_to_default,Default,281,0,37.792969,50.405273,-124.519043,37.155762,36.496582,10.656738,278.874124,223.57956,196.394835,-150.770884,17.6099785,-67.8054219,24.9130241,29.2627568,,,,,
20.9044611,cycle1_reload_to_default,Default,282,0,37.902832,50.317383,-124.584961,37.30957,36.826172,10.700684,278.707746,223.800194,196.118831,-150.689311,17.7318481,-68.071869,15.8497308,15.5558162,,,,,
20.9295487,cycle1_reload_to_default,Default,283,0,38.056641,50.163574,-124.716797,37.485352,37.375488,10.700684,278.355617,224.027677,195.552075,-150.615975,17.757652,-68.5293295,25.1260081,28.0995955,,,,,
20.9546499,cycle1_reload_to_default,Default,284,0,38.144531,50.053711,-124.782715,37.617188,37.727051,10.722656,278.243519,224.140878,195.185447,-150.554332,17.844186,-68.8246011,16.2119638,15.9253652,,,,,
20.9797387,cycle1_reload_to_default,Default,285,0,38.276367,49.921875,-124.892578,37.792969,38.254395,10.744629,278.025089,224.311946,194.764605,-150.441364,17.9302786,-69.2882272,23.7920123,20.0913547,,,,,
21.0048347,cycle1_reload_to_default,Default,286,0,38.38623,49.812012,-124.980469,37.924805,38.605957,10.766602,277.764214,224.480513,194.345668,-150.399095,17.9803591,-69.5631557,16.5892156,20.7808963,,,,,
21.0299187,cycle1_reload_to_default,Default,287,0,38.540039,49.680176,-125.112305,38.078613,39.111328,10.788574,277.345791,224.723103,193.850882,-150.317859,17.9960256,-69.9785845,23.1757806,27.5837358,,,,,
21.0550253,cycle1_reload_to_default,Default,288,0,38.62793,49.570312,-125.178223,38.188477,39.440918,10.810547,277.176605,224.845694,193.46529,-150.267846,18.0444536,-70.2493681,15.1836951,17.4678094,,,,,
21.0801358,cycle1_reload_to_default,Default,289,0,38.781738,49.416504,-125.310059,38.38623,39.946289,10.83252,276.809815,225.040945,192.876721,-150.213411,18.114949,-70.6532105,23.883895,28.6918451,,,,,
21.105242,cycle1_reload_to_default,Default,290,0,38.869629,49.328613,-125.397949,38.518066,40.297852,10.83252,276.639,225.102031,192.569138,-150.160528,18.165116,-70.9620589,16.1377022,14.223372,,,,,
21.1303508,cycle1_reload_to_default,Default,291,0,39.023438,49.174805,-125.48584,38.71582,40.803223,10.854492,276.384388,225.384632,192.091186,-150.058288,18.2401902,-71.399794,23.562714,24.3278092,,,,,
21.1554391,cycle1_reload_to_default,Default,292,0,39.111328,49.086914,-125.57373,38.825684,41.132812,10.854492,276.160842,225.460246,191.76276,-150.017642,18.2552356,-71.6817233,15.1188392,16.1197771,,,,,
21.1805482,cycle1_reload_to_default,Default,293,0,39.265137,48.933105,-125.683594,39.001465,41.638184,10.898438,275.808418,225.705244,191.230893,-149.925024,18.3180571,-72.0998263,23.4811462,27.219439,,,,,
21.2056458,cycle1_reload_to_default,Default,294,0,39.353027,48.845215,-125.771484,39.133301,41.967773,10.876465,275.61561,225.759952,190.908793,-149.89693,18.3339771,-72.3916585,15.4145137,15.1155025,,,,,
21.2307365,cycle1_reload_to_default,Default,295,0,39.506836,48.691406,-125.90332,39.331055,42.495117,10.92041,275.24869,225.930707,190.350951,-149.814254,18.4197836,-72.8276833,24.6918568,27.4677169,,,,,
21.2558351,cycle1_reload_to_default,Default,296,0,39.594727,48.603516,-125.991211,39.462891,42.824707,10.942383,275.052743,225.980731,190.031454,-149.764311,18.4884415,-73.1079725,15.41398,15.065464,,,,,
21.2809281,cycle1_reload_to_default,Default,297,0,39.748535,48.449707,-126.079102,39.638672,43.330078,10.964355,274.748181,226.260776,189.559645,-149.656251,18.5195969,-73.5540543,23.2994202,25.0078782,,,,,
21.3060234,cycle1_reload_to_default,Default,298,0,39.836426,48.339844,-126.166992,39.726562,43.681641,10.964355,274.484286,226.328765,189.150136,-149.619066,18.4901858,-73.8547878,15.8814303,19.6011645,,,,,
21.331111,cycle1_reload_to_default,Default,299,0,39.990234,48.208008,-126.276855,39.946289,44.165039,11.008301,274.180992,226.531902,188.722068,-149.520122,18.6071612,-74.2711636,23.139341,22.4245629,,,,,
21.3562069,cycle1_reload_to_default,Default,300,0,40.078125,48.098145,-126.364746,40.056152,44.516602,11.008301,273.947523,226.578241,188.31882,-149.484981,18.6059773,-74.5754705,16.09674,18.6586589,,,,,
21.3813088,cycle1_reload_to_default,Default,301,0,40.231934,47.944336,-126.474609,40.231934,45.021973,11.030273,273.574027,226.797325,187.802547,-149.398092,18.6231425,-75.0132423,23.4388202,26.8434222,,,,,
21.406378,cycle1_reload_to_default,Default,302,0,40.341797,47.856445,-126.5625,40.341797,45.351562,11.030273,273.247687,226.957256,187.488124,-149.349937,18.5941792,-75.2984392,15.357122,19.1692798,,,,,
21.4314482,cycle1_reload_to_default,Default,303,0,40.473633,47.702637,-126.694336,40.539551,45.878906,11.052246,272.946673,226.995594,186.9476,-149.276861,18.6623795,-75.7625186,24.4621009,24.725615,,,,,
21.4565451,cycle1_reload_to_default,Default,304,0,40.561523,47.614746,-126.760254,40.671387,46.208496,11.074219,272.795981,227.077972,186.690101,-149.199744,18.7244466,-76.0656106,15.2399679,12.3328195,,,,,
21.4816368,cycle1_reload_to_default,Default,305,0,40.715332,47.460938,-126.870117,40.825195,46.713867,11.096191,272.378199,227.303098,186.179601,-149.106541,18.7010724,-76.5075343,23.2017988,27.7788657,,,,,
21.5067322,cycle1_reload_to_default,Default,306,0,40.803223,47.373047,-126.958008,40.979004,47.043457,11.118164,272.200479,227.313603,185.876222,-149.055996,18.7856249,-76.8010555,15.7358145,14.0167974,,,,,
21.5318239,cycle1_reload_to_default,Default,307,0,40.957031,47.219238,-127.089844,41.176758,47.570801,11.118164,271.802067,227.443371,185.344751,-148.987336,18.7864698,-77.2722744,24.6287155,26.9723784,,,,,
21.5569212,cycle1_reload_to_default,Default,308,0,41.044922,47.109375,-127.155762,41.286621,47.900391,11.162109,271.597962,227.525507,184.984707,-148.91778,18.8328821,-77.5565883,15.2648018,16.8123079,,,,,
21.5820255,cycle1_reload_to_default,Default,309,0,41.19873,46.977539,-127.265625,41.462402,48.427734,11.184082,271.230842,227.729366,184.611105,-148.784005,18.8371237,-78.048368,23.9857903,22.389079,,,,,
21.6071367,cycle1_reload_to_default,Default,310,0,41.286621,46.867676,-127.353516,41.572266,48.757324,11.206055,270.965882,227.757686,184.203887,-148.748737,18.8465657,-78.3283659,15.3564555,19.3799927,,,,,
21.6322403,cycle1_reload_to_default,Default,311,0,41.44043,46.713867,-127.463379,41.748047,49.284668,11.206055,270.580289,227.944472,183.729919,-148.64856,18.8121309,-78.8168561,24.1773988,25.4512741,,,,,
21.6573606,cycle1_reload_to_default,Default,312,0,41.52832,46.625977,-127.529297,41.901855,49.63623,11.206055,270.464103,227.990583,183.505362,-148.565791,18.8652471,-79.1660359,16.270299,10.2309686,,,,,
21.6824455,cycle1_reload_to_default,Default,313,0,41.682129,46.494141,-127.661133,42.055664,50.163574,11.25,269.995437,228.15241,183.089411,-148.436913,18.8497609,-79.6402444,23.9883224,25.7997648,,,,,
21.7075334,cycle1_reload_to_default,Default,314,0,41.791992,46.384277,-127.749023,42.1875,50.515137,11.271973,269.683854,228.25491,182.711692,-148.382228,18.8534117,-79.948413,16.5946116,19.9404315,,,,,
21.7326415,cycle1_reload_to_default,Default,315,0,41.923828,46.230469,-127.858887,42.363281,51.020508,11.271973,269.361396,228.329233,182.22656,-148.298768,18.8383472,-80.4220167,23.2031138,23.3886407,,,,,
21.757735,cycle1_reload_to_default,Default,316,0,42.033691,46.142578,-127.946777,42.495117,51.37207,11.315918,269.059914,228.439783,181.956971,-148.206683,18.8723858,-80.7380049,16.4515612,16.7084702,,,,,
21.7828419,cycle1_reload_to_default,Default,317,0,42.165527,45.98877,-128.056641,42.692871,51.899414,11.293945,268.779571,228.486834,181.499214,-148.120092,18.8551972,-81.2532854,24.253261,21.461768,,,,,
21.8079438,cycle1_reload_to_default,Default,318,0,42.275391,45.900879,-128.144531,42.802734,52.250977,11.315918,268.440798,228.613564,181.231403,-148.033849,18.8273591,-81.5751234,16.1167092,17.9291474,,,,,
21.8330469,cycle1_reload_to_default,Default,319,0,42.407227,45.74707,-128.254395,43.000488,52.77832,11.359863,268.155094,228.655321,180.778546,-147.910287,18.8867889,-82.0718668,24.3042514,21.3947916,,,,,
21.8581507,cycle1_reload_to_default,Default,320,0,42.51709,45.65918,-128.342285,43.088379,53.151855,11.337891,267.792088,228.796991,180.534068,-147.824202,18.76944,-82.4341895,16.6761515,18.3245042,,,,,
21.8832641,cycle1_reload_to_default,Default,321,0,42.648926,45.505371,-128.452148,43.286133,53.679199,11.381836,267.500934,228.83379,180.086354,-147.698113,18.8232067,-82.9338567,24.2943569,21.3163337,,,,,
21.908381,cycle1_reload_to_default,Default,322,0,42.758789,45.395508,-128.562012,43.395996,54.030762,11.403809,267.084897,228.888655,179.674151,-147.657594,18.7732012,-83.2350526,16.5291571,23.4194598,,,,,
21.9334626,cycle1_reload_to_default,Default,323,0,42.912598,45.263672,-128.649902,43.59375,54.558105,11.403809,266.77097,229.087839,179.383225,-147.4985,18.7522339,-83.7691638,24.119089,18.8218805,,,,,
21.963876,cycle1_reload_to_default,Default,324,0,43.088379,45.065918,-128.803711,43.813477,55.26123,11.447754,266.289004,229.154333,178.814318,-147.323303,18.7316673,-84.4385931,26.2683958,24.6134099,,,,,
21.9919803,cycle1_reload_to_default,Default,325,0,43.242188,44.912109,-128.935547,43.989258,55.788574,11.469727,265.807365,229.249961,178.330957,-147.218267,18.676773,-84.9292567,21.7651079,24.5167727,,,,,
22.0170958,cycle1_reload_to_default,Default,326,0,43.330078,44.824219,-129.001465,44.165039,56.162109,11.469727,265.711072,229.247529,178.150876,-147.112028,18.7329199,-85.326467,17.3655498,8.13139981,,,,,
22.0421672,cycle1_reload_to_default,Default,327,0,43.483887,44.67041,-129.133301,44.318848,56.66748,11.513672,265.178174,229.360934,177.650574,-147.00519,18.6696318,-85.7804778,23.450978,29.5034144,,,,,
22.067277,cycle1_reload_to_default,Default,328,0,43.59375,44.58252,-129.221191,44.450684,57.041016,11.513672,264.867014,229.446792,177.425572,-146.907596,18.6237578,-86.151566,17.1029873,15.6699789,,,,,
22.0923877,cycle1_reload_to_default,Default,329,0,43.725586,44.428711,-129.331055,44.626465,57.568359,11.535645,264.518507,229.483758,177.000006,-146.77674,18.5941151,-86.6669096,23.9796588,21.9546678,,,,,
22.1174951,cycle1_reload_to_default,Default,330,0,43.813477,44.34082,-129.396973,44.758301,57.919922,11.535645,264.335148,229.519715,176.802829,-146.67493,18.582849,-87.0308721,15.9699626,10.8194552,,,,,
22.1425993,cycle1_reload_to_default,Default,331,0,43.967285,44.187012,-129.528809,44.956055,58.469238,11.57959,263.883522,229.577405,176.359611,-146.536037,18.5656613,-87.5555763,25.4276088,25.3105097,,,,,
22.1676886,cycle1_reload_to_default,Default,332,0,44.055176,44.099121,-129.616699,45.021973,58.820801,11.57959,263.540213,229.623079,176.11829,-146.441987,18.4517183,-87.8943906,15.4941356,16.8246382,,,,,
22.1927798,cycle1_reload_to_default,Default,333,0,44.208984,43.945312,-129.726562,45.241699,59.348145,11.623535,263.160454,229.708996,175.705202,-146.297967,18.4679861,-88.4105912,24.8152884,22.6239745,,,,,
22.2229474,cycle1_reload_to_default,Default,334,0,44.34082,43.791504,-129.858398,45.41748,59.875488,11.623535,262.743184,229.681823,175.249182,-146.196178,18.3868561,-88.9293962,20.0924925,20.5092306,,,,,
22.2485998,cycle1_reload_to_default,Default,335,0,44.450684,43.703613,-129.924316,45.527344,60.227051,11.645508,262.428823,229.833974,175.060352,-146.066526,18.3334354,-89.2770216,15.6071812,15.4771053,,,,,
22.27368,cycle1_reload_to_default,Default,336,0,44.58252,43.549805,-130.056152,45.703125,60.754395,11.645508,262.006547,229.802826,174.610428,-145.961525,18.2460875,-89.7984283,24.1681741,24.6343745,,,,,
22.2987883,cycle1_reload_to_default,Default,337,0,44.692383,43.461914,-130.12207,45.812988,61.083984,11.689453,261.677529,229.95368,174.402858,-145.83573,18.2172797,-90.1123032,15.2580999,16.6178563,,,,,
22.3238828,cycle1_reload_to_default,Default,338,0,44.780273,43.352051,-130.209961,45.922852,61.435547,11.689453,261.376801,229.933055,174.07218,-145.77033,18.1423348,-90.4559241,16.0976598,17.8305625,,,,,
22.3489771,cycle1_reload_to_default,Default,339,0,44.934082,43.220215,-130.319824,46.120605,61.940918,11.689453,260.951816,230.044273,173.755236,-145.629394,18.0671469,-90.9728884,23.4949215,21.586457,,,,,
22.3740633,cycle1_reload_to_default,Default,340,0,45.021973,43.110352,-130.407715,46.252441,62.270508,11.733398,260.670607,229.999221,173.406639,-145.561415,18.0727969,-91.2820163,15.7172463,17.9438549,,,,,
22.399168,cycle1_reload_to_default,Default,341,0,45.153809,42.978516,-130.517578,46.428223,62.797852,11.733398,260.306233,230.02844,173.117009,-145.398504,17.9894375,-91.830158,23.7607703,18.5772498,,,,,
22.4242594,cycle1_reload_to_default,Default,342,0,45.263672,42.868652,-130.605469,46.560059,63.127441,11.755371,259.933714,230.080339,172.7724,-145.335313,17.9349045,-92.1412474,15.8596619,20.3303216,,,,,
22.4493783,cycle1_reload_to_default,Default,343,0,45.41748,42.714844,-130.737305,46.73584,63.632812,11.777344,259.396227,230.136247,172.320772,-145.220203,17.8254193,-92.6290938,23.6019868,28.0372148,,,,,
22.474452,cycle1_reload_to_default,Default,344,0,45.505371,42.626953,-130.803223,46.845703,63.962402,11.799316,259.144731,230.179115,172.124829,-145.104495,17.7859135,-92.962893,14.9745795,12.8295676,,,,,
22.4995706,cycle1_reload_to_default,Default,345,0,45.637207,42.473145,-130.935059,47.043457,64.489746,11.799316,258.734894,230.107861,171.702135,-144.990573,17.6996476,-93.5027277,24.3992906,23.6102085,,,,,
22.5246558,cycle1_reload_to_default,Default,346,0,45.74707,42.385254,-131.000977,47.131348,64.797363,11.843262,258.348182,230.271941,171.486765,-144.867888,17.6268515,-93.7881322,14.2858359,18.81876,,,,,
22.5497677,cycle1_reload_to_default,Default,347,0,45.878906,42.231445,-131.132812,47.307129,65.324707,11.843262,257.900118,230.220601,171.070087,-144.744632,17.5048966,-94.3232921,24.1376575,24.4512425,,,,,
22.5748553,cycle1_reload_to_default,Default,348,0,45.966797,42.143555,-131.19873,47.438965,65.654297,11.843262,257.675975,230.23613,170.88119,-144.642582,17.4601506,-94.6746449,15.220437,11.7004491,,,,,
22.5999556,cycle1_reload_to_default,Default,349,0,46.120605,41.989746,-131.330566,47.614746,66.159668,11.865234,257.124923,230.280713,170.447892,-144.516778,17.3315092,-95.1695972,23.6194823,27.9845794,,,,,
22.6250396,cycle1_reload_to_default,Default,350,0,46.208496,41.901855,-131.418457,47.724609,66.51123,11.887207,256.820901,230.262134,170.243961,-144.399645,17.2675804,-95.5246503,15.9126365,14.6130959,,,,,
22.6502957,cycle1_reload_to_default,Default,351,0,46.40625,41.704102,-131.550293,47.944336,67.17041,11.90918,256.191452,230.416246,169.775987,-144.182806,17.0946898,-96.1914909,30.1248577,31.6495735,,,,,
22.6753712,cycle1_reload_to_default,Default,352,0,46.472168,41.638184,-131.616211,48.010254,67.346191,11.931152,255.897352,230.419839,169.534361,-144.16379,17.0375485,-96.3433334,8.80631701,15.1800117,,,,,
22.7004421,cycle1_reload_to_default,Default,353,0,46.647949,41.462402,-131.748047,48.251953,68.027344,11.975098,255.408903,230.464374,169.197647,-143.896386,16.9490612,-97.0564792,30.9861714,23.7299084,,,,,
22.7291546,cycle1_reload_to_default,Default,354,0,46.801758,41.308594,-131.879883,48.427734,68.532715,11.975098,254.845218,230.499254,168.781755,-143.772173,16.7755786,-97.5652789,20.6337637,24.4274372,,,,,
22.7542696,cycle1_reload_to_default,Default,355,0,46.889648,41.19873,-131.967773,48.537598,68.862305,11.99707,254.50733,230.45856,168.465499,-143.692536,16.6907891,-97.8879223,15.3541139,18.4984104,,,,,
22.7793701,cycle1_reload_to_default,Default,356,0,46.977539,41.11084,-132.055664,48.647461,69.213867,12.019043,254.193586,230.434371,168.27473,-143.566665,16.6129958,-98.2466388,15.9021986,14.6605104,,,,,
22.8044658,cycle1_reload_to_default,Default,357,0,47.131348,40.957031,-132.165527,48.845215,69.719238,12.019043,253.7094,230.496397,167.90753,-143.417787,16.4698837,-98.7756808,23.7047453,24.3402242,,,,,
22.8295591,cycle1_reload_to_default,Default,358,0,47.241211,40.869141,-132.231445,48.977051,70.048828,12.041016,253.380695,230.599396,167.736766,-143.284008,16.4017013,-99.1181875,15.4668451,15.3215433,,,,,
22.8546736,cycle1_reload_to_default,Default,359,0,47.329102,40.759277,-132.319336,49.086914,70.400391,12.041016,253.046397,230.555323,167.451449,-143.191923,16.2796363,-99.4779046,16.0848316,17.587605,,,,,
22.8797686,cycle1_reload_to_default,Default,360,0,47.526855,40.561523,-132.495117,49.350586,71.081543,12.084961,252.360025,230.530186,166.962781,-142.980238,16.1247145,-100.174533,31.9915995,33.5896831,,,,,
22.9048884,cycle1_reload_to_default,Default,361,0,47.614746,40.473633,-132.583008,49.416504,71.411133,12.084961,251.963128,230.550903,166.759726,-142.867232,15.9557937,-100.499458,14.6889741,17.7670522,,,,,
22.9301319,cycle1_reload_to_default,Default,362,0,47.768555,40.319824,-132.670898,49.614258,71.938477,12.128906,251.526603,230.662208,166.469549,-142.636245,15.8571493,-101.052107,24.2316912,21.2276105,,,,,
22.9552293,cycle1_reload_to_default,Default,363,0,47.856445,40.209961,-132.758789,49.746094,72.290039,12.128906,251.218729,230.589741,166.193836,-142.543924,15.752513,-101.423708,16.3556004,16.7184707,,,,,
22.980336,cycle1_reload_to_default,Default,364,0,47.966309,40.12207,-132.84668,49.855957,72.641602,12.150879,250.804246,230.655925,166.019631,-142.399388,15.6283303,-101.778169,16.1136569,18.1007232,,,,,
23.0108533,cycle1_reload_to_default,Default,365,0,48.164062,39.924316,-132.978516,50.097656,73.322754,12.172852,250.170842,230.760095,165.628238,-142.128044,15.4201289,-102.495712,25.7697468,24.6359991,,,,,
23.0390549,cycle1_reload_to_default,Default,366,0,48.295898,39.770508,-133.132324,50.251465,73.850098,12.216797,249.591762,230.649794,165.23861,-141.955592,15.2415257,-103.016137,21.5214435,25.0560069,,,,,
23.0641594,cycle1_reload_to_default,Default,367,0,48.405762,39.682617,-133.198242,50.405273,74.20166,12.216797,249.289009,230.72005,165.108582,-141.805785,15.1507339,-103.407878,16.4909009,13.4199453,,,,,
23.0892744,cycle1_reload_to_default,Default,368,0,48.493652,39.572754,-133.286133,50.493164,74.553223,12.23877,248.906365,230.693968,164.844858,-141.679313,15.0045414,-103.754237,15.893025,18.5328784,,,,,
23.1171753,cycle1_reload_to_default,Default,369,0,48.691406,39.396973,-133.461914,50.778809,75.256348,12.260742,248.24832,230.647042,164.519345,-141.410847,14.8143799,-104.51428,29.4980077,26.3665712,,,,,
23.1422772,cycle1_reload_to_default,Default,370,0,48.80127,39.287109,-133.527832,50.866699,75.60791,12.282715,247.823742,230.772061,164.297304,-141.248076,14.6475473,-104.860493,15.9494178,19.7266266,,,,,
23.1673381,cycle1_reload_to_default,Default,371,0,48.955078,39.133301,-133.637695,51.04248,76.157227,12.282715,247.28531,230.84239,164.02173,-141.015715,14.4196541,-105.443656,24.9841239,24.298005,,,,,
23.1931481,cycle1_reload_to_default,Default,372,0,49.042969,39.04541,-133.725586,51.174316,76.508789,12.282715,246.978698,230.782248,163.865669,-140.882588,14.3043204,-105.828248,15.6976188,13.5319796,,,,,
23.2182288,cycle1_reload_to_default,Default,373,0,49.196777,38.891602,-133.857422,51.350098,77.036133,12.304688,246.378151,230.792205,163.536868,-140.678486,14.085107,-106.370638,24.3890118,27.3014259,,,,,
23.2433319,cycle1_reload_to_default,Default,374,0,49.284668,38.803711,-133.92334,51.481934,77.387695,12.32666,246.118057,230.788716,163.420311,-140.50416,14.004589,-106.754809,15.9966214,11.3546818,,,,,
23.2685943,cycle1_reload_to_default,Default,375,0,49.416504,38.649902,-134.077148,51.657715,77.915039,12.348633,245.551822,230.645116,163.063054,-140.327039,13.7918785,-107.299545,24.2136161,27.1053599,,,,,
23.2996912,cycle1_reload_to_default,Default,376,0,49.570312,38.496094,-134.143066,51.855469,78.442383,12.370605,245.124754,230.799933,162.848674,-140.046205,13.6294387,-107.875965,19.5431982,16.1530068,,,,,
23.3248162,cycle1_reload_to_default,Default,377,0,49.680176,38.408203,-134.25293,51.943359,78.815918,12.392578,244.612421,230.826981,162.693214,-139.87287,13.4285864,-108.240884,16.867383,21.3365917,,,,,
23.3498995,cycle1_reload_to_default,Default,378,0,49.768066,38.29834,-134.318848,52.097168,79.16748,12.414551,244.36168,230.776721,162.486296,-139.72308,13.3504923,-108.630488,16.5280778,13.1145524,,,,,
23.3750212,cycle1_reload_to_default,Default,379,0,49.921875,38.166504,-134.450684,52.250977,79.694824,12.414551,243.730337,230.827739,162.274305,-139.483293,13.0714718,-109.179034,23.8893027,26.5879853,,,,,
23.4001131,cycle1_reload_to_default,Default,380,0,50.009766,38.056641,-134.538574,52.404785,80.068359,12.436523,243.433477,230.72061,162.061655,-139.332412,12.9694812,-109.588023,17.4259453,15.1664716,,,,,
23.4267819,cycle1_reload_to_default,Default,381,0,50.20752,37.858887,-134.692383,52.602539,80.771484,12.458496,242.635006,230.802835,161.724776,-138.991625,12.6134089,-110.309741,29.9000746,32.6418936,,,,,
23.4518833,cycle1_reload_to_default,Default,382,0,50.251465,37.814941,-134.736328,52.668457,80.947266,12.458496,242.473591,230.770992,161.657323,-138.915779,12.5430916,-110.503627,8.07040117,7.08390833,,,,,
23.4792821,cycle1_reload_to_default,Default,383,0,50.449219,37.617188,-134.890137,52.932129,81.650391,12.480469,241.767672,230.773901,161.327844,-138.587839,12.2549009,-111.261954,29.7913465,28.4329355,,,,,
23.5092294,cycle1_reload_to_default,Default,384,0,50.581055,37.485352,-135.021973,53.063965,82.177734,12.524414,241.178679,230.756083,161.133048,-138.307254,12.0097223,-111.789039,19.7421288,20.7239288,,,,,
23.5343435,cycle1_reload_to_default,Default,385,0,50.690918,37.397461,-135.087891,53.217773,82.507324,12.524414,240.837491,230.81393,161.012996,-138.145915,11.878368,-112.162365,15.7484585,14.5850326,,,,,
23.5594201,cycle1_reload_to_default,Default,386,0,50.822754,37.243652,-135.197754,53.371582,82.990723,12.568359,240.29743,230.802434,160.711182,-137.912362,11.6605914,-112.651796,22.2877419,24.6756036,,,,,
23.5845056,cycle1_reload_to_default,Default,387,0,50.910645,37.155762,-135.263672,53.503418,83.320312,12.568359,240.008697,230.793598,160.594434,-137.748853,11.5268654,-113.021799,15.2217045,12.4202922,,,,,
23.6096072,cycle1_reload_to_default,Default,388,0,50.998535,37.067871,-135.351562,53.569336,83.62793,12.590332,239.567463,230.802465,160.423075,-137.598148,11.3305072,-113.312898,13.9507512,18.860255,,,,,
23.6347067,cycle1_reload_to_default,Default,389,0,51.130371,36.936035,-135.461426,53.76709,84.089355,12.590332,239.099637,230.755536,160.200066,-137.395299,11.1231418,-113.827922,21.780216,20.7327187,,,,,
23.6598017,cycle1_reload_to_default,Default,390,0,51.218262,36.848145,-135.549316,53.85498,84.396973,12.612305,238.689251,230.737648,160.032251,-137.248267,10.9478846,-114.131885,14.1454345,17.6820989,,,,,
23.6848941,cycle1_reload_to_default,Default,391,0,51.350098,36.716309,-135.637207,54.008789,84.858398,12.634277,238.198876,230.80134,159.845161,-136.98952,10.7263413,-114.617518,21.0707438,21.0702838,,,,,
23.7099843,cycle1_reload_to_default,Default,392,0,51.416016,36.628418,-135.725098,54.118652,85.144043,12.65625,237.903128,230.662507,159.656375,-136.878173,10.6036663,-114.919304,13.4534855,15.0391275,,,,,
23.7350819,cycle1_reload_to_default,Default,393,0,51.547852,36.496582,-135.812988,54.272461,85.561523,12.678223,237.400145,230.719812,159.424738,-136.661759,10.3860919,-115.355748,19.5569082,22.1820066,,,,,
23.7601879,cycle1_reload_to_default,Default,394,0,51.635742,36.408691,-135.878906,54.382324,85.847168,12.678223,237.060639,230.730355,159.269577,-136.527141,10.223546,-115.663636,13.4165266,14.8741778,,,,,
23.7852962,cycle1_reload_to_default,Default,395,0,51.745605,36.298828,-135.98877,54.536133,86.264648,12.678223,236.613356,230.658639,159.106646,-136.32794,10.0025563,-116.118682,19.272376,19.1731606,,,,,
23.8103819,cycle1_reload_to_default,Default,396,0,51.833496,36.210938,-136.054688,54.602051,86.52832,12.700195,236.201914,230.71856,158.929695,-136.18762,9.81832533,-116.365143,12.231335,18.0130655,,,,,
23.8354728,cycle1_reload_to_default,Default,397,0,51.943359,36.101074,-136.142578,54.733887,86.945801,12.722168,235.765177,230.732048,158.800281,-135.940525,9.61058581,-116.80225,18.8636266,18.1622113,,,,,
23.8605642,cycle1_reload_to_default,Default,398,0,52.03125,36.013184,-136.208496,54.84375,87.209473,12.722168,235.417674,230.738502,158.625997,-135.824044,9.44635504,-117.08582,12.6901592,15.4958197,,,,,
23.8856547,cycle1_reload_to_default,Default,399,0,52.163086,35.859375,-136.340332,55.019531,87.736816,12.744141,234.84867,230.645239,158.374794,-135.555214,9.16195106,-117.639621,24.1741424,25.0669673,,,,,
23.910754,cycle1_reload_to_default,Default,400,0,52.207031,35.81543,-136.362305,55.085449,87.868652,12.766113,234.71327,230.664424,158.303693,-135.474316,9.12376215,-117.781936,6.49235551,6.14084469,,,,,
23.9358492,cycle1_reload_to_default,Default,401,0,52.36084,35.683594,-136.472168,55.26123,88.374023,12.766113,234.111111,230.7382,158.155729,-135.179681,8.82110033,-118.322347,23.2150207,24.8830531,,,,,
23.9644499,cycle1_reload_to_default,Default,402,0,52.470703,35.57373,-136.582031,55.371094,88.725586,12.810059,233.577517,230.708179,157.933109,-134.999086,8.60114952,-118.656578,14.5766597,20.242514,,,,,
23.9895537,cycle1_reload_to_default,Default,403,0,52.536621,35.48584,-136.625977,55.480957,88.989258,12.788086,233.359123,230.682986,157.794069,134.811895,-8.44331,118.910789,12.3472274,10.361798,,,,,
24.0161307,cycle1_reload_to_default,Default,404,0,52.624512,35.397949,-136.713867,55.612793,89.34082,12.832031,233.006912,230.617763,157.697211,134.482323,-8.29740169,119.178774,15.3339996,13.9618125,,,,,
24.0412488,cycle1_reload_to_default,Default,405,0,52.712402,35.310059,-136.779785,55.678711,89.58252,12.832031,232.584293,230.672147,157.507006,134.282934,-8.07556349,119.333864,11.4391578,18.5773918,,,,,
24.0669041,cycle1_reload_to_default,Default,406,0,52.800293,35.222168,-136.867676,55.788574,89.912109,12.854004,232.19421,230.629686,157.38817,133.980615,-7.88369968,119.571151,14.8095193,15.9806627,,,,,
24.0938356,cycle1_reload_to_default,Default,407,0,52.888184,35.112305,-136.933594,55.92041,90.263672,12.854004,231.866846,230.601688,157.229635,133.630868,-7.68059736,119.819063,15.0881216,13.5457286,,,,,
24.1189387,cycle1_reload_to_default,Default,408,0,52.888184,35.112305,-136.933594,55.92041,90.263672,12.854004,231.866846,230.601688,157.229635,133.630868,-7.68059736,119.819063,0,0,,,,,
24.1440339,cycle1_reload_to_default,Default,409,0,52.998047,35.024414,-136.999512,56.030273,90.615234,12.875977,231.433589,230.711587,157.165476,133.31564,-7.47468276,120.116096,15.9536475,17.9938308,,,,,
24.169136,cycle1_reload_to_default,Default,410,0,53.085938,34.914551,-137.087402,56.162109,90.922852,12.875977,231.05327,230.616133,156.933395,133.009158,-7.25982472,120.285963,14.8806328,18.1517882,,,,,
24.1942422,cycle1_reload_to_default,Default,411,0,53.195801,34.82666,-137.175293,56.271973,91.230469,12.897949,230.567751,230.658087,156.795789,132.737339,-7.04244621,120.505427,14.6185386,20.1696597,,,,,
24.2193382,cycle1_reload_to_default,Default,412,0,53.283691,34.73877,-137.241211,56.403809,91.516113,12.919922,230.244326,230.639707,156.662425,132.452201,-6.89427768,120.704514,13.7602616,13.9594386,,,,,
24.2444308,cycle1_reload_to_default,Default,413,0,53.371582,34.650879,-137.307129,56.491699,91.845703,12.919922,229.859469,230.683506,156.5781,132.150775,-6.66602101,120.960248,14.7048848,15.7980611,,,,,
24.2727072,cycle1_reload_to_default,Default,414,0,53.4375,34.562988,-137.373047,56.623535,92.131348,12.919922,229.622568,230.577043,156.446846,131.843033,-6.51424362,121.138626,12.0131639,10.2914337,,,,,
24.2978055,cycle1_reload_to_default,Default,415,0,53.4375,34.562988,-137.373047,56.623535,92.131348,12.919922,229.622568,230.577043,156.446846,131.843033,-6.51424362,121.138626,0,0,,,,,
24.3229403,cycle1_reload_to_default,Default,416,0,53.525391,34.49707,-137.438965,56.733398,92.416992,12.963867,229.280409,230.608104,156.408896,131.579567,-6.3863577,121.376986,13.3152851,13.7520622,,,,,
24.3480384,cycle1_reload_to_default,Default,417,0,53.613281,34.40918,-137.526855,56.821289,92.702637,12.963867,228.844122,230.583788,156.252536,131.321662,-6.14623925,121.555376,13.3634914,18.4913487,,,,,
24.373172,cycle1_reload_to_default,Default,418,0,53.679199,34.321289,-137.570801,56.931152,92.988281,12.98584,228.615672,230.563831,156.149942,131.035797,-6.01506891,121.77292,13.0843232,9.99552567,,,,,
24.3982785,cycle1_reload_to_default,Default,419,0,53.76709,34.255371,-137.636719,57.019043,93.251953,12.963867,228.23622,230.617086,156.08969,130.780196,-5.79180321,121.959815,12.221244,15.4493685,,,,,
24.4233723,cycle1_reload_to_default,Default,420,0,53.833008,34.16748,-137.702637,57.106934,93.493652,12.98584,227.925835,230.555153,155.913535,130.556232,-5.62946949,122.107406,11.4836669,14.434762,,,,,
24.4485173,cycle1_reload_to_default,Default,421,0,53.833008,34.16748,-137.702637,57.106934,93.493652,12.98584,227.925835,230.555153,155.913535,130.556232,-5.62946949,122.107406,0,0,,,,,
24.4736145,cycle1_reload_to_default,Default,422,0,53.920898,34.101562,-137.746582,57.172852,93.757324,13.007812,227.555751,230.694513,155.879871,130.332807,-5.45466712,122.344384,11.8436016,15.813901,,,,,
24.4987082,cycle1_reload_to_default,Default,423,0,53.986816,34.035645,-137.8125,57.260742,93.999023,13.007812,227.260922,230.655591,155.797484,130.094592,-5.28483765,122.504193,11.2133981,12.2973932,,,,,
24.5238211,cycle1_reload_to_default,Default,424,0,54.052734,33.969727,-137.856445,57.348633,94.262695,13.007812,227.010375,230.681208,155.765473,129.83135,-5.1283336,122.713104,11.8038106,10.1094914,,,,,
24.5489037,cycle1_reload_to_default,Default,425,0,54.118652,33.903809,-137.922363,57.436523,94.482422,13.029785,226.712717,230.637525,155.660097,129.62302,-4.98792842,122.856647,10.5121561,12.7087425,,,,,
24.573981,cycle1_reload_to_default,Default,426,0,54.18457,33.837891,-137.966309,57.524414,94.702148,13.029785,226.45762,230.653338,155.580456,129.40059,-4.84125042,123.012255,10.2929584,10.6752617,,,,,
24.5990815,cycle1_reload_to_default,Default,427,0,54.228516,33.793945,-137.988281,57.590332,94.855957,13.029785,226.31291,230.676524,155.544274,129.237998,-4.75459085,123.130021,7.16538616,6.01405969,,,,,
24.6241953,cycle1_reload_to_default,Default,428,0,54.250488,33.75,-138.032227,57.634277,94.987793,13.051758,226.179408,230.575095,155.458433,129.115913,-4.68281829,123.205383,6.18663997,7.50023368,,,,,
24.6516471,cycle1_reload_to_default,Default,429,0,54.338379,33.684082,-138.098145,57.722168,95.273438,13.07373,225.795929,230.633684,155.428357,128.856047,-4.49847609,123.438457,11.872019,14.1736848,,,,,
24.6767457,cycle1_reload_to_default,Default,430,0,54.382324,33.640137,-138.120117,57.744141,95.383301,13.051758,225.582246,230.70003,155.342864,128.759964,-4.35684146,123.506097,5.2527046,9.5433222,,,,,
24.701848,cycle1_reload_to_default,Default,431,0,54.404297,33.596191,-138.164062,57.810059,95.537109,13.051758,225.482101,230.577359,155.283105,128.589301,-4.27338474,123.590095,7.16480278,6.74272802,,,,,
24.7269514,cycle1_reload_to_default,Default,432,0,54.448242,33.574219,-138.186035,57.854004,95.646973,13.07373,225.317448,230.640262,155.290217,128.491098,-4.22147268,123.695076,5.25174005,7.02705323,,,,,
24.7520344,cycle1_reload_to_default,Default,433,0,54.51416,33.508301,-138.22998,57.941895,95.888672,13.095703,225.060616,230.661657,155.237567,128.256286,-4.09076637,123.887,11.0805629,10.4869579,,,,,
24.7771349,cycle1_reload_to_default,Default,434,0,54.536133,33.464355,-138.251953,57.98584,95.998535,13.095703,224.967279,230.614911,155.153548,128.140548,-4.01772216,123.947644,5.17886696,5.3385795,,,,,
24.8022466,cycle1_reload_to_default,Default,435,0,54.580078,33.442383,-138.295898,58.007812,96.108398,13.117676,224.727001,230.644963,155.136148,128.063918,-3.92522184,124.036838,5.2499617,9.66778851,,,,,
24.8301697,cycle1_reload_to_default,Default,436,0,54.624023,33.376465,-138.317871,58.095703,96.328125,13.095703,224.598647,230.6346,155.084269,127.813851,-3.79342482,124.192097,9.00648596,4.97185271,,,,,
24.8552523,cycle1_reload_to_default,Default,437,0,54.667969,33.354492,-138.339844,58.117676,96.437988,13.117676,224.40029,230.724222,155.091279,127.732863,-3.72052183,124.303799,5.03231697,8.68237525,,,,,
24.8803804,cycle1_reload_to_default,Default,438,0,54.689941,33.33252,-138.383789,58.161621,96.525879,13.095703,224.279795,230.636077,155.050904,127.627742,-3.62778083,124.327148,4.54363895,6.15476239,,,,,
24.9054723,cycle1_reload_to_default,Default,439,0,54.711914,33.288574,-138.405762,58.183594,96.635742,13.095703,224.153078,230.616227,154.966933,127.529415,-3.53402074,124.394388,4.9536447,6.10970787,,,,,
24.9305604,cycle1_reload_to_default,Default,440,0,54.755859,33.244629,-138.427734,58.227539,96.789551,13.117676,223.97209,230.666652,154.932501,127.392858,-3.44871877,124.528934,6.95161574,7.61361562,,,,,
24.9556603,cycle1_reload_to_default,Default,441,0,54.777832,33.222656,-138.449707,58.271484,96.899414,13.139648,223.894264,230.64371,154.940715,127.282501,-3.41915381,124.622721,5.02880671,3.24905181,,,,,
24.9807534,cycle1_reload_to_default,Default,442,0,54.799805,33.200684,-138.47168,58.293457,96.965332,13.117676,223.782144,230.636412,154.89962,127.211649,-3.3321823,124.649145,3.27636568,4.76773156,,,,,
25.0058646,cycle1_reload_to_default,Default,443,0,54.821777,33.178711,-138.493652,58.31543,97.03125,13.139648,223.670002,230.6291,154.858602,127.160895,-3.29450574,124.697649,3.27399086,4.76410035,,,,,
25.0326324,cycle1_reload_to_default,Default,444,0,54.865723,33.134766,-138.515625,58.381348,97.185059,13.139648,223.520877,230.652958,154.825466,126.996195,-3.20347469,124.814132,6.71907668,5.77612506,,,,,
25.0577517,cycle1_reload_to_default,Default,445,0,54.887695,33.112793,-138.537598,58.381348,97.250977,13.139648,223.37598,230.672314,154.783797,126.953087,-3.12131072,124.858447,3.03016151,6.05141084,,,,,
25.0828416,cycle1_reload_to_default,Default,446,0,54.909668,33.112793,-138.55957,58.425293,97.316895,13.139648,223.312876,230.661918,154.834825,126.870117,-3.09850555,124.911395,3.391773,3.26094026,,,,,
25.1094661,cycle1_reload_to_default,Default,447,0,54.931641,33.068848,-138.581543,58.447266,97.426758,13.139648,223.185215,230.642298,154.751774,126.771456,-3.00379198,124.978401,4.66848999,5.7675225,,,,,
25.1345634,cycle1_reload_to_default,Default,448,0,54.953613,33.046875,-138.581543,58.469238,97.470703,13.139648,223.114015,230.688904,154.710281,126.727202,-2.9672227,125.012208,2.31632165,3.77228964,,,,,
25.1596496,cycle1_reload_to_default,Default,449,0,54.953613,33.046875,-138.603516,58.491211,97.514648,13.139648,223.106022,230.61399,154.736312,126.671676,-2.95467215,125.034875,2.1454783,3.17740948,,,,,
25.1847544,cycle1_reload_to_default,Default,450,0,54.975586,33.024902,-138.603516,58.513184,97.558594,13.139648,223.034768,230.660591,154.694856,126.62739,-2.91805045,125.068673,2.31569993,3.77205298,,,,,
25.2098479,cycle1_reload_to_default,Default,451,0,54.997559,33.00293,-138.625488,58.535156,97.646484,13.139648,222.92283,230.658981,154.678643,126.545348,-2.84923602,125.132012,3.91589721,4.50780508,,,,,
25.2349405,cycle1_reload_to_default,Default,452,0,55.019531,33.00293,-138.625488,58.557129,97.668457,13.139648,222.867512,230.7235,154.703782,126.517747,-2.83875107,125.16221,1.51669306,3.53200551,,,,,
25.2600334,cycle1_reload_to_default,Default,453,0,55.019531,32.980957,-138.625488,58.557129,97.712402,13.161621,222.852001,230.71126,154.661484,126.49014,-2.83105027,125.202911,2.14490752,1.86053014,,,,,
25.2888961,cycle1_reload_to_default,Default,454,0,55.019531,32.980957,-138.647461,58.579102,97.756348,13.161621,222.843934,230.636449,154.68764,126.434568,-2.81833277,125.225517,1.86478086,2.76001256,,,,,
25.3139911,cycle1_reload_to_default,Default,455,0,55.041504,32.958984,-138.647461,58.579102,97.77832,13.139648,222.739411,230.703942,154.621113,126.418907,-2.74362423,125.2291,1.75116655,5.62222771,,,,,
25.3390834,cycle1_reload_to_default,Default,456,0,55.041504,32.958984,-138.647461,58.601074,97.800293,13.183594,222.772509,230.683017,154.646257,126.400353,-2.80605061,125.270483,2.14496455,1.85456528,,,,,
25.3641787,cycle1_reload_to_default,Default,457,0,55.041504,32.958984,-138.647461,58.601074,97.800293,13.161621,222.772509,230.683017,154.646257,126.390207,-2.78157813,125.259294,0.875584919,0,,,,,
25.3901896,cycle1_reload_to_default,Default,458,0,55.041504,32.958984,-138.669434,58.623047,97.822266,13.183594,222.76393,230.602494,154.648214,126.365789,-2.79927665,125.267152,1.68951661,3.11418581,,,,,
25.4153004,cycle1_reload_to_default,Default,459,0,55.041504,32.937012,-138.669434,58.601074,97.822266,13.161621,222.714764,230.605469,154.556578,126.377776,-2.73511017,125.240541,1.51559862,4.14303982,,,,,
25.4403789,cycle1_reload_to_default,Default,460,0,55.041504,32.958984,-138.669434,58.601074,97.844238,13.183594,222.73181,230.634911,154.67157,126.362604,-2.77378688,125.299992,1.51752076,4.78172225,,,,,
25.4654598,cycle1_reload_to_default,Default,461,0,55.041504,32.958984,-138.669434,58.601074,97.844238,13.139648,222.73181,230.634911,154.67157,126.342299,-2.7248658,125.277598,1.75216863,0,,,,,
25.490556,cycle1_reload_to_default,Default,462,0,55.041504,32.958984,-138.669434,58.623047,97.844238,13.161621,222.764408,230.60824,154.672465,126.334619,-2.76879403,125.281869,1.23821701,1.67866568,,,,,
25.517668,cycle1_reload_to_default,Default,463,0,55.041504,32.958984,-138.669434,58.601074,97.822266,13.161621,222.731331,230.629166,154.647319,126.37348,-2.75533734,125.262878,1.14612715,1.71589216,,,,,
25.5427616,cycle1_reload_to_default,Default,464,0,55.041504,32.958984,-138.669434,58.623047,97.822266,13.161621,222.76393,230.602494,154.648214,126.355646,-2.77481139,125.255955,0.875643152,1.67887155,,,,,
25.5678585,cycle1_reload_to_default,Default,465,0,55.041504,32.958984,-138.647461,58.623047,97.844238,13.183594,222.806063,230.667821,154.695656,126.340457,-2.81349285,125.315398,1.51643371,3.62870207,,,,,
25.5929482,cycle1_reload_to_default,Default,466,0,55.041504,32.958984,-138.669434,58.601074,97.844238,13.161621,222.73181,230.634911,154.67157,126.352453,-2.74932432,125.288796,1.51688903,3.37649602,,,,,
25.6193824,cycle1_reload_to_default,Default,467,0,55.041504,32.937012,-138.647461,58.623047,97.844238,13.161621,222.789506,230.644139,154.604886,126.334619,-2.76879495,125.28187,1.43971822,3.35401958,,,,,
25.6444638,cycle1_reload_to_default,Default,468,0,55.041504,32.958984,-138.647461,58.601074,97.844238,13.161621,222.773465,230.694492,154.694763,126.348144,-2.76955825,125.311132,1.23891857,4.15692906,,,,,
25.6695538,cycle1_reload_to_default,Default,469,0,55.041504,32.958984,-138.647461,58.623047,97.822266,13.183594,222.80559,230.662082,154.671404,126.361489,-2.81951164,125.289483,1.5168516,2.04322351,,,,,
25.6970961,cycle1_reload_to_default,Default,470,0,55.041504,32.958984,-138.647461,58.601074,97.844238,13.161621,222.773465,230.694492,154.694763,126.348144,-2.76955825,125.311132,1.381791,1.86129471,,,,,
25.7222052,cycle1_reload_to_default,Default,471,0,55.041504,32.958984,-138.669434,58.623047,97.844238,13.161621,222.764408,230.60824,154.672465,126.334619,-2.76879403,125.281869,1.23758212,3.56631994,,,,,
25.7472947,cycle1_reload_to_default,Default,472,0,55.041504,32.958984,-138.669434,58.623047,97.844238,13.161621,222.764408,230.60824,154.672465,126.334619,-2.76879403,125.281869,0,0,,,,,
25.7723739,cycle1_reload_to_default,Default,473,0,55.063477,32.958984,-138.647461,58.623047,97.844238,13.161621,222.717585,230.75325,154.695656,126.341526,-2.76504093,125.315398,1.23905277,6.14600075,,,,,
25.7993972,cycle1_reload_to_default,Default,474,0,55.041504,32.937012,-138.669434,58.623047,97.844238,13.139648,222.747846,230.584551,154.581723,126.32877,-2.72410481,125.248337,1.62620683,7.61585719,,,,,
25.824492,cycle1_reload_to_default,Default,475,0,55.041504,32.958984,-138.647461,58.623047,97.822266,13.161621,222.80559,230.662082,154.671404,126.351347,-2.79504545,125.278286,1.75116326,5.25463227,,,,,
25.8495979,cycle1_reload_to_default,Default,476,0,55.041504,32.937012,-138.647461,58.623047,97.822266,13.139648,222.789028,230.638393,154.580636,126.3455,-2.7503511,125.244758,1.23770674,3.79427536,,,,,
