t,segment,command,right_stick_x,right_stick_y,sample,alarm,j0,j1,j2,j3,j4,j5,x,y,z,a,b,c,target_x,target_y,target_z,target_a,target_b,target_c,joint_delta_norm_deg,joint_delta_max_deg,tcp_drift_norm_mm,tcp_drift_x_mm,tcp_drift_y_mm,tcp_drift_z_mm,q_speed_norm_deg_s,tcp_speed_norm_mm_s
9.77516174e-06,baseline_fixed_tcp,center,0,0,0,0,55.041504,32.958984,-138.647461,58.601074,97.822266,13.161621,222.772992,230.688755,154.67051,126.369178,-2.77556821,125.285215,222.772992,230.688755,154.67051,126.369178,-2.77556821,125.285215,0,0,0,0,0,0,,
0.0251324177,baseline_fixed_tcp,center,0,0,1,0,55.041504,32.958984,-138.647461,58.601074,97.822266,13.183594,222.772992,230.688755,154.67051,126.379325,-2.8000362,125.296408,222.772992,230.688755,154.67051,126.369178,-2.77556821,125.285215,0.021973,0.021973,0,0,0,0,0.87462933,0
0.0502302647,baseline_fixed_tcp,center,0,0,2,0,55.041504,32.958984,-138.647461,58.623047,97.822266,13.183594,222.80559,230.662082,154.671404,126.361489,-2.81951164,125.289483,222.772992,230.688755,154.67051,126.369178,-2.77556821,125.285215,0.0310745146,0.021973,0.0421288565,0.032597913,-0.0266724196,0.000893672202,0.875493424,1.67858448
0.0840904713,baseline_fixed_tcp,center,0,0,3,0,55.041504,32.958984,-138.647461,58.601074,97.822266,13.161621,222.772992,230.688755,154.67051,126.369178,-2.77556821,125.285215,222.772992,230.688755,154.67051,126.369178,-2.77556821,125.285215,0,0,0,0,0,0,0.917729622,1.24419963
0.109169483,baseline_fixed_tcp,center,0,0,4,0,55.041504,32.958984,-138.669434,58.623047,97.822266,13.183594,222.76393,230.602494,154.648214,126.365789,-2.79927665,125.267152,222.772992,230.688755,154.67051,126.369178,-2.77556821,125.285215,0.0380583524,0.021973,0.0895554714,-0.00906214622,-0.0862609737,-0.0222958379,1.51753795,3.57093301
0.134283781,baseline_fixed_tcp,center,0,0,5,0,55.041504,32.958984,-138.647461,58.579102,97.822266,13.183594,222.740385,230.715414,154.669621,126.397161,-2.78055789,125.303331,222.772992,230.688755,154.67051,126.369178,-2.77556821,125.285215,0.0310738075,0.021973,0.0421269392,-0.0326063502,0.026659222,-0.000889276407,1.95634485,4.67136766
0.159368515,baseline_fixed_tcp,center,0,0,6,0,55.041504,32.958984,-138.647461,58.601074,97.822266,13.161621,222.772992,230.688755,154.67051,126.369178,-2.77556821,125.285215,222.772992,230.688755,154.67051,126.369178,-2.77556821,125.285215,0,0,0,0,0,0,1.23875372,1.67938553
0.184464216,baseline_fixed_tcp,center,0,0,7,0,55.041504,32.958984,-138.647461,58.623047,97.822266,13.183594,222.80559,230.662082,154.671404,126.361489,-2.81951164,125.289483,222.772992,230.688755,154.67051,126.369178,-2.77556821,125.285215,0.0310745146,0.021973,0.0421288565,0.032597913,-0.0266724196,0.000893672202,1.23824054,1.67872801
0.209573507,baseline_fixed_tcp,center,0,0,8,0,55.041504,32.958984,-138.647461,58.623047,97.822266,13.161621,222.80559,230.662082,154.671404,126.351347,-2.79504545,125.278286,222.772992,230.688755,154.67051,126.369178,-2.77556821,125.285215,0.021973,0.021973,0.0421288565,0.032597913,-0.0266724196,0.000893672202,0.8750944,0
0.237755299,baseline_fixed_tcp,center,0,0,9,0,55.041504,32.958984,-138.647461,58.601074,97.822266,13.161621,222.772992,230.688755,154.67051,126.369178,-2.77556821,125.285215,222.772992,230.688755,154.67051,126.369178,-2.77556821,125.285215,0,0,0,0,0,0,0.77968784,1.49489633
0.262849808,baseline_fixed_tcp,center,0,0,10,0,55.041504,32.958984,-138.647461,58.623047,97.822266,13.161621,222.80559,230.662082,154.671404,126.351347,-2.79504545,125.278286,222.772992,230.688755,154.67051,126.369178,-2.77556821,125.285215,0.021973,0.021973,0.0421288565,0.032597913,-0.0266724196,0.000893672202,0.875609875,1.67880775
0.287987709,baseline_fixed_tcp,center,0,0,11,0,55.041504,32.958984,-138.647461,58.623047,97.822266,13.161621,222.80559,230.662082,154.671404,126.351347,-2.79504545,125.278286,222.772992,230.688755,154.67051,126.369178,-2.77556821,125.285215,0.021973,0.021973,0.0421288565,0.032597913,-0.0266724196,0.000893672202,0,0
0.313089371,baseline_fixed_tcp,center,0,0,12,0,55.041504,32.958984,-138.647461,58.579102,97.822266,13.161621,222.740385,230.715414,154.669621,126.387007,-2.7560881,125.292141,222.772992,230.688755,154.67051,126.369178,-2.77556821,125.285215,0.021972,0.021972,0.0421269392,-0.0326063502,0.026659222,-0.000889276407,1.75068091,3.35658233
0.338150978,baseline_fixed_tcp,center,0,0,13,0,55.041504,32.958984,-138.647461,58.601074,97.822266,13.183594,222.772992,230.688755,154.67051,126.379325,-2.8000362,125.296408,222.772992,230.688755,154.67051,126.369178,-2.77556821,125.285215,0.021973,0.021973,0,0,0,0,1.23989683,1.68093525
0.363238573,baseline_fixed_tcp,center,0,0,14,0,55.041504,32.958984,-138.647461,58.579102,97.800293,13.161621,222.739903,230.709678,154.645367,126.408036,-2.76209368,125.266215,222.772992,230.688755,154.67051,126.369178,-2.77556821,125.285215,0.0310738075,0.021973,0.0465277904,-0.0330889882,0.0209231448,-0.0251431133,1.51699575,1.85461342
0.388454676,baseline_fixed_tcp,center,0,0,15,0,55.041504,32.958984,-138.647461,58.601074,97.822266,13.161621,222.772992,230.688755,154.67051,126.369178,-2.77556821,125.285215,222.772992,230.688755,154.67051,126.369178,-2.77556821,125.285215,0,0,0,0,0,0,1.23230017,1.84516184
0.413588524,baseline_fixed_tcp,center,0,0,16,0,55.041504,32.958984,-138.647461,58.579102,97.822266,13.161621,222.740385,230.715414,154.669621,126.387007,-2.7560881,125.292141,222.772992,230.688755,154.67051,126.369178,-2.77556821,125.285215,0.021972,0.021972,0.0421269392,-0.0326063502,0.026659222,-0.000889276407,0.874199599,1.67610383
0.439232111,baseline_fixed_tcp,center,0,0,17,0,55.041504,32.958984,-138.647461,58.601074,97.822266,13.161621,222.772992,230.688755,154.67051,126.369178,-2.77556821,125.285215,222.772992,230.688755,154.67051,126.369178,-2.77556821,125.285215,0,0,0,0,0,0,0.856822406,1.64278652
0.464359522,baseline_fixed_tcp,center,0,0,18,0,55.041504,32.958984,-138.647461,58.601074,97.822266,13.161621,222.772992,230.688755,154.67051,126.369178,-2.77556821,125.285215,222.772992,230.688755,154.67051,126.369178,-2.77556821,125.285215,0,0,0,0,0,0,0,0
0.489424706,baseline_fixed_tcp,center,0,0,19,0,55.041504,32.958984,-138.647461,58.601074,97.822266,13.161621,222.772992,230.688755,154.67051,126.369178,-2.77556821,125.285215,222.772992,230.688755,154.67051,126.369178,-2.77556821,125.285215,0,0,0,0,0,0,0,0
0.516609192,baseline_fixed_tcp,center,0,0,20,0,55.041504,32.958984,-138.647461,58.601074,97.822266,13.161621,222.772992,230.688755,154.67051,126.369178,-2.77556821,125.285215,222.772992,230.688755,154.67051,126.369178,-2.77556821,125.285215,0,0,0,0,0,0,0,0
0.541722059,baseline_fixed_tcp,center,0,0,21,0,55.041504,32.958984,-138.647461,58.579102,97.822266,13.161621,222.740385,230.715414,154.669621,126.387007,-2.7560881,125.292141,222.772992,230.688755,154.67051,126.369178,-2.77556821,125.285215,0.021972,0.021972,0.0421269392,-0.0326063502,0.026659222,-0.000889276407,0.874929959,1.67750415
0.56693244,baseline_fixed_tcp,center,0,0,22,0,55.041504,32.958984,-138.647461,58.579102,97.822266,13.183594,222.740385,230.715414,154.669621,126.397161,-2.78055789,125.303331,222.772992,230.688755,154.67051,126.369178,-2.77556821,125.285215,0.0310738075,0.021973,0.0421269392,-0.0326063502,0.026659222,-0.000889276407,0.871585415,0
0.59202981,baseline_fixed_tcp,center,0,0,23,0,55.041504,32.958984,-138.647461,58.601074,97.822266,13.161621,222.772992,230.688755,154.67051,126.369178,-2.77556821,125.285215,222.772992,230.688755,154.67051,126.369178,-2.77556821,125.285215,0,0,0,0,0,0,1.23813002,1.67853998
0.618415117,baseline_fixed_tcp,center,0,0,24,0,55.041504,32.958984,-138.647461,58.601074,97.822266,13.161621,222.772992,230.688755,154.67051,126.369178,-2.77556821,125.285215,222.772992,230.688755,154.67051,126.369178,-2.77556821,125.285215,0,0,0,0,0,0,0,0
0.643517733,baseline_fixed_tcp,center,0,0,25,0,55.041504,32.958984,-138.647461,58.579102,97.822266,13.161621,222.740385,230.715414,154.669621,126.387007,-2.7560881,125.292141,222.772992,230.688755,154.67051,126.369178,-2.77556821,125.285215,0.021972,0.021972,0.0421269392,-0.0326063502,0.026659222,-0.000889276407,0.875287283,1.67818925
0.668613434,baseline_fixed_tcp,center,0,0,26,0,55.041504,32.958984,-138.647461,58.601074,97.822266,13.161621,222.772992,230.688755,154.67051,126.369178,-2.77556821,125.285215,222.772992,230.688755,154.67051,126.369178,-2.77556821,125.285215,0,0,0,0,0,0,0.875528435,1.67865161
0.696197987,baseline_fixed_tcp,center,0,0,27,0,55.041504,32.958984,-138.647461,58.579102,97.822266,13.139648,222.740385,230.715414,154.669621,126.37685,-2.73162237,125.280949,222.772992,230.688755,154.67051,126.369178,-2.77556821,125.285215,0.0310738075,0.021973,0.0421269392,-0.0326063502,0.026659222,-0.000889276407,1.12649307,1.52719312
0.721280575,baseline_fixed_tcp,center,0,0,28,0,55.041504,32.958984,-138.647461,58.601074,97.822266,13.161621,222.772992,230.688755,154.67051,126.369178,-2.77556821,125.285215,222.772992,230.688755,154.67051,126.369178,-2.77556821,125.285215,0,0,0,0,0,0,1.23885969,1.67952919
0.746388435,baseline_fixed_tcp,center,0,0,29,0,55.041504,32.958984,-138.647461,58.623047,97.822266,13.161621,222.80559,230.662082,154.671404,126.351347,-2.79504545,125.278286,222.772992,230.688755,154.67051,126.369178,-2.77556821,125.285215,0.021973,0.021973,0.0421288565,0.032597913,-0.0266724196,0.000893672202,0.875144258,1.67791502
0.771492004,baseline_fixed_tcp,center,0,0,30,0,55.041504,32.958984,-138.647461,58.623047,97.822266,13.161621,222.80559,230.662082,154.671404,126.351347,-2.79504545,125.278286,222.772992,230.688755,154.67051,126.369178,-2.77556821,125.285215,0.021973,0.021973,0.0421288565,0.032597913,-0.0266724196,0.000893672202,0,0
0.796577454,baseline_fixed_tcp,center,0,0,31,0,55.041504,32.958984,-138.647461,58.601074,97.822266,13.161621,222.772992,230.688755,154.67051,126.369178,-2.77556821,125.285215,222.772992,230.688755,154.67051,126.369178,-2.77556821,125.285215,0,0,0,0,0,0,0.875926112,1.67941407
0.821671247,baseline_fixed_tcp,center,0,0,32,0,55.041504,32.958984,-138.647461,58.601074,97.822266,13.161621,222.772992,230.688755,154.67051,126.369178,-2.77556821,125.285215,222.772992,230.688755,154.67051,126.369178,-2.77556821,125.285215,0,0,0,0,0,0,0,0
0.846791744,baseline_fixed_tcp,center,0,0,33,0,55.041504,32.958984,-138.647461,58.601074,97.822266,13.161621,222.772992,230.688755,154.67051,126.369178,-2.77556821,125.285215,222.772992,230.688755,154.67051,126.369178,-2.77556821,125.285215,0,0,0,0,0,0,0,0
0.871844769,baseline_fixed_tcp,center,0,0,34,0,55.041504,32.958984,-138.647461,58.601074,97.822266,13.161621,222.772992,230.688755,154.67051,126.369178,-2.77556821,125.285215,222.772992,230.688755,154.67051,126.369178,-2.77556821,125.285215,0,0,0,0,0,0,0,0
0.896925688,baseline_fixed_tcp,center,0,0,35,0,55.041504,32.958984,-138.647461,58.601074,97.822266,13.161621,222.772992,230.688755,154.67051,126.369178,-2.77556821,125.285215,222.772992,230.688755,154.67051,126.369178,-2.77556821,125.285215,0,0,0,0,0,0,0,0
0.922010183,baseline_fixed_tcp,center,0,0,36,0,55.041504,32.958984,-138.647461,58.579102,97.822266,13.161621,222.740385,230.715414,154.669621,126.387007,-2.7560881,125.292141,222.772992,230.688755,154.67051,126.369178,-2.77556821,125.285215,0.021972,0.021972,0.0421269392,-0.0326063502,0.026659222,-0.000889276407,0.875919548,1.67940149
0.924750566,right_stick_up,up,0,1,0,0,55.041504,32.958984,-138.647461,58.579102,97.822266,13.161621,222.740385,230.715414,154.669621,126.387007,-2.7560881,125.292141,222.772992,230.688755,154.67051,114.876073,-2.48816094,135.71251,0.021972,0.021972,0.0421269392,-0.0326063502,0.026659222,-0.000889276407,0,0
0.949855804,right_stick_up,up,0,1,1,0,55.041504,32.958984,-138.647461,58.623047,97.822266,13.161621,222.80559,230.662082,154.671404,126.351347,-2.79504545,125.278286,222.772992,230.688755,154.67051,114.876073,-2.48816094,135.71251,0.021973,0.021973,0.0421288565,0.032597913,-0.0266724196,0.000893672202,1.75043153,3.35610418
0.9788239,right_stick_up,up,0,1,2,0,55.041504,32.958984,-138.647461,58.579102,97.822266,13.161621,222.740385,230.715414,154.669621,126.387007,-2.7560881,125.292141,222.772992,230.688755,154.67051,114.876073,-2.48816094,135.71251,0.021972,0.021972,0.0421269392,-0.0326063502,0.026659222,-0.000889276407,1.51701376,2.90857206
1.00721145,right_stick_up,up,0,1,3,0,55.041504,32.958984,-138.647461,58.579102,97.822266,13.161621,222.740385,230.715414,154.669621,126.387007,-2.7560881,125.292141,222.772992,230.688755,154.67051,114.876073,-2.48816094,135.71251,0.021972,0.021972,0.0421269392,-0.0326063502,0.026659222,-0.000889276407,0,0
1.03230858,right_stick_up,up,0,1,4,0,55.041504,32.958984,-138.647461,58.601074,97.822266,13.161621,222.772992,230.688755,154.67051,126.369178,-2.77556821,125.285215,222.772992,230.688755,154.67051,114.876073,-2.48816094,135.71251,0,0,0,0,0,0,0.87547853,1.67855592
1.05738759,right_stick_up,up,0,1,5,0,55.041504,32.958984,-138.647461,58.623047,97.844238,13.161621,222.806063,230.667821,154.695656,126.330314,-2.78903115,125.304198,222.772992,230.688755,154.67051,114.876073,-2.48816094,135.71251,0.0310738075,0.021973,0.0465212805,0.0330710951,-0.0209336239,0.0251458864,1.23903635,1.85498857
1.08248496,right_stick_up,up,0,1,6,0,55.041504,32.958984,-138.647461,58.601074,97.844238,13.161621,222.773465,230.694492,154.694763,126.348144,-2.76955825,125.311132,222.772992,230.688755,154.67051,114.876073,-2.48816094,135.71251,0.021972,0.021972,0.0249264432,0.000473124702,0.00573752926,0.0242525149,0.875510058,1.67858594
1.10840082,right_stick_up,up,0,1,7,0,55.041504,32.958984,-138.647461,58.601074,97.866211,13.161621,222.773928,230.70023,154.719016,126.327104,-2.76354771,125.337046,222.772992,230.688755,154.67051,114.876073,-2.48816094,135.71251,0.043945,0.043945,0.0498540199,0.000936722291,0.0114757691,0.0485062117,0.84785915,0.961865689
1.1335144,right_stick_up,up,0,1,8,0,55.041504,32.958984,-138.647461,58.64502,97.910156,13.161621,222.840013,230.658361,154.769312,126.249348,-2.79044193,125.374965,222.772992,230.688755,154.67051,114.876073,-2.48816094,135.71251,0.0982644545,0.08789,0.123196941,0.0670216135,-0.0303933137,0.0988020047,2.47468962,3.70336796
1.1586411,right_stick_up,up,0,1,9,0,55.041504,32.958984,-138.647461,58.623047,97.932129,13.183594,222.80786,230.690781,154.792669,126.256273,-2.78941372,125.419028,222.772992,230.688755,154.67051,114.876073,-2.48816094,135.71251,0.114173133,0.109863,0.127053862,0.0348684032,0.00202686356,0.122158791,1.51465807,2.04116689
1.1837306,right_stick_up,up,0,1,10,0,55.063477,32.958984,-138.647461,58.623047,97.976074,13.183594,222.720211,230.787695,154.841175,126.225365,-2.75340382,125.482039,222.772992,230.688755,154.67051,114.876073,-2.48816094,135.71251,0.158446644,0.153808,0.204209633,-0.0527812211,0.0989401142,0.170665083,1.95827827,5.5554131
1.20900512,right_stick_up,up,0,1,11,0,55.063477,32.937012,-138.647461,58.688965,98.041992,13.205566,222.802661,230.701292,154.82585,126.123129,-2.79777897,125.527727,222.772992,230.688755,154.67051,114.876073,-2.48816094,135.71251,0.242695462,0.219726,0.1586445,0.0296687825,0.0125377181,0.155340421,3.88788683,4.76403064
1.23409772,right_stick_up,up,0,1,12,0,55.063477,32.937012,-138.647461,58.688965,98.063965,13.227539,222.803042,230.707048,154.850102,126.112196,-2.81615839,125.56484,222.772992,230.688755,154.67051,114.876073,-2.48816094,135.71251,0.267308808,0.241699,0.183004755,0.0300497995,0.0182929404,0.179591531,1.23839349,0.993423394
1.2592113,right_stick_up,up,0,1,13,0,55.063477,32.937012,-138.647461,58.710938,98.129883,13.249512,222.836697,230.697626,154.923762,126.041224,-2.84183084,125.646718,222.772992,230.688755,154.67051,114.876073,-2.48816094,135.71251,0.339689162,0.307617,0.261292218,0.063705004,0.00887155543,0.253252031,2.90182779,3.24649033
1.28432918,right_stick_up,up,0,1,14,0,55.085449,32.915039,-138.625488,58.754883,98.173828,13.271484,222.839067,230.777093,154.906492,125.984674,-2.86897223,125.706969,222.772992,230.688755,154.67051,114.876073,-2.48816094,135.71251,0.404559101,0.351562,0.260493624,0.0660750147,0.0883386473,0.235981576,3.0303111,3.2389942
1.30943823,right_stick_up,up,0,1,15,0,55.085449,32.893066,-138.647461,58.754883,98.283691,13.293457,222.782602,230.722843,154.913765,125.898073,-2.82238166,125.802926,222.772992,230.688755,154.67051,114.876073,-2.48816094,135.71251,0.510124804,0.461425,0.245819999,0.00961018621,0.0340884202,0.243255207,4.63053301,3.13194325
1.33452582,right_stick_up,up,0,1,16,0,55.085449,32.871094,-138.625488,58.798828,98.327637,13.293457,222.873278,230.716846,154.896476,125.82008,-2.84890654,125.840585,222.772992,230.688755,154.67051,114.876073,-2.48816094,135.71251,0.567473216,0.505371,0.248811187,0.100286252,0.0280911054,0.225965848,2.76964685,3.68725114
1.35962605,right_stick_up,up,0,1,17,0,55.107422,32.849121,-138.625488,58.842773,98.415527,13.337402,222.834385,230.748405,154.904524,125.735717,-2.86767248,125.941461,222.772992,230.688755,154.67051,114.876073,-2.48816094,135.71251,0.676885408,0.593261,0.249178674,0.0613932475,0.0596502411,0.234014378,4.46364026,2.02105405
1.38473606,right_stick_up,up,0,1,18,0,55.107422,32.827148,-138.625488,58.864746,98.503418,13.337402,222.85131,230.721259,154.911645,125.637695,-2.84217587,126.015413,222.772992,230.688755,154.67051,114.876073,-2.48816094,135.71251,0.765897289,0.681152,0.255609353,0.0783179149,0.0325042647,0.241134647,3.7125678,1.30516298
1.40987182,right_stick_up,up,0,1,19,0,55.129395,32.783203,-138.625488,58.886719,98.613281,13.359375,222.763304,230.761793,154.852232,125.544302,-2.79058168,126.115514,222.772992,230.688755,154.67051,114.876073,-2.48816094,135.71251,0.886290608,0.791015,0.196089637,-0.00968762539,0.0730383911,0.18172146,4.94498512,4.52172667
1.43497562,right_stick_up,up,0,1,20,0,55.129395,32.76123,-138.625488,58.930664,98.679199,13.40332,222.812297,230.702175,154.836072,125.469738,-2.83887566,126.179216,222.772992,230.688755,154.67051,114.876073,-2.48816094,135.71251,0.974010486,0.856933,0.170691807,0.0393049532,0.0134208184,0.165561756,3.71345638,3.14053879
1.46006656,right_stick_up,up,0,1,21,0,55.151367,32.717285,-138.625488,58.952637,98.811035,13.425293,222.724053,230.748629,154.800912,125.355111,-2.78083086,126.305036,222.772992,230.688755,154.67051,114.876073,-2.48816094,135.71251,1.11434048,0.988769,0.151606648,-0.0489389705,0.0598741795,0.130401824,5.74248515,4.21430494
1.48515749,right_stick_up,up,0,1,22,0,55.151367,32.695312,-138.625488,58.974609,98.898926,13.447266,222.740368,230.721675,154.80804,125.267078,-2.7791857,126.390133,222.772992,230.688755,154.67051,114.876073,-2.48816094,135.71251,1.20929477,1.07666,0.145129027,-0.0326236038,0.0329203831,0.137529573,3.81719325,1.28744911
1.51377606,right_stick_up,up,0,1,23,0,55.17334,32.629395,-138.603516,59.0625,99.074707,13.535156,222.773856,230.735461,154.756436,125.086464,-2.83850028,126.580238,222.772992,230.688755,154.67051,114.876073,-2.48816094,135.71251,1.43142992,1.252441,0.0978031514,0.000864199272,0.046706384,0.0859256846,7.94191637,2.20287787
1.538867,right_stick_up,up,0,1,24,0,55.17334,32.607422,-138.603516,59.106445,99.18457,13.535156,222.822131,230.687732,154.788757,124.948944,-2.82510657,126.672372,222.772992,230.688755,154.67051,114.876073,-2.48816094,135.71251,1.54716133,1.362304,0.128055066,0.0491396165,-0.00102289427,0.118246995,4.79650906,2.99662875
1.56532073,right_stick_up,up,0,1,25,0,55.195312,32.563477,-138.603516,59.150391,99.338379,13.579102,222.765036,230.713658,154.778779,124.80493,-2.80321785,126.827921,222.772992,230.688755,154.67051,114.876073,-2.48816094,135.71251,1.71949179,1.516113,0.11138074,-0.00795567976,0.0249033065,0.108269117,6.54022678,2.40022348
1.59043121,right_stick_up,up,0,1,26,0,55.217285,32.541504,-138.603516,59.194336,99.42627,13.623047,222.724439,230.745562,154.7869,124.719989,-2.82034487,126.928565,222.772992,230.688755,154.67051,114.876073,-2.48816094,135.71251,1.82888552,1.604004,0.138314841,-0.0485528389,0.0568072674,0.116389654,4.4618491,2.08151778
1.61552405,right_stick_up,up,0,1,27,0,55.217285,32.497559,-138.581543,59.260254,99.558105,13.64502,222.828887,230.712718,154.776547,124.553036,-2.84322401,127.050314,222.772992,230.688755,154.67051,114.876073,-2.48816094,135.71251,1.98229339,1.735839,0.122238731,0.0558953384,0.023963916,0.106036546,6.2533928,4.38286808
1.64061999,right_stick_up,up,0,1,28,0,55.239258,32.453613,-138.581543,59.304199,99.733887,13.688965,222.770437,230.744872,154.790746,124.387379,-2.81413401,127.231216,222.772992,230.688755,154.67051,114.876073,-2.48816094,135.71251,2.17384981,1.911621,0.132711549,-0.00255426911,0.0561176166,0.120235785,7.68291668,2.71774504
1.6657145,right_stick_up,up,0,1,29,0,55.26123,32.431641,-138.581543,59.370117,99.84375,13.73291,222.76121,230.756077,154.824114,124.262804,-2.84317798,127.350125,222.772992,230.688755,154.67051,114.876073,-2.48816094,135.71251,2.30974266,2.021484,0.168123134,-0.0117812723,0.0673224998,0.153604267,5.53773598,1.45006901
1.69253349,right_stick_up,up,0,1,30,0,55.26123,32.34375,-138.581543,59.458008,100.107422,13.798828,222.820597,230.62606,154.755757,123.983702,-2.83181075,127.574478,222.772992,230.688755,154.67051,114.876073,-2.48816094,135.71251,2.60642363,2.285156,0.116034057,0.0476052408,-0.0626948713,0.0852466804,11.1436249,5.90784824
1.71763873,right_stick_up,up,0,1,31,0,55.283203,32.321777,-138.55957,59.501953,100.217285,13.842773,222.819186,230.723386,154.810744,123.872109,-2.86191393,127.722402,222.772992,230.688755,154.67051,114.876073,-2.48816094,135.71251,2.73566135,2.395019,0.151653914,0.0461940564,0.0346317804,0.140234298,5.25132113,4.45305205
1.74271464,right_stick_up,up,0,1,32,0,55.305176,32.255859,-138.55957,59.589844,100.437012,13.886719,222.805749,230.690813,154.784691,123.631591,-2.83505377,127.917211,222.772992,230.688755,154.67051,114.876073,-2.48816094,135.71251,2.985291,2.614746,0.118804574,0.032756909,0.0020581102,0.114180891,9.9907631,1.74757953
1.76783371,right_stick_up,up,0,1,33,0,55.327148,32.211914,-138.55957,59.611816,100.568848,13.908691,222.713383,230.738413,154.749409,123.515959,-2.77411558,128.042104,222.772992,230.688755,154.67051,114.876073,-2.48816094,135.71251,3.12583694,2.746582,0.110653443,-0.0596091377,0.0496579713,0.0788988028,5.73604141,4.36864632
1.79290891,right_stick_up,up,0,1,34,0,55.349121,32.145996,-138.537598,59.72168,100.788574,13.974609,222.771578,230.738326,154.746978,123.26214,-2.80936746,128.262779,222.772992,230.688755,154.67051,114.876073,-2.48816094,135.71251,3.38870743,2.966308,0.0911408087,-0.00141395779,0.0495716123,0.0764676597,10.5516873,2.32285324
1.81801319,right_stick_up,up,0,1,35,0,55.349121,32.124023,-138.537598,59.765625,100.942383,14.018555,222.814771,230.703698,154.827588,123.100643,-2.82794312,128.427416,222.772992,230.688755,154.67051,114.876073,-2.48816094,135.71251,3.5538012,3.120117,0.163224858,0.0417796252,0.0149435874,0.157078026,6.66576588,3.89533736
1.84313321,right_stick_up,up,0,1,36,0,55.371094,32.058105,-138.537598,59.831543,101.074219,14.0625,222.769272,230.674109,154.703822,122.96346,-2.80624342,128.527204,222.772992,230.688755,154.67051,114.876073,-2.48816094,135.71251,3.71928994,3.251953,0.0365789208,-0.00371987174,-0.014645113,0.0333121699,6.7187531,5.37989991
1.87187505,right_stick_up,up,0,1,37,0,55.393066,31.992188,-138.515625,59.919434,101.381836,14.128418,222.789386,230.726034,154.796672,122.640855,-2.79459809,128.855774,222.772992,230.688755,154.67051,114.876073,-2.48816094,135.71251,4.05203396,3.55957,0.132572365,0.0163943792,0.037279431,0.126162198,11.6442542,3.7668985
1.89697695,right_stick_up,up,0,1,38,0,55.415039,31.948242,-138.515625,60.007324,101.535645,14.194336,222.790365,230.699716,154.788846,122.468705,-2.82818744,129.006846,222.772992,230.688755,154.67051,114.876073,-2.48816094,135.71251,4.24402303,3.713379,0.12010529,0.0173732962,0.0109616581,0.118335503,7.78018725,1.09451327
1.9220705,right_stick_up,up,0,1,39,0,55.437012,31.904297,-138.515625,60.05127,101.689453,14.216309,222.726563,230.727369,154.778703,122.312621,-2.77714088,129.148954,222.772992,230.688755,154.67051,114.876073,-2.48816094,135.71251,4.41097976,3.867187,0.123905457,-0.0464290953,0.0386148553,0.108193319,6.72582335,2.80044406
1.94716716,right_stick_up,up,0,1,40,0,55.437012,31.860352,-138.493652,60.073242,101.821289,14.260254,222.760228,230.749181,154.765505,122.1901,-2.78199837,129.294933,222.772992,230.688755,154.67051,114.876073,-2.48816094,135.71251,4.55560469,3.999023,0.113306519,-0.0127633922,0.0604267934,0.094995083,5.93806748,1.68267585
1.97242355,right_stick_up,up,0,1,41,0,55.480957,31.794434,-138.493652,60.205078,102.128906,14.348145,222.711148,230.77489,154.838092,121.855911,-2.78327675,129.609164,222.772992,230.688755,154.67051,114.876073,-2.48816094,135.71251,4.9092534,4.30664,0.198311821,-0.0618432517,0.0861355665,0.167581786,14.0550162,3.61555758
1.9975419,right_stick_up,up,0,1,42,0,55.480957,31.728516,-138.47168,60.249023,102.282715,14.39209,222.758162,230.752498,154.759358,121.698288,-2.77773144,129.750769,222.772992,230.688755,154.67051,114.876073,-2.48816094,135.71251,5.08561349,4.460449,0.110349702,-0.0148298855,0.0637432532,0.0888477846,7.16026577,3.75807253
2.02263212,right_stick_up,up,0,1,43,0,55.50293,31.706543,-138.47168,60.314941,102.414551,14.436035,222.741932,230.771183,154.816845,121.54989,-2.7946834,129.893256,222.772992,230.688755,154.67051,114.876073,-2.48816094,135.71251,5.24051276,4.592285,0.170801037,-0.0310600515,0.0824280852,0.146334815,6.25407993,2.49453145
2.05113316,right_stick_up,up,0,1,44,0,55.524902,31.618652,-138.47168,60.424805,102.722168,14.501953,222.729413,230.715558,154.797453,121.216821,-2.75326444,130.168249,222.772992,230.688755,154.67051,114.876073,-2.48816094,135.71251,5.58503238,4.899902,0.136865221,-0.0435790645,0.0268036904,0.126942964,12.1163156,2.11302073
2.07622552,right_stick_up,up,0,1,45,0,55.524902,31.574707,-138.449707,60.490723,102.854004,14.567871,222.824396,230.683872,154.786321,121.066935,-2.81564003,130.310368,222.772992,230.688755,154.67051,114.876073,-2.48816094,135.71251,5.74940891,5.031738,0.126800615,0.0514042612,-0.00488278815,0.115810865,6.72615845,4.01501279
2.10134149,right_stick_up,up,0,1,46,0,55.546875,31.530762,-138.449707,60.556641,103.007812,14.589844,222.788811,230.685539,154.777203,120.891459,-2.7797503,130.443695,222.772992,230.688755,154.67051,114.876073,-2.48816094,135.71251,5.92353569,5.185546,0.107907764,0.0158197336,-0.00321552402,0.106693402,6.99876503,1.46408127
2.12643337,right_stick_up,up,0,1,47,0,55.546875,31.486816,-138.427734,60.600586,103.161621,14.611816,222.849383,230.687383,154.788727,120.717653,-2.76971263,130.593922,222.772992,230.688755,154.67051,114.876073,-2.48816094,135.71251,6.08939931,5.339355,0.140758041,0.076391319,-0.00137131914,0.118217224,6.72630183,2.45838935
2.15152502,right_stick_up,up,0,1,48,0,55.59082,31.398926,-138.427734,60.710449,103.447266,14.699707,222.745671,230.711839,154.74505,120.42647,-2.73202437,130.866793,222.772992,230.688755,154.67051,114.876073,-2.48816094,135.71251,6.42180702,5.625,0.0826770258,-0.0273208352,0.0230848275,0.0745396089,13.2805957,4.58961347
2.17662501,right_stick_up,up,0,1,49,0,55.59082,31.35498,-138.427734,60.754395,103.601074,14.743652,222.764882,230.655564,154.734542,120.267859,-2.72311342,131.007206,222.772992,230.688755,154.67051,114.876073,-2.48816094,135.71251,6.59219934,5.778808,0.0725772868,-0.00810994601,-0.033190411,0.0640319292,6.83712035,2.40578545
2.2017436,right_stick_up,up,0,1,50,0,55.612793,31.333008,-138.405762,60.820312,103.73291,14.787598,222.785155,230.733459,154.813699,120.112708,-2.75832287,131.17008,222.772992,230.688755,154.67051,114.876073,-2.48816094,135.71251,6.74782324,5.910644,0.150497833,0.0121636049,0.0447047309,0.143189146,6.30794908,4.49434854
2.22686219,right_stick_up,up,0,1,51,0,55.612793,31.26709,-138.405762,60.864258,103.886719,14.831543,222.787238,230.65359,154.712524,119.959402,-2.72736865,131.288762,222.772992,230.688755,154.67051,114.876073,-2.48816094,135.71251,6.92354868,6.064453,0.0566100024,0.0142467342,-0.0351649096,0.0420137129,7.1065757,5.13239217
2.25194407,right_stick_up,up,0,1,52,0,55.656738,31.201172,-138.383789,60.974121,104.172363,14.919434,222.735742,230.761194,154.780877,119.655982,-2.72887975,131.603557,222.772992,230.688755,154.67051,114.876073,-2.48816094,135.71251,7.25140878,6.350097,0.137171129,-0.0372497425,0.0724396268,0.110367005,13.1113071,5.48154595
2.27704525,right_stick_up,up,0,1,53,0,55.656738,31.157227,-138.383789,61.040039,104.326172,14.941406,222.784713,230.67843,154.771524,119.468235,-2.71254246,131.723187,222.772992,230.688755,154.67051,114.876073,-2.48816094,135.71251,7.42370139,6.503906,0.102214082,0.011721748,-0.0103248741,0.101013446,6.94798919,3.84926896
2.30215907,right_stick_up,up,0,1,54,0,55.678711,31.113281,-138.361816,61.105957,104.47998,15.007324,222.784486,230.739416,154.783765,119.306009,-2.74081418,131.901056,222.772992,230.688755,154.67051,114.876073,-2.48816094,135.71251,7.60923515,6.657714,0.124601344,0.0114941469,0.0506619271,0.113255237,7.47533535,2.47687212
2.32725167,right_stick_up,up,0,1,55,0,55.678711,31.047363,-138.339844,61.193848,104.699707,15.073242,222.88122,230.68399,154.778529,119.053606,-2.76580578,132.111337,222.772992,230.688755,154.67051,114.876073,-2.48816094,135.71251,7.86326411,6.877441,0.152983847,0.108227989,-0.0047641136,0.108018808,10.1743001,4.44794427
2.3523469,right_stick_up,up,0,1,56,0,55.700684,31.025391,-138.361816,61.237793,104.831543,15.095215,222.787169,230.673213,154.812741,118.917102,-2.71522608,132.22591,222.772992,230.688755,154.67051,114.876073,-2.48816094,135.71251,8.00474423,7.009277,0.143778005,0.0141770206,-0.0155410947,0.142230803,5.80787718,4.01107285
2.37983155,right_stick_up,up,0,1,57,0,55.722656,30.915527,-138.339844,61.325684,105.117188,15.183105,222.754425,230.676014,154.697946,118.630871,-2.67464442,132.4919,222.772992,230.688755,154.67051,114.876073,-2.48816094,135.71251,8.33427243,7.294922,0.0354930636,-0.0185665151,-0.012740774,0.0274356476,12.0714747,4.34447814
2.40493679,right_stick_up,up,0,1,58,0,55.744629,30.893555,-138.339844,61.391602,105.270996,15.205078,222.728364,230.70328,154.778913,118.447661,-2.65486815,132.644137,222.772992,230.688755,154.67051,114.876073,-2.48816094,135.71251,8.50302014,7.44873,0.118126805,-0.0446278638,0.014525758,0.108403405,6.83568168,3.55790643
2.43118596,right_stick_up,up,0,1,59,0,55.744629,30.827637,-138.317871,61.501465,105.490723,15.270996,222.853277,230.621525,154.774676,118.175708,-2.69406638,132.845186,222.772992,230.688755,154.67051,114.876073,-2.48816094,135.71251,8.7642808,7.668457,0.147702405,0.0802851148,-0.0672296054,0.104165642,10.0449715,5.68966893
2.45629764,right_stick_up,up,0,1,60,0,55.766602,30.783691,-138.295898,61.54541,105.622559,15.336914,222.820105,230.703534,154.761043,118.052953,-2.70930867,133.005491,222.772992,230.688755,154.67051,114.876073,-2.48816094,135.71251,8.92338771,7.800293,0.103123089,0.0471132404,0.0147796338,0.0905332895,6.48916631,3.56440837
2.48138547,right_stick_up,up,0,1,61,0,55.788574,30.717773,-138.295898,61.633301,105.842285,15.380859,222.78384,230.676719,154.733798,117.806053,-2.6629789,133.192788,222.772992,230.688755,154.67051,114.876073,-2.48816094,135.71251,9.17305072,8.020019,0.0653289705,0.0108484395,-0.0120355893,0.0632876792,9.98597036,2.1003268
2.50649095,right_stick_up,up,0,1,62,0,55.788574,30.673828,-138.273926,61.699219,105.974121,15.424805,222.869771,230.646282,154.721464,117.643246,-2.69401243,133.31962,222.772992,230.688755,154.67051,114.876073,-2.48816094,135.71251,9.33235362,8.151855,0.117330615,0.0967791491,-0.0424729862,0.0509540465,6.43148381,3.66424479
2.53159332,right_stick_up,up,0,1,63,0,55.810547,30.651855,-138.273926,61.743164,106.105957,15.46875,222.812157,230.694546,154.776852,117.510017,-2.68536558,133.467014,222.772992,230.688755,154.67051,114.876073,-2.48816094,135.71251,9.47992142,8.283691,0.113472635,0.0391649997,0.00579190182,0.10634188,5.93671978,3.71930032
2.55671406,right_stick_up,up,0,1,64,0,55.83252,30.585938,-138.273926,61.787109,106.303711,15.490723,222.713462,230.715746,154.722604,117.312008,-2.58803675,133.632687,222.772992,230.688755,154.67051,114.876073,-2.48816094,135.71251,9.69056378,8.481445,0.0835825595,-0.0595295461,0.0269913678,0.0520936029,8.57009076,4.56192434
2.58182573,right_stick_up,up,0,1,65,0,55.83252,30.563965,-138.251953,61.853027,106.413574,15.556641,222.817149,230.702554,154.776764,117.175058,-2.66988521,133.768452,222.772992,230.688755,154.67051,114.876073,-2.48816094,135.71251,9.83057176,8.591308,0.115888962,0.0441571448,0.0137992107,0.106254317,5.86965936,4.68791804
2.6069231,right_stick_up,up,0,1,66,0,55.854492,30.498047,-138.251953,61.918945,106.611328,15.600586,222.748898,230.696927,154.723857,116.968221,-2.61128887,133.938368,222.772992,230.688755,154.67051,114.876073,-2.48816094,135.71251,10.0537563,8.789062,0.0591033714,-0.0240941526,0.00817239974,0.0533469044,8.92834509,3.44815239
2.63200283,right_stick_up,up,0,1,67,0,55.854492,30.476074,-138.22998,61.962891,106.721191,15.644531,222.820256,230.710994,154.776357,116.839563,-2.6528765,134.069272,222.772992,230.688755,154.67051,114.876073,-2.48816094,135.71251,10.1812378,8.898925,0.118034577,0.0472645012,0.0222390947,0.1058473,5.18315019,3.57662304
2.65709186,right_stick_up,up,0,1,68,0,55.876465,30.410156,-138.22998,62.028809,106.875,15.688477,222.756885,230.691794,154.67579,116.677098,-2.60837402,134.190242,222.772992,230.688755,154.67051,114.876073,-2.48816094,135.71251,10.3660183,9.052734,0.0172209133,-0.0161072169,0.0030389454,0.00528036278,7.43132612,4.79927005
2.68219018,right_stick_up,up,0,1,69,0,55.876465,30.388184,-138.22998,62.072754,106.984863,15.710449,222.788549,230.648335,154.707136,116.544379,-2.60499265,134.287124,222.772992,230.688755,154.67051,114.876073,-2.48816094,135.71251,10.4872653,9.162597,0.0567206644,0.015557502,-0.0404195398,0.0366259294,4.87434829,2.4798537
2.70775461,right_stick_up,up,0,1,70,0,55.898438,30.322266,-138.208008,62.160645,107.182617,15.776367,222.788658,230.673745,154.676514,116.322192,-2.60567388,134.481985,222.772992,230.688755,154.67051,114.876073,-2.48816094,135.71251,10.7239615,9.360351,0.022511262,0.0156663188,-0.0150093115,0.00600366064,9.29693334,1.55654332
2.73286009,right_stick_up,up,0,1,71,0,55.898438,30.300293,-138.208008,62.182617,107.226562,15.776367,222.797655,230.636632,154.635053,116.265029,-2.58529692,134.501277,222.772992,230.688755,154.67051,114.876073,-2.48816094,135.71251,10.7750277,9.404296,0.0676921581,0.0246632619,-0.0521225641,-0.0354568765,2.14381168,2.24523418
2.75802898,right_stick_up,up,0,1,72,0,55.92041,30.256348,-138.186035,62.248535,107.424316,15.820312,222.781487,230.713345,154.693143,116.04494,-2.56789281,134.712117,222.772992,230.688755,154.67051,114.876073,-2.48816094,135.71251,10.9937075,9.60205,0.0344833403,0.00849562191,0.024590226,0.0226328511,8.73008107,3.87676427
2.78313279,right_stick_up,up,0,1,73,0,55.92041,30.234375,-138.186035,62.270508,107.468262,15.842285,222.790281,230.676287,154.651652,115.997792,-2.56981575,134.744202,222.772992,230.688755,154.67051,114.876073,-2.48816094,135.71251,11.0501053,9.645996,0.0284602717,0.0172892291,-0.0124679282,-0.0188579,2.3157879,2.24354604
2.81003332,right_stick_up,up,0,1,74,0,55.942383,30.19043,-138.186035,62.314453,107.62207,15.88623,222.709442,230.708793,154.639729,115.847296,-2.5285425,134.893771,222.772992,230.688755,154.67051,114.876073,-2.48816094,135.71251,11.2222201,9.799804,0.0734001076,-0.0635496075,0.0200382146,-0.0307813766,6.43155161,3.26914241
2.83807755,right_stick_up,up,0,1,75,0,55.942383,30.168457,-138.14209,62.358398,107.731934,15.908203,222.817199,230.780722,154.712544,115.701385,-2.56775289,135.031733,222.772992,230.688755,154.67051,114.876073,-2.48816094,135.71251,11.34534,9.909668,0.11035892,0.0442075484,0.0919670024,0.0420339664,4.63526824,5.29943003
2.86317945,right_stick_up,up,0,1,76,0,55.942383,30.146484,-138.164062,62.380371,107.797852,15.952148,222.783536,230.693363,154.673826,115.648175,-2.56211377,135.079954,222.772992,230.688755,154.67051,114.876073,-2.48816094,135.71251,11.4253165,9.975586,0.0119754567,0.0105441383,0.00460834203,0.00331600593,3.50134849,4.03597405
2.88827968,right_stick_up,up,0,1,77,0,55.942383,30.124512,-138.164062,62.402344,107.885742,15.952148,222.785237,230.670575,154.679617,115.54604,-2.52586211,135.147242,222.772992,230.688755,154.67051,114.876073,-2.48816094,135.71251,11.5147615,10.063476,0.0237351828,0.012244959,-0.0181793465,0.00910665945,3.71396669,0.939168959
2.91337442,right_stick_up,up,0,1,78,0,55.964355,30.102539,-138.14209,62.468262,107.973633,15.974121,222.799864,230.73626,154.709411,115.421011,-2.54493699,135.244567,222.772992,230.688755,154.67051,114.876073,-2.48816094,135.71251,11.6267744,10.151367,0.0670236503,0.0268718459,0.0475054094,0.0389012811,4.71519209,2.93266603
2.93846393,right_stick_up,up,0,1,79,0,55.964355,30.080566,-138.14209,62.490234,108.039551,16.018066,222.804726,230.706439,154.691499,115.361343,-2.56091961,135.313607,222.772992,230.688755,154.67051,114.876073,-2.48816094,135.71251,11.7076941,10.217285,0.0419563263,0.0317341893,0.0176842836,0.0209890604,3.39183746,1.40000151
2.96358323,right_stick_up,up,0,1,80,0,55.964355,30.058594,-138.14209,62.490234,108.083496,16.018066,222.781628,230.696733,154.648317,115.322832,-2.5234284,135.340927,222.772992,230.688755,154.67051,114.876073,-2.48816094,135.71251,11.751468,10.26123,0.0251149549,0.00863580914,0.00797853128,-0.0221929449,1.95593711,1.98748201
2.98960686,right_stick_up,up,0,1,81,0,55.964355,30.036621,-138.14209,62.53418,108.193359,16.062012,222.810701,230.654012,154.67928,115.199407,-2.5401495,135.449703,222.772992,230.688755,154.67051,114.876073,-2.48816094,135.71251,11.8780647,10.371093,0.0520184007,0.0377091772,-0.0347423085,0.00876949068,4.92328738,2.31486606
3.01472282,right_stick_up,up,0,1,82,0,55.964355,30.014648,-138.14209,62.556152,108.237305,16.062012,222.818827,230.617137,154.63772,115.142123,-2.51895927,135.468612,222.772992,230.688755,154.67051,114.876073,-2.48816094,135.71251,11.9291289,10.415039,0.0911329818,0.0458351182,-0.0716180606,-0.0327904819,2.14294876,2.23572212
3.03984857,right_stick_up,up,0,1,83,0,55.986328,30.014648,-138.14209,62.578125,108.28125,16.062012,222.754632,230.689656,154.686597,115.089349,-2.49795833,135.521332,222.772992,230.688755,154.67051,114.876073,-2.48816094,135.71251,11.9765085,10.458984,0.0244275283,-0.018360214,0.000901720303,0.0160870625,2.1420988,4.31771617
3.06649065,right_stick_up,up,0,1,84,0,55.986328,29.992676,-138.120117,62.578125,108.325195,16.062012,222.770045,230.73734,154.664084,115.044326,-2.48242822,135.569384,222.772992,230.688755,154.67051,114.876073,-2.48816094,135.71251,12.0212515,10.502929,0.0490968197,-0.00294658197,0.0485852198,-0.00642586788,2.02016528,2.06205691
3.09159398,right_stick_up,up,0,1,85,0,55.986328,29.992676,-138.120117,62.62207,108.369141,16.083984,222.825544,230.697217,154.714601,114.97178,-2.52186272,135.61366,222.772992,230.688755,154.67051,114.876073,-2.48816094,135.71251,12.0795262,10.546875,0.0691185391,0.0525526974,0.00846280025,0.0440904463,2.6258667,3.38995719
3.11670613,right_stick_up,up,0,1,86,0,55.986328,29.970703,-138.120117,62.62207,108.391113,16.105957,222.805799,230.680436,154.647753,114.965801,-2.51426948,135.629947,222.772992,230.688755,154.67051,114.876073,-2.48816094,135.71251,12.109445,10.568847,0.0407852828,0.0328074937,-0.00831873195,-0.0227575558,1.51551229,2.85498539
3.1418283,right_stick_up,up,0,1,87,0,55.986328,29.970703,-138.120117,62.62207,108.435059,16.12793,222.798601,230.694768,154.694958,114.930784,-2.52095772,135.691019,222.772992,230.688755,154.67051,114.876073,-2.48816094,135.71251,12.1531634,10.612793,0.0359121393,0.0256094081,0.00601324009,0.0244475134,1.95576776,1.98450862
3.16788268,right_stick_up,up,0,1,88,0,55.986328,29.94873,-138.120117,62.666016,108.479004,16.105957,222.837828,230.630723,154.655022,114.844653,-2.49363473,135.688344,222.772992,230.688755,154.67051,114.876073,-2.48816094,135.71251,12.2062011,10.656738,0.0883819104,0.0648365917,-0.0580317823,-0.0154884054,2.66688704,3.26475747
3.19298124,right_stick_up,up,0,1,89,0,55.986328,29.94873,-138.098145,62.644043,108.479004,16.12793,222.845175,230.715221,154.674033,114.866933,-2.52167801,135.730599,222.772992,230.688755,154.67051,114.876073,-2.48816094,135.71251,12.2051924,10.656738,0.0769629857,0.0721832996,0.0264661777,0.00352333053,1.51633288,3.46320137
3.21811295,right_stick_up,up,0,1,90,0,55.986328,29.94873,-138.120117,62.644043,108.479004,16.12793,222.806525,230.657949,154.653362,114.873469,-2.49958145,135.709834,222.772992,230.688755,154.67051,114.876073,-2.48816094,135.71251,12.2042233,10.656738,0.04865715,0.0335329717,-0.030805806,-0.0171481887,0.874274239,2.86966714
3.2477653,right_stick_up,up,0,1,91,0,55.986328,29.94873,-138.120117,62.644043,108.500977,16.149902,222.802898,230.665127,154.676957,114.860968,-2.51403049,135.746897,222.772992,230.688755,154.67051,114.876073,-2.48816094,135.71251,12.2287654,10.678711,0.0386551546,0.0299063016,-0.0236278836,0.00644648905,1.04793718,0.840660914
3.2728672,right_stick_up,up,0,1,92,0,56.008301,29.94873,-138.120117,62.666016,108.500977,16.12793,222.745736,230.723344,154.678616,114.843139,-2.48628761,135.73848,222.772992,230.688755,154.67051,114.876073,-2.48816094,135.71251,12.2324171,10.678711,0.0447773364,-0.0272560978,0.0345892606,0.0081054326,1.51613125,3.25098618
3.29797506,right_stick_up,up,0,1,93,0,56.008301,29.94873,-138.120117,62.666016,108.500977,16.12793,222.745736,230.723344,154.678616,114.843139,-2.48628761,135.73848,222.772992,230.688755,154.67051,114.876073,-2.48816094,135.71251,12.2324171,10.678711,0.0447773364,-0.0272560978,0.0345892606,0.0081054326,0,0
3.32308793,right_stick_up,up,0,1,94,0,56.008301,29.94873,-138.120117,62.644043,108.500977,16.105957,222.714421,230.750555,154.676957,114.851882,-2.44773303,135.733826,222.772992,230.688755,154.67051,114.876073,-2.48816094,135.71251,12.2198199,10.678711,0.0853893059,-0.0585704325,0.06180033,0.00644648905,1.23739413,1.6532741
3.34817696,right_stick_up,up,0,1,95,0,56.008301,29.94873,-138.120117,62.644043,108.500977,16.12793,222.714421,230.750555,154.676957,114.861925,-2.469982,135.746898,222.772992,230.688755,154.67051,114.876073,-2.48816094,135.71251,12.2251329,10.678711,0.0853893059,-0.0585704325,0.06180033,0.00644648905,0.875801254,0
3.37710667,right_stick_up,up,0,1,96,0,55.986328,29.94873,-138.120117,62.666016,108.500977,16.12793,222.834202,230.637904,154.678616,114.832148,-2.50807922,135.725405,222.772992,230.688755,154.67051,114.876073,-2.48816094,135.71251,12.2307001,10.678711,0.0799887903,0.0612101985,-0.05085096,0.0081054326,1.07413846,5.68411676
3.38140869,return_center_after_up,center,0,0,0,0,55.986328,29.94873,-138.120117,62.666016,108.500977,16.12793,222.834202,230.637904,154.678616,114.832148,-2.50807922,135.725405,222.772992,230.688755,154.67051,126.369178,-2.77556821,125.285215,12.2307001,10.678711,0.0799887903,0.0612101985,-0.05085096,0.0081054326,0,0
3.4067893,return_center_after_up,center,0,0,1,0,55.986328,29.94873,-138.120117,62.666016,108.500977,16.12793,222.834202,230.637904,154.678616,114.832148,-2.50807922,135.725405,222.772992,230.688755,154.67051,126.369178,-2.77556821,125.285215,12.2307001,10.678711,0.0799887903,0.0612101985,-0.05085096,0.0081054326,0,0
3.43186355,return_center_after_up,center,0,0,2,0,56.008301,29.926758,-138.120117,62.644043,108.500977,16.12793,222.698263,230.726591,154.586524,114.868457,-2.44788225,135.726132,222.772992,230.688755,154.67051,126.369178,-2.77556821,125.285215,12.2305617,10.678711,0.118615849,-0.0747290352,0.037836728,-0.0839861473,1.51780352,7.44257059
3.45700526,return_center_after_up,center,0,0,3,0,56.008301,29.94873,-138.120117,62.666016,108.500977,16.149902,222.745736,230.723344,154.678616,114.853174,-2.50853743,135.751553,222.772992,230.688755,154.67051,126.369178,-2.77556821,125.285215,12.2377638,10.678711,0.0447773364,-0.0272560978,0.0345892606,0.0081054326,1.51370725,4.12296843
3.4821744,return_center_after_up,center,0,0,4,0,56.008301,29.94873,-138.120117,62.666016,108.500977,16.149902,222.745736,230.723344,154.678616,114.853174,-2.50853743,135.751553,222.772992,230.688755,154.67051,126.369178,-2.77556821,125.285215,12.2377638,10.678711,0.0447773364,-0.0272560978,0.0345892606,0.0081054326,0,0
3.50724053,return_center_after_up,center,0,0,5,0,56.008301,29.94873,-138.120117,62.644043,108.479004,16.149902,222.718051,230.743378,154.653362,114.8945,-2.50003807,135.735969,222.772992,230.688755,154.67051,126.369178,-2.77556821,125.285215,12.2113023,10.656738,0.0793494446,-0.0549410099,0.054623799,-0.0171481887,1.23970096,1.6952012
3.53234887,return_center_after_up,center,0,0,6,0,55.986328,29.94873,-138.120117,62.666016,108.457031,16.12793,222.841445,230.623542,154.631426,114.87721,-2.52369323,135.677426,222.772992,230.688755,154.67051,126.369178,-2.77556821,125.285215,12.1923493,10.634765,0.102303774,0.068453567,-0.0652121612,-0.0390838239,1.75023536,6.90612896
3.55744767,return_center_after_up,center,0,0,7,0,55.986328,29.94873,-138.120117,62.666016,108.457031,16.149902,222.841445,230.623542,154.631426,114.887236,-2.54595289,135.690494,222.772992,230.688755,154.67051,126.369178,-2.77556821,125.285215,12.1977136,10.634765,0.102303774,0.068453567,-0.0652121612,-0.0390838239,0.875420316,0
3.58738208,return_center_after_up,center,0,0,8,0,55.986328,29.94873,-138.120117,62.62207,108.413086,16.105957,222.786035,230.663641,154.580912,114.949794,-2.4843944,135.633178,222.772992,230.688755,154.67051,126.369178,-2.77556821,125.285215,12.1340597,10.59082,0.0939606547,0.0130434306,-0.0251132421,-0.0895979834,2.54274461,2.84050201
3.61738205,return_center_after_up,center,0,0,9,0,55.986328,29.94873,-138.120117,62.62207,108.369141,16.105957,222.793204,230.649296,154.533708,114.994821,-2.49997711,135.585157,222.772992,230.688755,154.67051,126.369178,-2.77556821,125.285215,12.0957227,10.546875,0.143806703,0.0202123865,-0.039459012,-0.136802096,1.46483473,1.66180225
3.64249778,return_center_after_up,center,0,0,10,0,55.986328,29.94873,-138.120117,62.578125,108.347168,16.083984,222.734122,230.696552,154.506798,115.044854,-2.45279839,135.564866,222.772992,230.688755,154.67051,126.369178,-2.77556821,125.285215,12.0566627,10.524902,0.16844371,-0.0388701181,0.00779747865,-0.163711932,2.14295285,3.19719168
3.66760302,return_center_after_up,center,0,0,11,0,55.986328,29.970703,-138.120117,62.578125,108.303223,16.083984,222.757431,230.706219,154.550021,115.08337,-2.49041736,135.537605,222.772992,230.688755,154.67051,126.369178,-2.77556821,125.285215,12.0128351,10.480957,0.122738248,-0.0155608417,0.0174647112,-0.120488679,1.95705085,1.99361777
3.69585729,return_center_after_up,center,0,0,12,0,55.986328,29.970703,-138.14209,62.556152,108.215332,16.062012,222.701511,230.64744,154.433252,115.188545,-2.46076262,135.415981,222.772992,230.688755,154.67051,126.369178,-2.77556821,125.285215,11.9226107,10.393066,0.251212789,-0.0714810628,-0.0413144505,-0.23725817,3.3898217,5.03241138
3.72097325,return_center_after_up,center,0,0,13,0,55.986328,29.970703,-138.120117,62.53418,108.193359,16.083984,222.712387,230.72486,154.42865,115.233393,-2.49651021,135.434109,222.772992,230.688755,154.67051,126.369178,-2.77556821,125.285215,11.9025084,10.371093,0.251938041,-0.0606051535,0.0361052508,-0.241859882,1.74968379,3.11814415
3.74671817,return_center_after_up,center,0,0,14,0,55.964355,29.992676,-138.120117,62.490234,108.083496,16.018066,222.771782,230.682156,154.397689,115.335716,-2.4793696,135.299269,222.772992,230.688755,154.67051,126.369178,-2.77556821,125.285215,11.7688748,10.26123,0.272904017,-0.00120996446,-0.00659885785,-0.272821542,5.39785812,3.08549656
3.77605295,return_center_after_up,center,0,0,15,0,55.964355,30.036621,-138.14209,62.468262,108.017578,15.996094,222.744435,230.678596,154.485328,115.405391,-2.48580518,135.24321,222.772992,230.688755,154.67051,126.369178,-2.77556821,125.285215,11.6867885,10.195312,0.187646025,-0.028556244,-0.010158149,-0.185182029,2.9961104,3.13197641
3.80115819,return_center_after_up,center,0,0,16,0,55.964355,30.058594,-138.14209,62.446289,107.95166,15.996094,222.739548,230.708439,154.503221,115.485102,-2.51452754,135.200104,222.772992,230.688755,154.67051,126.369178,-2.77556821,125.285215,11.6165337,10.129394,0.171731462,-0.0334442266,0.0196849325,-0.167289217,2.90279232,1.39961437
3.82656336,return_center_after_up,center,0,0,17,0,55.964355,30.080566,-138.14209,62.424316,107.86377,15.974121,222.737965,230.731208,154.49745,115.577198,-2.52850932,135.119875,222.772992,230.688755,154.67051,126.369178,-2.77556821,125.285215,11.5217829,10.041504,0.181601476,-0.0350267283,0.0424533447,-0.173060504,3.76994239,0.926650875
3.85167003,return_center_after_up,center,0,0,18,0,55.964355,30.102539,-138.164062,62.358398,107.775879,15.952148,222.634614,230.750937,154.467652,115.713137,-2.48736816,135.035307,222.772992,230.688755,154.67051,126.369178,-2.77556821,125.285215,11.411553,9.953613,0.25331101,-0.138377988,0.0621820622,-0.202858057,4.63098779,4.35563091
3.87677503,return_center_after_up,center,0,0,19,0,55.964355,30.124512,-138.164062,62.336426,107.687988,15.908203,222.632726,230.773782,154.461824,115.79508,-2.47865925,134.942018,222.772992,230.688755,154.67051,126.369178,-2.77556821,125.285215,11.3114366,9.865722,0.265432192,-0.140265935,0.0850278253,-0.208686331,4.10519876,0.942160923
3.90346146,return_center_after_up,center,0,0,20,0,55.942383,30.168457,-138.164062,62.29248,107.53418,15.88623,222.713783,230.741291,154.473784,115.955644,-2.54256029,134.805356,222.772992,230.688755,154.67051,126.369178,-2.77556821,125.285215,11.1446644,9.711914,0.212054112,-0.0592089421,0.0525364333,-0.196726131,6.32436377,3.30286883
3.92854214,return_center_after_up,center,0,0,21,0,55.942383,30.212402,-138.186035,62.270508,107.446289,15.864258,222.688836,230.730712,154.537497,116.047569,-2.55597897,134.724873,222.772992,230.688755,154.67051,126.369178,-2.77556821,125.285215,11.0435058,9.624023,0.162895684,-0.0841560284,0.0419571608,-0.133012644,4.20152621,2.76054921
3.95531154,return_center_after_up,center,0,0,22,0,55.92041,30.256348,-138.186035,62.182617,107.314453,15.820312,222.70311,230.759786,154.569883,116.212992,-2.55600851,134.615807,222.772992,230.688755,154.67051,126.369178,-2.77556821,125.285215,10.875998,9.492187,0.141614328,-0.0698819703,0.0710310244,-0.100626645,6.41077386,1.71101121
3.98040247,return_center_after_up,center,0,0,23,0,55.92041,30.27832,-138.208008,62.160645,107.20459,15.776367,222.664647,230.718267,154.519303,116.323377,-2.5322459,134.477148,222.772992,230.688755,154.67051,126.369178,-2.77556821,125.285215,10.7557891,9.382324,0.188343046,-0.108344929,0.0295121215,-0.151206858,4.9538048,3.02519837
4.00548935,return_center_after_up,center,0,0,24,0,55.898438,30.322266,-138.186035,62.116699,107.072754,15.732422,222.780231,230.750774,154.575721,116.444985,-2.58687833,134.372456,222.772992,230.688755,154.67051,126.369178,-2.77556821,125.285215,10.6037586,9.250488,0.113506772,0.00723901111,0.0620195206,-0.094789045,6.1932952,5.28812412
4.03057289,return_center_after_up,center,0,0,25,0,55.898438,30.344238,-138.208008,62.050781,106.962891,15.710449,222.678228,230.763725,154.521879,116.602648,-2.5518068,134.262829,222.772992,230.688755,154.67051,126.369178,-2.77556821,125.285215,10.4743677,9.140625,0.191551706,-0.0947640676,0.0749701096,-0.148631458,5.32836392,4.62718347
4.05567551,return_center_after_up,center,0,0,26,0,55.876465,30.388184,-138.22998,62.028809,106.853027,15.688477,222.743669,230.660906,154.561571,116.705586,-2.59407047,134.144925,222.772992,230.688755,154.67051,126.369178,-2.77556821,125.285215,10.3522691,9.030761,0.116202823,-0.0293230688,-0.0278485474,-0.10893903,5.028316,5.10617512
4.08076024,return_center_after_up,center,0,0,27,0,55.876465,30.432129,-138.22998,61.984863,106.699219,15.644531,222.733836,230.714509,154.573144,116.866557,-2.61142333,134.007486,222.772992,230.688755,154.67051,126.369178,-2.77556821,125.285215,10.1819257,8.876953,0.108058389,-0.0391557663,0.0257544544,-0.0973660589,6.8412793,2.2209776
4.10586619,return_center_after_up,center,0,0,28,0,55.876465,30.476074,-138.251953,61.940918,106.567383,15.600586,222.681553,230.717423,154.587363,117.011288,-2.59912672,133.873216,222.772992,230.688755,154.67051,126.369178,-2.77556821,125.285215,10.0298857,8.745117,0.12687167,-0.0914387775,0.0286685327,-0.0831473737,6.12637279,2.16125086
4.13098574,return_center_after_up,center,0,0,29,0,55.854492,30.52002,-138.251953,61.853027,106.391602,15.534668,222.699063,230.733283,154.571975,117.210483,-2.58887211,133.701905,222.772992,230.688755,154.67051,126.369178,-2.77556821,125.285215,9.81865527,8.569336,0.130986339,-0.0739289347,0.0445288154,-0.0985348579,8.480765,1.12240446
4.15608096,return_center_after_up,center,0,0,30,0,55.83252,30.563965,-138.251953,61.809082,106.259766,15.512695,222.773621,230.708748,154.607173,117.347912,-2.64257062,133.588459,222.772992,230.688755,154.67051,126.369178,-2.77556821,125.285215,9.6710144,8.4375,0.0664209818,0.000629052383,0.0199932232,-0.0633373677,5.93840597,3.42781599
4.18118906,return_center_after_up,center,0,0,31,0,55.810547,30.60791,-138.273926,61.721191,106.062012,15.446777,222.753484,230.660213,154.546716,117.575012,-2.61694391,133.371274,222.772992,230.688755,154.67051,126.369178,-2.77556821,125.285215,9.43975565,8.239746,0.128530566,-0.0195076331,-0.0285417519,-0.123793889,9.26143284,3.19023325
4.20627952,return_center_after_up,center,0,0,32,0,55.810547,30.651855,-138.273926,61.677246,105.908203,15.402832,222.741383,230.7145,154.557978,117.735416,-2.63223462,133.233101,222.772992,230.688755,154.67051,126.369178,-2.77556821,125.285215,9.2694141,8.085937,0.11968899,-0.0316084363,0.0257456757,-0.112532312,6.83973441,2.26175119
4.23137665,return_center_after_up,center,0,0,33,0,55.788574,30.717773,-138.295898,61.589355,105.710449,15.358887,222.736047,230.690179,154.587805,117.966145,-2.64992141,133.049182,222.772992,230.688755,154.67051,126.369178,-2.77556821,125.285215,9.03802905,7.888183,0.0905924958,-0.0369444009,0.0014246367,-0.0827047879,9.26547625,1.54816212
4.2564795,return_center_after_up,center,0,0,34,0,55.788574,30.739746,-138.317871,61.523438,105.578613,15.336914,222.63306,230.696757,154.50954,118.144653,-2.61949948,132.91333,222.772992,230.688755,154.67051,126.369178,-2.77556821,125.285215,8.88958887,7.756347,0.213438937,-0.139931608,0.00800288334,-0.160969807,6.06428308,5.15951446
4.28157401,return_center_after_up,center,0,0,35,0,55.766602,30.827637,-138.317871,61.479492,105.358887,15.270996,222.747838,230.693585,154.630009,118.338073,-2.69808012,132.718286,222.772992,230.688755,154.67051,126.369178,-2.77556821,125.285215,8.64363615,7.536621,0.0479208972,-0.0251541355,0.00483022683,-0.040501244,9.98332085,6.63184844
4.30667925,return_center_after_up,center,0,0,36,0,55.766602,30.849609,-138.317871,61.391602,105.205078,15.227051,222.654006,230.778778,154.547609,118.540954,-2.65550046,132.574042,222.772992,230.688755,154.67051,126.369178,-2.77556821,125.285215,8.46420819,7.382812,0.19330439,-0.118985906,0.0900234859,-0.122901235,7.32262804,6.0214107
4.33176637,return_center_after_up,center,0,0,37,0,55.744629,30.9375,-138.317871,61.325684,104.985352,15.183105,222.735619,230.803196,154.666558,118.762777,-2.73844626,132.399065,222.772992,230.688755,154.67051,126.369178,-2.77556821,125.285215,8.21639277,7.163086,0.120453987,-0.0373724432,0.11444145,-0.00395197972,9.98626556,5.83198192
4.35685229,return_center_after_up,center,0,0,38,0,55.722656,30.959473,-138.339844,61.281738,104.831543,15.117188,222.75305,230.690966,154.565438,118.912761,-2.70751979,132.192388,222.772992,230.688755,154.67051,126.369178,-2.77556821,125.285215,8.0434325,7.009277,0.106970861,-0.01994171,0.00221178509,-0.105072362,7.06170896,6.06188284
4.38194013,return_center_after_up,center,0,0,39,0,55.700684,31.025391,-138.361816,61.171875,104.589844,15.073242,222.715742,230.681281,154.545393,119.204705,-2.71858244,131.965318,222.772992,230.688755,154.67051,126.369178,-2.77556821,125.285215,7.76648684,6.767578,0.137795736,-0.0572500233,-0.00747372831,-0.125116917,11.1130148,1.73173223
4.40702009,return_center_after_up,center,0,0,40,0,55.700684,31.069336,-138.361816,61.105957,104.458008,15.007324,222.665513,230.770497,154.578703,119.350473,-2.68242863,131.845929,222.772992,230.688755,154.67051,126.369178,-2.77556821,125.285215,7.60269763,6.635742,0.163284955,-0.107478506,0.0817420924,-0.0918072843,6.67220837,4.29289513
4.43210769,return_center_after_up,center,0,0,41,0,55.678711,31.157227,-138.383789,61.018066,104.150391,14.941406,222.680343,230.738189,154.578503,119.673432,-2.72886761,131.544981,222.772992,230.688755,154.67051,126.369178,-2.77556821,125.285215,7.26474604,6.328125,0.139616943,-0.0926491431,0.049434563,-0.0920067987,13.540122,1.41699226
4.45721555,return_center_after_up,center,0,0,42,0,55.656738,31.157227,-138.383789,60.974121,104.084473,14.941406,222.710936,230.687166,154.503894,119.765005,-2.73756966,131.473748,222.772992,230.688755,154.67051,126.369178,-2.77556821,125.285215,7.19086833,6.262207,0.177804537,-0.0620557291,-0.00158874165,-0.166616373,3.27443675,3.80060103
4.48231959,return_center_after_up,center,0,0,43,0,55.634766,31.26709,-138.405762,60.88623,103.798828,14.831543,222.738018,230.685805,154.617923,120.039675,-2.75032008,131.193834,222.772992,230.688755,154.67051,126.369178,-2.77556821,125.285215,6.85585547,5.976562,0.0632236825,-0.034973579,-0.00294958003,-0.0525869069,13.4745226,4.66893959
4.51510406,return_center_after_up,center,0,0,44,0,55.612793,31.289062,-138.405762,60.820312,103.64502,14.80957,222.759654,230.65972,154.536557,120.22131,-2.76695505,131.039779,222.772992,230.688755,154.67051,126.369178,-2.77556821,125.285215,6.68720019,5.822754,0.137710747,-0.013338042,-0.0290342862,-0.133952815,5.23453505,2.68851366
4.54385567,return_center_after_up,center,0,0,45,0,55.612793,31.333008,-138.405762,60.776367,103.491211,14.743652,222.740624,230.716013,154.547063,120.369844,-2.75284475,130.88714,222.772992,230.688755,154.67051,126.369178,-2.77556821,125.285215,6.51154718,5.668945,0.130498451,-0.0323675442,0.0272587079,-0.123446955,6.20859655,2.09880348
4.57886386,return_center_after_up,center,0,0,46,0,55.59082,31.420898,-138.427734,60.644531,103.205566,14.655762,222.684191,230.745609,154.567549,120.696031,-2.72907026,130.612471,222.772992,230.688755,154.67051,126.369178,-2.77556821,125.285215,6.17282993,5.3833,0.147373861,-0.0888008482,0.0568544998,-0.102961305,9.70313167,1.91198027
4.60542631,return_center_after_up,center,0,0,47,0,55.546875,31.508789,-138.427734,60.534668,102.897949,14.611816,222.788135,230.715203,154.587074,121.02877,-2.81954157,130.338289,222.772992,230.688755,154.67051,126.369178,-2.77556821,125.285215,5.83190831,5.075683,0.0888282663,0.0151435866,0.02644889,-0.0834361366,12.947839,4.14292537
4.63585067,return_center_after_up,center,0,0,48,0,55.546875,31.530762,-138.47168,60.46875,102.766113,14.545898,222.63676,230.664453,154.48572,121.189289,-2.71513094,130.152895,222.772992,230.688755,154.67051,126.369178,-2.77556821,125.285215,5.67205223,4.943847,0.230861583,-0.136232171,-0.0243017445,-0.184789857,5.54738018,6.21576376
4.66132021,return_center_after_up,center,0,0,49,0,55.524902,31.618652,-138.47168,60.424805,102.546387,14.501953,222.740414,230.664564,154.60498,121.390599,-2.80770796,129.967603,222.772992,230.688755,154.67051,126.369178,-2.77556821,125.285215,5.43147,4.724121,0.0770753887,-0.032577311,-0.0241908291,-0.0655296738,9.64528383,6.20390239
4.68892121,return_center_after_up,center,0,0,50,0,55.50293,31.662598,-138.47168,60.314941,102.32666,14.436035,222.714312,230.698224,154.539302,121.647101,-2.7796009,129.749372,222.772992,230.688755,154.67051,126.369178,-2.77556821,125.285215,5.17450152,4.504394,0.1440433,-0.058680124,0.00946985134,-0.131207611,9.38569281,2.83618227
4.71627069,return_center_after_up,center,0,0,51,0,55.50293,31.706543,-138.47168,60.270996,102.172852,14.39209,222.691487,230.755548,154.54953,121.804707,-2.78543993,129.607744,222.772992,230.688755,154.67051,126.369178,-2.77556821,125.285215,5.00426951,4.350586,0.16043904,-0.0815050038,0.066793307,-0.12098047,6.27475217,2.2867853
4.7505362,return_center_after_up,center,0,0,52,0,55.458984,31.794434,-138.493652,60.183105,101.887207,14.304199,222.78001,230.647259,154.571852,122.080762,-2.81462358,129.303744,222.772992,230.688755,154.67051,126.369178,-2.77556821,125.285215,4.67826628,4.064941,0.107259586,0.00701801858,-0.0414958499,-0.0986583025,9.55438532,4.13352499
4.77669215,return_center_after_up,center,0,0,53,0,55.458984,31.838379,-138.493652,60.117188,101.733398,14.282227,222.723827,230.731891,154.5808,122.266422,-2.82478984,129.181106,222.772992,230.688755,154.67051,126.369178,-2.77556821,125.285215,4.50610867,3.911132,0.11102117,-0.049164565,0.0431360979,-0.089709658,6.66779039,3.89877324
4.81114745,return_center_after_up,center,0,0,54,0,55.415039,31.904297,-138.493652,60.029297,101.447754,14.194336,222.83404,230.659159,154.534531,122.541765,-2.852151,128.876517,222.772992,230.688755,154.67051,126.369178,-2.77556821,125.285215,4.18641072,3.625488,0.151963837,0.061047881,-0.029595353,-0.135978965,9.32895526,4.06090233
4.84422588,return_center_after_up,center,0,0,55,0,55.415039,31.970215,-138.515625,59.897461,101.228027,14.128418,222.658338,230.771224,154.535951,122.826013,-2.77803955,128.675891,222.772992,230.688755,154.67051,126.369178,-2.77556821,125.285215,3.91779236,3.405761,0.195071467,-0.11465403,0.0824690603,-0.134559224,8.26997446,6.30025385
4.87596822,return_center_after_up,center,0,0,56,0,55.371094,32.058105,-138.515625,59.80957,100.942383,14.040527,222.78225,230.723025,154.580246,123.095512,-2.82392144,128.39246,222.772992,230.688755,154.67051,126.369178,-2.77556821,125.285215,3.59244509,3.120117,0.0969934913,0.00925821106,0.0342706113,-0.0902637695,10.2905647,4.41494686
4.90343761,return_center_after_up,center,0,0,57,0,55.349121,32.124023,-138.55957,59.72168,100.722656,13.974609,222.716314,230.637171,154.561381,123.336286,-2.78730228,128.142723,222.772992,230.688755,154.67051,126.369178,-2.77556821,125.285215,3.335938,2.90039,0.133350894,-0.0566781992,-0.0515833526,-0.109129283,9.43063845,4.00022147
4.93215919,return_center_after_up,center,0,0,58,0,55.327148,32.167969,-138.55957,59.655762,100.524902,13.930664,222.746203,230.624934,154.521941,123.542372,-2.80683342,127.94443,222.772992,230.688755,154.67051,126.369178,-2.77556821,125.285215,3.11818173,2.702636,0.163900628,-0.0267885568,-0.0638209735,-0.148568747,7.61188772,1.77485677
4.95762968,return_center_after_up,center,0,0,59,0,55.305176,32.211914,-138.55957,59.611816,100.371094,13.886719,222.806685,230.598188,154.531914,123.68733,-2.83166157,127.789618,222.772992,230.688755,154.67051,126.369178,-2.77556821,125.285215,2.94605703,2.548828,0.168956729,0.0336930617,-0.0905661477,-0.138596272,6.79265446,2.62573817
4.98274326,return_center_after_up,center,0,0,60,0,55.305176,32.255859,-138.55957,59.545898,100.239258,13.864746,222.745559,230.689934,154.564974,123.850243,-2.83147685,127.690708,222.772992,230.688755,154.67051,126.369178,-2.77556821,125.285215,2.79294826,2.416992,0.109049985,-0.0274329601,0.00117912671,-0.105536447,6.1866987,4.5829226
5.00785518,return_center_after_up,center,0,0,61,0,55.283203,32.299805,-138.581543,59.47998,100.041504,13.798828,222.732701,230.619016,154.502922,124.050386,-2.80494297,127.458246,222.772992,230.688755,154.67051,126.369178,-2.77556821,125.285215,2.56920345,2.219238,0.185937468,-0.0402910023,-0.0697384418,-0.167588564,8.9659845,3.78727447
5.0329361,return_center_after_up,center,0,0,62,0,55.26123,32.34375,-138.581543,59.436035,99.909668,13.776855,222.791494,230.598648,154.537037,124.18374,-2.84636257,127.340225,222.772992,230.688755,154.67051,126.369178,-2.77556821,125.285215,2.4215816,2.087402,0.162100502,0.0185027139,-0.0901069831,-0.133472671,5.94179887,2.82928484
5.05801964,return_center_after_up,center,0,0,63,0,55.26123,32.409668,-138.581543,59.348145,99.733887,13.710938,222.7138,230.729213,154.611387,124.382018,-2.81126888,127.195805,222.772992,230.688755,154.67051,126.369178,-2.77556821,125.285215,2.20647498,1.911621,0.092930639,-0.0591918302,0.0404587489,-0.0591229274,8.67172036,6.74346723
5.08312941,return_center_after_up,center,0,0,64,0,55.239258,32.431641,-138.581543,59.326172,99.624023,13.666992,222.787542,230.664435,154.580072,124.470401,-2.81995808,127.062462,222.772992,230.688755,154.67051,126.369178,-2.77556821,125.285215,2.08543466,1.801757,0.0947745098,0.0145507371,-0.0243190724,-0.0904381914,4.95014523,4.10310624
5.10822344,return_center_after_up,center,0,0,65,0,55.217285,32.497559,-138.603516,59.216309,99.404297,13.623047,222.72404,230.665382,154.582281,124.732483,-2.80456665,126.851571,222.772992,230.688755,154.67051,126.369178,-2.77556821,125.285215,1.82756485,1.582031,0.103570577,-0.048951313,-0.0233720957,-0.0882291256,10.3603674,2.53237574
5.1333468,return_center_after_up,center,0,0,66,0,55.217285,32.497559,-138.581543,59.194336,99.338379,13.579102,222.733148,230.733627,154.531436,124.789358,-2.77656117,126.7809,222.772992,230.688755,154.67051,126.369178,-2.77556821,125.285215,1.75299914,1.516113,0.151468067,-0.0398440213,0.0448720805,-0.139073814,3.38727701,3.40673045
5.16001415,return_center_after_up,center,0,0,67,0,55.195312,32.563477,-138.603516,59.150391,99.140625,13.535156,222.765638,230.660344,154.560862,124.975787,-2.81104124,126.573952,222.772992,230.688755,154.67051,126.369178,-2.77556821,125.285215,1.53667234,1.318359,0.113507203,-0.00735351894,-0.0284101978,-0.109647944,8.23954186,3.20212007
5.18512249,return_center_after_up,center,0,0,68,0,55.17334,32.585449,-138.603516,59.106445,99.09668,13.535156,222.805757,230.640396,154.601154,125.038413,-2.82954227,126.547459,222.772992,230.688755,154.67051,126.369178,-2.77556821,125.285215,1.47577084,1.274414,0.0906772488,0.0327657324,-0.0483586279,-0.0693557015,2.7673462,2.39989763
5.21021128,return_center_after_up,center,0,0,69,0,55.17334,32.629395,-138.603516,59.040527,98.898926,13.491211,222.741158,230.71511,154.561683,125.253756,-2.8205347,126.358725,222.772992,230.688755,154.67051,126.369178,-2.77556821,125.285215,1.26051024,1.07666,0.116410118,-0.0318338659,0.0263551985,-0.108827038,8.66994363,4.23949408
5.24012065,return_center_after_up,center,0,0,70,0,55.151367,32.67334,-138.625488,58.996582,98.76709,13.447266,222.755812,230.636006,154.572923,125.380701,-2.81500333,126.206401,222.772992,230.688755,154.67051,126.369178,-2.77556821,125.285215,1.10673268,0.944824,0.112253337,-0.0171794044,-0.0527486081,-0.0975872126,5.19468895,2.71590943
5.26523256,return_center_after_up,center,0,0,71,0,55.129395,32.695312,-138.603516,58.974609,98.701172,13.40332,222.869298,230.64287,154.61296,125.421681,-2.83036009,126.146478,222.772992,230.688755,154.67051,126.369178,-2.77556821,125.285215,1.0245006,0.878906,0.121211435,0.0963060511,-0.0458845569,-0.057549665,3.60767187,4.7999762
5.29032445,return_center_after_up,center,0,0,72,0,55.129395,32.717285,-138.603516,58.930664,98.613281,13.40332,222.82022,230.696703,154.604873,125.537678,-2.83692926,126.079675,222.772992,230.688755,154.67051,126.369178,-2.77556821,125.285215,0.927807686,0.791015,0.0812522627,0.0472282189,0.00794827017,-0.0656372648,4.01291574,2.92102545
5.31542969,return_center_after_up,center,0,0,73,0,55.107422,32.76123,-138.625488,58.864746,98.503418,13.359375,222.801803,230.650273,154.639348,125.661175,-2.80542214,125.960025,222.772992,230.688755,154.67051,126.369178,-2.77556821,125.285215,0.78519568,0.681152,0.0572890424,0.0288108835,-0.0384819948,-0.0311625327,5.80554861,2.41748905
5.3405304,return_center_after_up,center,0,0,74,0,55.107422,32.76123,-138.625488,58.864746,98.4375,13.337402,222.801104,230.632788,154.566642,125.714398,-2.79945368,125.871295,222.772992,230.688755,154.67051,126.369178,-2.77556821,125.285215,0.723097088,0.615234,0.121289285,0.0281121878,-0.0559661247,-0.10386813,2.76819994,2.97926237
5.36567307,return_center_after_up,center,0,0,75,0,55.107422,32.805176,-138.625488,58.798828,98.327637,13.31543,222.735264,230.7313,154.624146,125.854674,-2.78839232,125.796374,222.772992,230.688755,154.67051,126.369178,-2.77556821,125.285215,0.588768713,0.505371,0.0733696977,-0.0377273464,0.0425457168,-0.0463640146,5.4576185,5.23829757
5.39076781,return_center_after_up,center,0,0,76,0,55.107422,32.805176,-138.625488,58.776855,98.283691,13.293457,222.702125,230.746391,154.574736,125.904611,-2.75686517,125.740397,222.772992,230.688755,154.67051,126.369178,-2.77556821,125.285215,0.538217073,0.461425,0.132350783,-0.0708663823,0.0576365403,-0.0957742918,2.14477703,2.44586516
5.41588616,return_center_after_up,center,0,0,77,0,55.085449,32.849121,-138.647461,58.776855,98.195801,13.271484,222.780873,230.625681,154.636194,125.963223,-2.8010383,125.63674,222.772992,230.688755,154.67051,126.369178,-2.77556821,125.285215,0.443281261,0.373535,0.0722353736,0.00788144003,-0.0630734604,-0.0343157499,4.19520855,6.23775368
5.44099402,return_center_after_up,center,0,0,78,0,55.085449,32.849121,-138.647461,58.73291,98.151855,13.249512,222.715068,230.667502,154.585862,126.03098,-2.75005399,125.587701,222.772992,230.688755,154.67051,126.369178,-2.77556821,125.285215,0.384363772,0.329589,0.104748133,-0.0579242011,-0.0212529806,-0.0846479125,2.62539295,3.69622995
5.47107267,return_center_after_up,center,0,0,79,0,55.063477,32.871094,-138.625488,58.688965,98.041992,13.227539,222.794641,230.689812,154.576681,126.141974,-2.78165214,125.494357,222.772992,230.688755,154.67051,126.369178,-2.77556821,125.285215,0.262754264,0.219726,0.0963002939,0.0216494062,0.00105781351,-0.0938292644,4.19643215,2.76444036
5.49714971,return_center_after_up,center,0,0,80,0,55.063477,32.893066,-138.647461,58.666992,97.998047,13.205566,222.73621,230.669113,154.594908,126.191791,-2.74989626,125.438303,222.772992,230.688755,154.67051,126.369178,-2.77556821,125.285215,0.204947069,0.175781,0.0863387707,-0.0367818376,-0.0196418002,-0.0756021127,2.38324547,2.47779613
5.52224827,return_center_after_up,center,0,0,81,0,55.063477,32.915039,-138.647461,58.64502,97.954102,13.205566,222.719333,230.70796,154.63627,126.247407,-2.76279562,125.415769,222.772992,230.688755,154.67051,126.369178,-2.77556821,125.285215,0.153808714,0.131836,0.0664864842,-0.0536583504,0.0192052568,-0.0342402122,2.14440225,2.35872687
5.55031085,return_center_after_up,center,0,0,82,0,55.041504,32.915039,-138.647461,58.64502,97.910156,13.183594,222.806912,230.611014,154.587771,126.268135,-2.77439119,125.341539,222.772992,230.688755,154.67051,126.369178,-2.77556821,125.285215,0.109863,0.08789,0.118490001,0.0339201462,-0.0777400677,-0.0827392652,1.91793577,4.96595869
5.57540011,return_center_after_up,center,0,0,83,0,55.041504,32.937012,-138.647461,58.64502,97.888184,13.183594,222.823023,230.628954,154.654288,126.284856,-2.80066598,125.337959,222.772992,230.688755,154.67051,126.369178,-2.77556821,125.285215,0.0851000303,0.065918,0.0796394858,0.0500313046,-0.0598009383,-0.0162223312,1.23853006,2.82002192
5.60051632,return_center_after_up,center,0,0,84,0,55.041504,32.937012,-138.647461,58.623047,97.866211,13.161621,222.789975,230.649886,154.629138,126.313586,-2.76277699,125.307781,222.772992,230.688755,154.67051,126.369178,-2.77556821,125.285215,0.0538214134,0.043945,0.0592523427,0.016983511,-0.0388682143,-0.0413722417,1.51529071,1.85165273
5.62628102,return_center_after_up,center,0,0,85,0,55.041504,32.958984,-138.647461,58.623047,97.822266,13.161621,222.80559,230.662082,154.671404,126.351347,-2.79504545,125.278286,222.772992,230.688755,154.67051,126.369178,-2.77556821,125.285215,0.021973,0.021973,0.0421288565,0.032597913,-0.0266724196,0.000893672202,1.90694139,1.81175272
5.65140128,return_center_after_up,center,0,0,86,0,55.041504,32.958984,-138.669434,58.601074,97.822266,13.161621,222.731331,230.629166,154.647319,126.37348,-2.75533734,125.262878,222.772992,230.688755,154.67051,126.369178,-2.77556821,125.285215,0.021973,0.021973,0.0763165523,-0.0416602557,-0.0595888352,-0.0231907302,1.23703006,3.37265809
5.67648792,return_center_after_up,center,0,0,87,0,55.041504,32.958984,-138.647461,58.623047,97.800293,13.161621,222.805107,230.656344,154.647151,126.372377,-2.80105971,125.252369,222.772992,230.688755,154.67051,126.369178,-2.77556821,125.285215,0.0310745146,0.021973,0.051259411,0.0321151609,-0.0324110225,-0.023359565,1.51707644,3.13403258
5.70157003,return_center_after_up,center,0,0,88,0,55.041504,32.958984,-138.647461,58.601074,97.800293,13.139648,222.772509,230.683017,154.646257,126.380059,-2.7571097,125.248102,222.772992,230.688755,154.67051,126.369178,-2.77556821,125.285215,0.0310745146,0.021973,0.0249275776,-0.000482694813,-0.00573734009,-0.0242535371,1.23891144,1.67966793
5.72665882,return_center_after_up,center,0,0,89,0,55.041504,32.958984,-138.647461,58.601074,97.800293,13.139648,222.772509,230.683017,154.646257,126.380059,-2.7571097,125.248102,222.772992,230.688755,154.67051,126.369178,-2.77556821,125.285215,0.0310745146,0.021973,0.0249275776,-0.000482694813,-0.00573734009,-0.0242535371,0,0
5.75177932,return_center_after_up,center,0,0,90,0,55.041504,32.958984,-138.647461,58.579102,97.800293,13.161621,222.739903,230.709678,154.645367,126.408036,-2.76209368,125.266215,222.772992,230.688755,154.67051,126.369178,-2.77556821,125.285215,0.0310738075,0.021973,0.0465277904,-0.0330889882,0.0209231448,-0.0251431133,1.23699017,1.67702499
5.77685404,return_center_after_up,center,0,0,91,0,55.041504,32.958984,-138.647461,58.601074,97.800293,13.139648,222.772509,230.683017,154.646257,126.380059,-2.7571097,125.248102,222.772992,230.688755,154.67051,126.369178,-2.77556821,125.285215,0.0310745146,0.021973,0.0249275776,-0.000482694813,-0.00573734009,-0.0242535371,1.23924842,1.68008656
5.80196834,return_center_after_up,center,0,0,92,0,55.041504,32.958984,-138.647461,58.601074,97.800293,13.161621,222.772509,230.683017,154.646257,126.390207,-2.78157813,125.259294,222.772992,230.688755,154.67051,126.369178,-2.77556821,125.285215,0.021973,0.021973,0.0249275776,-0.000482694813,-0.00573734009,-0.0242535371,0.874919941,0
5.8279767,return_center_after_up,center,0,0,93,0,55.041504,32.958984,-138.647461,58.601074,97.800293,13.161621,222.772509,230.683017,154.646257,126.390207,-2.78157813,125.259294,222.772992,230.688755,154.67051,126.369178,-2.77556821,125.285215,0.021973,0.021973,0.0249275776,-0.000482694813,-0.00573734009,-0.0242535371,0,0
5.8554163,return_center_after_up,center,0,0,94,0,55.041504,32.958984,-138.647461,58.601074,97.800293,13.161621,222.772509,230.683017,154.646257,126.390207,-2.78157813,125.259294,222.772992,230.688755,154.67051,126.369178,-2.77556821,125.285215,0.021973,0.021973,0.0249275776,-0.000482694813,-0.00573734009,-0.0242535371,0,0
5.86318493,right_stick_down,down,0,-1,0,0,55.041504,32.958984,-138.647461,58.601074,97.800293,13.161621,222.772509,230.683017,154.646257,126.390207,-2.78157813,125.259294,222.772992,230.688755,154.67051,136.929981,-3.04255803,113.896436,0.021973,0.021973,0.0249275776,-0.000482694813,-0.00573734009,-0.0242535371,0,0
5.88828182,right_stick_down,down,0,-1,1,0,55.041504,32.958984,-138.647461,58.579102,97.800293,13.161621,222.739903,230.709678,154.645367,126.408036,-2.76209368,125.266215,222.772992,230.688755,154.67051,136.929981,-3.04255803,113.896436,0.0310738075,0.021973,0.0465277904,-0.0330889882,0.0209231448,-0.0251431133,0.875486847,1.67860222
5.91341519,right_stick_down,down,0,-1,2,0,55.041504,32.958984,-138.647461,58.623047,97.800293,13.139648,222.805107,230.656344,154.647151,126.362234,-2.77659307,125.241174,222.772992,230.688755,154.67051,136.929981,-3.04255803,113.896436,0.0380583524,0.021973,0.051259411,0.0321151609,-0.0324110225,-0.023359565,1.9548602,3.35240808
5.93852758,right_stick_down,down,0,-1,3,0,55.041504,32.958984,-138.647461,58.623047,97.800293,13.139648,222.805107,230.656344,154.647151,126.362234,-2.77659307,125.241174,222.772992,230.688755,154.67051,136.929981,-3.04255803,113.896436,0.0380583524,0.021973,0.051259411,0.0321151609,-0.0324110225,-0.023359565,0,0
5.96374035,right_stick_down,down,0,-1,4,0,55.041504,32.958984,-138.647461,58.579102,97.822266,13.161621,222.740385,230.715414,154.669621,126.387007,-2.7560881,125.292141,222.772992,230.688755,154.67051,136.929981,-3.04255803,113.896436,0.021972,0.021972,0.0421269392,-0.0326063502,0.026659222,-0.000889276407,2.13470526,3.58788051
5.98892832,right_stick_down,down,0,-1,5,0,55.041504,32.958984,-138.647461,58.601074,97.800293,13.139648,222.772509,230.683017,154.646257,126.380059,-2.7571097,125.248102,222.772992,230.688755,154.67051,136.929981,-3.04255803,113.896436,0.0310745146,0.021973,0.0249275776,-0.000482694813,-0.00573734009,-0.0242535371,1.51095052,2.03500854
6.01422834,right_stick_down,down,0,-1,6,0,55.041504,32.958984,-138.647461,58.601074,97.77832,13.161621,222.772017,230.67728,154.622003,126.411231,-2.78758774,125.233369,222.772992,230.688755,154.67051,136.929981,-3.04255803,113.896436,0.043946,0.043946,0.0498551543,-0.00097493835,-0.011474229,-0.0485069889,1.22824042,0.985278738
6.03930759,right_stick_down,down,0,-1,7,0,55.041504,32.958984,-138.647461,58.579102,97.77832,13.161621,222.739411,230.703942,154.621113,126.42906,-2.76809895,125.240285,222.772992,230.688755,154.67051,136.929981,-3.04255803,113.896436,0.0491326745,0.043946,0.0616312107,-0.0335811752,0.0151875152,-0.0493968642,0.876102743,1.67981338
6.06729126,right_stick_down,down,0,-1,8,0,55.019531,32.958984,-138.647461,58.601074,97.734375,13.139648,222.859448,230.580358,154.573498,126.431909,-2.79913299,125.159144,222.772992,230.688755,154.67051,136.929981,-3.04255803,113.896436,0.093222601,0.087891,0.169221326,0.0864561816,-0.108396296,-0.0970125191,2.07742477,6.38741642
6.09238958,right_stick_down,down,0,-1,9,0,55.019531,32.980957,-138.647461,58.557129,97.712402,13.161621,222.810301,230.651663,154.638244,126.49443,-2.81083814,125.180559,222.772992,230.688755,154.67051,136.929981,-3.04255803,113.896436,0.122339229,0.109864,0.0617159764,0.0373090339,-0.0370918989,-0.0322659073,2.31626375,4.3082164
6.11749029,right_stick_down,down,0,-1,10,0,55.019531,32.980957,-138.647461,58.557129,97.668457,13.139648,222.809237,230.640214,154.589734,126.526299,-2.7983382,125.117501,222.772992,230.688755,154.67051,136.929981,-3.04255803,113.896436,0.164428737,0.153809,0.10096856,0.0362451268,-0.0485407069,-0.080775867,1.95740404,1.98615991
6.14418125,right_stick_down,down,0,-1,11,0,55.019531,33.024902,-138.647461,58.557129,97.602539,13.117676,222.84072,230.670422,154.698533,126.570637,-2.83220586,125.073205,222.772992,230.688755,154.67051,136.929981,-3.04255803,113.896436,0.23868447,0.219727,0.0755547031,0.0677283928,-0.0183321089,0.0280234142,3.08021272,4.39183073
6.16930795,right_stick_down,down,0,-1,12,0,55.019531,33.024902,-138.647461,58.557129,97.580566,13.095703,222.840156,230.664715,154.674275,126.5815,-2.81367794,125.036095,222.772992,230.688755,154.67051,136.929981,-3.04255803,113.896436,0.263672583,0.2417,0.0714358616,0.0671641263,-0.0240393573,0.0037645386,1.23671314,0.99207544
6.19479442,right_stick_down,down,0,-1,13,0,55.019531,33.046875,-138.669434,58.491211,97.492676,13.07373,222.714756,230.685886,154.642126,126.708703,-2.75435881,124.94177,222.772992,230.688755,154.67051,136.929981,-3.04255803,113.896436,0.370290059,0.32959,0.0648476017,-0.0582353227,-0.00286875423,-0.0283836024,4.56195431,5.14682451
6.21986103,right_stick_down,down,0,-1,14,0,55.019531,33.046875,-138.669434,58.469238,97.426758,13.07373,222.680247,230.695419,154.568481,126.78941,-2.75264799,124.870692,222.772992,230.688755,154.67051,136.929981,-3.04255803,113.896436,0.436145148,0.395508,0.138043181,-0.0927451003,0.00666486185,-0.102028651,2.77196505,3.2667577
6.24494791,right_stick_down,down,0,-1,15,0,55.019531,33.068848,-138.669434,58.491211,97.382812,13.051758,222.728187,230.681087,154.611602,126.79919,-2.77976482,124.823112,222.772992,230.688755,154.67051,136.929981,-3.04255803,113.896436,0.479890925,0.439454,0.074407665,-0.0448051146,-0.00766777353,-0.0589084677,2.31733544,2.6329754
6.27004743,right_stick_down,down,0,-1,16,0,55.019531,33.09082,-138.669434,58.447266,97.338867,13.029785,222.678145,230.746663,154.652122,126.862323,-2.74802652,124.796126,222.772992,230.688755,154.67051,136.929981,-3.04255803,113.896436,0.541348854,0.483399,0.112638227,-0.0948467953,0.0579079596,-0.0183881404,2.76830621,3.66156252
6.29511929,right_stick_down,down,0,-1,17,0,54.997559,33.134766,-138.669434,58.425293,97.207031,13.029785,222.762973,230.701189,154.687259,126.986209,-2.82834592,124.680624,222.772992,230.688755,154.67051,136.929981,-3.04255803,113.896436,0.678311937,0.615235,0.0231407906,-0.0100189591,0.0124339908,0.0167485079,5.67964695,4.0866877
6.32021141,right_stick_down,down,0,-1,18,0,54.997559,33.134766,-138.669434,58.425293,97.119141,12.98584,222.760049,230.678547,154.590199,127.049654,-2.80284296,124.554359,222.772992,230.688755,154.67051,136.929981,-3.04255803,113.896436,0.767786411,0.703125,0.0819849482,-0.0129427576,-0.0102073952,-0.0803108078,3.91612936,3.9736783
6.34531736,right_stick_down,down,0,-1,19,0,54.975586,33.156738,-138.691406,58.40332,97.053223,12.98584,222.788274,230.566714,154.583978,127.118937,-2.82503765,124.472011,222.772992,230.688755,154.67051,136.929981,-3.04255803,113.896436,0.840723338,0.769043,0.150384179,0.0152821641,-0.122040993,-0.0865323807,3.15556198,4.6008228
6.37042141,right_stick_down,down,0,-1,20,0,54.975586,33.178711,-138.669434,58.359375,96.965332,12.963867,222.778242,230.680828,154.599365,127.219669,-2.8248086,124.415251,222.772992,230.688755,154.67051,136.929981,-3.04255803,113.896436,0.940727847,0.856934,0.0717775462,0.00525005247,-0.0079264585,-0.0711450936,4.19762404,4.60417703
6.3955164,right_stick_down,down,0,-1,21,0,54.975586,33.244629,-138.691406,58.31543,96.811523,12.919922,222.714874,230.705877,154.67677,127.37289,-2.81733958,124.269186,222.772992,230.688755,154.67051,136.929981,-3.04255803,113.896436,1.11780219,1.010743,0.0609100056,-0.0581175924,0.0171228493,0.00625957378,7.16693243,4.10931769
6.4206059,right_stick_down,down,0,-1,22,0,54.953613,33.266602,-138.691406,58.271484,96.723633,12.897949,222.750999,230.674874,154.668819,127.466385,-2.82079961,124.178837,222.772992,230.688755,154.67051,136.929981,-3.04255803,113.896436,1.22042279,1.098633,0.026061865,-0.0219927626,-0.0138809064,-0.0016910459,4.20004895,1.92368746
6.44572473,right_stick_down,down,0,-1,23,0,54.953613,33.288574,-138.691406,58.249512,96.61377,12.897949,222.73028,230.697127,154.637427,127.58432,-2.85027053,124.07754,222.772992,230.688755,154.67051,136.929981,-3.04255803,113.896436,1.33111491,1.208496,0.0546700398,-0.0427112833,0.00837244987,-0.0330826483,4.54530556,1.73982727
6.47350073,right_stick_down,down,0,-1,24,0,54.931641,33.33252,-138.691406,58.205566,96.416016,12.854004,222.777692,230.66197,154.598934,127.767664,-2.8778904,123.867911,222.772992,230.688755,154.67051,136.929981,-3.04255803,113.896436,1.54341312,1.40625,0.0765682668,0.00470027569,-0.0267845107,-0.0715765107,7.66967967,2.53698615
6.49861479,right_stick_down,down,0,-1,25,0,54.931641,33.376465,-138.691406,58.161621,96.328125,12.832031,222.741305,230.740188,154.681838,127.868167,-2.87657823,123.810825,222.772992,230.688755,154.67051,136.929981,-3.04255803,113.896436,1.64999917,1.494141,0.0614635508,-0.0316867991,0.0514334397,0.0113276708,4.37457752,4.76410518
6.52372336,right_stick_down,down,0,-1,26,0,54.931641,33.398438,-138.691406,58.139648,96.218262,12.788086,222.719819,230.762665,154.650469,127.965604,-2.85605175,123.687349,222.772992,230.688755,154.67051,136.929981,-3.04255803,113.896436,1.7698565,1.604004,0.0932293378,-0.0531724158,0.0739104994,-0.0200410005,4.87237237,1.75909435
6.54883981,right_stick_down,down,0,-1,27,0,54.909668,33.442383,-138.691406,58.117676,96.108398,12.766113,222.803219,230.723415,154.709934,128.057939,-2.90440583,123.586367,222.772992,230.688755,154.67051,136.929981,-3.04255803,113.896436,1.89220248,1.713868,0.0605743668,0.0302270682,0.0346607826,0.03942345,4.94881545,4.36728364
6.57391977,right_stick_down,down,0,-1,28,0,54.887695,33.486328,-138.713379,58.029785,95.866699,12.700195,222.738743,230.670861,154.597707,128.311288,-2.85749791,123.303793,222.772992,230.688755,154.67051,136.929981,-3.04255803,113.896436,2.16093069,1.955567,0.0824220229,-0.0342482464,-0.0178936447,-0.0728029186,10.8013322,5.5698551
6.59901524,right_stick_down,down,0,-1,29,0,54.887695,33.530273,-138.713379,58.029785,95.756836,12.678223,222.765756,230.690665,154.657942,128.397067,-2.90107526,123.206874,222.772992,230.688755,154.67051,136.929981,-3.04255803,113.896436,2.27605346,2.06543,0.0146272844,-0.00723558204,0.00190994849,-0.0125680507,4.79563597,2.74635343
6.6240983,right_stick_down,down,0,-1,30,0,54.865723,33.552246,-138.713379,57.98584,95.625,12.65625,222.797517,230.649075,154.60153,128.531344,-2.91460809,123.063539,222.772992,230.688755,154.67051,136.929981,-3.04255803,113.896436,2.41849014,2.197266,0.0832717799,0.0245253392,-0.0396798622,-0.0689797478,5.7442864,3.06766327
6.64921951,right_stick_down,down,0,-1,31,0,54.865723,33.596191,-138.713379,57.941895,95.493164,12.612305,222.757133,230.716632,154.63597,128.662804,-2.8984506,122.942704,222.772992,230.688755,154.67051,136.929981,-3.04255803,113.896436,2.56948595,2.329102,0.0471349324,-0.0158583371,0.0278778816,-0.0345403924,6.05985139,3.41991896
6.67429733,right_stick_down,down,0,-1,32,0,54.84375,33.684082,-138.735352,57.875977,95.229492,12.546387,222.754368,230.679879,154.681855,128.91056,-2.91501184,122.671565,222.772992,230.688755,154.67051,136.929981,-3.04255803,113.896436,2.86345144,2.592774,0.0235444602,-0.018623943,-0.00887574168,0.0113451117,11.7551848,2.34691014
6.69940281,right_stick_down,down,0,-1,33,0,54.821777,33.706055,-138.735352,57.810059,95.075684,12.502441,222.750476,230.65967,154.600477,129.072401,-2.88809361,122.497337,222.772992,230.688755,154.67051,136.929981,-3.04255803,113.896436,3.03612509,2.746582,0.0791041248,-0.0225155218,-0.0290842008,-0.0700330144,7.00169944,3.34349409
6.72449946,right_stick_down,down,0,-1,34,0,54.821777,33.771973,-138.735352,57.766113,94.855957,12.458496,222.719033,230.729578,154.628695,129.282157,-2.91283149,122.293304,222.772992,230.688755,154.67051,136.929981,-3.04255803,113.896436,3.27223007,2.966309,0.0795395565,-0.053958805,0.0408230214,-0.0418147024,9.47023019,3.2547025
6.75459051,right_stick_down,down,0,-1,35,0,54.777832,33.837891,-138.735352,57.700195,94.658203,12.392578,222.832516,230.660685,154.680541,129.456091,-2.93512119,122.089991,222.772992,230.688755,154.67051,136.929981,-3.04255803,113.896436,3.50200372,3.164063,0.0665704995,0.0595240769,-0.0280693116,0.0100314219,7.72777303,4.73636103
6.77970219,right_stick_down,down,0,-1,36,0,54.777832,33.881836,-138.757324,57.65625,94.482422,12.348633,222.743787,230.657813,154.642569,129.631565,-2.90826573,121.893002,222.772992,230.688755,154.67051,136.929981,-3.04255803,113.896436,3.69343315,3.339844,0.0509021028,-0.0292049591,-0.0309418951,-0.027940894,7.67805245,3.84504946
6.80482578,right_stick_down,down,0,-1,37,0,54.755859,33.903809,-138.757324,57.634277,94.350586,12.348633,222.805332,230.590461,154.587009,129.757316,-2.96533781,121.752868,222.772992,230.688755,154.67051,136.929981,-3.04255803,113.896436,3.82551502,3.47168,0.132965858,0.0323397932,-0.0982935958,-0.0835010546,5.4617746,4.25185943
6.82990575,right_stick_down,down,0,-1,38,0,54.733887,33.991699,-138.757324,57.546387,94.130859,12.282715,222.81041,230.652135,154.704844,129.976333,-2.96622311,121.56258,222.772992,230.688755,154.67051,136.929981,-3.04255803,113.896436,4.08466944,3.691407,0.0626096167,0.0374186172,-0.0366193855,0.0343341201,10.4399792,5.30687819
6.85502052,right_stick_down,down,0,-1,39,0,54.733887,34.013672,-138.757324,57.502441,93.977051,12.23877,222.747831,230.691605,154.62437,130.130721,-2.93273827,121.391548,222.772992,230.688755,154.67051,136.929981,-3.04255803,113.896436,4.25010491,3.845215,0.0526314998,-0.025161229,0.00285009542,-0.0461396172,6.66294499,4.35267733
6.8801167,right_stick_down,down,0,-1,40,0,54.711914,34.07959,-138.779297,57.458496,93.757324,12.194824,222.757865,230.616743,154.628665,130.331518,-2.95955366,121.152982,222.772992,230.688755,154.67051,136.929981,-3.04255803,113.896436,4.48839643,4.064942,0.0846493479,-0.0151271404,-0.0720113243,-0.0418455602,9.551013,3.01451687
6.90521455,right_stick_down,down,0,-1,41,0,54.711914,34.123535,-138.779297,57.392578,93.603516,12.150879,222.677952,230.706406,154.638453,130.499443,-2.92418222,121.010828,222.772992,230.688755,154.67051,136.929981,-3.04255803,113.896436,4.66498691,4.21875,0.101841667,-0.0950394172,0.0176516987,-0.0320570082,7.11240488,4.80137322
6.93031335,right_stick_down,down,0,-1,42,0,54.689941,34.189453,-138.779297,57.348633,93.383789,12.106934,222.729276,230.692311,154.666982,130.696394,-2.96952089,120.794694,222.772992,230.688755,154.67051,136.929981,-3.04255803,113.896436,4.90266075,4.438477,0.0440020656,-0.0437159401,0.003556382,-0.00352852724,9.50979582,2.40599189
6.95542192,right_stick_down,down,0,-1,43,0,54.667969,34.233398,-138.779297,57.304688,93.22998,12.062988,222.769779,230.670411,154.677524,130.835446,-2.97878669,120.635441,222.772992,230.688755,154.67051,136.929981,-3.04255803,113.896436,5.07520857,4.592286,0.0198996695,-0.00321255838,-0.0183433943,0.00701400037,6.89060038,1.88128195
6.98051167,right_stick_down,down,0,-1,44,0,54.645996,34.299316,-138.779297,57.23877,93.010254,11.99707,222.786682,230.68303,154.705563,131.039248,-2.97697073,120.414963,222.772992,230.688755,154.67051,136.929981,-3.04255803,113.896436,5.32332677,4.812012,0.0380639972,0.0136902757,-0.00572440603,0.0350524665,9.908105,1.39846157
7.00563192,right_stick_down,down,0,-1,45,0,54.645996,34.343262,-138.779297,57.194824,92.856445,11.99707,222.737702,230.746793,154.716219,131.209368,-3.01131397,120.286602,222.772992,230.688755,154.67051,136.929981,-3.04255803,113.896436,5.48480895,4.965821,0.0818726723,-0.0352898953,0.058038332,0.0457089682,6.60385954,3.2287387
7.03074551,right_stick_down,down,0,-1,46,0,54.602051,34.387207,-138.779297,57.128906,92.636719,11.90918,222.824903,230.650763,154.653497,131.394649,-2.98850007,120.022184,222.772992,230.688755,154.67051,136.929981,-3.04255803,113.896436,5.73376886,5.185547,0.0665400719,0.0519109051,-0.0379918785,-0.0170134143,10.0901665,5.73724939
7.05587173,right_stick_down,down,0,-1,47,0,54.602051,34.431152,-138.779297,57.084961,92.48291,11.887207,222.774918,230.714771,154.664256,131.554351,-2.99668762,119.883133,222.772992,230.688755,154.67051,136.929981,-3.04255803,113.896436,5.89993478,5.339356,0.0268271911,0.00192644784,0.026016691,-0.00625450005,6.65993639,3.26043914
7.08096147,right_stick_down,down,0,-1,48,0,54.580078,34.49707,-138.80127,57.041016,92.263184,11.821289,222.778824,230.641058,154.668638,131.74318,-2.99429589,119.632777,222.772992,230.688755,154.67051,136.929981,-3.04255803,113.896436,6.14295883,5.559082,0.0480879796,0.00583267123,-0.0476962283,-0.00187177361,9.7520602,2.94727402
7.10606074,right_stick_down,down,0,-1,49,0,54.558105,34.541016,-138.80127,56.99707,92.109375,11.799316,222.816259,230.619841,154.67947,131.891345,-3.026794,119.483154,222.772992,230.688755,154.67051,136.929981,-3.04255803,113.896436,6.31078318,5.712891,0.081862608,0.0432677153,-0.0689138531,0.00895947802,6.7243367,1.76786493
7.1311605,right_stick_down,down,0,-1,50,0,54.558105,34.606934,-138.80127,56.90918,91.889648,11.733398,222.7072,230.745101,154.707388,132.122151,-2.97530011,119.278121,222.772992,230.688755,154.67051,136.929981,-3.04255803,113.896436,6.56287693,5.932618,0.0941461163,-0.0657918084,0.0563467014,0.0368778851,10.1336475,6.70982798
7.15628719,right_stick_down,down,0,-1,51,0,54.536133,34.650879,-138.80127,56.90918,91.757812,11.711426,222.812642,230.676631,154.7437,132.215628,-3.04423719,119.142693,222.772992,230.688755,154.67051,136.929981,-3.04255803,113.896436,6.69960737,6.064454,0.084118017,0.0396503171,-0.0121231733,0.0731896291,5.66723331,5.2080628
7.18138456,right_stick_down,down,0,-1,52,0,54.51416,34.694824,-138.80127,56.821289,91.516113,11.645508,222.771054,230.688256,154.656598,132.45785,-3.00261707,118.8772,222.772992,230.688755,154.67051,136.929981,-3.04255803,113.896436,6.96768888,6.306153,0.0140551624,-0.00193800162,-0.000498666499,-0.0139119759,10.7582759,3.87364678
7.20648432,right_stick_down,down,0,-1,53,0,54.492188,34.73877,-138.80127,56.755371,91.362305,11.623535,222.773318,230.693701,154.667161,132.622433,-3.01239368,118.733164,222.772992,230.688755,154.67051,136.929981,-3.04255803,113.896436,7.14118111,6.459961,0.00598252473,0.000326239051,0.0049467269,-0.00334874054,7.00329066,0.481995813
7.23161364,right_stick_down,down,0,-1,54,0,54.470215,34.804688,-138.80127,56.733398,91.142578,11.557617,222.84926,230.655519,154.697037,132.789862,-3.04744465,118.498841,222.772992,230.688755,154.67051,136.929981,-3.04255803,113.896436,7.3780706,6.679688,0.0873219665,0.0762682526,-0.0332355506,0.0265269232,9.57840824,3.58536973
7.25672245,right_stick_down,down,0,-1,55,0,54.470215,34.848633,-138.80127,56.66748,90.98877,11.535645,222.762036,230.746608,154.707744,132.965296,-3.03119913,118.364573,222.772992,230.688755,154.67051,136.929981,-3.04255803,113.896436,7.54983794,6.833496,0.0696664535,-0.0109555416,0.0578537122,0.0372335714,6.9458429,5.04084538
7.28183913,right_stick_down,down,0,-1,56,0,54.448242,34.914551,-138.823242,56.601562,90.769043,11.469727,222.726635,230.700137,154.711858,133.169199,-3.00338697,118.119032,222.772992,230.688755,154.67051,136.929981,-3.04255803,113.896436,7.79843634,7.053223,0.0631516797,-0.0463567189,0.0113828976,0.041347538,9.93609681,2.33166469
7.30694199,right_stick_down,down,0,-1,57,0,54.42627,34.958496,-138.80127,56.557617,90.615234,11.425781,222.803631,230.740798,154.748155,133.30324,-3.02620076,117.981504,222.772992,230.688755,154.67051,136.929981,-3.04255803,113.896436,7.97059506,7.207032,0.0983669195,0.0306389562,0.0520433829,0.0776452929,6.94752726,3.75794852
7.33204436,right_stick_down,down,0,-1,58,0,54.404297,35.002441,-138.823242,56.513672,90.395508,11.381836,222.783102,230.64497,154.66186,133.502439,-3.02573035,117.716389,222.772992,230.688755,154.67051,136.929981,-3.04255803,113.896436,8.20330814,7.426758,0.0457613235,0.0101101379,-0.0437843139,-0.00864972256,9.34584956,5.20190898
7.35937524,right_stick_down,down,0,-1,59,0,54.382324,35.090332,-138.823242,56.425781,90.087891,11.315918,222.758959,230.690252,154.684821,133.796494,-3.03218131,117.414332,222.772992,230.688755,154.67051,136.929981,-3.04255803,113.896436,8.54208039,7.734375,0.02009889,-0.0140328772,0.00149761846,0.0143108656,12.4027379,2.05696178
7.38447785,right_stick_down,down,0,-1,60,0,54.360352,35.112305,-138.823242,56.381836,90.021973,11.293945,222.787468,230.666031,154.702267,133.866004,-3.02204849,117.34842,222.772992,230.688755,154.67051,136.929981,-3.04255803,113.896436,8.62493247,7.800293,0.0416463758,0.0144764811,-0.0227236045,0.0317567302,3.50124872,1.64433964
7.40974259,right_stick_down,down,0,-1,61,0,54.338379,35.200195,-138.823242,56.337891,89.736328,11.228027,222.831393,230.664359,154.750615,134.10586,-3.06547558,117.061085,222.772992,230.688755,154.67051,136.929981,-3.04255803,113.896436,8.93260807,8.085938,0.102091232,0.0584014181,-0.0243954874,0.0801046448,12.2685886,2.58633435
7.43497419,right_stick_down,down,0,-1,62,0,54.338379,35.222168,-138.823242,56.293945,89.626465,11.228027,222.763872,230.716109,154.719732,134.23599,-3.06519234,116.960384,222.772992,230.688755,154.67051,136.929981,-3.04255803,113.896436,9.04876066,8.195801,0.0570457412,-0.00911930639,0.0273545442,0.0492217813,4.76978284,3.58690689
7.46006703,right_stick_down,down,0,-1,63,0,54.294434,35.288086,-138.823242,56.206055,89.362793,11.140137,222.814592,230.662808,154.700702,134.47054,-3.03959906,116.668808,222.772992,230.688755,154.67051,136.929981,-3.04255803,113.896436,9.34873926,8.459473,0.0575793589,0.0416005867,-0.0259462094,0.030192184,12.0382462,3.02864843
7.48516583,right_stick_down,down,0,-1,64,0,54.294434,35.310059,-138.823242,56.206055,89.296875,11.118164,222.820372,230.672095,154.719137,134.517271,-3.04681807,116.600686,222.772992,230.688755,154.67051,136.929981,-3.04255803,113.896436,9.41863527,8.525391,0.0699066319,0.0473799247,-0.0166595746,0.0486265205,2.90353683,0.854032185
7.51025367,right_stick_down,down,0,-1,65,0,54.272461,35.375977,-138.823242,56.118164,89.01123,11.052246,222.77729,230.69985,154.676165,134.792149,-3.02527979,116.301067,222.772992,230.688755,154.67051,136.929981,-3.04255803,113.896436,9.73205228,8.811036,0.0131747418,0.0042984681,0.0110957824,0.00565513981,12.5093653,2.66582714
7.53536892,right_stick_down,down,0,-1,66,0,54.250488,35.397949,-138.845215,56.118164,88.945312,11.030273,222.82702,230.562495,154.669271,134.830065,-3.03919168,116.199836,222.772992,230.688755,154.67051,136.929981,-3.04255803,113.896436,9.80414004,8.876954,0.13733873,0.0540277877,-0.126259218,-0.00123883858,3.15440475,5.82286439
7.56045055,right_stick_down,down,0,-1,67,0,54.228516,35.463867,-138.823242,56.008301,88.703613,10.986328,222.800821,230.687167,154.699926,135.089281,-3.02964957,115.993268,222.772992,230.688755,154.67051,136.929981,-3.04255803,113.896436,10.0782187,9.118653,0.0405249185,0.0278290867,-0.00158798005,0.0294157997,11.1157582,5.22416181
7.58554864,right_stick_down,down,0,-1,68,0,54.228516,35.463867,-138.823242,55.986328,88.637695,10.964355,222.755633,230.699154,154.627048,135.154917,-2.99570365,115.907474,222.772992,230.688755,154.67051,136.929981,-3.04255803,113.896436,10.148276,9.184571,0.0479414109,-0.0173583473,0.0103993233,-0.0434617157,2.90361957,3.44981175
7.61065507,right_stick_down,down,0,-1,69,0,54.206543,35.529785,-138.823242,55.92041,88.395996,10.92041,222.750682,230.710842,154.633304,135.382586,-3.01053287,115.665425,222.772992,230.688755,154.67051,136.929981,-3.04255803,113.896436,10.4115623,9.42627,0.0486809977,-0.0223097707,0.0220870653,-0.0372058492,10.5021569,0.563647464
7.63857746,right_stick_down,down,0,-1,70,0,54.18457,35.595703,-138.845215,55.92041,88.242188,10.876465,222.817042,230.602017,154.711802,135.483979,-3.05388619,115.491883,222.772992,230.688755,154.67051,136.929981,-3.04255803,113.896436,10.5788242,9.580078,0.10568301,0.0440499867,-0.0867379828,0.0412918839,6.29533282,5.36108671
7.66368937,right_stick_down,down,0,-1,71,0,54.18457,35.617676,-138.823242,55.876465,88.132324,10.854492,222.790899,230.715702,154.70698,135.600587,-3.04379785,115.403797,222.772992,230.688755,154.67051,136.929981,-3.04255803,113.896436,10.699308,9.689942,0.0487534556,0.0179069326,0.0269475934,0.036470103,4.94971521,4.64928262
7.69052839,right_stick_down,down,0,-1,72,0,54.162598,35.661621,-138.845215,55.810547,87.978516,10.83252,222.739393,230.661207,154.693461,135.763917,-3.02787262,115.233551,222.772992,230.688755,154.67051,136.929981,-3.04255803,113.896436,10.8732238,9.84375,0.0491379119,-0.0335990805,-0.0275477352,0.0229512192,6.6004098,2.83888859
7.71572757,right_stick_down,down,0,-1,73,0,54.140625,35.683594,-138.845215,55.788574,87.890625,10.788574,222.794473,230.606779,154.687622,135.825312,-3.01597043,115.124471,222.772992,230.688755,154.67051,136.929981,-3.04255803,113.896436,10.9751169,9.931641,0.0864540851,0.0214810294,-0.0819760483,0.0171114497,4.18180248,3.08166478
7.74080038,right_stick_down,down,0,-1,74,0,54.140625,35.705566,-138.845215,55.744629,87.736816,10.766602,222.714702,230.649991,154.609089,135.982842,-2.99604593,114.957765,222.772992,230.688755,154.67051,136.929981,-3.04255803,113.896436,11.1358025,10.08545,0.0931282998,-0.0582899265,-0.0387638595,-0.0614209075,6.49921898,4.78573307
7.76589274,right_stick_down,down,0,-1,75,0,54.140625,35.727539,-138.823242,55.744629,87.648926,10.766602,222.758889,230.716788,154.629302,136.056439,-3.0514001,114.894874,222.772992,230.688755,154.67051,136.929981,-3.04255803,113.896436,11.2205,10.17334,0.0517962125,-0.0141026615,0.0280330547,-0.0412081353,3.71514061,3.29187155
7.79096198,right_stick_down,down,0,-1,76,0,54.118652,35.771484,-138.823242,55.700684,87.539062,10.722656,222.792644,230.707191,154.690209,136.151563,-3.03979289,114.787496,222.772992,230.688755,154.67051,136.929981,-3.04255803,113.896436,11.353317,10.283204,0.0333787522,0.0196521051,0.0184364761,0.0196985332,5.40300489,2.80395311
7.8160789,right_stick_down,down,0,-1,77,0,54.118652,35.793457,-138.845215,55.678711,87.451172,10.722656,222.714084,230.676784,154.658757,136.245936,-3.03582773,114.6832,222.772992,230.688755,154.67051,136.929981,-3.04255803,113.896436,11.4443587,10.371094,0.0612497351,-0.0589075165,-0.0119706891,-0.011753176,3.81321632,3.58001543
7.84116864,right_stick_down,down,0,-1,78,0,54.09668,35.81543,-138.845215,55.656738,87.341309,10.700684,222.763933,230.618034,154.628942,136.336459,-3.05429968,114.555979,222.772992,230.688755,154.67051,136.929981,-3.04255803,113.896436,11.5614388,10.480957,0.0825305479,-0.00905860659,-0.0707201734,-0.0415678971,4.71611083,3.29280308
7.86630344,right_stick_down,down,0,-1,79,0,54.09668,35.837402,-138.823242,55.612793,87.275391,10.656738,222.745187,230.741106,154.672872,136.403671,-3.00712565,114.513002,222.772992,230.688755,154.67051,136.929981,-3.04255803,113.896436,11.6468758,10.546875,0.059323839,-0.0278044361,0.0523512276,0.0023622383,3.81052178,5.2522601
7.89142203,right_stick_down,down,0,-1,80,0,54.074707,35.859375,-138.823242,55.59082,87.209473,10.656738,222.803727,230.691387,154.69135,136.46523,-3.04263521,114.450215,222.772992,230.688755,154.67051,136.929981,-3.04255803,113.896436,11.7194414,10.612793,0.0372276558,0.0307352851,0.00263196754,0.020840186,3.03025929,3.14491434
7.91655326,right_stick_down,down,0,-1,81,0,54.074707,35.881348,-138.845215,55.612793,87.121582,10.634766,222.791519,230.609499,154.66047,136.5164,-3.05692195,114.324976,222.772992,230.688755,154.67051,136.929981,-3.04255803,113.896436,11.80396,10.700684,0.0820093737,0.0185269687,-0.0792558882,-0.0100395715,3.91008091,3.51610993
7.94168234,right_stick_down,down,0,-1,82,0,54.074707,35.90332,-138.823242,55.568848,87.055664,10.634766,222.772578,230.732638,154.704523,136.603466,-3.06224716,114.300741,222.772992,230.688755,154.67051,136.929981,-3.04255803,113.896436,11.8799756,10.766602,0.0555232187,-0.000413471268,0.0438834636,0.0340132103,3.38649543,5.25870682
7.96686172,right_stick_down,down,0,-1,83,0,54.052734,35.90332,-138.845215,55.568848,86.989746,10.612793,222.802701,230.572181,154.606379,136.642577,-3.05711061,114.175736,222.772992,230.688755,154.67051,136.929981,-3.04255803,113.896436,11.94656,10.83252,0.136325981,0.0297090292,-0.116573576,-0.0641307094,3.02294259,7.56527542
7.99195552,right_stick_down,down,0,-1,84,0,54.052734,35.925293,-138.823242,55.546875,86.945801,10.59082,222.821731,230.674062,154.674855,136.683802,-3.0538129,114.164021,222.772992,230.688755,154.67051,136.929981,-3.04255803,113.896436,12.001758,10.876465,0.0510910764,0.0487394565,-0.0146930424,0.00434487952,2.47664113,4.95024372
8.01707315,right_stick_down,down,0,-1,85,0,54.052734,35.925293,-138.823242,55.524902,86.901855,10.568848,222.779062,230.690908,154.626396,136.729056,-3.01389551,114.105153,222.772992,230.688755,154.67051,136.929981,-3.04255803,113.896436,12.0518976,10.920411,0.0445817495,0.00607015744,0.00215307981,-0.0441140547,2.14280637,2.65665026
8.04217315,right_stick_down,down,0,-1,86,0,54.052734,35.947266,-138.845215,55.524902,86.85791,10.546875,222.742103,230.643749,154.643422,136.757824,-2.99648146,114.040639,222.772992,230.688755,154.67051,136.929981,-3.04255803,113.896436,12.1022079,10.964356,0.0609374633,-0.0308891577,-0.0450050735,-0.027088332,2.31610974,2.48158241
8.06730223,right_stick_down,down,0,-1,87,0,54.030762,35.947266,-138.845215,55.480957,86.813965,10.568848,222.754285,230.600891,154.59472,136.82827,-3.01288555,113.996706,222.772992,230.688755,154.67051,136.929981,-3.04255803,113.896436,12.1503427,11.008301,0.117533031,-0.0187065831,-0.0878631008,-0.0757901888,2.76504935,2.62676973
8.09242272,right_stick_down,down,0,-1,88,0,54.030762,35.969238,-138.845215,55.480957,86.77002,10.568848,222.761979,230.615406,154.637618,136.864956,-3.04015884,113.965098,222.772992,230.688755,154.67051,136.929981,-3.04255803,113.896436,12.1955762,11.052246,0.0811365742,-0.0110132042,-0.0733484506,-0.0328916069,1.95584429,1.82864159
8.11756325,right_stick_down,down,0,-1,89,0,54.030762,35.969238,-138.823242,55.50293,86.748047,10.524902,222.835588,230.646921,154.639703,136.845986,-3.03252499,113.936819,222.772992,230.688755,154.67051,136.929981,-3.04255803,113.896436,12.2189704,11.074219,0.0813474038,0.0625964296,-0.0418331836,-0.0308070099,2.31240581,3.18607269
8.14266276,right_stick_down,down,0,-1,90,0,54.030762,35.969238,-138.823242,55.480957,86.726074,10.524902,222.797427,230.668219,154.615358,136.881759,-3.01445536,113.914841,222.772992,230.688755,154.67051,136.929981,-3.04255803,113.896436,12.244469,11.096192,0.063722632,0.0244348272,-0.0205359903,-0.0551523902,1.23805235,1.99309629
8.16804957,right_stick_down,down,0,-1,91,0,54.030762,35.991211,-138.823242,55.458984,86.704102,10.524902,222.776222,230.712894,154.682122,136.915549,-3.01460609,113.916458,222.772992,230.688755,154.67051,136.929981,-3.04255803,113.896436,12.2754017,11.118164,0.0269813634,0.00322999189,0.0241395643,0.0116121729,1.49911606,3.27274822
8.19319129,right_stick_down,down,0,-1,92,0,54.030762,35.991211,-138.845215,55.480957,86.704102,10.524902,222.764968,230.625497,154.656447,136.901092,-3.01895472,113.887235,222.772992,230.688755,154.67051,136.929981,-3.04255803,113.896436,12.2701302,11.118164,0.065296828,-0.00802328354,-0.0632575817,-0.0140634644,1.23597429,3.65062951
8.21828628,right_stick_down,down,0,-1,93,0,54.030762,35.991211,-138.845215,55.458984,86.704102,10.524902,222.731456,230.651209,154.65619,136.917523,-2.99637304,113.892849,222.772992,230.688755,154.67051,136.929981,-3.04255803,113.896436,12.275736,11.118164,0.0577924343,-0.0415360704,-0.037545253,-0.0143204153,0.875593237,1.6832421
8.24742293,right_stick_down,down,0,-1,94,0,54.030762,35.991211,-138.823242,55.458984,86.704102,10.524902,222.776222,230.712894,154.682122,136.915549,-3.01460609,113.916458,222.772992,230.688755,154.67051,136.929981,-3.04255803,113.896436,12.2754017,11.118164,0.0269813634,0.00322999189,0.0241395643,0.0116121729,0.754135914,2.76311253
8.27271676,right_stick_down,down,0,-1,95,0,54.030762,35.991211,-138.823242,55.458984,86.682129,10.524902,222.77155,230.708473,154.658039,136.934884,-3.01909787,113.888843,222.772992,230.688755,154.67051,136.929981,-3.04255803,113.896436,12.2953067,11.140137,0.0233760213,-0.00144183381,0.0197186726,-0.0124713046,0.86870998,0.985520205
8.29782224,right_stick_down,down,0,-1,96,0,54.030762,35.991211,-138.845215,55.480957,86.682129,10.546875,222.760291,230.621069,154.632365,136.930361,-3.04994293,113.868938,222.772992,230.688755,154.67051,136.929981,-3.04255803,113.896436,12.2853484,11.140137,0.0787250236,-0.0127005266,-0.067685406,-0.0381446167,1.51593827,3.65616268
8.32705331,right_stick_down,down,0,-1,97,0,54.030762,35.991211,-138.823242,55.458984,86.682129,10.524902,222.77155,230.708473,154.658039,136.934884,-3.01909787,113.888843,222.772992,230.688755,154.67051,136.929981,-3.04255803,113.896436,12.2953067,11.140137,0.0233760213,-0.00144183381,0.0197186726,-0.0124713046,1.3019828,3.14014167
8.32974887,return_center_after_down,center,0,0,0,0,54.030762,35.991211,-138.823242,55.458984,86.682129,10.524902,222.77155,230.708473,154.658039,136.934884,-3.01909787,113.888843,222.772992,230.688755,154.67051,126.369178,-2.77556821,125.285215,12.2953067,11.140137,0.0233760213,-0.00144183381,0.0197186726,-0.0124713046,0,0
8.35615182,return_center_after_down,center,0,0,1,0,54.030762,35.991211,-138.823242,55.480957,86.682129,10.524902,222.805063,230.682761,154.658295,136.918457,-3.04168724,113.883227,222.772992,230.688755,154.67051,126.369178,-2.77556821,125.285215,12.2897099,11.140137,0.0348376894,0.0320709024,-0.00599319369,-0.0122148865,0.832217603,1.5998444
8.38125062,return_center_after_down,center,0,0,2,0,54.030762,35.991211,-138.823242,55.458984,86.682129,10.524902,222.77155,230.708473,154.658039,136.934884,-3.01909787,113.888843,222.772992,230.688755,154.67051,126.369178,-2.77556821,125.285215,12.2953067,11.140137,0.0233760213,-0.00144183381,0.0197186726,-0.0124713046,0.875460158,1.68297333
8.4067719,return_center_after_down,center,0,0,3,0,54.030762,35.991211,-138.823242,55.458984,86.682129,10.524902,222.77155,230.708473,154.658039,136.934884,-3.01909787,113.888843,222.772992,230.688755,154.67051,126.369178,-2.77556821,125.285215,12.2953067,11.140137,0.0233760213,-0.00144183381,0.0197186726,-0.0124713046,0,0
8.4318819,return_center_after_down,center,0,0,4,0,54.030762,35.991211,-138.823242,55.458984,86.682129,10.524902,222.77155,230.708473,154.658039,136.934884,-3.01909787,113.888843,222.772992,230.688755,154.67051,126.369178,-2.77556821,125.285215,12.2953067,11.140137,0.0233760213,-0.00144183381,0.0197186726,-0.0124713046,0,0
8.45700407,return_center_after_down,center,0,0,5,0,54.030762,35.991211,-138.823242,55.480957,86.704102,10.524902,222.809734,230.687182,154.682379,136.899121,-3.03719135,113.910837,222.772992,230.688755,154.67051,126.369178,-2.77556821,125.285215,12.2697957,11.118164,0.0386441099,0.0367427209,-0.00157284404,0.0118686919,1.23693614,1.99179598
8.48209453,return_center_after_down,center,0,0,6,0,54.030762,35.991211,-138.823242,55.458984,86.704102,10.546875,222.776222,230.712894,154.682122,136.925496,-3.04109349,113.925771,222.772992,230.688755,154.67051,126.369178,-2.77556821,125.285215,12.2707007,11.118164,0.0269813634,0.00322999189,0.0241395643,0.0116121729,1.2384994,1.683546
8.50721645,return_center_after_down,center,0,0,7,0,54.030762,35.991211,-138.823242,55.458984,86.726074,10.546875,222.780884,230.717315,154.706206,136.906159,-3.03659768,113.953384,222.772992,230.688755,154.67051,126.369178,-2.77556821,125.285215,12.250796,11.096192,0.0463920894,0.0078922157,0.0285607009,0.0356962919,0.874614426,0.992218587
8.53539944,return_center_after_down,center,0,0,8,0,54.030762,35.991211,-138.823242,55.480957,86.77002,10.546875,222.823693,230.700445,154.754639,136.85103,-3.0501764,114.002973,222.772992,230.688755,154.67051,126.369178,-2.77556821,125.285215,12.2053704,11.052246,0.0989190162,0.0507016235,0.0116906989,0.0841287388,1.74336127,2.37041162
8.56050658,return_center_after_down,center,0,0,9,0,54.030762,35.991211,-138.845215,55.480957,86.791992,10.546875,222.783583,230.643212,154.752786,136.833675,-3.0274243,114.006972,222.772992,230.688755,154.67051,126.369178,-2.77556821,125.285215,12.1858146,11.030274,0.0946343435,0.0105913653,-0.0455421922,0.082276307,1.23764797,2.78459734
8.58560443,return_center_after_down,center,0,0,10,0,54.030762,35.991211,-138.823242,55.480957,86.835938,10.568848,222.837568,230.713713,154.826914,136.802898,-3.06313923,114.095097,222.772992,230.688755,154.67051,126.369178,-2.77556821,125.285215,12.1410009,10.986328,0.171041771,0.0645760014,0.0249582711,0.156404323,2.14451216,4.60877394
8.61072493,return_center_after_down,center,0,0,11,0,54.030762,35.969238,-138.823242,55.50293,86.85791,10.568848,222.858739,230.669069,154.76015,136.7691,-3.062917,114.093452,222.772992,230.688755,154.67051,126.369178,-2.77556821,125.285215,12.110004,10.964356,0.125600722,0.0857474177,-0.0196858668,0.0896403275,1.51500886,3.30641425
8.63707829,return_center_after_down,center,0,0,12,0,54.052734,35.969238,-138.823242,55.524902,86.945801,10.59082,222.822112,230.746518,154.856805,136.696207,-3.06785952,114.216828,222.772992,230.688755,154.67051,126.369178,-2.77556821,125.285215,12.0183001,10.876465,0.201134895,0.0491200056,0.0577639109,0.186294931,3.63431773,4.90105979
8.66447687,return_center_after_down,center,0,0,13,0,54.052734,35.947266,-138.823242,55.568848,87.011719,10.612793,222.885839,230.685001,154.838537,136.617084,-3.10745638,114.274005,222.772992,230.688755,154.67051,126.369178,-2.77556821,125.285215,11.9372208,10.810547,0.202439458,0.112847555,-0.00375401283,0.168026994,3.10600078,3.30089608
8.68956494,return_center_after_down,center,0,0,14,0,54.052734,35.947266,-138.845215,55.546875,87.077637,10.634766,222.821285,230.662495,154.884669,136.587368,-3.07947812,114.34816,222.772992,230.688755,154.67051,126.369178,-2.77556821,125.285215,11.8788376,10.744629,0.221101243,0.0482935853,-0.0262599915,0.214158591,3.03394535,3.28735423
8.714674,return_center_after_down,center,0,0,15,0,54.074707,35.925293,-138.845215,55.568848,87.121582,10.656738,222.758424,230.707763,154.842063,136.555222,-3.07503513,114.3928,222.772992,230.688755,154.67051,126.369178,-2.77556821,125.285215,11.8214324,10.700684,0.173216041,-0.0145678291,0.0190086869,0.171552455,2.475122,3.520988
8.73978138,return_center_after_down,center,0,0,16,0,54.074707,35.90332,-138.845215,55.634766,87.231445,10.656738,222.864369,230.629435,154.872371,136.410712,-3.10129504,114.489935,222.772992,230.688755,154.67051,126.369178,-2.77556821,125.285215,11.6996508,10.590821,0.229382293,0.0913768232,-0.059319469,0.201860628,5.17743406,5.3847397
8.76489711,return_center_after_down,center,0,0,17,0,54.074707,35.881348,-138.823242,55.634766,87.275391,10.656738,222.900983,230.676609,154.855363,136.371843,-3.09216517,114.544988,222.772992,230.688755,154.67051,126.369178,-2.77556821,125.285215,11.6540036,10.546875,0.225166224,0.127991721,-0.0121459595,0.184852437,2.1429691,2.47218851
8.79000974,return_center_after_down,center,0,0,18,0,54.09668,35.859375,-138.823242,55.634766,87.363281,10.678711,222.813318,230.756636,154.860725,136.31726,-3.05601289,114.650366,222.772992,230.688755,154.67051,126.369178,-2.77556821,125.285215,11.5624414,10.458985,0.205951453,0.0403258852,0.0678819057,0.190215328,3.81386797,4.73153859
8.81512928,return_center_after_down,center,0,0,19,0,54.09668,35.837402,-138.823242,55.700684,87.473145,10.700684,222.918747,230.678321,154.89112,136.182452,-3.10828237,114.756661,222.772992,230.688755,154.67051,126.369178,-2.77556821,125.285215,11.4359809,10.349121,0.264617062,0.145755079,-0.0104331474,0.220610054,5.24837041,5.36654073
8.84022522,return_center_after_down,center,0,0,20,0,54.118652,35.81543,-138.823242,55.722656,87.539062,10.722656,222.859903,230.728121,154.872703,136.130722,-3.09894776,114.828798,222.772992,230.688755,154.67051,126.369178,-2.77556821,125.285215,11.3586955,10.283204,0.223573619,0.0869112508,0.0393665464,0.202192662,3.15676583,3.15819394
8.86629677,return_center_after_down,center,0,0,21,0,54.118652,35.749512,-138.823242,55.744629,87.714844,10.766602,222.877188,230.668321,154.792779,135.984652,-3.08179296,114.991299,222.772992,230.688755,154.67051,126.369178,-2.77556821,125.285215,11.1680336,10.107422,0.161938571,0.104196339,-0.0204337374,0.122268909,7.44329131,3.8856442
8.89286399,return_center_after_down,center,0,0,22,0,54.140625,35.727539,-138.823242,55.788574,87.84668,10.788574,222.864243,230.705924,154.84715,135.857712,-3.08062285,115.140025,222.772992,230.688755,154.67051,126.369178,-2.77556821,125.285215,11.0254797,9.975586,0.199558002,0.0912516836,0.0171697665,0.176640102,5.42338662,2.5355795
8.917974,return_center_after_down,center,0,0,23,0,54.162598,35.683594,-138.823242,55.810547,87.93457,10.83252,222.792288,230.736959,154.761875,135.798522,-3.07413516,115.225621,222.772992,230.688755,154.67051,126.369178,-2.77556821,125.285215,10.9181115,9.887696,0.10508863,0.0192966839,0.0482048024,0.0913649557,4.46191821,4.61220699
8.94311309,return_center_after_down,center,0,0,24,0,54.162598,35.661621,-138.823242,55.83252,88.044434,10.854492,222.829741,230.710508,154.791856,135.696404,-3.08084924,115.343061,222.772992,230.688755,154.67051,126.369178,-2.77556821,125.285215,10.8028402,9.777832,0.135715125,0.0567496824,0.0217537723,0.12134596,4.62502969,2.17922009
8.96820831,return_center_after_down,center,0,0,25,0,54.18457,35.617676,-138.823242,55.876465,88.132324,10.876465,222.790899,230.715702,154.70698,135.610562,-3.07003839,115.413354,222.772992,230.688755,154.67051,126.369178,-2.77556821,125.285215,10.6945914,9.689942,0.0487534556,0.0179069326,0.0269475934,0.036470103,4.46452299,3.72525359
8.99361801,return_center_after_down,center,0,0,26,0,54.206543,35.57373,-138.823242,55.92041,88.352051,10.92041,222.776368,230.748468,154.767095,135.417152,-3.05705154,115.657528,222.772992,230.688755,154.67051,126.369178,-2.77556821,125.285215,10.4622614,9.470215,0.113603101,0.00337588879,0.0597129774,0.0965848239,9.19227734,2.7544323
9.01873922,return_center_after_down,center,0,0,27,0,54.206543,35.529785,-138.823242,55.964355,88.461914,10.964355,222.829535,230.672883,154.706494,135.310384,-3.0929662,115.755116,222.772992,230.688755,154.67051,126.369178,-2.77556821,125.285215,10.3311921,9.360352,0.0688759224,0.0565433057,-0.0158713701,0.0359839809,5.32036076,4.39902974
9.04387355,return_center_after_down,center,0,0,28,0,54.228516,35.507812,-138.823242,56.008301,88.59375,10.986328,222.814853,230.710813,154.761164,135.182747,-3.0906012,115.903403,222.772992,230.688755,154.67051,126.369178,-2.77556821,125.285215,10.1886335,9.228516,0.102259652,0.0418616102,0.0220579903,0.090653666,5.73258946,2.71100542
9.06896639,return_center_after_down,center,0,0,29,0,54.250488,35.48584,-138.823242,56.030273,88.703613,11.030273,222.762571,230.770086,154.791344,135.101325,-3.09692535,116.039763,222.772992,230.688755,154.67051,126.369178,-2.77556821,125.285215,10.0669311,9.118653,0.146028153,-0.0104210741,0.0813309978,0.120834149,4.95342121,3.37159035
9.09405231,return_center_after_down,center,0,0,30,0,54.272461,35.397949,-138.823242,56.074219,88.967285,11.052246,222.719825,230.76585,154.718063,134.862599,-3.0096015,116.281599,222.772992,230.688755,154.67051,126.369178,-2.77556821,125.285215,9.78856598,8.854981,0.105031583,-0.0531669875,0.0770949825,0.0475527964,11.2851431,3.38608195
9.11916828,return_center_after_down,center,0,0,31,0,54.272461,35.375977,-138.823242,56.118164,89.099121,11.118164,222.792457,230.718598,154.772914,134.743327,-3.08430956,116.439282,222.772992,230.688755,154.67051,126.369178,-2.77556821,125.285215,9.63836078,8.723145,0.108425918,0.0194651104,0.0298434651,0.102404379,6.18610578,4.08312237
9.144274,return_center_after_down,center,0,0,32,0,54.294434,35.332031,-138.823242,56.184082,89.230957,11.140137,222.792763,230.707407,154.737175,134.600779,-3.0841994,116.557946,222.772992,230.688755,154.67051,126.369178,-2.77556821,125.285215,9.48468254,8.591309,0.0719929242,0.0197716758,0.0186520604,0.0666645529,6.25023058,1.49178488
9.16937876,return_center_after_down,center,0,0,33,0,54.316406,35.288086,-138.823242,56.206055,89.362793,11.184082,222.726121,230.748237,154.700702,134.501723,-3.066108,116.698092,222.772992,230.688755,154.67051,126.369178,-2.77556821,125.285215,9.33760366,8.459473,0.0815270524,-0.0468712318,0.0594826018,0.030192184,5.9361501,3.43550664
9.19471216,return_center_after_down,center,0,0,34,0,54.338379,35.200195,-138.823242,56.315918,89.67041,11.25,222.787465,230.676122,154.67756,134.192129,-3.0843735,116.995347,222.772992,230.688755,154.67051,126.369178,-2.77556821,125.285215,8.99318072,8.151856,0.0204637039,0.01447356,-0.0126325386,0.00704969565,13.6313011,3.84727673
9.21985984,return_center_after_down,center,0,0,35,0,54.360352,35.15625,-138.823242,56.337891,89.824219,11.315918,222.723352,230.721965,154.665452,134.083026,-3.08657225,117.172387,222.772992,230.688755,154.67051,126.369178,-2.77556821,125.285215,8.82157682,7.998047,0.0599380276,-0.0496393593,0.0332101939,-0.00505808032,6.98997481,3.17090768
9.2449367,return_center_after_down,center,0,0,36,0,54.360352,35.134277,-138.823242,56.381836,89.956055,11.315918,222.793957,230.675102,154.720609,133.932911,-3.08160525,117.30013,222.772992,230.688755,154.67051,126.369178,-2.77556821,125.285215,8.68537155,7.866211,0.0559982901,0.0209655586,-0.013652503,0.0500985329,5.61049621,4.03203983
9.27417374,return_center_after_down,center,0,0,37,0,54.404297,35.046387,-138.823242,56.491699,90.263672,11.381836,222.763588,230.689011,154.697996,133.63334,-3.07186008,117.606329,222.772992,230.688755,154.67051,126.369178,-2.77556821,125.285215,8.33928197,7.558594,0.0290517413,-0.00940417094,0.000256668688,0.0274863486,11.8827983,1.37966409
9.29928041,return_center_after_down,center,0,0,38,0,54.404297,35.024414,-138.823242,56.491699,90.32959,11.425781,222.756767,230.680037,154.679691,133.596408,-3.08973784,117.684234,222.772992,230.688755,154.67051,126.369178,-2.77556821,125.285215,8.26472806,7.492676,0.0205799307,-0.0162248915,-0.00871731946,0.00918121914,3.27459223,0.85623731
9.32472372,return_center_after_down,center,0,0,39,0,54.42627,34.936523,-138.823242,56.57959,90.615234,11.469727,222.776401,230.630158,154.632684,133.311858,-3.06138459,117.949068,222.772992,230.688755,154.67051,126.369178,-2.77556821,125.285215,7.95048964,7.207032,0.0698278594,0.00340965935,-0.0585961969,-0.0378257834,12.3948781,2.80213859
9.35361981,return_center_after_down,center,0,0,40,0,54.448242,34.870605,-138.823242,56.645508,90.856934,11.535645,222.771987,230.620422,154.627877,133.091028,-3.06541076,118.198664,222.772992,230.688755,154.67051,126.369178,-2.77556821,125.285215,7.6825152,6.965332,0.0805477957,-0.00100430578,-0.0683324359,-0.0426335193,9.28191643,0.405640413
9.37899017,return_center_after_down,center,0,0,41,0,54.470215,34.848633,-138.823242,56.66748,91.010742,11.557617,222.72158,230.690578,154.707113,132.958185,-3.03283554,118.378467,222.772992,230.688755,154.67051,126.369178,-2.77556821,125.285215,7.5257237,6.811524,0.0631371158,-0.0514117256,0.00182384802,0.0366033256,6.30509625,4.62048036
9.40404844,return_center_after_down,center,0,0,42,0,54.492188,34.782715,-138.80127,56.755371,91.208496,11.623535,222.786167,230.706073,154.679328,132.756912,-3.08633099,118.590765,222.772992,230.688755,154.67051,126.369178,-2.77556821,125.285215,7.29148008,6.61377,0.0234792912,0.0131751206,0.0173186718,0.00881798827,9.48472605,2.87318524
9.4339962,return_center_after_down,center,0,0,43,0,54.51416,34.716797,-138.80127,56.799316,91.450195,11.689453,222.746028,230.723066,154.674259,132.552302,-3.06718321,118.845924,222.772992,230.688755,154.67051,126.369178,-2.77556821,125.285215,7.02912191,6.372071,0.0437992795,-0.02696369,0.0343115103,0.00374920901,8.80438482,1.46526341
9.45911598,return_center_after_down,center,0,0,44,0,54.51416,34.672852,-138.80127,56.843262,91.582031,11.689453,222.795997,230.653458,154.638953,132.403557,-3.0405688,118.948939,222.772992,230.688755,154.67051,126.369178,-2.77556821,125.285215,6.88743834,6.240235,0.0526399053,0.0230056503,-0.0352970428,-0.0315565913,5.8022114,3.68935131
9.48420644,return_center_after_down,center,0,0,45,0,54.558105,34.606934,-138.80127,56.931152,91.801758,11.777344,222.729321,230.698773,154.610895,132.205617,-3.06837402,119.184869,222.772992,230.688755,154.67051,126.369178,-2.77556821,125.285215,6.62755233,6.020508,0.0745748295,-0.0436705079,0.0100188407,-0.0596147193,10.5452868,3.40212971
9.50931048,return_center_after_down,center,0,0,46,0,54.558105,34.562988,-138.80127,56.953125,91.955566,11.777344,222.748069,230.660613,154.599419,132.053633,-3.01474492,119.320601,222.772992,230.688755,154.67051,126.369178,-2.77556821,125.285215,6.47149815,5.8667,0.0804179674,-0.024922307,-0.0281412863,-0.0710914629,6.43183403,1.7542466
9.5343945,return_center_after_down,center,0,0,47,0,54.580078,34.519043,-138.779297,56.99707,92.197266,11.843262,222.764775,230.762686,154.710193,131.841967,-3.03191368,119.621087,222.772992,230.688755,154.67051,126.369178,-2.77556821,125.285215,6.2141454,5.625,0.0843100732,-0.00821628306,0.0739317758,0.0396834179,10.3645538,6.04191542
9.55950856,return_center_after_down,center,0,0,48,0,54.602051,34.475098,-138.80127,57.084961,92.351074,11.887207,222.750066,230.670658,154.675961,131.672496,-3.04756467,119.74549,222.772992,230.688755,154.67051,126.369178,-2.77556821,125.285215,6.03092442,5.471192,0.02971175,-0.0229254245,-0.0180968598,0.00545129941,7.57696754,3.9533543
9.58457613,return_center_after_down,center,0,0,49,0,54.602051,34.40918,-138.779297,57.106934,92.570801,11.931152,222.801204,230.685307,154.671009,131.479493,-3.02817532,119.981508,222.772992,230.688755,154.67051,126.369178,-2.77556821,125.285215,5.79982423,5.251465,0.0284264084,0.0282121954,-0.00344726495,0.000499086196,9.39983135,2.13122516
9.6097064,return_center_after_down,center,0,0,50,0,54.624023,34.365234,-138.779297,57.172852,92.724609,11.975098,222.795526,230.680468,154.66087,131.32375,-3.04117494,120.134865,222.772992,230.688755,154.67051,126.369178,-2.77556821,125.285215,5.62165207,5.097657,0.0258729001,0.0225347308,-0.00828619373,-0.00964011721,7.1568546,0.500901187
9.63484669,return_center_after_down,center,0,0,51,0,54.645996,34.299316,-138.779297,57.23877,92.944336,12.041016,222.779719,230.66757,154.632729,131.120287,-3.04375027,120.355667,222.772992,230.688755,154.67051,126.369178,-2.77556821,125.285215,5.37365109,4.87793,0.0438346027,0.00672698277,-0.021184356,-0.0377815188,9.88821984,1.38260043
9.65997362,return_center_after_down,center,0,0,52,0,54.667969,34.255371,-138.779297,57.282715,93.098145,12.084961,222.739978,230.689277,154.622118,130.981482,-3.03498112,120.515136,222.772992,230.688755,154.67051,126.369178,-2.77556821,125.285215,5.20116476,4.724121,0.0585831226,-0.0330132797,0.000522834437,-0.0483924815,6.88556091,1.8509603
9.68505836,return_center_after_down,center,0,0,53,0,54.689941,34.189453,-138.779297,57.32666,93.317871,12.128906,222.689736,230.70307,154.593504,130.784863,-2.99027063,120.731602,222.772992,230.688755,154.67051,126.369178,-2.77556821,125.285215,4.96338965,4.504395,0.114308453,-0.0832557455,0.0143152715,-0.0770063388,9.51508823,2.36962767
9.71019602,return_center_after_down,center,0,0,54,0,54.689941,34.145508,-138.779297,57.370605,93.47168,12.172852,222.73746,230.639609,154.582992,130.63455,-3.00556806,120.880438,222.772992,230.688755,154.67051,126.369178,-2.77556821,125.285215,4.79250802,4.350586,0.106475934,-0.0355316549,-0.0491452886,-0.0875178081,6.82690003,3.18628302
9.7352891,return_center_after_down,center,0,0,55,0,54.711914,34.101562,-138.757324,57.458496,93.691406,12.216797,222.811207,230.685026,154.670871,130.395994,-3.04019071,121.129402,222.772992,230.688755,154.67051,126.369178,-2.77556821,125.285215,4.54844645,4.13086,0.0383985989,0.0382154831,-0.00372809898,0.000361284712,9.82909348,4.91713142
9.76040578,return_center_after_down,center,0,0,56,0,54.711914,34.057617,-138.757324,57.480469,93.845215,12.260742,222.82492,230.648172,154.659751,130.262689,-3.03401724,121.284325,222.772992,230.688755,154.67051,126.369178,-2.77556821,125.285215,4.3831458,3.977051,0.0667777008,0.0519287312,-0.0405821461,-0.0107590715,6.66246515,1.62700049
9.78549194,return_center_after_down,center,0,0,57,0,54.755859,33.991699,-138.757324,57.546387,94.086914,12.304688,222.718161,230.726986,154.656272,130.038598,-2.97770074,121.530686,222.772992,230.688755,154.67051,126.369178,-2.77556821,125.285215,4.11821765,3.735352,0.0683435776,-0.05483107,0.0382318268,-0.0142381803,10.6195659,5.29158724
9.81061912,return_center_after_down,center,0,0,58,0,54.755859,33.947754,-138.757324,57.612305,94.21875,12.32666,222.794819,230.632246,154.622312,129.880558,-2.99214883,121.635367,222.772992,230.688755,154.67051,126.369178,-2.77556821,125.285215,3.96629306,3.603516,0.077412692,0.0218276309,-0.0565087911,-0.0481978832,6.18334704,5.0349179
9.83571601,return_center_after_down,center,0,0,59,0,54.777832,33.881836,-138.735352,57.678223,94.438477,12.370605,222.815716,230.680965,154.618703,129.661674,-2.98453665,121.86695,222.772992,230.688755,154.67051,126.369178,-2.77556821,125.285215,3.72240404,3.383789,0.0676024052,0.0427246533,-0.00778912158,-0.0518075166,9.74931309,2.11719168
9.86082196,return_center_after_down,center,0,0,60,0,54.777832,33.837891,-138.735352,57.700195,94.592285,12.436523,222.827424,230.644635,154.60768,129.537929,-3.0019784,122.032017,222.772992,230.688755,154.67051,126.369178,-2.77556821,125.285215,3.55244319,3.229981,0.0941113613,0.0544317894,-0.0441198929,-0.0628296401,6.94663443,1.58249133
9.88586211,return_center_after_down,center,0,0,61,0,54.799805,33.771973,-138.735352,57.766113,94.833984,12.458496,222.805881,230.638771,154.604409,129.291511,-2.94297753,122.256221,222.772992,230.688755,154.67051,126.369178,-2.77556821,125.285215,3.29370131,2.988282,0.0891595866,0.0328895937,-0.0499837547,-0.0661009135,10.4196944,0.901128931
9.91097474,return_center_after_down,center,0,0,62,0,54.821777,33.75,-138.713379,57.810059,94.96582,12.502441,222.818457,230.740094,154.684633,129.16436,-2.97545167,122.433498,222.772992,230.688755,154.67051,126.369178,-2.77556821,125.285215,3.14608299,2.856446,0.0700167937,0.0454654289,0.0513399021,0.0141230531,5.99846041,5.17062809
9.93604851,return_center_after_down,center,0,0,63,0,54.84375,33.684082,-138.735352,57.854004,95.185547,12.568359,222.718583,230.695541,154.632541,128.979491,-2.93105846,122.636228,222.772992,230.688755,154.67051,126.369178,-2.77556821,125.285215,2.9043001,2.636719,0.0666937522,-0.0544090264,0.00678601856,-0.0379692556,9.75830887,4.83112444
9.9611659,return_center_after_down,center,0,0,64,0,54.84375,33.640137,-138.735352,57.897949,95.317383,12.590332,222.75972,230.627839,154.598086,128.838141,-2.92288438,122.74653,222.772992,230.688755,154.67051,126.369178,-2.77556821,125.285215,2.75789695,2.504883,0.0955618764,-0.013271778,-0.0609154231,-0.0724240524,5.86832219,3.43937022
9.98626304,return_center_after_down,center,0,0,65,0,54.865723,33.574219,-138.713379,57.98584,95.537109,12.634277,222.808813,230.650839,154.595231,128.60018,-2.93238698,122.970214,222.772992,230.688755,154.67051,126.369178,-2.77556821,125.285215,2.5084468,2.285157,0.0915841531,0.0358209072,-0.037915737,-0.0752789253,10.0205952,2.16313063
10.0113995,return_center_after_down,center,0,0,66,0,54.887695,33.552246,-138.713379,57.98584,95.668945,12.65625,222.711667,230.74545,154.650096,128.50117,-2.87878934,123.126902,222.772992,230.688755,154.67051,126.369178,-2.77556821,125.285215,2.37711301,2.153321,0.0859757537,-0.061324425,0.0566956866,-0.0204143148,5.45897077,5.81954476
10.0400951,return_center_after_down,center,0,0,67,0,54.887695,33.486328,-138.713379,58.07373,95.910645,12.722168,222.806724,230.628764,154.647834,128.24468,-2.91089327,123.353767,222.772992,230.688755,154.67051,126.369178,-2.77556821,125.285215,2.10513647,1.911621,0.072463228,0.0337317935,-0.05999067,-0.0226760893,9.53310011,5.24543381
10.0652025,return_center_after_down,center,0,0,68,0,54.909668,33.442383,-138.691406,58.07373,96.04248,12.744141,222.734269,230.759971,154.63551,128.145418,-2.85693843,123.510275,222.772992,230.688755,154.67051,126.369178,-2.77556821,125.285215,1.96799541,1.779786,0.0882962698,-0.0387224926,0.0712163063,-0.0350005363,5.73869218,5.98982296
10.0902984,return_center_after_down,center,0,0,69,0,54.909668,33.42041,-138.691406,58.117676,96.130371,12.788086,222.787738,230.705306,154.643379,128.05122,-2.90348454,123.600929,222.772992,230.688755,154.67051,126.369178,-2.77556821,125.285215,1.86223966,1.691895,0.0350359692,0.0147466078,0.0165514909,-0.0271312521,4.377752,3.06307523
10.1154187,return_center_after_down,center,0,0,70,0,54.931641,33.376465,-138.691406,58.161621,96.262207,12.810059,222.738124,230.723532,154.609004,127.920441,-2.8692102,123.721383,222.772992,230.688755,154.67051,126.369178,-2.77556821,125.285215,1.71429002,1.560059,0.0787922348,-0.0348681981,0.0347771014,-0.0615059204,5.93249383,2.50996341
10.1405149,return_center_after_down,center,0,0,71,0,54.931641,33.33252,-138.691406,58.205566,96.459961,12.854004,222.77971,230.673115,154.647484,127.726026,-2.86624716,123.920201,222.772992,230.688755,154.67051,126.369178,-2.77556821,125.285215,1.50348259,1.362305,0.0286346835,0.00671868634,-0.0156398409,-0.0230260663,8.44337794,3.02206094
10.1656168,return_center_after_down,center,0,0,72,0,54.953613,33.288574,-138.691406,58.249512,96.569824,12.875977,222.728378,230.68594,154.588881,127.615869,-2.83724995,124.014313,222.772992,230.688755,154.67051,126.369178,-2.77556821,125.285215,1.37553075,1.252442,0.0930677911,-0.0446133949,-0.00281430545,-0.0816292743,5.17857856,3.14535946
10.1907179,return_center_after_down,center,0,0,73,0,54.953613,33.266602,-138.691406,58.271484,96.657715,12.897949,222.748259,230.658062,154.596003,127.528957,-2.83835793,124.100525,222.772992,230.688755,154.67051,126.369178,-2.77556821,125.285215,1.28008451,1.164551,0.0842914644,-0.0247331965,-0.0306930059,-0.0745067739,3.81561592,1.39331702
10.2192414,return_center_after_down,center,0,0,74,0,54.975586,33.222656,-138.691406,58.31543,96.833496,12.941895,222.69915,230.687832,154.610251,127.366233,-2.81606598,124.283837,222.772992,230.688755,154.67051,126.369178,-2.77556821,125.285215,1.08781312,0.98877,0.0953128962,-0.0738414662,-0.000922208284,-0.0602589046,6.75968687,2.07438509
10.2443523,return_center_after_down,center,0,0,75,0,54.975586,33.200684,-138.669434,58.337402,96.921387,12.963867,222.760521,230.719853,154.64079,127.275093,-2.83694156,124.392376,222.772992,230.688755,154.67051,126.369178,-2.77556821,125.285215,0.991695228,0.900879,0.0447875749,-0.0124712074,0.031098112,-0.0297204186,3.91320979,3.01296727
10.2694271,return_center_after_down,center,0,0,76,0,54.975586,33.156738,-138.669434,58.40332,97.053223,13.007812,222.830148,230.626462,154.607334,127.124935,-2.86975222,124.505498,222.772992,230.688755,154.67051,126.369178,-2.77556821,125.285215,0.835539125,0.769043,0.105538646,0.0571566717,-0.0622922009,-0.0631759643,6.37947371,4.83349181
10.294529,return_center_after_down,center,0,0,77,0,54.997559,33.156738,-138.691406,58.425293,97.119141,13.029785,222.734792,230.642479,154.657627,127.069924,-2.85204463,124.576511,222.772992,230.688755,154.67051,126.369178,-2.77556821,125.285215,0.765266899,0.703125,0.0613730367,-0.0382001916,-0.0462754788,-0.0128831306,3.15608255,4.34190527
10.3196092,return_center_after_down,center,0,0,78,0,54.997559,33.134766,-138.669434,58.40332,97.185059,13.007812,222.729592,230.722154,154.662139,127.014769,-2.79001917,124.65036,222.772992,230.688755,154.67051,126.369178,-2.77556821,125.285215,0.708597136,0.637207,0.0553995671,-0.0433993985,0.0333996605,-0.00837059857,3.15880171,3.18865073
10.3449094,return_center_after_down,center,0,0,79,0,54.997559,33.112793,-138.647461,58.425293,97.272949,13.029785,222.790309,230.754223,154.692608,126.923366,-2.81056851,124.758671,222.772992,230.688755,154.67051,126.369178,-2.77556821,125.285215,0.612876194,0.549317,0.0712342781,0.0173174107,0.0654684542,0.0220977637,3.88392995,2.96920343
10.3699868,return_center_after_down,center,0,0,80,0,54.997559,33.09082,-138.647461,58.491211,97.338867,13.051758,222.873688,230.66764,154.677175,126.821497,-2.85605423,124.804784,222.772992,230.688755,154.67051,126.369178,-2.77556821,125.285215,0.526427815,0.483399,0.10310175,0.100696109,-0.0211148442,0.00666542504,3.91847341,4.83261884
10.397186,return_center_after_down,center,0,0,81,0,55.019531,33.046875,-138.647461,58.513184,97.44873,13.095703,222.787913,230.707511,154.617756,126.73878,-2.8305694,124.916447,222.772992,230.688755,154.67051,126.369178,-2.77556821,125.285215,0.3997582,0.373536,0.0579432691,0.0149213165,0.018756577,-0.0527538394,4.77922729,4.10686047
10.4222884,return_center_after_down,center,0,0,82,0,55.019531,33.046875,-138.647461,58.491211,97.492676,13.07373,222.7565,230.745545,154.665406,126.704471,-2.77453241,124.96415,222.772992,230.688755,154.67051,126.369178,-2.77556821,125.285215,0.369637546,0.32959,0.059356545,-0.0164916887,0.0567906068,-0.00510398035,2.14412517,2.73220301
10.4475887,return_center_after_down,center,0,0,83,0,55.019531,33.024902,-138.647461,58.535156,97.580566,13.139648,222.80754,230.691379,154.673394,126.619585,-2.84316115,125.065302,222.772992,230.688755,154.67051,126.369178,-2.77556821,125.285215,0.260911634,0.2417,0.0347672383,0.0345478733,0.00262413822,0.00288430319,4.75681607,2.95855514
10.472697,return_center_after_down,center,0,0,84,0,55.019531,33.00293,-138.647461,58.535156,97.624512,13.117676,222.792099,230.679124,154.631124,126.571706,-2.78648971,125.083701,222.772992,230.688755,154.67051,126.369178,-2.77556821,125.285215,0.218625373,0.197754,0.044822572,0.0191068697,-0.00963049337,-0.0393858361,2.14358365,1.85758262
10.4978373,return_center_after_down,center,0,0,85,0,55.041504,33.00293,-138.647461,58.535156,97.646484,13.139648,222.704165,230.770263,154.655381,126.572071,-2.78097548,125.131972,222.772992,230.688755,154.67051,126.369178,-2.77556821,125.285215,0.19405813,0.175782,0.107747959,-0.068827,0.0815080734,-0.0151294648,1.51379338,5.12904396
10.5229197,return_center_after_down,center,0,0,86,0,55.041504,33.00293,-138.647461,58.579102,97.69043,13.117676,222.770477,230.728392,154.70566,126.484272,-2.78355932,125.158885,222.772992,230.688755,154.67051,126.369178,-2.77556821,125.285215,0.147397129,0.131836,0.0530378799,-0.0025151635,0.0396378611,0.0351501156,2.62808976,3.71408532
10.5479956,return_center_after_down,center,0,0,87,0,55.041504,32.980957,-138.647461,58.557129,97.734375,13.161621,222.722345,230.742819,154.6625,126.484636,-2.78082116,125.217674,222.772992,230.688755,154.67051,126.369178,-2.77556821,125.285215,0.100691626,0.087891,0.0745135458,-0.0506470899,0.0540645641,-0.00801022495,2.77092457,2.64154558
10.5730822,return_center_after_down,center,0,0,88,0,55.041504,32.980957,-138.647461,58.601074,97.77832,13.161621,222.78857,230.700958,154.712783,126.406938,-2.80781526,125.255707,222.772992,230.688755,154.67051,126.369178,-2.77556821,125.285215,0.0491331217,0.043946,0.0466759652,0.015578621,0.0122031898,0.0422733302,2.47731907,3.71093411
10.598191,return_center_after_down,center,0,0,89,0,55.041504,32.958984,-138.647461,58.601074,97.800293,13.161621,222.772509,230.683017,154.646257,126.390207,-2.78157813,125.259294,222.772992,230.688755,154.67051,126.369178,-2.77556821,125.285215,0.021973,0.021973,0.0249275776,-0.000482694813,-0.00573734009,-0.0242535371,1.23759387,2.81776096
10.6232848,return_center_after_down,center,0,0,90,0,55.041504,32.958984,-138.647461,58.601074,97.800293,13.183594,222.772509,230.683017,154.646257,126.400353,-2.80605061,125.270483,222.772992,230.688755,154.67051,126.369178,-2.77556821,125.285215,0.0310745146,0.021973,0.0249275776,-0.000482694813,-0.00573734009,-0.0242535371,0.875634833,0
10.6483784,return_center_after_down,center,0,0,91,0,55.041504,32.958984,-138.647461,58.623047,97.822266,13.161621,222.80559,230.662082,154.671404,126.351347,-2.79504545,125.278286,222.772992,230.688755,154.67051,126.369178,-2.77556821,125.285215,0.021973,0.021973,0.0421288565,0.032597913,-0.0266724196,0.000893672202,1.51665843,1.85423757
10.6734657,return_center_after_down,center,0,0,92,0,55.041504,32.958984,-138.625488,58.601074,97.822266,13.183594,222.814647,230.748336,154.693729,126.375017,-2.82027078,125.318744,222.772992,230.688755,154.67051,126.369178,-2.77556821,125.285215,0.0310745146,0.021973,0.0763165523,0.0416551567,0.0595815418,0.023218612,1.51703318,3.56974523
10.6985691,return_center_after_down,center,0,0,93,0,55.041504,32.958984,-138.647461,58.601074,97.822266,13.183594,222.772992,230.688755,154.67051,126.379325,-2.8000362,125.296408,222.772992,230.688755,154.67051,126.369178,-2.77556821,125.285215,0.021973,0.021973,0,0,0,0,0.87530218,3.04009669
10.7267978,return_center_after_down,center,0,0,94,0,55.041504,32.958984,-138.647461,58.601074,97.844238,13.183594,222.773465,230.694492,154.694763,126.358293,-2.79402175,125.322328,222.772992,230.688755,154.67051,126.369178,-2.77556821,125.285215,0.0310738075,0.021973,0.0249264432,0.000473124702,0.00573752926,0.0242525149,0.778355131,0.88301588
10.7518697,return_center_after_down,center,0,0,95,0,55.041504,32.958984,-138.647461,58.601074,97.822266,13.183594,222.772992,230.688755,154.67051,126.379325,-2.8000362,125.296408,222.772992,230.688755,154.67051,126.369178,-2.77556821,125.285215,0.021973,0.021973,0,0,0,0,0.87636101,0.994200023
10.7769537,return_center_after_down,center,0,0,96,0,55.041504,32.958984,-138.647461,58.579102,97.822266,13.161621,222.740385,230.715414,154.669621,126.387007,-2.7560881,125.292141,222.772992,230.688755,154.67051,126.369178,-2.77556821,125.285215,0.021972,0.021972,0.0421269392,-0.0326063502,0.026659222,-0.000889276407,1.23878904,1.67943341
10.8020504,return_center_after_down,center,0,0,97,0,55.041504,32.958984,-138.647461,58.623047,97.822266,13.161621,222.80559,230.662082,154.671404,126.351347,-2.79504545,125.278286,222.772992,230.688755,154.67051,126.369178,-2.77556821,125.285215,0.021973,0.021973,0.0421288565,0.032597913,-0.0266724196,0.000893672202,1.75103017,3.35725197
10.8045399,right_stick_left,left,-1,0,0,0,55.041504,32.958984,-138.647461,58.623047,97.822266,13.161621,222.80559,230.662082,154.671404,126.351347,-2.79504545,125.278286,222.772992,230.688755,154.67051,121.041639,-13.2738325,119.969656,0.021973,0.021973,0.0421288565,0.032597913,-0.0266724196,0.000893672202,0,0
10.8297694,right_stick_left,left,-1,0,1,0,55.041504,32.958984,-138.647461,58.601074,97.822266,13.161621,222.772992,230.688755,154.67051,126.369178,-2.77556821,125.285215,222.772992,230.688755,154.67051,121.041639,-13.2738325,119.969656,0,0,0,0,0,0,0.870926496,1.6698283
10.8602204,right_stick_left,left,-1,0,2,0,55.041504,32.937012,-138.647461,58.623047,97.822266,13.161621,222.789028,230.638393,154.580636,126.355646,-2.77481231,125.255957,222.772992,230.688755,154.67051,121.041639,-13.2738325,119.969656,0.0310738075,0.021973,0.104263144,0.016036016,-0.050361764,-0.0898740341,1.02045079,3.42395785
10.8853636,right_stick_left,left,-1,0,3,0,55.041504,32.958984,-138.647461,58.623047,97.822266,13.183594,222.80559,230.662082,154.671404,126.361489,-2.81951164,125.289483,222.772992,230.688755,154.67051,121.041639,-13.2738325,119.969656,0.0310745146,0.021973,0.0421288565,0.032597913,-0.0266724196,0.000893672202,1.23587585,3.78866264
10.9104874,right_stick_left,left,-1,0,4,0,55.041504,32.937012,-138.647461,58.601074,97.822266,13.161621,222.75643,230.665065,154.579741,126.373479,-2.75533826,125.262879,222.772992,230.688755,154.67051,121.041639,-13.2738325,119.969656,0.021972,0.021972,0.0952601664,-0.0165620935,-0.0236896255,-0.0907689264,1.51480758,4.14172142
10.9356005,right_stick_left,left,-1,0,5,0,55.041504,32.937012,-138.647461,58.623047,97.822266,13.161621,222.789028,230.638393,154.580636,126.355646,-2.77481231,125.255957,222.772992,230.688755,154.67051,121.041639,-13.2738325,119.969656,0.0310738075,0.021973,0.104263144,0.016036016,-0.050361764,-0.0898740341,0.874961472,1.67756457
10.9607124,right_stick_left,left,-1,0,6,0,55.063477,32.958984,-138.625488,58.623047,97.822266,13.183594,222.758746,230.807109,154.694621,126.368409,-2.81575835,125.323007,222.772992,230.688755,154.67051,121.041639,-13.2738325,119.969656,0.043946,0.021973,0.12162221,-0.0142455457,0.118354058,0.0241110639,1.7499861,8.1973413
10.9858584,right_stick_left,left,-1,0,7,0,55.063477,32.958984,-138.647461,58.64502,97.822266,13.183594,222.749712,230.720839,154.672302,126.354873,-2.81499472,125.293752,222.772992,230.688755,154.67051,121.041639,-13.2738325,119.969656,0.0538226381,0.043946,0.0396810381,-0.0232794358,0.0320849259,0.00179169969,1.23576335,3.56185111
11.0109599,right_stick_left,left,-1,0,8,0,55.063477,32.958984,-138.647461,58.688965,97.822266,13.161621,222.814877,230.667461,154.674111,126.309069,-2.82947506,125.26869,222.772992,230.688755,154.67051,121.041639,-13.2738325,119.969656,0.0905960298,0.087891,0.0471253391,0.0418857337,-0.0212935975,0.00360077865,1.95734826,3.35661421
11.0360401,right_stick_left,left,-1,0,9,0,55.085449,32.958984,-138.647461,58.710938,97.800293,13.161621,222.758504,230.720451,154.65077,126.323483,-2.8309901,125.247056,222.772992,230.688755,154.67051,121.041639,-13.2738325,119.969656,0.1203498,0.109864,0.0400525162,-0.0144877851,0.0316959617,-0.0197401658,1.5174428,3.2221644
11.0611587,right_stick_left,left,-1,0,10,0,55.107422,32.958984,-138.647461,58.776855,97.800293,13.161621,222.76771,230.72574,154.65353,126.281204,-2.86542531,125.237468,222.772992,230.688755,154.67051,121.041639,-13.2738325,119.969656,0.189015754,0.175781,0.0410382399,-0.00528178143,0.0369854218,-0.016979944,2.76619155,0.436740714
11.0862541,right_stick_left,left,-1,0,11,0,55.107422,32.958984,-138.647461,58.820801,97.77832,13.183594,222.832312,230.666514,154.631142,126.276665,-2.93485658,125.208918,222.772992,230.688755,154.67051,121.041639,-13.2738325,119.969656,0.23460435,0.219727,0.0745882258,0.0593202177,-0.0222405532,-0.0393684264,2.1447159,3.60449622
11.1113958,right_stick_left,left,-1,0,12,0,55.129395,32.958984,-138.669434,58.864746,97.77832,13.183594,222.767325,230.638789,154.60985,126.256443,-2.92954337,125.184001,222.772992,230.688755,154.67051,121.041639,-13.2738325,119.969656,0.283098265,0.263672,0.0787931032,-0.00566674906,-0.0499656309,-0.0606603396,2.14073779,2.93506173
11.1369944,right_stick_left,left,-1,0,13,0,55.151367,32.958984,-138.669434,58.930664,97.734375,13.183594,222.775417,230.632371,154.564213,126.256152,-2.97607855,125.122666,222.772992,230.688755,154.67051,121.041639,-13.2738325,119.969656,0.359708076,0.32959,0.120349503,0.00242559762,-0.0563840003,-0.106296584,3.21166282,1.82785809
11.1621389,right_stick_left,left,-1,0,14,0,55.17334,32.958984,-138.647461,58.974609,97.734375,13.205566,222.793503,230.723924,154.589302,126.237567,-3.0357885,125.153497,222.772992,230.688755,154.67051,121.041639,-13.2738325,119.969656,0.4081239,0.373535,0.0908422541,0.0205111603,0.0351696423,-0.081207781,2.31198797,3.84323261
11.1872211,right_stick_left,left,-1,0,15,0,55.195312,32.958984,-138.669434,59.040527,97.712402,13.183594,222.760448,230.663435,154.544819,126.210377,-3.03153563,125.084609,222.772992,230.688755,154.67051,121.041639,-13.2738325,119.969656,0.479386654,0.439453,0.12882783,-0.0125438354,-0.0253191388,-0.125690903,3.15856151,3.27078702
11.2174866,right_stick_left,left,-1,0,16,0,55.239258,32.958984,-138.669434,59.194336,97.668457,13.205566,222.809643,230.634785,154.503311,126.15992,-3.15646088,125.018097,222.772992,230.688755,154.67051,121.041639,-13.2738325,119.969656,0.645861928,0.593262,0.179476156,0.0366514846,-0.053969561,-0.167199419,5.52902694,2.32791059
11.2425895,right_stick_left,left,-1,0,17,0,55.26123,32.958984,-138.691406,59.260254,97.646484,13.205566,222.776439,230.573955,154.459019,126.142677,-3.1766608,124.960542,222.772992,230.688755,154.67051,121.041639,-13.2738325,119.969656,0.719416031,0.65918,0.240664544,0.00344745418,-0.114799265,-0.211491529,3.03213579,3.27639614
11.2676759,right_stick_left,left,-1,0,18,0,55.305176,32.958984,-138.691406,59.348145,97.646484,13.205566,222.729149,230.637125,154.463163,126.093708,-3.20658779,124.955351,222.772992,230.688755,154.67051,121.041639,-13.2738325,119.969656,0.813879377,0.747071,0.218130115,-0.0438423209,-0.0516294126,-0.207347538,3.91707609,3.14985433
11.2948513,right_stick_left,left,-1,0,19,0,55.349121,32.980957,-138.691406,59.47998,97.602539,13.205566,222.761827,230.65846,154.511692,126.046928,-3.30802689,124.90676,222.772992,230.688755,154.67051,121.041639,-13.2738325,119.969656,0.959025062,0.878906,0.16206665,-0.0111643304,-0.0302942289,-0.158818187,5.42387386,2.29158157
11.3199492,right_stick_left,left,-1,0,20,0,55.371094,32.980957,-138.691406,59.545898,97.580566,13.205566,222.769826,230.657117,154.490684,126.025567,-3.34859075,124.87141,222.772992,230.688755,154.67051,121.041639,-13.2738325,119.969656,1.03154544,0.944824,0.182615795,-0.00316614021,-0.0316376454,-0.179826481,2.90364715,0.897264981
11.3453786,right_stick_left,left,-1,0,21,0,55.415039,32.980957,-138.691406,59.655762,97.536621,13.227539,222.753335,230.681253,154.447683,126.010625,-3.43476969,124.818941,222.772992,230.688755,154.67051,121.041639,-13.2738325,119.969656,1.15769055,1.054688,0.223817773,-0.0196566759,-0.00750120864,-0.222826709,5.03832269,2.04469054
11.3704801,right_stick_left,left,-1,0,22,0,55.437012,32.980957,-138.713379,59.743652,97.536621,13.249512,222.752689,230.598483,154.429075,125.964287,-3.49265591,124.791748,222.772992,230.688755,154.67051,121.041639,-13.2738325,119.969656,1.24742012,1.142578,0.258557691,-0.020302378,-0.090271747,-0.241435094,3.81557054,3.37984702
11.3955576,right_stick_left,left,-1,0,23,0,55.524902,33.00293,-138.713379,59.941406,97.470703,13.249512,222.703728,230.7026,154.457279,125.907353,-3.61104423,124.719194,222.772992,230.688755,154.67051,121.041639,-13.2738325,119.969656,1.47233193,1.340332,0.224625766,-0.0692637819,0.013845641,-0.21323124,9.06334634,4.72379747
11.4206715,right_stick_left,left,-1,0,24,0,55.546875,33.00293,-138.713379,60.05127,97.44873,13.271484,222.775656,230.64639,154.438919,125.860026,-3.71495169,124.681371,222.772992,230.688755,154.67051,121.041639,-13.2738325,119.969656,1.58629876,1.450196,0.235449403,0.00266417153,-0.042364736,-0.231591349,4.62968391,3.70770381
11.4457707,right_stick_left,left,-1,0,25,0,55.59082,33.024902,-138.735352,60.161133,97.426758,13.293457,222.734154,230.639202,154.488199,125.823919,-3.7950363,124.654873,222.772992,230.688755,154.67051,121.041639,-13.2738325,119.969656,1.70921311,1.560059,0.192875674,-0.0388377262,-0.0495521435,-0.182310838,5.02894308,2.58285258
11.4756706,right_stick_left,left,-1,0,26,0,55.656738,33.046875,-138.735352,60.402832,97.36084,13.293457,222.836509,230.601949,154.519612,125.719939,-3.97632372,124.557212,222.772992,230.688755,154.67051,121.041639,-13.2738325,119.969656,1.96738128,1.801758,0.185310311,0.0635170159,-0.086805195,-0.150898502,8.69515873,3.79140313
11.5007668,right_stick_left,left,-1,0,27,0,55.700684,33.046875,-138.757324,60.490723,97.316895,13.31543,222.745513,230.591646,154.453194,125.726291,-4.022868,124.490147,222.772992,230.688755,154.67051,121.041639,-13.2738325,119.969656,2.07464295,1.889649,0.239606683,-0.0274785316,-0.0971086472,-0.217315907,4.46440023,4.50772133
11.525851,right_stick_left,left,-1,0,28,0,55.744629,33.068848,-138.757324,60.622559,97.294922,13.31543,222.776467,230.616386,154.527199,125.658669,-4.11851168,124.467332,222.772992,230.688755,154.67051,121.041639,-13.2738325,119.969656,2.21510163,2.021485,0.160584655,0.00347491116,-0.0723683456,-0.143311475,5.67683366,3.3465429
11.5530021,right_stick_left,left,-1,0,29,0,55.854492,33.09082,-138.757324,60.908203,97.229004,13.31543,222.764057,230.693244,154.562269,125.541554,-4.29138124,124.378524,222.772992,230.688755,154.67051,121.041639,-13.2738325,119.969656,2.5276197,2.307129,0.108702253,-0.00893490431,0.00448912763,-0.108241374,11.5587064,3.14489102
11.5781033,right_stick_left,left,-1,0,30,0,55.898438,33.09082,-138.757324,61.040039,97.185059,13.337402,222.777216,230.687347,154.522031,125.508212,-4.39737808,124.319596,222.772992,230.688755,154.67051,121.041639,-13.2738325,119.969656,2.6738116,2.438965,0.148546129,0.00422448881,-0.00140715939,-0.148479379,5.87211838,1.70286007
11.6031985,right_stick_left,left,-1,0,31,0,55.942383,33.112793,-138.779297,61.171875,97.163086,13.359375,222.766159,230.650581,154.573638,125.45391,-4.49702547,124.286388,222.772992,230.688755,154.67051,121.041639,-13.2738325,119.969656,2.81695999,2.570801,0.104346149,-0.00683274318,-0.0381739075,-0.0968720041,5.80788919,2.56313499
11.628279,right_stick_left,left,-1,0,32,0,55.986328,33.112793,-138.779297,61.303711,97.097168,13.359375,222.778129,230.638219,154.509507,125.431694,-4.58506935,124.190533,222.772992,230.688755,154.67051,121.041639,-13.2738325,119.969656,2.96695986,2.702637,0.168825573,0.00513721743,-0.0505352073,-0.16100272,6.13260998,2.64744229
11.653357,right_stick_left,left,-1,0,33,0,56.096191,33.134766,-138.779297,61.633301,97.03125,13.381348,222.826177,230.656505,154.549262,125.288271,-4.82157075,124.099406,222.772992,230.688755,154.67051,121.041639,-13.2738325,119.969656,3.32099858,3.032227,0.136271316,0.0531851362,-0.0322494608,-0.121248444,14.1549728,2.59140826
11.6784441,right_stick_left,left,-1,0,34,0,56.140137,33.156738,-138.80127,61.765137,96.987305,13.40332,222.81336,230.612468,154.577326,125.25462,-4.927771,124.040726,222.772992,230.688755,154.67051,121.041639,-13.2738325,119.969656,3.46938485,3.164063,0.127013409,0.0403683753,-0.0762863129,-0.0931836831,6.00455436,2.14330572
11.7035584,right_stick_left,left,-1,0,35,0,56.206055,33.156738,-138.80127,61.940918,96.943359,13.40332,222.799619,230.634442,154.541235,125.186926,-5.02467152,123.968207,222.772992,230.688755,154.67051,121.041639,-13.2738325,119.969656,3.66120154,3.339844,0.142726474,0.0266273341,-0.0543128435,-0.129274694,7.6772688,1.76919498
11.7286506,right_stick_left,left,-1,0,36,0,56.25,33.178711,-138.80127,62.072754,96.921387,13.40332,222.82757,230.656231,154.6168,125.119587,-5.12076784,123.945191,222.772992,230.688755,154.67051,121.041639,-13.2738325,119.969656,3.80196833,3.47168,0.0831944869,0.054577825,-0.0325233244,-0.0537104928,5.6750475,3.32623626
11.7537482,right_stick_left,left,-1,0,37,0,56.359863,33.200684,-138.823242,62.402344,96.833496,13.447266,222.83056,230.603859,154.611604,125.00947,-5.36788064,123.818728,222.772992,230.688755,154.67051,121.041639,-13.2738325,119.969656,4.1636884,3.80127,0.11828418,0.0575678158,-0.0848951917,-0.0589058592,14.4389272,2.10035138
11.7788486,right_stick_left,left,-1,0,38,0,56.403809,33.200684,-138.823242,62.556152,96.789551,13.447266,222.872189,230.566649,154.574844,124.948209,-5.46917784,123.741876,222.772992,230.688755,154.67051,121.041639,-13.2738325,119.969656,4.32850183,3.955078,0.184124712,0.0991975508,-0.122105556,-0.095666026,6.60901841,2.66330675
11.8039312,right_stick_left,left,-1,0,39,0,56.469727,33.222656,-138.823242,62.709961,96.745605,13.469238,222.841008,230.638621,154.62855,124.904547,-5.59227447,123.709263,222.772992,230.688755,154.67051,121.041639,-13.2738325,119.969656,4.50300148,4.108887,0.0943410971,0.0680159203,-0.0501338297,-0.0419604135,7.0081135,3.78990366
11.829035,right_stick_left,left,-1,0,40,0,56.513672,33.222656,-138.823242,62.86377,96.70166,13.469238,222.881911,230.600662,154.592207,124.843243,-5.69367038,123.63247,222.772992,230.688755,154.67051,121.041639,-13.2738325,119.969656,4.66783287,4.262696,0.160483722,0.108919152,-0.0880920788,-0.0783034414,6.60816604,2.65273241
11.8551843,right_stick_left,left,-1,0,41,0,56.645508,33.244629,-138.845215,63.193359,96.635742,13.491211,222.793519,230.635306,154.613537,124.713917,-5.88670262,123.532029,222.772992,230.688755,154.67051,121.041639,-13.2738325,119.969656,5.02981897,4.592285,0.0807719586,0.0205276445,-0.0534490198,-0.0569730409,13.8836437,3.72112085
11.8802931,right_stick_left,left,-1,0,42,0,56.689453,33.244629,-138.845215,63.347168,96.591797,13.513184,222.833335,230.596139,154.577877,124.66168,-6.01259634,123.466895,222.772992,230.688755,154.67051,121.041639,-13.2738325,119.969656,5.19610377,4.746094,0.144221701,0.0603437279,-0.092615973,-0.0926326887,6.66455283,2.63909234
11.905371,right_stick_left,left,-1,0,43,0,56.733398,33.266602,-138.845215,63.522949,96.547852,13.513184,222.919754,230.552359,154.634439,124.579338,-6.15433741,123.404319,222.772992,230.688755,154.67051,121.041639,-13.2738325,119.969656,5.38226921,4.921875,0.203577976,0.146762022,-0.136395742,-0.0360708019,7.48606212,4.47321951
11.9339848,right_stick_left,left,-1,0,44,0,56.843262,33.288574,-138.867188,63.808594,96.459961,13.535156,222.853813,230.549039,154.629624,124.494963,-6.33928624,123.281228,222.772992,230.688755,154.67051,121.041639,-13.2738325,119.969656,5.70235997,5.20752,0.166505242,0.0808211802,-0.139715061,-0.0408856242,11.2072146,2.31355662
11.9590714,right_stick_left,left,-1,0,45,0,56.90918,33.288574,-138.867188,63.984375,96.416016,13.535156,222.834731,230.56525,154.596769,124.426928,-6.43685203,123.209299,222.772992,230.688755,154.67051,121.041639,-13.2738325,119.969656,5.89424467,5.383301,0.156533784,0.0617393494,-0.123504441,-0.073740973,7.68572346,1.64662477
11.984139,right_stick_left,left,-1,0,46,0,56.975098,33.310547,-138.867188,64.204102,96.350098,13.557129,222.891837,230.541991,154.634033,124.349883,-6.62521606,123.130517,222.772992,230.688755,154.67051,121.041639,-13.2738325,119.969656,6.13419027,5.603028,0.192339122,0.118845102,-0.146763733,-0.0364771982,9.60200329,2.87407899
12.0092371,right_stick_left,left,-1,0,47,0,57.041016,33.310547,-138.867188,64.335938,96.306152,13.579102,222.809978,230.614501,154.597728,124.326798,-6.70883927,123.084251,222.772992,230.688755,154.67051,121.041639,-13.2738325,119.969656,6.28740661,5.734864,0.110357866,0.0369863882,-0.0742538185,-0.0727821136,6.19053004,4.59095015
12.0343256,right_stick_left,left,-1,0,48,0,57.084961,33.33252,-138.867188,64.489746,96.28418,13.579102,222.863721,230.602769,154.67782,124.241838,-6.82487612,123.053946,222.772992,230.688755,154.67051,121.041639,-13.2738325,119.969656,6.44825422,5.888672,0.125214881,0.0907292501,-0.0859856326,0.00731031223,6.4951104,3.8728189
12.0634899,right_stick_left,left,-1,0,49,0,57.194824,33.33252,-138.867188,64.841309,96.196289,13.579102,222.909789,230.545534,154.614469,124.094069,-7.0437811,122.898805,222.772992,230.688755,154.67051,121.041639,-13.2738325,119.969656,6.82519015,6.240235,0.205830864,0.13679773,-0.143220504,-0.056041171,12.9840313,3.32643245
12.0886252,right_stick_left,left,-1,0,50,0,57.260742,33.354492,-138.867188,64.995117,96.152344,13.623047,222.872898,230.612149,154.670986,124.059142,-7.19239371,122.878016,222.772992,230.688755,154.67051,121.041639,-13.2738325,119.969656,7.00107586,6.394043,0.125896712,0.0999063363,-0.076605999,0.000476427505,7.15540956,3.77278012
12.1137567,right_stick_left,left,-1,0,51,0,57.304688,33.354492,-138.88916,65.126953,96.108398,13.601074,222.838288,230.535994,154.612963,124.009079,-7.22958798,122.776517,222.772992,230.688755,154.67051,121.041639,-13.2738325,119.969656,7.14523659,6.525879,0.175815355,0.0652965643,-0.152760538,-0.0575466393,5.92986624,4.05085285
12.1412699,right_stick_left,left,-1,0,52,0,57.414551,33.376465,-138.88916,65.456543,96.04248,13.623047,222.867065,230.534593,154.663418,123.864806,-7.46821749,122.686155,222.772992,230.688755,154.67051,121.041639,-13.2738325,119.969656,7.4994712,6.855469,0.180737085,0.0940728565,-0.154161912,-0.00709200179,12.9021119,2.11173967
12.1663926,right_stick_left,left,-1,0,53,0,57.458496,33.376465,-138.867188,65.610352,95.976562,13.666992,222.939882,230.545651,154.629244,123.838759,-7.64725769,122.628566,222.772992,230.688755,154.67051,121.041639,-13.2738325,119.969656,7.67179391,7.009278,0.223682506,0.166890107,-0.1431038,-0.041265702,7.15904263,3.2319077
12.1915112,right_stick_left,left,-1,0,54,0,57.524414,33.376465,-138.867188,65.786133,95.95459,13.64502,222.916892,230.562953,154.623335,123.741157,-7.71403621,122.570587,222.772992,230.688755,154.67051,121.041639,-13.2738325,119.969656,7.85712247,7.185059,0.196872853,0.143900586,-0.125801645,-0.0471750756,7.57560109,1.16939345
12.2166433,right_stick_left,left,-1,0,55,0,57.568359,33.398438,-138.88916,65.939941,95.910645,13.666992,222.92674,230.480123,154.658439,123.68794,-7.84052062,122.506164,222.772992,230.688755,154.67051,121.041639,-13.2738325,119.969656,8.02528491,7.338867,0.259443725,0.153747876,-0.208631104,-0.012070594,6.77214016,3.600909
12.241709,right_stick_left,left,-1,0,56,0,57.678223,33.398438,-138.867188,66.225586,95.822754,13.688965,222.913438,230.564827,154.614909,123.600263,-8.04834602,122.404775,222.772992,230.688755,154.67051,121.041639,-13.2738325,119.969656,8.34284184,7.624512,0.195383521,0.140446737,-0.123927375,-0.0556007227,12.7635755,3.83627619
12.2668562,right_stick_left,left,-1,0,57,0,57.744141,33.42041,-138.88916,66.379395,95.778809,13.688965,222.833888,230.566344,154.650577,123.549977,-8.12757393,122.340482,222.772992,230.688755,154.67051,121.041639,-13.2738325,119.969656,8.51655241,7.778321,0.138166164,0.0608958079,-0.122410291,-0.0199326416,6.99009741,3.46736033
12.2919707,right_stick_left,left,-1,0,58,0,57.788086,33.42041,-138.867188,66.533203,95.734863,13.710938,222.905137,230.581479,154.641705,123.494483,-8.27560005,122.296422,222.772992,230.688755,154.67051,121.041639,-13.2738325,119.969656,8.68231406,7.932129,0.172627223,0.132145437,-0.107275292,-0.0288054362,6.72019937,2.92172702
12.3171043,right_stick_left,left,-1,0,59,0,57.854004,33.42041,-138.867188,66.708984,95.690918,13.73291,222.878578,230.590303,154.613018,123.434566,-8.39845437,122.236916,222.772992,230.688755,154.67051,121.041639,-13.2738325,119.969656,8.87572927,8.10791,0.155390945,0.105586156,-0.0984511361,-0.0574915935,7.72101129,1.5945535
12.3421905,right_stick_left,left,-1,0,60,0,57.963867,33.442383,-138.88916,66.994629,95.625,13.73291,222.800091,230.578185,154.640246,123.319651,-8.55396401,122.129001,222.772992,230.688755,154.67051,121.041639,-13.2738325,119.969656,9.18903766,8.393555,0.117796361,0.0270993068,-0.110569878,-0.0302640426,12.540812,3.34665285
12.3727241,right_stick_left,left,-1,0,61,0,58.029785,33.464355,-138.867188,67.258301,95.559082,13.754883,222.944971,230.547803,154.710361,123.204041,-8.80359409,122.056413,222.772992,230.688755,154.67051,121.041639,-13.2738325,119.969656,9.46863475,8.657227,0.22590302,0.1719789,-0.14095164,0.0398505666,9.24373077,5.36446704
12.3978508,right_stick_left,left,-1,0,62,0,58.095703,33.464355,-138.88916,67.390137,95.515137,13.776855,222.817962,230.551906,154.655174,123.181922,-8.86694299,121.99126,222.772992,230.688755,154.67051,121.041639,-13.2738325,119.969656,9.62241837,8.789063,0.144862253,0.04497061,-0.136848506,-0.0153363358,6.24498934,5.51368704
12.422945,right_stick_left,left,-1,0,63,0,58.139648,33.464355,-138.88916,67.543945,95.471191,13.776855,222.847691,230.502689,154.625167,123.119751,-8.96948282,121.915494,222.772992,230.688755,154.67051,121.041639,-13.2738325,119.969656,9.78740633,8.942871,0.205563662,0.0746991022,-0.18606573,-0.045343218,6.610651,2.58456519
12.4494677,right_stick_left,left,-1,0,64,0,58.249512,33.486328,-138.867188,67.873535,95.383301,13.798828,222.90111,230.545687,154.680239,122.993839,-9.23833041,121.820273,222.772992,230.688755,154.67051,121.041639,-13.2738325,119.969656,10.1464675,9.272461,0.192294589,0.128118593,-0.143067074,0.00972869266,13.5875847,3.31608665
12.4745793,right_stick_left,left,-1,0,65,0,58.293457,33.486328,-138.867188,68.027344,95.339355,13.820801,222.929592,230.495376,154.650835,122.939824,-9.36533057,121.756385,222.772992,230.688755,154.67051,121.041639,-13.2738325,119.969656,10.3128804,9.42627,0.24961215,0.156600552,-0.193378817,-0.0196755158,6.66380398,2.5829487
12.4996936,right_stick_left,left,-1,0,66,0,58.359375,33.486328,-138.867188,68.181152,95.317383,13.842773,222.870492,230.536209,154.645801,122.876965,-9.46219013,121.729352,222.772992,230.688755,154.67051,121.041639,-13.2738325,119.969656,10.48098,9.580078,0.182721468,0.0975005324,-0.152545849,-0.0247092041,6.77696707,2.86730246
12.5247898,right_stick_left,left,-1,0,67,0,58.425293,33.486328,-138.867188,68.312988,95.251465,13.842773,222.779064,230.594613,154.589885,122.86511,-9.53042911,121.647691,222.772992,230.688755,154.67051,121.041639,-13.2738325,119.969656,10.6381699,9.711914,0.124096207,0.00607252747,-0.0941413366,-0.0806250691,6.43386672,4.86337989
12.5499318,right_stick_left,left,-1,0,68,0,58.513184,33.508301,-138.867188,68.642578,95.185547,13.864746,222.879287,230.492154,154.648815,122.708354,-9.79364807,121.545885,222.772992,230.688755,154.67051,121.041639,-13.2738325,119.969656,10.9854934,10.041504,0.224546402,0.106295384,-0.196600353,-0.0216951408,13.87344,6.16373754
12.5750163,right_stick_left,left,-1,0,69,0,58.579102,33.508301,-138.845215,68.774414,95.141602,13.864746,222.826336,230.61828,154.639747,122.67452,-9.87636765,121.508832,222.772992,230.688755,154.67051,121.041639,-13.2738325,119.969656,11.1369945,10.17334,0.0935877108,0.0533442454,-0.070474785,-0.0307628959,6.19387257,5.46513438
12.6001194,right_stick_left,left,-1,0,70,0,58.623047,33.530273,-138.845215,68.950195,95.097656,13.886719,222.896945,230.560374,154.703699,122.600628,-10.0443356,121.457588,222.772992,230.688755,154.67051,121.041639,-13.2738325,119.969656,11.3245971,10.349121,0.181513973,0.123953112,-0.128380191,0.0331884744,7.52958054,4.4410007
12.6252179,right_stick_left,left,-1,0,71,0,58.688965,33.530273,-138.845215,69.104004,95.053711,13.886719,222.8343,230.593085,154.675665,122.550098,-10.1245913,121.393948,222.772992,230.688755,154.67051,121.041639,-13.2738325,119.969656,11.4965931,10.50293,0.113744882,0.0613083965,-0.0956692441,0.00515503471,6.89334952,3.02917314
12.6503026,right_stick_left,left,-1,0,72,0,58.798828,33.530273,-138.845215,69.389648,94.987793,13.908691,222.768403,230.608327,154.641407,122.442719,-10.3056873,121.29875,222.772992,230.688755,154.67051,121.041639,-13.2738325,119.969656,11.8096842,10.788574,0.085654714,-0.00458836343,-0.0804279999,-0.0291035014,12.5108635,3.02246435
12.6753898,right_stick_left,left,-1,0,73,0,58.842773,33.530273,-138.845215,69.56543,94.943848,13.908691,222.822246,230.524148,154.616964,122.362077,-10.4277568,121.216239,222.772992,230.688755,154.67051,121.041639,-13.2738325,119.969656,11.9948168,10.964356,0.179968436,0.0492546388,-0.164606923,-0.0535460493,7.43189112,4.10058082
12.7004902,right_stick_left,left,-1,0,74,0,58.930664,33.552246,-138.80127,69.785156,94.87793,13.930664,222.846247,230.693901,154.707976,122.293642,-10.6399477,121.188357,222.772992,230.688755,154.67051,121.041639,-13.2738325,119.969656,12.2411362,11.184082,0.0824415037,0.0732556926,0.00514623023,0.0374662695,10.0192627,7.73298624
12.7256,right_stick_left,left,-1,0,75,0,58.974609,33.552246,-138.823242,69.916992,94.833984,13.952637,222.803043,230.60692,154.655868,122.258288,-10.7265814,121.112766,222.772992,230.688755,154.67051,121.041639,-13.2738325,119.969656,12.3878049,11.315918,0.088398739,0.0300507655,-0.0818346617,-0.014641608,5.9349782,4.38936853
12.7507243,right_stick_left,left,-1,0,76,0,59.040527,33.552246,-138.823242,70.048828,94.790039,13.952637,222.708977,230.66796,154.625987,122.225839,-10.7881809,121.056475,222.772992,230.688755,154.67051,121.041639,-13.2738325,119.969656,12.5397856,11.447754,0.0807006921,-0.064014531,-0.0207948094,-0.0445232235,6.12190196,4.61893809
12.7782168,right_stick_left,left,-1,0,77,0,59.150391,33.552246,-138.80127,70.378418,94.724121,13.974609,222.734056,230.680943,154.622182,122.080698,-11.0296807,120.966574,222.772992,230.688755,154.67051,121.041639,-13.2738325,119.969656,12.892783,11.777344,0.0625507583,-0.0389359355,-0.00781196455,-0.0483276681,12.911853,1.03646297
12.8033156,right_stick_left,left,-1,0,78,0,59.194336,33.574219,-138.80127,70.510254,94.680176,13.996582,222.742222,230.680496,154.681846,122.043009,-11.1601624,120.929436,222.772992,230.688755,154.67051,121.041639,-13.2738325,119.969656,13.0401934,11.90918,0.033815343,-0.0307696942,-0.0082580623,0.0113361257,5.93756569,2.39938611
12.8284099,right_stick_left,left,-1,0,79,0,59.238281,33.574219,-138.779297,70.64209,94.63623,13.996582,222.772841,230.718082,154.674518,121.997666,-11.266414,120.88028,222.772992,230.688755,154.67051,121.041639,-13.2738325,119.969656,13.1849491,12.041016,0.0296000512,-0.000151187824,0.0293270375,0.00400812228,5.87374225,1.9537883
12.8535111,right_stick_left,left,-1,0,80,0,59.282227,33.574219,-138.80127,70.817871,94.592285,14.018555,222.78546,230.567632,154.629902,121.925352,-11.391157,120.790935,222.772992,230.688755,154.67051,121.041639,-13.2738325,119.969656,13.3717293,12.216797,0.128355231,0.012468129,-0.121122264,-0.0406079821,7.53015731,6.27189537
12.8786819,right_stick_left,left,-1,0,81,0,59.370117,33.596191,-138.779297,71.037598,94.526367,14.018555,222.766284,230.670974,154.700651,121.850731,-11.5582299,120.731509,222.772992,230.688755,154.67051,121.041639,-13.2738325,119.969656,13.6170745,12.436524,0.0356311808,-0.00670733585,-0.0177804139,0.0301404972,9.83756484,5.03356175
12.9037771,right_stick_left,left,-1,0,82,0,59.414062,33.574219,-138.757324,71.191406,94.504395,14.040527,222.810792,230.657935,154.632267,121.775192,-11.6782501,120.692979,222.772992,230.688755,154.67051,121.041639,-13.2738325,119.969656,13.777048,12.590332,0.061977337,0.0378000427,-0.0308193399,-0.0382428472,6.61038394,3.29253422
12.9288597,right_stick_left,left,-1,0,83,0,59.47998,33.596191,-138.757324,71.323242,94.460449,14.040527,222.72851,230.741471,154.692636,121.741964,-11.7623605,120.655762,222.772992,230.688755,154.67051,121.041639,-13.2738325,119.969656,13.9300402,12.722168,0.0724377277,-0.0444819959,0.0527163002,0.0221261865,6.19434921,5.25792476
12.953979,right_stick_left,left,-1,0,84,0,59.523926,33.596191,-138.757324,71.411133,94.438477,14.040527,222.66416,230.782424,154.681716,121.713532,-11.801227,120.626635,222.772992,230.688755,154.67051,121.041639,-13.2738325,119.969656,14.0296231,12.810059,0.144027899,-0.108832118,0.0936697759,0.0112062054,4.00854427,3.06753476
12.9790556,right_stick_left,left,-1,0,85,0,59.589844,33.596191,-138.735352,71.630859,94.372559,14.084473,222.716202,230.773835,154.664414,121.642803,-12.0177228,120.560292,222.772992,230.688755,154.67051,121.041639,-13.2738325,119.969656,14.2698488,13.029785,0.10247437,-0.0567897449,0.0850808695,-0.00609647386,9.7177389,2.21368704
13.0041585,right_stick_left,left,-1,0,86,0,59.633789,33.596191,-138.757324,71.740723,94.350586,14.084473,222.642639,230.71995,154.635316,121.59676,-12.0535772,120.505385,222.772992,230.688755,154.67051,121.041639,-13.2738325,119.969656,14.3896413,13.139649,0.138577302,-0.130352854,0.031195615,-0.0351942597,4.87351162,3.81301122
13.0292511,right_stick_left,left,-1,0,87,0,59.655762,33.596191,-138.735352,71.872559,94.306641,14.084473,222.758521,230.670108,154.629083,121.539526,-12.1826541,120.44404,222.772992,230.688755,154.67051,121.041639,-13.2738325,119.969656,14.5275161,13.271485,0.047679288,-0.0144706678,-0.0186463118,-0.0414273984,5.67493965,5.03336566
13.0571492,right_stick_left,left,-1,0,88,0,59.743652,33.618164,-138.713379,72.04834,94.262695,14.084473,222.679683,230.838917,154.718611,121.481492,-12.3048057,120.423134,222.772992,230.688755,154.67051,121.041639,-13.2738325,119.969656,14.7275328,13.447266,0.18321785,-0.0933083153,0.150161942,0.048101249,7.30393698,7.40929504
13.0822589,right_stick_left,left,-1,0,89,0,59.765625,33.618164,-138.735352,72.158203,94.21875,14.106445,222.692504,230.692883,154.665751,121.450996,-12.3951433,120.343787,222.772992,230.688755,154.67051,121.041639,-13.2738325,119.969656,14.8469973,13.557129,0.0807341427,-0.080487928,0.00412892476,-0.00475890851,4.95009594,6.20610627
13.1073527,right_stick_left,left,-1,0,90,0,59.80957,33.618164,-138.713379,72.246094,94.196777,14.128418,222.663892,230.796278,154.677101,121.429342,-12.4805846,120.345384,222.772992,230.688755,154.67051,121.041639,-13.2738325,119.969656,14.9478679,13.64502,0.153321156,-0.109099563,0.107523091,0.00659142951,4.19934728,4.29901832
13.132453,right_stick_left,left,-1,0,91,0,59.831543,33.618164,-138.713379,72.312012,94.174805,14.106445,222.658481,230.781937,154.66334,121.399751,-12.4987301,120.299354,222.772992,230.688755,154.67051,121.041639,-13.2738325,119.969656,15.0189821,13.710938,0.147807749,-0.11451102,0.0931823287,-0.00717011291,3.03246411,0.820672232
13.1588266,right_stick_left,left,-1,0,92,0,59.875488,33.618164,-138.713379,72.509766,94.130859,14.128418,222.731794,230.659131,154.64642,121.307675,-12.6646787,120.222095,222.772992,230.688755,154.67051,121.041639,-13.2738325,119.969656,15.2256087,13.908692,0.0561706397,-0.0411975914,-0.0296239265,-0.0240898776,7.90377226,5.4608578
13.1839125,right_stick_left,left,-1,0,93,0,59.897461,33.618164,-138.691406,72.597656,94.108887,14.128418,222.791017,230.676761,154.657951,121.266681,-12.7481898,120.199438,222.772992,230.688755,154.67051,121.041639,-13.2738325,119.969656,15.3181251,13.996582,0.0250298635,0.0180257526,-0.0119933418,-0.0125589036,3.81791852,2.50573225
13.2090373,right_stick_left,left,-1,0,94,0,59.919434,33.618164,-138.691406,72.641602,94.086914,14.150391,222.757151,230.693469,154.640843,121.269851,-12.7960004,120.184788,222.772992,230.688755,154.67051,121.041639,-13.2738325,119.969656,15.3719744,14.040528,0.0339600314,-0.0158404828,0.00471486747,-0.0296670332,2.31385407,1.65008763
13.2365217,right_stick_left,left,-1,0,95,0,59.985352,33.618164,-138.691406,72.751465,94.064941,14.150391,222.630366,230.786791,154.634364,121.235257,-12.8318635,120.160758,222.772992,230.688755,154.67051,121.041639,-13.2738325,119.969656,15.4986066,14.150391,0.176804811,-0.14262605,0.0980367384,-0.0361462192,4.72965549,5.73274664
13.2616246,right_stick_left,left,-1,0,96,0,59.985352,33.640137,-138.691406,72.817383,94.042969,14.172363,222.727321,230.711599,154.709523,121.207622,-12.9430098,120.145219,222.772992,230.688755,154.67051,121.041639,-13.2738325,119.969656,15.5664916,14.216309,0.0642620455,-0.0456704553,0.0228439805,0.0390124667,3.03213579,5.73185622
13.2645063,return_center_after_left,center,0,0,0,0,59.985352,33.640137,-138.691406,72.817383,94.042969,14.172363,222.727321,230.711599,154.709523,121.207622,-12.9430098,120.145219,222.772992,230.688755,154.67051,126.369178,-2.77556821,125.285215,15.5664916,14.216309,0.0642620455,-0.0456704553,0.0228439805,0.0390124667,0,0
13.2904522,return_center_after_left,center,0,0,1,0,60.007324,33.640137,-138.669434,72.927246,94.020996,14.172363,222.813901,230.697473,154.724775,121.14841,-13.0455139,120.115281,222.772992,230.688755,154.67051,126.369178,-2.77556821,125.285215,15.6791032,14.326172,0.0685149391,0.0409092905,0.00871805343,0.0542652962,4.481167,3.43178211
13.3200607,return_center_after_left,center,0,0,2,0,60.05127,33.640137,-138.691406,72.971191,93.999023,14.172363,222.654582,230.735737,154.686181,121.15684,-13.0247304,120.082358,222.772992,230.688755,154.67051,126.369178,-2.77556821,125.285215,15.7385738,14.370117,0.128350304,-0.11840982,0.0469822243,0.0156711719,2.34675199,5.68531877
13.3451569,return_center_after_left,center,0,0,3,0,60.05127,33.640137,-138.669434,73.015137,93.999023,14.172363,222.747132,230.736473,154.714921,121.119981,-13.0847467,120.086304,222.772992,230.688755,154.67051,126.369178,-2.77556821,125.285215,15.778663,14.414063,0.0701291887,-0.0258599504,0.047718248,0.044410977,1.95777518,3.86163636
13.3715,return_center_after_left,center,0,0,4,0,60.073242,33.618164,-138.669434,73.103027,93.977051,14.172363,222.754307,230.664883,154.616523,121.079683,-13.1239673,120.026936,222.772992,230.688755,154.67051,126.369178,-2.77556821,125.285215,15.8703279,14.501953,0.0619157945,-0.0186850739,-0.0238714297,-0.0539869286,3.63570598,4.62725607
13.3966489,return_center_after_left,center,0,0,5,0,60.095215,33.640137,-138.669434,73.146973,93.955078,14.194336,222.734457,230.706323,154.688189,121.082444,-13.1940682,120.030636,222.772992,230.688755,154.67051,126.369178,-2.77556821,125.285215,15.9251144,14.545899,0.0458923812,-0.0385347026,0.0175683946,0.0176787687,2.47124554,3.38507145
13.4217386,return_center_after_left,center,0,0,6,0,60.095215,33.640137,-138.647461,73.146973,93.955078,14.194336,222.771097,230.77003,154.709757,121.08216,-13.2162832,120.048896,222.772992,230.688755,154.67051,126.369178,-2.77556821,125.285215,15.9250992,14.545899,0.0902754922,-0.00189425076,0.0812757807,0.0392469588,0.875776287,3.05272345
13.446871,return_center_after_left,center,0,0,7,0,60.117188,33.640137,-138.669434,73.212891,93.933105,14.194336,222.728007,230.691154,154.674877,121.060099,-13.2366081,119.996751,222.772992,230.688755,154.67051,126.369178,-2.77556821,125.285215,15.9976339,14.611817,0.0452597402,-0.0449846015,0.00239934237,0.0043672497,3.02859199,3.83607662
13.4719627,return_center_after_left,center,0,0,8,0,60.117188,33.640137,-138.647461,73.212891,93.933105,14.194336,222.764626,230.75488,154.696428,121.059834,-13.2588292,120.014992,222.772992,230.688755,154.67051,126.369178,-2.77556821,125.285215,15.9976188,14.611817,0.071514049,-0.00836603906,0.0661252046,0.0259176756,0.875709715,3.05248747
13.4970825,return_center_after_left,center,0,0,9,0,60.117188,33.618164,-138.669434,73.234863,93.933105,14.194336,222.741447,230.634548,154.589923,121.042078,-13.2332852,119.97133,222.772992,230.688755,154.67051,126.369178,-2.77556821,125.285215,16.0167857,14.633789,0.102116045,-0.0315451087,-0.0542062194,-0.0805870863,1.51505199,6.46336037
13.522254,return_center_after_left,center,0,0,10,0,60.13916,33.640137,-138.647461,73.256836,93.911133,14.194336,222.730256,230.77122,154.679514,121.055779,-13.2824826,119.988287,222.772992,230.688755,154.67051,126.369178,-2.77556821,125.285215,16.0500744,14.655762,0.0933163551,-0.0427356718,0.0824653925,0.00900352863,1.95189764,6.50740285
13.547374,return_center_after_left,center,0,0,11,0,60.13916,33.640137,-138.647461,73.256836,93.933105,14.194336,222.73181,230.777206,154.703661,121.035457,-13.2744771,120.01275,222.772992,230.688755,154.67051,126.369178,-2.77556821,125.285215,16.0447343,14.655762,0.103046275,-0.0411816753,0.0884513558,0.0331505969,0.874680835,0.992293925
13.5724792,return_center_after_left,center,0,0,12,0,60.13916,33.640137,-138.647461,73.256836,93.911133,14.194336,222.730256,230.77122,154.679514,121.055779,-13.2824826,119.988287,222.772992,230.688755,154.67051,126.369178,-2.77556821,125.285215,16.0500744,14.655762,0.0933163551,-0.0427356718,0.0824653925,0.00900352863,0.875195847,0.992878187
13.59761,return_center_after_left,center,0,0,13,0,60.13916,33.640137,-138.647461,73.278809,93.911133,14.216309,222.758084,230.739662,154.683136,121.044579,-13.325654,119.993238,222.772992,230.688755,154.67051,126.369178,-2.77556821,125.285215,16.071568,14.677735,0.0545269255,-0.0149074298,0.0509071113,0.0126261697,1.23651368,1.68045242
13.6262825,return_center_after_left,center,0,0,14,0,60.13916,33.640137,-138.669434,73.256836,93.911133,14.194336,222.693659,230.707474,154.657976,121.056027,-13.2602578,119.970058,222.772992,230.688755,154.67051,126.369178,-2.77556821,125.285215,16.0500894,14.655762,0.0824698103,-0.0793330221,0.0187198689,-0.0125342616,1.32734885,2.66064079
13.6513803,return_center_after_left,center,0,0,15,0,60.13916,33.640137,-138.669434,73.256836,93.911133,14.194336,222.693659,230.707474,154.657976,121.056027,-13.2602578,119.970058,222.772992,230.688755,154.67051,126.369178,-2.77556821,125.285215,16.0500894,14.655762,0.0824698103,-0.0793330221,0.0187198689,-0.0125342616,0,0
13.6764762,return_center_after_left,center,0,0,16,0,60.13916,33.640137,-138.647461,73.256836,93.911133,14.216309,222.730256,230.77122,154.679514,121.062863,-13.3067537,120.000424,222.772992,230.688755,154.67051,126.369178,-2.77556821,125.285215,16.0515032,14.655762,0.0933163551,-0.0427356718,0.0824653925,0.00900352863,1.23822878,3.0520718
13.7015696,return_center_after_left,center,0,0,17,0,60.13916,33.640137,-138.647461,73.256836,93.911133,14.194336,222.730256,230.77122,154.679514,121.055779,-13.2824826,119.988287,222.772992,230.688755,154.67051,126.369178,-2.77556821,125.285215,16.0500744,14.655762,0.0933163551,-0.0427356718,0.0824653925,0.00900352863,0.875651472,0
13.7269309,return_center_after_left,center,0,0,18,0,60.13916,33.618164,-138.669434,73.256836,93.911133,14.194336,222.679264,230.682402,154.569409,121.056271,-13.2380359,119.951828,222.772992,230.688755,154.67051,126.369178,-2.77556821,125.285215,16.0491719,14.655762,0.138009269,-0.0937275384,-0.00635260119,-0.101100699,1.22527296,5.92919262
13.7520223,return_center_after_left,center,0,0,19,0,60.117188,33.640137,-138.647461,73.234863,93.911133,14.194336,222.790909,230.717348,154.675895,121.061879,-13.285734,119.983338,222.772992,230.688755,154.67051,126.369178,-2.77556821,125.285215,16.023039,14.633789,0.0341703867,0.0179168184,0.0285938174,0.00538484477,1.75141614,6.3046501
13.7770905,return_center_after_left,center,0,0,20,0,60.117188,33.640137,-138.647461,73.212891,93.933105,14.172363,222.764626,230.75488,154.696428,121.05274,-13.2345623,120.002854,222.772992,230.688755,154.67051,126.369178,-2.77556821,125.285215,15.9962154,14.611817,0.071514049,-0.00836603906,0.0661252046,0.0259176756,1.51814137,2.00290817
13.8022037,return_center_after_left,center,0,0,21,0,60.117188,33.640137,-138.647461,73.190918,93.933105,14.194336,222.736773,230.786418,154.692817,121.078111,-13.2399247,120.022181,222.772992,230.688755,154.67051,126.369178,-2.77556821,125.285215,15.9775517,14.589844,0.106524462,-0.0362183125,0.097663143,0.0223070696,1.23738238,1.68161767
13.8273225,return_center_after_left,center,0,0,22,0,60.095215,33.640137,-138.647461,73.146973,93.955078,14.172363,222.771097,230.77003,154.709757,121.075052,-13.192015,120.036762,222.772992,230.688755,154.67051,126.369178,-2.77556821,125.285215,15.9236894,14.545899,0.0902754922,-0.00189425076,0.0812757807,0.0392469588,2.31437303,1.65760455
13.8524208,return_center_after_left,center,0,0,23,0,60.073242,33.640137,-138.669434,73.125,93.955078,14.194336,222.795052,230.652414,154.684585,121.088554,-13.1973344,120.025685,222.772992,230.688755,154.67051,126.369178,-2.77556821,125.285215,15.8980788,14.523926,0.0447815358,0.0220601806,-0.0363404345,0.0140750559,1.75095358,4.88645421
13.877522,return_center_after_left,center,0,0,24,0,60.073242,33.640137,-138.647461,73.103027,93.955078,14.172363,222.803841,230.747627,154.702564,121.099424,-13.1763681,120.039011,222.772992,230.688755,154.67051,126.369178,-2.77556821,125.285215,15.8765783,14.501953,0.0737907722,0.0308495667,0.0588722084,0.0320537887,1.51619745,3.87603374
13.9026284,return_center_after_left,center,0,0,25,0,60.05127,33.640137,-138.669434,72.993164,93.977051,14.194336,222.717669,230.761958,154.687194,121.165724,-13.0980834,120.081121,222.772992,230.688755,154.67051,126.369178,-2.77556821,125.285215,15.7653621,14.39209,0.0932617531,-0.0553230522,0.0732034487,0.0166844112,4.71298322,3.53287696
13.9277294,return_center_after_left,center,0,0,26,0,60.029297,33.640137,-138.669434,72.971191,93.999023,14.172363,222.779765,230.713994,154.707766,121.144364,-13.0691131,120.088547,222.772992,230.688755,154.67051,126.369178,-2.77556821,125.285215,15.7315473,14.370117,0.045507467,0.00677366969,0.0252399167,0.0372557856,1.75075072,3.23156165
13.9528458,return_center_after_left,center,0,0,27,0,60.007324,33.640137,-138.669434,72.861328,94.020996,14.172363,222.73002,230.791808,154.714097,121.203213,-12.988771,120.136827,222.772992,230.688755,154.67051,126.369178,-2.77556821,125.285215,15.6188962,14.260254,0.119859642,-0.0429716877,0.103053197,0.0435867671,4.54575235,3.68571576
13.9779589,return_center_after_left,center,0,0,28,0,59.985352,33.618164,-138.669434,72.817383,94.020996,14.172363,222.7481,230.74422,154.618317,121.227957,-12.9509633,120.120709,222.772992,230.688755,154.67051,126.369178,-2.77556821,125.285215,15.5708487,14.216309,0.0801254241,-0.024891405,0.0554655699,-0.0521926442,2.14316038,4.31915472
14.0030553,return_center_after_left,center,0,0,29,0,59.941406,33.640137,-138.669434,72.729492,94.042969,14.150391,222.829057,230.72998,154.716997,121.248831,-12.9096513,120.155961,222.772992,230.688755,154.67051,126.369178,-2.77556821,125.285215,15.4708254,14.128418,0.0836894556,0.0560654513,0.0412253503,0.0464872094,4.19891675,5.1175017
14.0281529,return_center_after_left,center,0,0,30,0,59.941406,33.640137,-138.669434,72.685547,94.064941,14.150391,222.774526,230.798744,154.734096,121.265001,-12.8638642,120.194834,222.772992,230.688755,154.67051,126.369178,-2.77556821,125.285215,15.4253372,14.084473,0.127055893,0.00153393258,0.10998958,0.0635856842,1.95762795,3.5625834
14.0536814,return_center_after_left,center,0,0,31,0,59.897461,33.640137,-138.691406,72.531738,94.108887,14.150391,222.72126,230.795769,154.73615,121.328253,-12.7378261,120.251486,222.772992,230.688755,154.67051,126.369178,-2.77556821,125.285215,15.2602906,13.930664,0.135782932,-0.0517321264,0.107014823,0.0656400743,6.55501118,2.09133892
14.0787866,return_center_after_left,center,0,0,32,0,59.875488,33.640137,-138.691406,72.487793,94.108887,14.128418,222.753558,230.772993,154.729162,121.345393,-12.6979251,120.241634,222.772992,230.688755,154.67051,126.369178,-2.77556821,125.285215,15.2117766,13.886719,0.104468741,-0.0194337834,0.0842379431,0.0586516389,2.1438483,1.59866502
14.1038249,return_center_after_left,center,0,0,33,0,59.80957,33.618164,-138.713379,72.312012,94.152832,14.128418,222.745471,230.690526,154.639193,121.415303,-12.5531768,120.274797,222.772992,230.688755,154.67051,126.369178,-2.77556821,125.285215,15.018741,13.710938,0.0417288064,-0.0275206765,0.00177096503,-0.031317237,7.79994979,4.88506843
14.1289096,return_center_after_left,center,0,0,34,0,59.787598,33.640137,-138.691406,72.246094,94.174805,14.128418,222.802395,230.793317,154.763465,121.436586,-12.5549628,120.345795,222.772992,230.688755,154.67051,126.369178,-2.77556821,125.285215,14.9471251,13.64502,0.142963394,0.0294033437,0.104562306,0.0929553634,3.15824234,6.81795378
14.1539922,return_center_after_left,center,0,0,35,0,59.743652,33.640137,-138.713379,72.13623,94.196777,14.106445,222.80282,230.721089,154.74867,121.476454,-12.4505442,120.351411,222.772992,230.688755,154.67051,126.369178,-2.77556821,125.285215,14.826187,13.535156,0.0896897561,0.0298283529,0.0323343308,0.0781601738,4.95550925,2.93944762
14.1790867,return_center_after_left,center,0,0,36,0,59.699707,33.618164,-138.713379,72.026367,94.240723,14.106445,222.826937,230.693243,154.691046,121.503298,-12.3626052,120.393642,222.772992,230.688755,154.67051,126.369178,-2.77556821,125.285215,14.7002161,13.425293,0.0578960366,0.0539453126,0.0044879524,0.020535642,5.10555705,2.72542647
14.2041652,return_center_after_left,center,0,0,37,0,59.633789,33.618164,-138.735352,71.828613,94.284668,14.106445,222.803456,230.665841,154.686985,121.591088,-12.2212571,120.452378,222.772992,230.688755,154.67051,126.369178,-2.77556821,125.285215,14.488147,13.227539,0.0415279978,0.030464751,-0.0229136536,0.0164753764,8.53969454,1.44799142
14.2292631,return_center_after_left,center,0,0,38,0,59.611816,33.618164,-138.735352,71.740723,94.328613,14.084473,222.781425,230.71682,154.721783,121.603814,-12.1278328,120.506073,222.772992,230.688755,154.67051,126.369178,-2.77556821,125.285215,14.3888025,13.139649,0.0590564348,0.00843358579,0.0280652705,0.0512725825,4.10633471,2.61125076
14.2543688,return_center_after_left,center,0,0,39,0,59.567871,33.618164,-138.735352,71.608887,94.350586,14.084473,222.78946,230.73835,154.725804,121.668701,-12.0509553,120.549478,222.772992,230.688755,154.67051,126.369178,-2.77556821,125.285215,14.2491283,13.007813,0.0760811828,0.0164683803,0.0495955523,0.0552939419,5.60404926,0.929264851
14.2794604,return_center_after_left,center,0,0,40,0,59.501953,33.618164,-138.735352,71.455078,94.394531,14.084473,222.858679,230.711174,154.750808,121.71936,-11.9697093,120.61264,222.772992,230.688755,154.67051,126.369178,-2.77556821,125.285215,14.0770839,12.854004,0.119551695,0.0856872219,0.0224193783,0.0802974426,6.89524902,3.12668186
14.3045678,return_center_after_left,center,0,0,41,0,59.458008,33.618164,-138.757324,71.345215,94.416504,14.0625,222.857313,230.637921,154.736564,121.75927,-11.8655485,120.618124,222.772992,230.688755,154.67051,126.369178,-2.77556821,125.285215,13.9562181,12.744141,0.118562664,0.0843208787,-0.0508333065,0.0660535369,4.950566,2.97271912
14.3333564,return_center_after_left,center,0,0,42,0,59.370117,33.618164,-138.757324,71.081543,94.482422,14.018555,222.872814,230.685233,154.769732,121.853509,-11.6555747,120.705647,222.772992,230.688755,154.67051,126.369178,-2.77556821,125.285215,13.6687409,12.480469,0.140789704,0.099821806,-0.00352131605,0.0992217121,10.0388937,2.07802398
14.358479,return_center_after_left,center,0,0,43,0,59.348145,33.618164,-138.779297,70.993652,94.504395,14.018555,222.810796,230.666087,154.758988,121.894736,-11.5723659,120.72797,222.772992,230.688755,154.67051,126.369178,-2.77556821,125.285215,13.5763636,12.392578,0.0988495366,0.0378040165,-0.0226673007,0.0884775717,3.8123752,2.61871912
14.3835933,return_center_after_left,center,0,0,44,0,59.260254,33.596191,-138.779297,70.72998,94.570312,14.018555,222.809965,230.687281,154.703848,122.004839,-11.3891954,120.820627,222.772992,230.688755,154.67051,126.369178,-2.77556821,125.285215,13.2906421,12.128906,0.049806183,0.036973693,-0.00147397055,0.0333381059,11.4073832,2.35236427
14.4087203,return_center_after_left,center,0,0,45,0,59.238281,33.618164,-138.779297,70.64209,94.614258,13.996582,222.80099,230.761667,154.828478,122.016244,-11.3179069,120.893559,222.772992,230.688755,154.67051,126.369178,-2.77556821,125.285215,13.1923985,12.041016,0.176221174,0.0279982359,0.072912221,0.157967747,4.19379212,5.78733792
14.4337924,return_center_after_left,center,0,0,46,0,59.128418,33.596191,-138.779297,70.356445,94.680176,13.974609,222.858256,230.726725,154.770932,122.124829,-11.1140916,120.969467,222.772992,230.688755,154.67051,126.369178,-2.77556821,125.285215,12.878226,11.755371,0.137099161,0.0852637781,0.0379702393,0.100421756,12.5478508,3.52521487
14.458878,return_center_after_left,center,0,0,47,0,59.106445,33.596191,-138.779297,70.290527,94.702148,13.974609,222.861498,230.739198,154.785737,122.146976,-11.0719291,121.003609,222.772992,230.688755,154.67051,126.369178,-2.77556821,125.285215,12.8057236,11.689453,0.153801846,0.0885058128,0.050443422,0.11522669,2.90504257,0.782457233
14.4839518,return_center_after_left,center,0,0,48,0,58.996582,33.596191,-138.80127,69.98291,94.768066,13.952637,222.865154,230.695144,154.792957,122.273723,-10.8493115,121.086646,222.772992,230.688755,154.67051,126.369178,-2.77556821,125.285215,12.4728652,11.381836,0.153387672,0.0921618879,0.00638899405,0.122446499,13.3477054,1.78639194
14.5142841,return_center_after_left,center,0,0,49,0,58.930664,33.596191,-138.80127,69.719238,94.833984,13.930664,222.786204,230.822689,154.829041,122.386773,-10.6415297,121.19858,222.772992,230.688755,154.67051,126.369178,-2.77556821,125.285215,12.1938543,11.118164,0.207954468,0.0132123359,0.133934088,0.158531243,9.24849109,5.08638385
14.5393929,return_center_after_left,center,0,0,50,0,58.864746,33.596191,-138.823242,69.56543,94.87793,13.930664,222.812653,230.728477,154.83424,122.438418,-10.5391457,121.242876,222.772992,230.688755,154.67051,126.369178,-2.77556821,125.285215,12.0221361,10.964356,0.173084502,0.0396615702,0.0397224586,0.163729445,6.94585293,3.90268969
14.5644653,return_center_after_left,center,0,0,51,0,58.776855,33.574219,-138.823242,69.345703,94.943848,13.930664,222.863845,230.683667,154.787819,122.512251,-10.3948337,121.32135,222.772992,230.688755,154.67051,126.369178,-2.77556821,125.285215,11.7765033,10.744629,0.148464631,0.0908535967,-0.00508737638,0.117309374,9.83725354,3.28494333
14.5895717,return_center_after_left,center,0,0,52,0,58.73291,33.574219,-138.845215,69.169922,94.987793,13.886719,222.771399,230.704468,154.790507,122.578199,-10.2022853,121.36077,222.772992,230.688755,154.67051,126.369178,-2.77556821,125.285215,11.5889884,10.568848,0.121031507,-0.00159289921,0.015713801,0.11999652,7.67966108,3.77576217
14.6146684,return_center_after_left,center,0,0,53,0,58.64502,33.574219,-138.845215,68.950195,95.053711,13.886719,222.836028,230.683092,154.834032,122.650731,-10.0799419,121.458692,222.772992,230.688755,154.67051,126.369178,-2.77556821,125.285215,11.3445105,10.349121,0.175342534,0.0630364724,-0.0056621308,0.163521704,9.78863288,3.21947559
14.6397789,return_center_after_left,center,0,0,54,0,58.601074,33.552246,-138.845215,68.796387,95.075684,13.864746,222.793636,230.704826,154.748814,122.72691,-9.93835982,121.478005,222.772992,230.688755,154.67051,126.369178,-2.77556821,125.285215,11.1823124,10.195313,0.0825592489,0.0206444988,0.0160709462,0.0783042715,6.54818421,3.88797676
14.6648936,return_center_after_left,center,0,0,55,0,58.535156,33.552246,-138.823242,68.642578,95.119629,13.864746,222.893894,230.733958,154.799576,122.77589,-9.87977953,121.561325,222.772992,230.688755,154.67051,126.369178,-2.77556821,125.285215,11.0099454,10.041504,0.182533882,0.120901905,0.0452038543,0.129065716,6.94423458,4.62239758
14.6899772,return_center_after_left,center,0,0,56,0,58.469238,33.530273,-138.845215,68.400879,95.185547,13.864746,222.78529,230.739155,154.729583,122.88129,-9.67255948,121.63913,222.772992,230.688755,154.67051,126.369178,-2.77556821,125.285215,10.7516365,9.799805,0.0786203547,0.0122980709,0.0504008965,0.0590734057,10.4016693,5.15511905
14.7150917,return_center_after_left,center,0,0,57,0,58.40332,33.530273,-138.867188,68.225098,95.229492,13.842773,222.778267,230.672308,154.733508,122.943272,-9.52742359,121.678488,222.772992,230.688755,154.67051,126.369178,-2.77556821,125.285215,10.5586335,9.624024,0.0653223789,0.00527489874,-0.0164461579,0.0629977183,7.77625479,2.68089532
14.7401867,return_center_after_left,center,0,0,58,0,58.337402,33.530273,-138.845215,68.005371,95.29541,13.820801,222.789498,230.795728,154.801083,123.017725,-9.37997507,121.79642,222.772992,230.688755,154.67051,126.369178,-2.77556821,125.285215,10.3193383,9.404297,0.169602268,0.0165058804,0.106973299,0.13057258,9.59150875,5.62484647
14.7652829,return_center_after_left,center,0,0,59,0,58.271484,33.508301,-138.867188,67.82959,95.339355,13.820801,222.766082,230.703382,154.71604,123.089507,-9.23779469,121.827837,222.772992,230.688755,154.67051,126.369178,-2.77556821,125.285215,10.1265825,9.228516,0.0483187916,-0.00690948836,0.0146272199,0.0455303089,7.78193876,5.08857642
14.7903864,return_center_after_left,center,0,0,60,0,58.205566,33.508301,-138.867188,67.609863,95.383301,13.798828,222.736241,230.757078,154.73782,123.185979,-9.07619427,121.901117,222.772992,230.688755,154.67051,126.369178,-2.77556821,125.285215,9.89313801,9.008789,0.102710246,-0.0367505175,0.068323807,0.0673101137,9.34545799,2.59636349
14.8154764,return_center_after_left,center,0,0,61,0,58.139648,33.486328,-138.867188,67.456055,95.449219,13.798828,222.781172,230.702416,154.702421,123.217531,-8.96762999,121.970247,222.772992,230.688755,154.67051,126.369178,-2.77556821,125.285215,9.71457365,8.854981,0.0356627219,0.00818006629,0.0136614987,0.0319104952,7.22163715,3.15342096
14.8405855,return_center_after_left,center,0,0,62,0,58.07373,33.486328,-138.867188,67.192383,95.515137,13.776855,222.691292,230.820119,154.743933,123.329481,-8.76062859,122.082761,222.772992,230.688755,154.67051,126.369178,-2.77556821,125.285215,9.43571479,8.591309,0.171238173,-0.081700055,0.131364527,0.0734232513,11.172395,6.12545022
14.8657062,return_center_after_left,center,0,0,63,0,58.007812,33.464355,-138.867188,67.060547,95.537109,13.754883,222.762838,230.722957,154.663205,123.375768,-8.66152872,122.082971,222.772992,230.688755,154.67051,126.369178,-2.77556821,125.285215,9.28650896,8.459473,0.0364176714,-0.0101540942,0.0342020401,-0.00730490346,6.05997216,5.77917648
14.8908381,return_center_after_left,center,0,0,64,0,57.941895,33.464355,-138.867188,66.84082,95.603027,13.73291,222.73145,230.780097,154.710574,123.451324,-8.49293284,122.181533,222.772992,230.688755,154.67051,126.369178,-2.77556821,125.285215,9.04769334,8.239746,0.108047501,-0.0415414004,0.0913426755,0.0400635759,9.53740731,3.2064887
14.9159157,return_center_after_left,center,0,0,65,0,57.875977,33.464355,-138.867188,66.643066,95.646973,13.710938,222.728328,230.801058,154.736655,123.529264,-8.35071798,122.248062,222.772992,230.688755,154.67051,126.369178,-2.77556821,125.285215,8.83431951,8.041992,0.137775362,-0.0446635803,0.112303317,0.0661451428,8.54002338,1.34007035
14.9410343,return_center_after_left,center,0,0,66,0,57.788086,33.442383,-138.88916,66.42334,95.712891,13.73291,222.729568,230.684928,154.6726,123.614012,-8.21129031,122.318138,222.772992,230.688755,154.67051,126.369178,-2.77556821,125.285215,8.59066267,7.822266,0.043641856,-0.0434234939,-0.0038268676,0.00208970189,9.89672204,5.28017423
14.9661441,return_center_after_left,center,0,0,67,0,57.744141,33.442383,-138.867188,66.269531,95.734863,13.688965,222.735142,230.787447,154.702484,123.677408,-8.08860257,122.365777,222.772992,230.688755,154.67051,126.369178,-2.77556821,125.285215,8.42773855,7.668457,0.110431316,-0.0378502186,0.0986920243,0.0319737521,6.72149628,4.25854238
14.9912546,return_center_after_left,center,0,0,68,0,57.65625,33.42041,-138.88916,66.027832,95.800781,13.688965,222.70456,230.699432,154.636683,123.771853,-7.90590517,122.431041,222.772992,230.688755,154.67051,126.369178,-2.77556821,125.285215,8.16268686,7.426758,0.0770788029,-0.0684314622,0.0106771705,-0.0338271323,10.6453072,4.54265761
15.0217395,return_center_after_left,center,0,0,69,0,57.546387,33.42041,-138.88916,65.698242,95.888672,13.666992,222.695432,230.734026,154.698691,123.893374,-7.68088051,122.566796,222.772992,230.688755,154.67051,126.369178,-2.77556821,125.285215,7.8044699,7.097168,0.0941231285,-0.0775595837,0.0452713206,0.0281812318,11.7775081,2.34837162
15.0468905,return_center_after_left,center,0,0,70,0,57.502441,33.398438,-138.88916,65.544434,95.932617,13.666992,222.64572,230.754483,154.641354,123.957469,-7.55741585,122.622462,222.772992,230.688755,154.67051,126.369178,-2.77556821,125.285215,7.63833558,6.94336,0.146178849,-0.127271384,0.0657282479,-0.0291555867,6.65333926,3.12494535
15.0719535,return_center_after_left,center,0,0,71,0,57.458496,33.398438,-138.88916,65.412598,95.976562,13.623047,222.641671,230.769932,154.676265,123.983754,-7.4256829,122.668287,222.772992,230.688755,154.67051,126.369178,-2.77556821,125.285215,7.4906465,6.811524,0.154492239,-0.131320301,0.0811770298,0.00575502748,6.07391699,1.53174678
15.0996032,return_center_after_left,center,0,0,72,0,57.348633,33.376465,-138.88916,65.061035,96.064453,13.601074,222.583119,230.805959,154.647986,124.125264,-7.16057728,122.790819,222.772992,230.688755,154.67051,126.369178,-2.77556821,125.285215,7.1112358,6.459961,0.224267181,-0.189872545,0.117204307,-0.0225241132,13.7413448,2.68854621
15.124733,return_center_after_left,center,0,0,73,0,57.282715,33.376465,-138.867188,64.907227,96.108398,13.601074,222.675421,230.825467,154.704006,124.172927,-7.10288914,122.876062,222.772992,230.688755,154.67051,126.369178,-2.77556821,125.285215,6.93856074,6.306153,0.171266793,-0.0975705887,0.136712498,0.0334960818,6.94004382,4.36613271
15.1498613,return_center_after_left,center,0,0,74,0,57.23877,33.354492,-138.867188,64.775391,96.130371,13.623047,222.653486,230.809314,154.625527,124.248597,-7.03024844,122.911017,222.772992,230.688755,154.67051,126.369178,-2.77556821,125.285215,6.79928654,6.174317,0.175612206,-0.119505318,0.120559814,-0.0449828507,5.7339371,3.30591207
15.1749866,return_center_after_left,center,0,0,75,0,57.172852,33.354492,-138.867188,64.621582,96.196289,13.579102,222.70655,230.772471,154.683448,124.2602,-6.89583662,122.977842,222.772992,230.688755,154.67051,126.369178,-2.77556821,125.285215,6.61906028,6.020508,0.10765889,-0.0664419956,0.0837168418,0.012937859,7.36888455,3.45324281
15.2000799,return_center_after_left,center,0,0,76,0,57.084961,33.33252,-138.867188,64.313965,96.262207,13.579102,222.616007,230.826334,154.63735,124.406686,-6.67773847,123.084483,222.772992,230.688755,154.67051,126.369178,-2.77556821,125.285215,6.29354619,5.712891,0.211357498,-0.156984891,0.137579593,-0.0331600862,13.0467045,4.58276053
15.2252054,return_center_after_left,center,0,0,77,0,57.019043,33.33252,-138.867188,64.160156,96.306152,13.535156,222.667006,230.782438,154.671707,124.438722,-6.55036584,123.126177,222.772992,230.688755,154.67051,126.369178,-2.77556821,125.285215,6.11882279,5.559082,0.141460276,-0.105985458,0.0936838278,0.00119707966,7.10462009,3.00700837
15.2502911,return_center_after_left,center,0,0,78,0,56.931152,33.310547,-138.867188,63.94043,96.37207,13.557129,222.698303,230.720096,154.634546,124.522219,-6.43399043,123.216505,222.772992,230.688755,154.67051,126.369178,-2.77556821,125.285215,5.87459476,5.339356,0.0886237101,-0.0746889788,0.0313416362,-0.0359641527,9.87092589,3.15071337
15.2753916,return_center_after_left,center,0,0,79,0,56.887207,33.310547,-138.867188,63.786621,96.416016,13.535156,222.659896,230.760694,154.669407,124.574668,-6.30782842,123.281447,222.772992,230.688755,154.67051,126.369178,-2.77556821,125.285215,5.70836765,5.185547,0.134041539,-0.113095708,0.0719394143,-0.00110259998,6.66677892,2.62417125
15.3004823,return_center_after_left,center,0,0,80,0,56.799316,33.288574,-138.867188,63.522949,96.481934,13.513184,222.627586,230.753889,154.629179,124.676065,-6.10433924,123.362643,222.772992,230.688755,154.67051,126.369178,-2.77556821,125.285215,5.4214161,4.921875,0.164601628,-0.145406092,0.0651347306,-0.0413307518,11.451655,2.07423165
15.3255847,return_center_after_left,center,0,0,81,0,56.755371,33.288574,-138.845215,63.413086,96.503906,13.513184,222.689744,230.792007,154.666919,124.719409,-6.06892164,123.420888,222.772992,230.688755,154.67051,126.369178,-2.77556821,125.285215,5.30115133,4.812012,0.13268071,-0.0832475864,0.103252669,-0.00359117776,4.87356842,3.27073337
15.3506553,return_center_after_left,center,0,0,82,0,56.66748,33.266602,-138.867188,63.149414,96.569824,13.491211,222.615794,230.722568,154.604691,124.823654,-5.84470216,123.481065,222.772992,230.688755,154.67051,126.369178,-2.77556821,125.285215,5.01511157,4.54834,0.173743007,-0.157197835,0.0338133358,-0.065818929,11.4942662,4.7468767
15.3757875,return_center_after_left,center,0,0,83,0,56.623535,33.266602,-138.845215,62.995605,96.61377,13.469238,222.615705,230.822272,154.663482,124.872803,-5.73960091,123.567369,222.772992,230.688755,154.67051,126.369178,-2.77556821,125.285215,4.84804611,4.394531,0.206434956,-0.15728645,0.133517659,-0.00702840149,6.71552318,4.6055157
15.4008558,return_center_after_left,center,0,0,84,0,56.535645,33.244629,-138.845215,62.775879,96.679688,13.469238,222.642922,230.755975,154.628448,124.947358,-5.59958315,123.646296,222.772992,230.688755,154.67051,126.369178,-2.77556821,125.285215,4.60241964,4.174805,0.152335367,-0.13007008,0.067220934,-0.0420616747,9.83879786,3.18212461
15.4259405,return_center_after_left,center,0,0,85,0,56.469727,33.244629,-138.845215,62.62207,96.723633,13.447266,222.690275,230.708324,154.664912,124.987895,-5.49720367,123.700118,222.772992,230.688755,154.67051,126.369178,-2.77556821,125.285215,4.42916663,4.020996,0.0851845979,-0.0827170802,0.0195693753,-0.00559820682,6.95254577,3.04713833
15.4510138,return_center_after_left,center,0,0,86,0,56.403809,33.222656,-138.823242,62.380371,96.767578,13.425293,222.635793,230.809076,154.627624,125.100155,-5.31754177,123.781828,222.772992,230.688755,154.67051,126.369178,-2.77556821,125.285215,4.17387977,3.779297,0.187456565,-0.137198728,0.12032156,-0.0428858351,10.2572573,4.80415152
15.4761186,return_center_after_left,center,0,0,87,0,56.359863,33.222656,-138.823242,62.226562,96.811523,13.425293,222.593771,230.8458,154.664648,125.161325,-5.21613845,123.858692,222.772992,230.688755,154.67051,126.369178,-2.77556821,125.285215,4.00921188,3.625488,0.238364818,-0.1792209,0.157045492,-0.00586249936,6.60792556,2.6676978
15.5012231,return_center_after_left,center,0,0,88,0,56.271973,33.200684,-138.823242,62.006836,96.877441,13.40332,222.618345,230.776847,154.631045,125.226477,-5.05218492,123.926324,222.772992,230.688755,154.67051,126.369178,-2.77556821,125.285215,3.76214025,3.405762,0.18230025,-0.154646521,0.0880928722,-0.0394649314,9.8635024,3.20838365
15.5263355,return_center_after_left,center,0,0,89,0,56.228027,33.200684,-138.823242,61.853027,96.921387,13.381348,222.575438,230.812658,154.668583,125.278101,-4.92646425,123.99186,222.772992,230.688755,154.67051,126.369178,-2.77556821,125.285215,3.59613903,3.251953,0.233201672,-0.19755336,0.123903085,-0.00192753386,6.66361941,2.6808791
15.5514395,return_center_after_left,center,0,0,90,0,56.162109,33.178711,-138.80127,61.677246,96.965332,13.359375,222.61352,230.827077,154.637433,125.33618,-4.80502845,124.052996,222.772992,230.688755,154.67051,126.369178,-2.77556821,125.285215,3.40058369,3.076172,0.213677829,-0.159471355,0.138322181,-0.0330768107,7.82858403,2.04222801
15.5805204,return_center_after_left,center,0,0,91,0,56.052246,33.156738,-138.80127,61.413574,97.053223,13.359375,222.661843,230.731999,154.626147,125.414399,-4.64438899,124.160298,222.772992,230.688755,154.67051,126.369178,-2.77556821,125.285215,3.102427,2.8125,0.127248605,-0.111148728,0.0432445305,-0.0443630303,10.3046176,3.68793599
15.6056426,return_center_after_left,center,0,0,92,0,56.008301,33.156738,-138.757324,61.237793,97.075195,13.337402,222.666595,230.909011,154.684937,125.497562,-4.54711187,124.250584,222.772992,230.688755,154.67051,126.369178,-2.77556821,125.285215,2.92013255,2.636719,0.245033349,-0.106397115,0.220256376,0.0144265291,7.52386386,7.42689544
15.630728,return_center_after_left,center,0,0,93,0,55.942383,33.156738,-138.779297,61.105957,97.119141,13.337402,222.701594,230.769456,154.701912,125.532699,-4.46845185,124.287835,222.772992,230.688755,154.67051,126.369178,-2.77556821,125.285215,2.76907799,2.504883,0.11223386,-0.0713975619,0.0807014606,0.0314022569,6.19364837,5.77525386
15.657989,return_center_after_left,center,0,0,94,0,55.854492,33.134766,-138.779297,60.842285,97.185059,13.337402,222.658446,230.751479,154.667727,125.643129,-4.29091745,124.381029,222.772992,230.688755,154.67051,126.369178,-2.77556821,125.285215,2.48378501,2.241211,0.130625208,-0.114546052,0.0627247978,-0.00278330536,10.5090927,2.12429042
15.683089,return_center_after_left,center,0,0,95,0,55.810547,33.112793,-138.779297,60.688477,97.229004,13.31543,222.596667,230.760449,154.616409,125.697937,-4.14492734,124.425179,222.772992,230.688755,154.67051,126.369178,-2.77556821,125.285215,2.31631893,2.087403,0.197882039,-0.176324383,0.0716945525,-0.0541008723,6.72408284,3.21958577
15.7083395,return_center_after_left,center,0,0,96,0,55.766602,33.112793,-138.757324,60.578613,97.250977,13.31543,222.655204,230.79269,154.657198,125.740204,-4.10963177,124.484689,222.772992,230.688755,154.67051,126.369178,-2.77556821,125.285215,2.19594695,1.977539,0.157650551,-0.117787759,0.103935261,-0.013311697,4.84503454,3.10065
15.7393994,return_center_after_left,center,0,0,97,0,55.678711,33.09082,-138.757324,60.358887,97.338867,13.271484,222.674793,230.723748,154.650919,125.774385,-3.91606758,124.567209,222.772992,230.688755,154.67051,126.369178,-2.77556821,125.285215,1.94194088,1.757813,0.106072178,-0.0981985795,0.0349933477,-0.0195911099,8.28020254,2.31634069
15.7471979,right_stick_right,right,1,0,0,0,55.678711,33.09082,-138.757324,60.358887,97.338867,13.271484,222.674793,230.723748,154.650919,125.774385,-3.91606758,124.567209,222.772992,230.688755,154.67051,-124.118229,-8.11721151,-123.088018,1.94194088,1.757813,0.106072178,-0.0981985795,0.0349933477,-0.0195911099,0,0
15.7723041,right_stick_right,right,1,0,1,0,55.612793,33.09082,-138.735352,60.183105,97.382812,13.271484,222.725623,230.757341,154.712671,125.837876,-3.84009304,124.662176,222.772992,230.688755,154.67051,-124.118229,-8.11721151,-123.088018,1.74913935,1.582031,0.0934096212,-0.047368276,0.0685860995,0.0421610094,7.72947938,3.45531249
15.7973731,right_stick_right,right,1,0,2,0,55.546875,33.068848,-138.735352,60.029297,97.426758,13.249512,222.750775,230.679272,154.662203,125.881253,-3.7182082,124.695146,222.772992,230.688755,154.67051,-124.118229,-8.11721151,-123.088018,1.57453711,1.428223,0.0255443296,-0.0222167311,-0.00948231345,-0.00830754864,7.01187768,3.84153524
15.8224704,right_stick_right,right,1,0,3,0,55.524902,33.046875,-138.735352,59.919434,97.44873,13.249512,222.662452,230.711598,154.590002,125.942279,-3.61825681,124.722314,222.772992,230.688755,154.67051,-124.118229,-8.11721151,-123.088018,1.46097582,1.31836,0.138644745,-0.110539599,0.0228432116,-0.0805080743,4.63268094,4.72438924
15.8475714,right_stick_right,right,1,0,4,0,55.480957,33.046875,-138.713379,59.80957,97.470703,13.249512,222.720044,230.742173,154.631616,125.984226,-3.58301103,124.782192,222.772992,230.688755,154.67051,-124.118229,-8.11721151,-123.088018,1.34051218,1.208496,0.0846743849,-0.0529478897,0.0534182382,-0.0388942703,4.8738891,3.08164041
15.8726835,right_stick_right,right,1,0,5,0,55.458984,33.046875,-138.713379,59.699707,97.514648,13.249512,222.648314,230.803695,154.674478,126.020371,-3.49731528,124.857181,222.772992,230.688755,154.67051,-124.118229,-8.11721151,-123.088018,1.22299129,1.098633,0.169621687,-0.124677638,0.114940246,0.00396774249,4.79245611,4.13208071
15.8977959,right_stick_right,right,1,0,6,0,55.393066,33.024902,-138.713379,59.567871,97.558594,13.205566,222.704648,230.697443,154.625717,126.035916,-3.37066998,124.872007,222.772992,230.688755,154.67051,-124.118229,-8.11721151,-123.088018,1.06697551,0.966797,0.0821749902,-0.0683436181,0.00868829724,-0.0447927714,6.4297293,5.1676197
15.9228613,right_stick_right,right,1,0,7,0,55.349121,33.024902,-138.691406,59.458008,97.580566,13.227539,222.761813,230.727231,154.667724,126.087656,-3.35990417,124.943329,222.772992,230.688755,154.67051,-124.118229,-8.11721151,-123.088018,0.947631003,0.856934,0.0401643451,-0.0111787884,0.0384765912,-0.00278589865,4.95885368,3.06956055
15.9479828,right_stick_right,right,1,0,8,0,55.327148,33.024902,-138.691406,59.370117,97.602539,13.227539,222.721363,230.755395,154.687751,126.126842,-3.29987074,124.985642,222.772992,230.688755,154.67051,-124.118229,-8.11721151,-123.088018,0.855523883,0.769043,0.0860446099,-0.0516283226,0.0666404163,0.0172408271,3.71087654,2.1177853
15.9757071,right_stick_right,right,1,0,9,0,55.26123,33.00293,-138.691406,59.238281,97.646484,13.183594,222.777005,230.648415,154.639355,126.142307,-3.17341004,125.000561,222.772992,230.688755,154.67051,-124.118229,-8.11721151,-123.088018,0.699683367,0.637207,0.0511276127,0.00401320357,-0.0403394788,-0.0311553114,5.82396635,4.68665514
16.0008211,right_stick_right,right,1,0,10,0,55.26123,33.00293,-138.669434,59.150391,97.668457,13.183594,222.689249,230.821461,154.682726,126.18856,-3.10980012,125.076327,222.772992,230.688755,154.67051,-124.118229,-8.11721151,-123.088018,0.613663398,0.549317,0.157394921,-0.0837424698,0.132706897,0.0122163595,3.71192171,7.91646238
16.0258689,right_stick_right,right,1,0,11,0,55.217285,32.980957,-138.669434,59.084473,97.69043,13.183594,222.752907,230.713188,154.613264,126.202756,-3.07288913,125.078327,222.772992,230.688755,154.67051,-124.118229,-8.11721151,-123.088018,0.532355823,0.483399,0.0654030018,-0.0200851001,0.02443341,-0.0572463962,3.39749771,5.73019601
16.0509937,right_stick_right,right,1,0,12,0,55.195312,33.00293,-138.669434,59.040527,97.69043,13.183594,222.792931,230.705146,154.702024,126.223042,-3.07820558,125.103178,222.772992,230.688755,154.67051,-124.118229,-8.11721151,-123.088018,0.486881348,0.439453,0.0407356328,0.0199391234,0.0163909799,0.0315144239,2.1422126,3.88855175
16.0760629,right_stick_right,right,1,0,13,0,55.17334,32.980957,-138.647461,58.908691,97.734375,13.183594,222.712481,230.827996,154.677181,126.276811,-2.97321238,125.185314,222.772992,230.688755,154.67051,-124.118229,-8.11721151,-123.088018,0.347418196,0.307617,0.151967401,-0.0605104457,0.139241088,0.00667055418,5.74745496,5.94092878
16.1011577,right_stick_right,right,1,0,14,0,55.151367,32.980957,-138.669434,58.908691,97.734375,13.183594,222.759428,230.68288,154.653987,126.26979,-2.97689323,125.151844,222.772992,230.688755,154.67051,-124.118229,-8.11721151,-123.088018,0.34039883,0.307617,0.0221691251,-0.0135632769,-0.00587416043,-0.0165227682,1.2382876,6.14765261
16.1262517,right_stick_right,right,1,0,15,0,55.129395,32.980957,-138.669434,58.864746,97.756348,13.183594,222.783351,230.656744,154.676338,126.27323,-2.95586879,125.180378,222.772992,230.688755,154.67051,-124.118229,-8.11721151,-123.088018,0.288169,0.263672,0.034146658,0.0103594779,-0.0320110226,0.00582837068,2.14478936,1.669433
16.1513727,right_stick_right,right,1,0,16,0,55.107422,32.980957,-138.669434,58.798828,97.756348,13.183594,222.774206,230.651563,154.673524,126.315523,-2.92143299,125.189948,222.772992,230.688755,154.67051,-124.118229,-8.11721151,-123.088018,0.221913155,0.197754,0.0373333288,0.0012145415,-0.0371916357,0.00301406041,2.76596678,0.433130862
16.1773095,right_stick_right,right,1,0,17,0,55.085449,32.958984,-138.647461,58.73291,97.77832,13.161621,222.790583,230.687998,154.627434,126.326676,-2.85649059,125.214221,222.772992,230.688755,154.67051,-124.118229,-8.11721151,-123.088018,0.145750282,0.131836,0.0465357339,0.0175912151,-0.000756216352,-0.0430761165,3.16979102,2.35156337
16.2024193,right_stick_right,right,1,0,18,0,55.085449,32.958984,-138.647461,58.710938,97.800293,13.183594,222.758504,230.720451,154.65077,126.333611,-2.8554539,125.258258,222.772992,230.688755,154.67051,-124.118229,-8.11721151,-123.088018,0.122339229,0.109864,0.0400525162,-0.0144877851,0.0316959617,-0.0197401658,1.51565619,2.04112005
16.2275219,right_stick_right,right,1,0,19,0,55.063477,32.958984,-138.647461,58.666992,97.800293,13.161621,222.781818,230.688416,154.648951,126.34793,-2.81602342,125.249713,222.772992,230.688755,154.67051,-124.118229,-8.11721151,-123.088018,0.072875292,0.065918,0.0232980421,0.00882670662,-0.000339053832,-0.0215585959,2.14408854,1.58001492
16.2544339,right_stick_right,right,1,0,20,0,55.041504,32.958984,-138.647461,58.623047,97.822266,13.161621,222.80559,230.662082,154.671404,126.351347,-2.79504545,125.278286,222.772992,230.688755,154.67051,-124.118229,-8.11721151,-123.088018,0.021973,0.021973,0.0421288565,0.032597913,-0.0266724196,0.000893672202,1.99992099,1.56003336
16.2795351,right_stick_right,right,1,0,21,0,55.041504,32.958984,-138.647461,58.623047,97.800293,13.183594,222.805107,230.656344,154.647151,126.382516,-2.82553039,125.263562,222.772992,230.688755,154.67051,-124.118229,-8.11721151,-123.088018,0.0380583524,0.021973,0.051259411,0.0321151609,-0.0324110225,-0.023359565,1.23797003,0.993083704
16.3046296,right_stick_right,right,1,0,22,0,55.041504,32.958984,-138.647461,58.601074,97.822266,13.161621,222.772992,230.688755,154.67051,126.369178,-2.77556821,125.285215,222.772992,230.688755,154.67051,-124.118229,-8.11721151,-123.088018,0,0,0,0,0,0,1.51660079,2.04265446
16.329751,right_stick_right,right,1,0,23,0,55.041504,32.958984,-138.647461,58.601074,97.822266,13.161621,222.772992,230.688755,154.67051,126.369178,-2.77556821,125.285215,222.772992,230.688755,154.67051,-124.118229,-8.11721151,-123.088018,0,0,0,0,0,0,0,0
16.3548427,right_stick_right,right,1,0,24,0,55.041504,32.958984,-138.647461,58.601074,97.822266,13.161621,222.772992,230.688755,154.67051,126.369178,-2.77556821,125.285215,222.772992,230.688755,154.67051,-124.118229,-8.11721151,-123.088018,0,0,0,0,0,0,0,0
16.3799593,right_stick_right,right,1,0,25,0,55.041504,32.958984,-138.625488,58.579102,97.822266,13.161621,222.782041,230.774996,154.692841,126.382697,-2.77631857,125.314483,222.772992,230.688755,154.67051,-124.118229,-8.11721151,-123.088018,0.0310738075,0.021973,0.0895435951,0.00904900185,0.0862410432,0.0223305499,1.23717804,3.56510446
16.4053774,right_stick_right,right,1,0,26,0,55.041504,32.958984,-138.647461,58.579102,97.822266,13.161621,222.740385,230.715414,154.669621,126.387007,-2.7560881,125.292141,222.772992,230.688755,154.67051,-124.118229,-8.11721151,-123.088018,0.021972,0.021972,0.0421269392,-0.0326063502,0.026659222,-0.000889276407,0.864464659,3.00248316
16.4304712,right_stick_right,right,1,0,27,0,55.041504,32.958984,-138.647461,58.579102,97.822266,13.161621,222.740385,230.715414,154.669621,126.387007,-2.7560881,125.292141,222.772992,230.688755,154.67051,-124.118229,-8.11721151,-123.088018,0.021972,0.021972,0.0421269392,-0.0326063502,0.026659222,-0.000889276407,0,0
16.455564,right_stick_right,right,1,0,28,0,55.041504,32.958984,-138.647461,58.579102,97.822266,13.161621,222.740385,230.715414,154.669621,126.387007,-2.7560881,125.292141,222.772992,230.688755,154.67051,-124.118229,-8.11721151,-123.088018,0.021972,0.021972,0.0421269392,-0.0326063502,0.026659222,-0.000889276407,0,0
16.480649,right_stick_right,right,1,0,29,0,55.019531,32.958984,-138.647461,58.601074,97.822266,13.161621,222.861445,230.603304,154.67051,126.357963,-2.7995629,125.27402,222.772992,230.688755,154.67051,-124.118229,-8.11721151,-123.088018,0.021973,0.021973,0.12298681,0.0884530293,-0.0854506709,0,1.23874195,6.57761818
16.5057471,right_stick_right,right,1,0,30,0,55.019531,32.958984,-138.647461,58.579102,97.822266,13.139648,222.828849,230.629976,154.669621,126.365644,-2.75562225,125.269755,222.772992,230.688755,154.67051,-124.118229,-8.11721151,-123.088018,0.0380577751,0.021973,0.0810909934,0.0558569053,-0.0587789462,-0.000889276407,1.23809474,1.67849214
16.5308666,right_stick_right,right,1,0,31,0,55.041504,32.958984,-138.647461,58.557129,97.822266,13.161621,222.707768,230.742062,154.668736,126.404836,-2.73660335,125.299065,222.772992,230.688755,154.67051,-124.118229,-8.11721151,-123.088018,0.043945,0.043945,0.0842557941,-0.0652241007,0.0533076692,-0.00177423783,1.51508936,6.568567
16.533649,return_center_after_right,center,0,0,0,0,55.041504,32.958984,-138.647461,58.557129,97.822266,13.161621,222.707768,230.742062,154.668736,126.404836,-2.73660335,125.299065,222.772992,230.688755,154.67051,126.369178,-2.77556821,125.285215,0.043945,0.043945,0.0842557941,-0.0652241007,0.0533076692,-0.00177423783,0,0
16.5587859,return_center_after_right,center,0,0,1,0,55.019531,32.958984,-138.647461,58.513184,97.844238,13.161621,222.731473,230.715654,154.691233,126.408248,-2.71564215,125.327653,222.772992,230.688755,154.67051,126.369178,-2.77556821,125.285215,0.0932214225,0.08789,0.0536358092,-0.0415188408,0.0268990167,0.0207226634,2.14112764,1.6715418
16.5838256,return_center_after_right,center,0,0,2,0,54.997559,32.958984,-138.647461,58.491211,97.844238,13.161621,222.787305,230.656859,154.690361,126.414866,-2.72016659,125.323393,222.772992,230.688755,154.67051,126.369178,-2.77556821,125.285215,0.120348704,0.109863,0.0402028389,0.014313376,-0.0318956198,0.0198510696,1.24098297,3.23826809
16.6089222,return_center_after_right,center,0,0,3,0,54.997559,32.937012,-138.625488,58.469238,97.844238,13.117676,222.779794,230.719363,154.621916,126.412341,-2.65174748,125.307951,222.772992,230.688755,154.67051,126.369178,-2.77556821,125.285215,0.150636673,0.131836,0.0578322036,0.00680205244,0.0306085571,-0.0485943627,2.31640272,3.70545234
16.6340027,return_center_after_right,center,0,0,4,0,54.975586,32.937012,-138.647461,58.425293,97.866211,13.117676,222.761727,230.633346,154.621246,126.420085,-2.61060324,125.314175,222.772992,230.688755,154.67051,126.369178,-2.77556821,125.285215,0.198970444,0.175781,0.0749929258,-0.0112649088,-0.0554087307,-0.0492637119,2.31791516,3.50459289
16.6591132,return_center_after_right,center,0,0,5,0,54.975586,32.937012,-138.647461,58.40332,97.866211,13.117676,222.72907,230.659945,154.620391,126.437902,-2.5911156,125.3211,222.772992,230.688755,154.67051,126.369178,-2.77556821,125.285215,0.218625072,0.197754,0.0726015788,-0.0439216536,-0.0288095276,-0.050118746,0.875052855,1.67767887
16.6842034,return_center_after_right,center,0,0,6,0,54.953613,32.937012,-138.625488,58.359375,97.866211,13.117676,222.793934,230.68721,154.641902,126.45798,-2.59635306,125.346166,222.772992,230.688755,154.67051,126.369178,-2.77556821,125.285215,0.266404095,0.241699,0.0354877607,0.0209420896,-0.00154449988,-0.0286081206,2.14513172,2.93244846
16.7093134,return_center_after_right,center,0,0,7,0,54.931641,32.937012,-138.625488,58.293457,97.866211,13.117676,222.784357,230.681483,154.639393,126.500227,-2.56189218,125.355769,222.772992,230.688755,154.67051,126.369178,-2.77556821,125.285215,0.333955094,0.307617,0.0339163853,0.0113648406,-0.00727107098,-0.0311174086,2.76716227,0.455491239
16.734525,return_center_after_right,center,0,0,8,0,54.909668,32.937012,-138.625488,58.205566,97.910156,13.07373,222.742931,230.713645,154.684625,126.497717,-2.44709051,125.401876,222.772992,230.688755,154.67051,126.369178,-2.77556821,125.285215,0.436144896,0.395508,0.0415019574,-0.0300609043,0.0248900443,0.014115247,4.35767342,2.74700084
16.7632322,return_center_after_right,center,0,0,9,0,54.865723,32.915039,-138.625488,58.095703,97.910156,13.051758,222.739568,230.651674,154.589797,126.558534,-2.3530397,125.380564,222.772992,230.688755,154.67051,126.369178,-2.77556821,125.285215,0.555434347,0.505371,0.0949041029,-0.0334239962,-0.0370805232,-0.0807134439,4.26157448,3.94785072
16.7883449,return_center_after_right,center,0,0,10,0,54.84375,32.915039,-138.603516,58.029785,97.932129,13.051758,222.772048,230.710797,154.634931,126.575244,-2.33278744,125.43863,222.772992,230.688755,154.67051,126.369178,-2.77556821,125.285215,0.627279722,0.571289,0.0418638222,-0.000944214389,0.0220420611,-0.0355785836,3.03096702,3.23199367
16.8134449,return_center_after_right,center,0,0,11,0,54.821777,32.915039,-138.603516,57.98584,97.932129,13.029785,222.794975,230.678267,154.633387,126.58938,-2.29335494,125.430182,222.772992,230.688755,154.67051,126.369178,-2.77556821,125.285215,0.678310965,0.615234,0.0444001089,0.0219828001,-0.0104876259,-0.0371232525,2.1442963,1.58674583
16.8385501,return_center_after_right,center,0,0,12,0,54.777832,32.915039,-138.581543,57.875977,97.954102,13.007812,222.850281,230.704583,154.677132,126.620109,-2.23364946,125.479895,222.772992,230.688755,154.67051,126.369178,-2.77556821,125.285215,0.801625142,0.725097,0.0791708145,0.0772891717,0.01582872,0.00662219257,4.95099617,2.99802984
16.8643141,return_center_after_right,center,0,0,13,0,54.755859,32.915039,-138.581543,57.766113,97.976074,13.007812,222.775074,230.756759,154.697729,126.676734,-2.15419661,125.529416,222.772992,230.688755,154.67051,126.369178,-2.77556821,125.285215,0.912328555,0.834961,0.0732784389,0.00208206265,0.0680039813,0.0272186176,4.43153056,3.64159707
16.8921678,return_center_after_right,center,0,0,14,0,54.711914,32.893066,-138.581543,57.634277,97.998047,12.98584,222.738613,230.726032,154.626842,126.734177,-2.0347603,125.541032,222.772992,230.688755,154.67051,126.369178,-2.77556821,125.285215,1.05537401,0.966797,0.0669204266,-0.0343782895,0.037277347,-0.0436677925,5.17289149,3.06711114
16.9180942,return_center_after_right,center,0,0,15,0,54.667969,32.893066,-138.581543,57.546387,98.02002,12.963867,222.784412,230.666064,154.648357,126.75151,-1.97452409,125.56139,222.772992,230.688755,154.67051,126.369178,-2.77556821,125.285215,1.15706384,1.054687,0.0337053709,0.0114198425,-0.0226906775,-0.0221533831,3.97512058,3.02639514
16.9432931,return_center_after_right,center,0,0,16,0,54.624023,32.893066,-138.581543,57.414551,98.041992,12.941895,222.764223,230.658461,154.668627,126.804312,-1.87519997,125.595636,222.772992,230.688755,154.67051,126.369178,-2.77556821,125.285215,1.29899061,1.186523,0.0315935923,-0.00876882178,-0.0302938614,-0.00188276463,5.65099862,1.17473891
16.9685149,return_center_after_right,center,0,0,17,0,54.580078,32.871094,-138.55957,57.32666,98.063965,12.919922,222.835069,230.633801,154.622693,126.821564,-1.81500613,125.616066,222.772992,230.688755,154.67051,126.369178,-2.77556821,125.285215,1.40332865,1.274414,0.0957074797,0.0620770934,-0.0549536679,-0.0478168437,4.26788501,3.48750719
16.9943247,return_center_after_right,center,0,0,18,0,54.536133,32.871094,-138.55957,57.172852,98.10791,12.897949,222.781901,230.657525,154.6669,126.870877,-1.6903648,125.683369,222.772992,230.688755,154.67051,126.369178,-2.77556821,125.285215,1.56900696,1.428222,0.0326751494,0.00890886838,-0.0312292372,-0.00361001348,6.48351896,2.83235216
17.0194407,return_center_after_right,center,0,0,19,0,54.492188,32.871094,-138.537598,57.041016,98.10791,12.854004,222.802808,230.70254,154.686666,126.929398,-1.59229578,125.703339,222.772992,230.688755,154.67051,126.369178,-2.77556821,125.285215,1.71217531,1.560058,0.0366068223,0.029815858,0.0137857284,0.016156353,5.86865049,2.12710608
17.044539,return_center_after_right,center,0,0,20,0,54.448242,32.849121,-138.537598,56.90918,98.151855,12.832031,222.765356,230.675919,154.640868,126.965523,-1.46730031,125.741076,222.772992,230.688755,154.67051,126.369178,-2.77556821,125.285215,1.85899525,1.691894,0.0331918353,-0.00763573778,-0.0128354702,-0.0296419321,5.93769025,2.58484243
17.0697439,return_center_after_right,center,0,0,21,0,54.404297,32.849121,-138.515625,56.777344,98.151855,12.832031,222.785903,230.720284,154.660966,127.044841,-1.41808583,125.783319,222.772992,230.688755,154.67051,126.369178,-2.77556821,125.285215,1.99467615,1.82373,0.0353819024,0.0129111824,0.0315292259,-0.00954401929,5.58199714,2.09726731
17.0948353,return_center_after_right,center,0,0,22,0,54.338379,32.827148,-138.515625,56.57959,98.195801,12.788086,222.736902,230.685493,154.61399,127.112388,-1.23411445,125.819761,222.772992,230.688755,154.67051,126.369178,-2.77556821,125.285215,2.21237442,2.021484,0.0671392309,-0.0360899288,-0.00326111849,-0.0565204253,8.71315626,3.03998534
17.1199954,return_center_after_right,center,0,0,23,0,54.294434,32.827148,-138.493652,56.447754,98.217773,12.744141,222.757366,230.734656,154.658783,127.149205,-1.13019051,125.866161,222.772992,230.688755,154.67051,126.369178,-2.77556821,125.285215,2.35937574,2.15332,0.0498857578,-0.0156253017,0.0459012325,-0.0117267061,5.92309978,2.76573214
17.1450818,return_center_after_right,center,0,0,24,0,54.206543,32.805176,-138.493652,56.271973,98.261719,12.700195,222.829166,230.587523,154.612807,127.1878,-0.99027065,125.884757,222.772992,230.688755,154.67051,126.369178,-2.77556821,125.285215,2.56421886,2.329101,0.129356297,0.056173825,-0.101231953,-0.0577030726,8.26303374,6.77858568
17.1701798,return_center_after_right,center,0,0,25,0,54.162598,32.805176,-138.47168,56.140137,98.283691,12.678223,222.849209,230.635881,154.65799,127.234942,-0.910804715,125.942399,222.772992,230.688755,154.67051,126.369178,-2.77556821,125.285215,2.70736573,2.460937,0.0936023569,0.0762168537,-0.0528738218,-0.0125200404,5.74083648,2.75519479
17.1952734,return_center_after_right,center,0,0,26,0,54.09668,32.783203,-138.449707,55.898438,98.327637,12.634277,222.774229,230.709139,154.634786,127.332269,-0.707517933,126.015979,222.772992,230.688755,154.67051,126.369178,-2.77556821,125.285215,2.96655202,2.702636,0.0411490447,0.00123705964,0.0203842609,-0.0357238781,10.3605912,4.27856837
17.2203696,return_center_after_right,center,0,0,27,0,54.030762,32.783203,-138.449707,55.788574,98.349609,12.590332,222.873046,230.586721,154.657398,127.344805,-0.627779626,126.021855,222.772992,230.688755,154.67051,126.369178,-2.77556821,125.285215,3.09939075,2.8125,0.143504358,0.100054067,-0.102033151,-0.013111849,5.46774809,6.33326084
17.2454629,return_center_after_right,center,0,0,28,0,53.964844,32.76123,-138.427734,55.568848,98.393555,12.546387,222.830473,230.632895,154.635245,127.424109,-0.444198157,126.088718,222.772992,230.688755,154.67051,126.369178,-2.77556821,125.285215,3.33854188,3.032226,0.0875677706,0.057481737,-0.0558597821,-0.0352654096,9.55206543,2.6539745
17.2706115,return_center_after_right,center,0,0,29,0,53.920898,32.76123,-138.427734,55.415039,98.4375,12.524414,222.773697,230.651893,154.681986,127.472182,-0.319781323,126.156803,222.772992,230.688755,154.67051,126.369178,-2.77556821,125.285215,3.50407036,3.186035,0.0386126895,0.000705308107,-0.0368611817,0.0114758707,6.65401179,3.02026888
17.2957211,return_center_after_right,center,0,0,30,0,53.833008,32.739258,-138.405762,55.195312,98.459473,12.458496,222.818223,230.605598,154.636278,127.550524,-0.141592736,126.175735,222.772992,230.688755,154.67051,126.369178,-2.77556821,125.285215,3.75057233,3.405762,0.100661428,0.0452308422,-0.083156839,-0.0342320641,9.90031757,3.13966212
17.3208265,return_center_after_right,center,0,0,31,0,53.76709,32.739258,-138.383789,55.019531,98.503418,12.458496,222.858327,230.621963,154.706805,127.610593,-0.0660555471,126.274189,222.772992,230.688755,154.67051,126.369178,-2.77556821,125.285215,3.94052491,3.581543,0.114282199,0.0853348112,-0.0667914172,0.0362945933,7.72966802,3.29671984
17.3459067,return_center_after_right,center,0,0,32,0,53.701172,32.717285,-138.361816,54.777832,98.525391,12.392578,222.779752,230.684791,154.661756,127.716942,0.15641216,126.311294,222.772992,230.688755,154.67051,126.369178,-2.77556821,125.285215,4.1999396,3.823242,0.011749217,0.00676068738,-0.00396344618,-0.0087537592,10.4398799,4.39509042
17.3711615,return_center_after_right,center,0,0,33,0,53.635254,32.695312,-138.339844,54.645996,98.569336,12.370605,222.869348,230.625997,154.641963,127.736027,0.23649486,126.361868,222.772992,230.688755,154.67051,126.369178,-2.77556821,125.285215,4.35524421,3.955078,0.118482257,0.0963564387,-0.0627580277,-0.0285466624,6.27395671,4.31510834
17.3962426,return_center_after_right,center,0,0,34,0,53.547363,32.695312,-138.317871,54.382324,98.613281,12.32666,222.861824,230.655559,154.713231,127.832829,0.415525158,126.455867,222.772992,230.688755,154.67051,126.369178,-2.77556821,125.285215,4.64018599,4.21875,0.10401038,0.0888320148,-0.0331958927,0.0427207797,11.3888161,3.09082677
17.4213312,return_center_after_right,center,0,0,35,0,53.503418,32.67334,-138.295898,54.272461,98.635254,12.282715,222.895915,230.650626,154.669616,127.855261,0.51950395,126.473402,222.772992,230.688755,154.67051,126.369178,-2.77556821,125.285215,4.76877482,4.328613,0.128703843,0.122923013,-0.0381288972,-0.000893957725,5.25480775,2.21522411
17.4495223,return_center_after_right,center,0,0,36,0,53.393555,32.651367,-138.273926,53.942871,98.701172,12.260742,222.857131,230.650021,154.674979,-127.960826,-0.733424414,-126.564172,222.772992,230.688755,154.67051,126.369178,-2.77556821,125.285215,5.12179719,4.658203,0.0927344893,0.0841392078,-0.038733858,0.00446849829,12.6159926,1.38900075
17.474612,return_center_after_right,center,0,0,37,0,53.349609,32.651367,-138.251953,53.811035,98.723145,12.194824,222.873993,230.692225,154.723159,-127.922398,-0.861797601,-126.540939,222.772992,230.688755,154.67051,126.369178,-2.77556821,125.285215,5.27297985,4.790039,0.113952691,0.101001373,0.00347066528,0.0526487694,6.25420996,2.6398688
17.4997277,return_center_after_right,center,0,0,38,0,53.283691,32.629395,-138.251953,53.657227,98.745117,12.172852,222.884713,230.592326,154.65679,-127.912717,-0.975032898,-126.477295,222.772992,230.688755,154.67051,126.369178,-2.77556821,125.285215,5.44296824,4.943847,0.148217306,0.11172109,-0.0964288392,-0.0137203105,6.83281634,4.79439048
17.5248358,return_center_after_right,center,0,0,39,0,53.239746,32.607422,-138.22998,53.481445,98.789062,12.150879,222.816099,230.665657,154.638587,-127.834892,-1.11763439,-126.412782,222.772992,230.688755,154.67051,126.369178,-2.77556821,125.285215,5.63126212,5.119629,0.0584020903,0.0431068456,-0.0230975132,-0.0319234849,7.57880765,4.06492334
17.5499682,return_center_after_right,center,0,0,40,0,53.129883,32.585449,-138.186035,53.173828,98.833008,12.084961,222.851358,230.68806,154.645277,-127.744122,-1.33377256,-126.303776,222.772992,230.688755,154.67051,126.369178,-2.77556821,125.285215,5.97013672,5.427246,0.0823310883,0.0783657966,-0.000694811694,-0.0252334551,13.5159634,1.68333969
17.5750544,return_center_after_right,center,0,0,41,0,53.063965,32.585449,-138.186035,53.041992,98.85498,12.084961,222.912244,230.584966,154.670893,-127.707173,-1.38271515,-126.252839,222.772992,230.688755,154.67051,126.369178,-2.77556821,125.285215,6.11491541,5.559082,0.173676126,0.139252561,-0.103788122,0.000383135572,5.94055651,4.88079182
17.6001472,return_center_after_right,center,0,0,42,0,53.02002,32.563477,-138.164062,52.866211,98.898926,12.019043,222.842381,230.656204,154.653668,-127.649843,-1.57357425,-126.210174,222.772992,230.688755,154.67051,126.369178,-2.77556821,125.285215,6.31108808,5.734863,0.0784732527,0.069389239,-0.0325502995,-0.0168422952,7.97758494,4.03518558
17.6252408,return_center_after_right,center,0,0,43,0,52.976074,32.563477,-138.14209,52.712402,98.942871,11.975098,222.823743,230.72537,154.727827,-127.565619,-1.70072033,-126.180481,222.772992,230.688755,154.67051,126.369178,-2.77556821,125.285215,6.4821198,5.888672,0.0848622322,0.0507510031,0.0366154443,0.0573170426,6.89472492,4.10887226
17.6503115,return_center_after_right,center,0,0,44,0,52.866211,32.519531,-138.120117,52.404785,98.986816,11.953125,222.795476,230.662482,154.621733,-127.498703,-1.90460997,-126.037136,222.772992,230.688755,154.67051,126.369178,-2.77556821,125.285215,6.81276353,6.196289,0.0597910685,0.0224842652,-0.0262729219,-0.0487766672,13.3205586,5.04693222
17.6756232,return_center_after_right,center,0,0,45,0,52.800293,32.519531,-138.076172,52.229004,99.008789,11.887207,222.873687,230.721283,154.696133,-127.430763,-2.02692418,-125.997094,222.772992,230.688755,154.67051,126.369178,-2.77556821,125.285215,7.0126857,6.37207,0.10887662,0.100695073,0.032528264,0.0256228944,8.09692754,4.85632748
17.7007406,return_center_after_right,center,0,0,46,0,52.756348,32.497559,-138.076172,52.075195,99.052734,11.865234,222.792889,230.707962,154.656209,-127.382092,-2.16714233,-125.943548,222.772992,230.688755,154.67051,126.369178,-2.77556821,125.285215,7.17934465,6.525879,0.0311347136,0.0198976811,0.0192072338,-0.014301568,6.71945982,3.62706015
17.7288287,return_center_after_right,center,0,0,47,0,52.646484,32.475586,-138.032227,51.789551,99.09668,11.821289,222.857964,230.697687,154.666363,-127.285057,-2.33646606,-125.841901,222.772992,230.688755,154.67051,126.369178,-2.77556821,125.285215,7.49438282,6.811523,0.0855408784,0.0849720648,0.00893241713,-0.00414752976,11.2549925,2.37319321
17.7539189,return_center_after_right,center,0,0,48,0,52.602539,32.475586,-138.010254,51.635742,99.140625,11.777344,222.837581,230.763411,154.742104,-127.199366,-2.46228945,-125.812624,222.772992,230.688755,154.67051,126.369178,-2.77556821,125.285215,7.66540278,6.965332,0.121947115,0.0645893648,0.0746563302,0.0715943088,6.89563709,4.0785763
17.779006,return_center_after_right,center,0,0,49,0,52.536621,32.453613,-138.010254,51.481934,99.162598,11.755371,222.843945,230.657769,154.6786,-127.187502,-2.57282586,-125.748543,222.772992,230.688755,154.67051,126.369178,-2.77556821,125.285215,7.83530821,7.11914,0.0778455776,0.0709533969,-0.0309854117,0.00809034583,6.84062403,4.9198074
17.8041298,return_center_after_right,center,0,0,50,0,52.492676,32.431641,-137.966309,51.306152,99.18457,11.711426,222.81468,230.775546,154.663007,-127.119828,-2.71297106,-125.680474,222.772992,230.688755,154.67051,126.369178,-2.77556821,125.285215,8.02579638,7.294922,0.0965767109,0.0416885986,0.0867918926,-0.0075026136,7.72404241,4.87012807
17.8292136,return_center_after_right,center,0,0,51,0,52.382812,32.409668,-137.944336,51.020508,99.250488,11.645508,222.833632,230.708895,154.675947,-127.028794,-2.9289692,-125.604794,222.772992,230.688755,154.67051,126.369178,-2.77556821,125.285215,8.34674629,7.580566,0.0641284857,0.0606403481,0.0201407724,0.00543692423,12.8143398,2.81021986
17.8542953,return_center_after_right,center,0,0,52,0,52.316895,32.409668,-137.922363,50.866699,99.272461,11.645508,222.900415,230.681507,154.728413,-126.959092,-2.9761416,-125.543428,222.772992,230.688755,154.67051,126.369178,-2.77556821,125.285215,8.51312106,7.734375,0.140149645,0.127423331,-0.00724745,0.0579024368,6.78582347,3.5577437
17.8793788,return_center_after_right,center,0,0,53,0,52.272949,32.387695,-137.922363,50.668945,99.294434,11.601562,222.747297,230.706727,154.667315,-126.929776,-3.17265063,-125.444102,222.772992,230.688755,154.67051,126.369178,-2.77556821,125.285215,8.71990643,7.932129,0.0315189127,-0.0256946834,0.0179726942,-0.00319489632,8.35632509,6.64880173
17.9045339,return_center_after_right,center,0,0,54,0,52.229004,32.387695,-137.878418,50.537109,99.338379,11.557617,222.80396,230.802153,154.767524,-126.826833,-3.25904898,-125.439837,222.772992,230.688755,154.67051,126.369178,-2.77556821,125.285215,8.8728188,8.063965,0.152413453,0.0309681968,0.113397942,0.097014114,6.29880175,5.94423404
17.9296274,return_center_after_right,center,0,0,55,0,52.141113,32.34375,-137.856445,50.29541,99.382324,11.513672,222.783836,230.741638,154.664877,-126.777945,-3.44927678,-125.348853,222.772992,230.688755,154.67051,126.369178,-2.77556821,125.285215,9.14057211,8.305664,0.0542771351,0.0108447263,0.0528834868,-0.00563348317,10.7242189,4.81577311
17.9572511,return_center_after_right,center,0,0,56,0,52.03125,32.321777,-137.8125,50.009766,99.42627,11.447754,222.843625,230.721057,154.679589,-126.687269,-3.63987838,-125.259334,222.772992,230.688755,154.67051,126.369178,-2.77556821,125.285215,9.45968096,8.591308,0.0781979221,0.0706333749,0.0323020169,0.00907860471,11.581604,2.35019286
17.9823349,return_center_after_right,center,0,0,57,0,52.009277,32.299805,-137.8125,49.921875,99.448242,11.447754,222.774658,230.711702,154.615688,-126.664625,-3.71484749,-125.214228,222.772992,230.688755,154.67051,126.369178,-2.77556821,125.285215,9.55173862,8.679199,0.0594543662,0.00166640391,0.0229472909,-0.054822136,3.81827256,3.7667437
18.0073998,return_center_after_right,center,0,0,58,0,51.899414,32.277832,-137.768555,49.592285,99.492188,11.381836,222.763299,230.73558,154.633136,-126.557292,-3.94259729,-125.089775,222.772992,230.688755,154.67051,126.369178,-2.77556821,125.285215,9.9107884,9.008789,0.0606910054,-0.00969227694,0.0468254611,-0.0373742438,14.3510394,1.2639123
18.0325003,return_center_after_right,center,0,0,59,0,51.877441,32.277832,-137.768555,49.504395,99.51416,11.359863,222.711673,230.748311,154.661211,-126.520803,-4.02300327,-125.063065,222.772992,230.688755,154.67051,126.369178,-2.77556821,125.285215,10.0053058,9.096679,0.0859846714,-0.0613186255,0.0595560597,-0.00929869041,3.81570637,2.39556204
18.0586967,return_center_after_right,center,0,0,60,0,51.767578,32.255859,-137.724609,49.21875,99.580078,11.315918,222.769092,230.728229,154.702326,-126.392431,-4.19152518,-124.98401,222.772992,230.688755,154.67051,126.369178,-2.77556821,125.285215,10.3242025,9.382324,0.0508502409,-0.0039001805,0.0394748406,0.031816231,12.2125992,2.80268576
18.0838277,return_center_after_right,center,0,0,61,0,51.723633,32.233887,-137.702637,49.064941,99.602051,11.271973,222.726741,230.757927,154.665608,-126.352965,-4.32886877,-124.927021,222.772992,230.688755,154.67051,126.369178,-2.77556821,125.285215,10.4929959,9.536133,0.0833542722,-0.0462503935,0.0691722756,-0.00490225378,6.77249736,2.52408871
18.1089492,return_center_after_right,center,0,0,62,0,51.635742,32.211914,-137.658691,48.845215,99.645996,11.206055,222.800062,230.746655,154.680231,-126.27222,-4.48461449,-124.879735,222.772992,230.688755,154.67051,126.369178,-2.77556821,125.285215,10.745325,9.755859,0.0646508929,0.0270704105,0.0579002083,0.0097209418,10.1248784,3.00976937
18.1340525,return_center_after_right,center,0,0,63,0,51.569824,32.189941,-137.636719,48.647461,99.667969,11.184082,222.775126,230.735582,154.646166,-126.217844,-4.61068638,-124.787727,222.772992,230.688755,154.67051,126.369178,-2.77556821,125.285215,10.9570653,9.953613,0.052820358,0.0021338862,0.0468275821,-0.0243436706,8.48624212,1.73858886
18.1591749,return_center_after_right,center,0,0,64,0,51.525879,32.189941,-137.614746,48.493652,99.711914,11.184082,222.749761,230.791091,154.726362,-126.108525,-4.68346574,-124.737192,222.772992,230.688755,154.67051,126.369178,-2.77556821,125.285215,11.1202049,10.107422,0.118877617,-0.0232305758,0.102336584,0.0558520519,6.66094767,4.01143053
18.1863999,return_center_after_right,center,0,0,65,0,51.416016,32.145996,-137.570801,48.208008,99.755859,11.118164,222.786343,230.737294,154.653829,-126.037553,-4.88926222,-124.641097,222.772992,230.688755,154.67051,126.369178,-2.77556821,125.285215,11.4409191,10.393066,0.0530337401,0.0133516258,0.0485390556,-0.0166814796,11.8340308,3.5788709
18.2115066,return_center_after_right,center,0,0,66,0,51.37207,32.145996,-137.548828,48.054199,99.799805,11.074219,222.760306,230.791323,154.734639,-125.947091,-5.01065805,-124.613209,222.772992,230.688755,154.67051,126.369178,-2.77556821,125.285215,11.6119408,10.546875,0.121629563,-0.0126858634,0.102568732,0.0641285801,6.89113903,4.00830145
18.2366266,return_center_after_right,center,0,0,67,0,51.306152,32.124023,-137.526855,47.900391,99.821777,11.030273,222.804589,230.731925,154.699431,-125.917659,-5.12293049,-124.567746,222.772992,230.688755,154.67051,126.369178,-2.77556821,125.285215,11.7877512,10.700683,0.0608154724,0.0315973908,0.0431706745,0.0289209171,7.05209985,3.26547301
18.26173,return_center_after_right,center,0,0,68,0,51.262207,32.102051,-137.504883,47.746582,99.84375,10.986328,222.760119,230.757487,154.664424,-125.876473,-5.25875373,-124.511026,222.772992,230.688755,154.67051,126.369178,-2.77556821,125.285215,11.9566383,10.854492,0.0701922535,-0.0128730466,0.0687328251,-0.00608571027,6.77995867,2.47380654
18.2868536,return_center_after_right,center,0,0,69,0,51.174316,32.080078,-137.460938,47.504883,99.887695,10.964355,222.795132,230.762343,154.682857,-125.766058,-5.38202296,-124.424422,222.772992,230.688755,154.67051,126.369178,-2.77556821,125.285215,12.2210836,11.096191,0.077832009,0.0221398167,0.0735880941,0.012346763,10.6037438,1.58676136
18.3119721,return_center_after_right,center,0,0,70,0,51.108398,32.058105,-137.460938,47.329102,99.931641,10.942383,222.757861,230.672711,154.650575,-125.71585,-5.50959854,-124.363186,222.772992,230.688755,154.67051,126.369178,-2.77556821,125.285215,12.4145308,11.271972,0.0297276554,-0.0151304213,-0.0160435737,-0.0199350844,7.7750045,4.07262921
18.3370471,return_center_after_right,center,0,0,71,0,51.020508,32.036133,-137.39502,47.043457,99.975586,10.876465,222.76562,230.775686,154.696237,-125.583463,-5.70000857,-124.272365,222.772992,230.688755,154.67051,126.369178,-2.77556821,125.285215,12.7289397,11.557617,0.090957394,-0.00737134491,0.0869311626,0.0257271018,12.6378803,4.50296349
18.3621469,return_center_after_right,center,0,0,72,0,50.95459,32.01416,-137.373047,46.889648,99.997559,10.83252,222.808281,230.713097,154.662327,-125.552821,-5.81124635,-124.227162,222.772992,230.688755,154.67051,126.369178,-2.77556821,125.285215,12.9047975,11.711426,0.0436443189,0.0352891535,0.0243420726,-0.00818325856,7.05782338,3.3063792
18.3872461,return_center_after_right,center,0,0,73,0,50.910645,32.01416,-137.351074,46.713867,100.041504,10.83252,222.744538,230.784834,154.746404,-125.433614,-5.90040398,-124.159548,222.772992,230.688755,154.67051,126.369178,-2.77556821,125.285215,13.0878847,11.887207,0.125701384,-0.0284537143,0.0960796453,0.0758941754,7.4796622,5.08329449
18.4123707,return_center_after_right,center,0,0,74,0,50.866699,31.992188,-137.329102,46.560059,100.063477,10.766602,222.698188,230.806626,154.712924,-125.400291,-6.05938354,-124.114442,222.772992,230.688755,154.67051,126.369178,-2.77556821,125.285215,13.2607295,12.041015,0.145904742,-0.0748039291,0.117871253,0.0424138405,7.05082342,2.43544482
18.4375801,return_center_after_right,center,0,0,75,0,50.778809,31.970215,-137.285156,46.318359,100.107422,10.722656,222.730431,230.805271,154.733798,-125.297357,-6.20531227,-124.0398,222.772992,230.688755,154.67051,126.369178,-2.77556821,125.285215,13.5292159,12.282715,0.13925847,-0.0425606855,0.116516491,0.0632883624,10.6749622,1.5246067
18.4659956,return_center_after_right,center,0,0,76,0,50.668945,31.92627,-137.241211,46.032715,100.17334,10.700684,222.760414,230.743313,154.690901,-125.177274,-6.36086533,-123.942685,222.772992,230.688755,154.67051,126.369178,-2.77556821,125.285215,13.8459639,12.568359,0.0595867294,-0.012577783,0.0545581732,0.0203907684,11.2588908,2.85425583
18.4911022,return_center_after_right,center,0,0,77,0,50.625,31.904297,-137.219238,45.878906,100.195312,10.656738,222.712978,230.762931,154.658277,-125.133817,-6.49448681,-123.88631,222.772992,230.688755,154.67051,126.369178,-2.77556821,125.285215,14.0148863,12.722168,0.096194988,-0.0600140598,0.0741763919,-0.012233202,6.77907272,2.42257069
18.5162208,return_center_after_right,center,0,0,78,0,50.581055,31.904297,-137.175293,45.74707,100.217285,10.612793,222.764929,230.837821,154.739692,-125.051175,-6.57356616,-123.864555,222.772992,230.688755,154.67051,126.369178,-2.77556821,125.285215,14.1645087,12.854004,0.164535399,-0.00806243419,0.149066211,0.0691820737,6.12329085,4.86542188
18.5413315,return_center_after_right,center,0,0,79,0,50.537109,31.882324,-137.175293,45.615234,100.239258,10.612793,222.707672,230.779655,154.682182,-125.021307,-6.6575745,-123.794424,222.772992,230.688755,154.67051,126.369178,-2.77556821,125.285215,14.3033725,12.98584,0.112542768,-0.0653197965,0.090900912,0.0116714648,5.67086307,3.9762007
18.566443,return_center_after_right,center,0,0,80,0,50.449219,31.860352,-137.109375,45.32959,100.305176,10.546875,222.710876,230.87613,154.75644,-124.859103,-6.84805976,-123.726086,222.772992,230.688755,154.67051,126.369178,-2.77556821,125.285215,14.6217581,13.271484,0.215294773,-0.0621156516,0.187375256,0.0859301955,12.7702645,4.84983756
18.591547,return_center_after_right,center,0,0,81,0,50.427246,31.838379,-137.109375,45.285645,100.305176,10.546875,222.708936,230.811567,154.66793,-124.877463,-6.87907999,-123.693802,222.772992,230.688755,154.67051,126.369178,-2.77556821,125.285215,14.6702157,13.315429,0.13853772,-0.0640556864,0.12281251,-0.00257992982,2.1439501,4.36473858
18.6166544,return_center_after_right,center,0,0,82,0,50.339355,31.816406,-137.087402,45,100.349121,10.480957,222.620534,230.791336,154.671387,-124.788055,-7.10172323,-123.587484,222.772992,230.688755,154.67051,126.369178,-2.77556821,125.285215,14.9803085,13.601074,0.183758506,-0.152457982,0.102581597,0.000876470699,12.376472,3.61461498
18.6417651,return_center_after_right,center,0,0,83,0,50.317383,31.816406,-137.06543,44.956055,100.349121,10.50293,222.682352,230.803697,154.698495,-124.749874,-7.07234548,-123.561085,222.772992,230.688755,154.67051,126.369178,-2.77556821,125.285215,15.0255051,13.645019,0.149032049,-0.0906401513,0.114942469,0.0279847041,2.31509005,2.73280962
18.6668558,return_center_after_right,center,0,0,84,0,50.251465,31.794434,-137.021484,44.736328,100.393066,10.437012,222.658595,230.857882,154.720737,-124.650185,-7.2454314,-123.50488,222.772992,230.688755,154.67051,126.369178,-2.77556821,125.285215,15.2711539,13.864746,0.210269775,-0.114396273,0.169127627,0.0502266563,9.86898446,2.51912986
18.6944122,return_center_after_right,center,0,0,85,0,50.185547,31.772461,-136.999512,44.58252,100.415039,10.393066,222.697695,230.787889,154.689726,-124.616836,-7.35429975,-123.460349,222.772992,230.688755,154.67051,126.369178,-2.77556821,125.285215,15.4470423,14.018554,0.125961633,-0.0752963061,0.0991339757,0.0192159893,6.42858879,3.11951512
18.7195151,return_center_after_right,center,0,0,86,0,50.163574,31.750488,-136.977539,44.472656,100.437012,10.393066,222.631984,230.845796,154.655129,-124.559371,-7.42437148,-123.404849,222.772992,230.688755,154.67051,126.369178,-2.77556821,125.285215,15.5614039,14.128418,0.211616928,-0.141007533,0.157041445,-0.0153813022,4.71369904,3.7514137
18.7447565,return_center_after_right,center,0,0,87,0,50.119629,31.750488,-136.955566,44.362793,100.458984,10.371094,222.67319,230.840213,154.712625,-124.498687,-7.47781431,-123.38131,222.772992,230.688755,154.67051,126.369178,-2.77556821,125.285215,15.6848906,14.238281,0.186208539,-0.0998013749,0.151458368,0.0421149408,4.92427943,2.81114972
18.7699087,return_center_after_right,center,0,0,88,0,50.075684,31.728516,-136.933594,44.25293,100.480957,10.327148,222.695768,230.812179,154.678217,-124.470532,-7.57343067,-123.36046,222.772992,230.688755,154.67051,126.369178,-2.77556821,125.285215,15.8140087,14.348144,0.145795741,-0.0772233685,0.123424261,0.00770722158,5.24151498,1.97975744
18.794986,return_center_after_right,center,0,0,89,0,50.031738,31.706543,-136.911621,44.121094,100.50293,10.305176,222.68192,230.804938,154.645846,-124.424743,-7.66249854,-123.310513,222.772992,230.688755,154.67051,126.369178,-2.77556821,125.285215,15.9591529,14.47998,0.149669034,-0.0910713171,0.11618322,-0.02466362,5.81203652,1.43338038
18.8201213,return_center_after_right,center,0,0,90,0,50.009766,31.706543,-136.889648,44.077148,100.524902,10.283203,222.743245,230.820755,154.697772,-124.378136,-7.68485913,-123.328245,222.772992,230.688755,154.67051,126.369178,-2.77556821,125.285215,16.0159564,14.523926,0.138030035,-0.0297467623,0.132000825,0.0272617501,2.47255353,3.25825474
18.8465528,return_center_after_right,center,0,0,91,0,49.96582,31.706543,-136.889648,43.945312,100.546875,10.305176,222.701966,230.780582,154.734099,-124.31462,-7.72480162,-123.255193,222.772992,230.688755,154.67051,126.369178,-2.77556821,125.285215,16.1491552,14.655762,0.132364859,-0.0710259653,0.0918270624,0.0635889833,5.38747849,2.5764547
18.8716729,return_center_after_right,center,0,0,92,0,49.943848,31.68457,-136.867676,43.879395,100.546875,10.26123,222.70864,230.790507,154.671539,-124.31778,-7.80458324,-123.237246,222.772992,230.688755,154.67051,126.369178,-2.77556821,125.285215,16.2277989,14.721679,0.120398099,-0.0643514745,0.101752301,0.00102918427,3.49880296,2.53554403
18.89677,return_center_after_right,center,0,0,93,0,49.921875,31.68457,-136.867676,43.769531,100.568848,10.239258,222.614952,230.814324,154.706078,-124.268649,-7.89849549,-123.19333,222.772992,230.688755,154.67051,126.369178,-2.77556821,125.285215,16.3419997,14.831543,0.204961825,-0.15804019,0.125569024,0.035567796,4.6327626,4.09024564
18.9218667,return_center_after_right,center,0,0,94,0,49.899902,31.662598,-136.82373,43.725586,100.568848,10.26123,222.70376,230.857542,154.665075,-124.230403,-7.86918035,-123.167287,222.772992,230.688755,154.67051,126.369178,-2.77556821,125.285215,16.3914248,14.875488,0.182515335,-0.0692315968,0.168787703,-0.00543553299,2.90377306,4.26111257
18.94696,return_center_after_right,center,0,0,95,0,49.87793,31.662598,-136.845703,43.681641,100.59082,10.239258,222.673282,230.763997,154.670152,-124.231229,-7.92668189,-123.166971,222.772992,230.688755,154.67051,126.369178,-2.77556821,125.285215,16.443358,14.919433,0.124914248,-0.0997092914,0.0752429291,-0.000358037232,2.47664593,3.92596395
18.974314,return_center_after_right,center,0,0,96,0,49.833984,31.640625,-136.82373,43.59375,100.612793,10.217285,222.731523,230.713461,154.634276,-124.202502,-7.97928763,-123.152208,222.772992,230.688755,154.67051,126.369178,-2.77556821,125.285215,16.5486634,15.007324,0.0603574336,-0.041469105,0.0247067754,-0.0362340774,3.93523623,3.10910743
18.9994256,return_center_after_right,center,0,0,97,0,49.833984,31.640625,-136.801758,43.571777,100.612793,10.217285,222.74099,230.788675,154.659802,-124.169943,-7.97964684,-123.143772,222.772992,230.688755,154.67051,126.369178,-2.77556821,125.285215,16.5710253,15.029297,0.105464877,-0.0320021958,0.0999201043,-0.0107085259,1.23742471,3.18532633
