t,segment,command,right_stick_x,right_stick_y,sample,alarm,j0,j1,j2,j3,j4,j5,x,y,z,a,b,c,target_x,target_y,target_z,target_a,target_b,target_c,joint_delta_norm_deg,joint_delta_max_deg,tcp_drift_norm_mm,tcp_drift_x_mm,tcp_drift_y_mm,tcp_drift_z_mm,q_speed_norm_deg_s,tcp_speed_norm_mm_s
2.0980835e-05,baseline_fixed_tcp,center,0,0,0,0,55.041504,32.958984,-138.647461,58.623047,97.844238,13.183594,222.806063,230.667821,154.695656,126.340457,-2.81349285,125.315398,222.806063,230.667821,154.695656,126.340457,-2.81349285,125.315398,0,0,0,0,0,0,,
0.0291161537,baseline_fixed_tcp,center,0,0,1,0,55.041504,32.958984,-138.647461,58.601074,97.822266,13.161621,222.772992,230.688755,154.67051,126.369178,-2.77556821,125.285215,222.806063,230.667821,154.695656,126.340457,-2.81349285,125.315398,0.0380577751,0.021973,0.0465212805,-0.0330710951,0.0209336239,-0.0251458864,1.3080443,1.59893467
0.0542290211,baseline_fixed_tcp,center,0,0,2,0,55.041504,32.958984,-138.647461,58.601074,97.822266,13.139648,222.772992,230.688755,154.67051,126.359028,-2.75110427,125.27402,222.806063,230.667821,154.695656,126.340457,-2.81349285,125.315398,0.0538222299,0.043946,0.0465212805,-0.0330710951,0.0209336239,-0.0251458864,0.874969779,0
0.0794658661,baseline_fixed_tcp,center,0,0,3,0,55.041504,32.958984,-138.647461,58.601074,97.822266,13.161621,222.772992,230.688755,154.67051,126.369178,-2.77556821,125.285215,222.806063,230.667821,154.695656,126.340457,-2.81349285,125.315398,0.0380577751,0.021973,0.0465212805,-0.0330710951,0.0209336239,-0.0251458864,0.870671432,0
0.105995655,baseline_fixed_tcp,center,0,0,4,0,55.041504,32.958984,-138.647461,58.601074,97.822266,13.161621,222.772992,230.688755,154.67051,126.369178,-2.77556821,125.285215,222.806063,230.667821,154.695656,126.340457,-2.81349285,125.315398,0.0380577751,0.021973,0.0465212805,-0.0330710951,0.0209336239,-0.0251458864,0,0
0.131089211,baseline_fixed_tcp,center,0,0,5,0,55.041504,32.958984,-138.647461,58.601074,97.822266,13.161621,222.772992,230.688755,154.67051,126.369178,-2.77556821,125.285215,222.806063,230.667821,154.695656,126.340457,-2.81349285,125.315398,0.0380577751,0.021973,0.0465212805,-0.0330710951,0.0209336239,-0.0251458864,0,0
0.156196117,baseline_fixed_tcp,center,0,0,6,0,55.041504,32.958984,-138.647461,58.601074,97.822266,13.161621,222.772992,230.688755,154.67051,126.369178,-2.77556821,125.285215,222.806063,230.667821,154.695656,126.340457,-2.81349285,125.315398,0.0380577751,0.021973,0.0465212805,-0.0330710951,0.0209336239,-0.0251458864,0,0
0.181283951,baseline_fixed_tcp,center,0,0,7,0,55.041504,32.958984,-138.647461,58.579102,97.822266,13.161621,222.740385,230.715414,154.669621,126.387007,-2.7560881,125.292141,222.806063,230.667821,154.695656,126.340457,-2.81349285,125.315398,0.0538214134,0.043945,0.085184714,-0.0656774453,0.0475928459,-0.0260351628,0.87580301,1.67917805
0.206367254,baseline_fixed_tcp,center,0,0,8,0,55.041504,32.958984,-138.647461,58.579102,97.822266,13.161621,222.740385,230.715414,154.669621,126.387007,-2.7560881,125.292141,222.806063,230.667821,154.695656,126.340457,-2.81349285,125.315398,0.0538214134,0.043945,0.085184714,-0.0656774453,0.0475928459,-0.0260351628,0,0
0.231448412,baseline_fixed_tcp,center,0,0,9,0,55.041504,32.958984,-138.647461,58.601074,97.822266,13.161621,222.772992,230.688755,154.67051,126.369178,-2.77556821,125.285215,222.806063,230.667821,154.695656,126.340457,-2.81349285,125.315398,0.0380577751,0.021973,0.0465212805,-0.0330710951,0.0209336239,-0.0251458864,0.876036117,1.67962499
0.256528854,baseline_fixed_tcp,center,0,0,10,0,55.041504,32.958984,-138.647461,58.601074,97.822266,13.161621,222.772992,230.688755,154.67051,126.369178,-2.77556821,125.285215,222.806063,230.667821,154.695656,126.340457,-2.81349285,125.315398,0.0380577751,0.021973,0.0465212805,-0.0330710951,0.0209336239,-0.0251458864,0,0
0.281621456,baseline_fixed_tcp,center,0,0,11,0,55.041504,32.958984,-138.647461,58.601074,97.822266,13.161621,222.772992,230.688755,154.67051,126.369178,-2.77556821,125.285215,222.806063,230.667821,154.695656,126.340457,-2.81349285,125.315398,0.0380577751,0.021973,0.0465212805,-0.0330710951,0.0209336239,-0.0251458864,0,0
0.306726217,baseline_fixed_tcp,center,0,0,12,0,55.041504,32.958984,-138.647461,58.623047,97.822266,13.183594,222.80559,230.662082,154.671404,126.361489,-2.81951164,125.289483,222.806063,230.667821,154.695656,126.340457,-2.81349285,125.315398,0.021972,0.021972,0.0249264432,-0.0004731821,-0.00573879562,-0.0242522142,1.23779368,1.67812218
0.331815481,baseline_fixed_tcp,center,0,0,13,0,55.041504,32.958984,-138.647461,58.623047,97.822266,13.161621,222.80559,230.662082,154.671404,126.351347,-2.79504545,125.278286,222.806063,230.667821,154.695656,126.340457,-2.81349285,125.315398,0.0310738075,0.021973,0.0249264432,-0.0004731821,-0.00573879562,-0.0242522142,0.875792932,0
0.356940031,baseline_fixed_tcp,center,0,0,14,0,55.041504,32.958984,-138.647461,58.601074,97.822266,13.161621,222.772992,230.688755,154.67051,126.369178,-2.77556821,125.285215,222.806063,230.667821,154.695656,126.340457,-2.81349285,125.315398,0.0380577751,0.021973,0.0465212805,-0.0330710951,0.0209336239,-0.0251458864,0.874562932,1.67680045
0.382015228,baseline_fixed_tcp,center,0,0,15,0,55.041504,32.958984,-138.647461,58.601074,97.822266,13.139648,222.772992,230.688755,154.67051,126.359028,-2.75110427,125.27402,222.806063,230.667821,154.695656,126.340457,-2.81349285,125.315398,0.0538222299,0.043946,0.0465212805,-0.0330710951,0.0209336239,-0.0251458864,0.876284234,0
0.407137156,baseline_fixed_tcp,center,0,0,16,0,55.041504,32.958984,-138.647461,58.601074,97.822266,13.161621,222.772992,230.688755,154.67051,126.369178,-2.77556821,125.285215,222.806063,230.667821,154.695656,126.340457,-2.81349285,125.315398,0.0380577751,0.021973,0.0465212805,-0.0330710951,0.0209336239,-0.0251458864,0.874654232,0
0.432222366,baseline_fixed_tcp,center,0,0,17,0,55.041504,32.958984,-138.647461,58.579102,97.822266,13.139648,222.740385,230.715414,154.669621,126.37685,-2.73162237,125.280949,222.806063,230.667821,154.695656,126.340457,-2.81349285,125.315398,0.065918,0.043946,0.085184714,-0.0656774453,0.0475928459,-0.0260351628,1.23873017,1.6793536
0.457316399,baseline_fixed_tcp,center,0,0,18,0,55.041504,32.958984,-138.647461,58.601074,97.844238,13.183594,222.773465,230.694492,154.694763,126.358293,-2.79402175,125.322328,222.806063,230.667821,154.695656,126.340457,-2.81349285,125.315398,0.021973,0.021973,0.0421280928,-0.0325979704,0.0266711532,-0.000893371459,2.14480563,1.85381358
0.482408047,baseline_fixed_tcp,center,0,0,19,0,55.041504,32.958984,-138.647461,58.579102,97.822266,13.161621,222.740385,230.715414,154.669621,126.387007,-2.7560881,125.292141,222.806063,230.667821,154.695656,126.340457,-2.81349285,125.315398,0.0538214134,0.043945,0.085184714,-0.0656774453,0.0475928459,-0.0260351628,1.5167277,1.85398972
0.507500887,baseline_fixed_tcp,center,0,0,20,0,55.041504,32.958984,-138.669434,58.601074,97.822266,13.161621,222.731331,230.629166,154.647319,126.37348,-2.75533734,125.262878,222.806063,230.667821,154.695656,126.340457,-2.81349285,125.315398,0.0439455,0.021973,0.0970331318,-0.0747313508,-0.0386552113,-0.0483366166,1.23835354,3.56849182
0.532596111,baseline_fixed_tcp,center,0,0,21,0,55.041504,32.958984,-138.647461,58.601074,97.822266,13.161621,222.772992,230.688755,154.67051,126.369178,-2.77556821,125.285215,222.806063,230.667821,154.695656,126.340457,-2.81349285,125.315398,0.0380577751,0.021973,0.0465212805,-0.0330710951,0.0209336239,-0.0251458864,0.875584919,3.0410787
0.557691097,baseline_fixed_tcp,center,0,0,22,0,55.041504,32.958984,-138.647461,58.601074,97.822266,13.161621,222.772992,230.688755,154.67051,126.369178,-2.77556821,125.285215,222.806063,230.667821,154.695656,126.340457,-2.81349285,125.315398,0.0380577751,0.021973,0.0465212805,-0.0330710951,0.0209336239,-0.0251458864,0,0
0.583945751,baseline_fixed_tcp,center,0,0,23,0,55.041504,32.958984,-138.647461,58.601074,97.822266,13.161621,222.772992,230.688755,154.67051,126.369178,-2.77556821,125.285215,222.806063,230.667821,154.695656,126.340457,-2.81349285,125.315398,0.0380577751,0.021973,0.0465212805,-0.0330710951,0.0209336239,-0.0251458864,0,0
0.609030724,baseline_fixed_tcp,center,0,0,24,0,55.041504,32.958984,-138.647461,58.601074,97.822266,13.161621,222.772992,230.688755,154.67051,126.369178,-2.77556821,125.285215,222.806063,230.667821,154.695656,126.340457,-2.81349285,125.315398,0.0380577751,0.021973,0.0465212805,-0.0330710951,0.0209336239,-0.0251458864,0,0
0.63610816,baseline_fixed_tcp,center,0,0,25,0,55.041504,32.958984,-138.647461,58.579102,97.822266,13.161621,222.740385,230.715414,154.669621,126.387007,-2.7560881,125.292141,222.806063,230.667821,154.695656,126.340457,-2.81349285,125.315398,0.0538214134,0.043945,0.085184714,-0.0656774453,0.0475928459,-0.0260351628,0.811450524,1.55579496
0.661217451,baseline_fixed_tcp,center,0,0,26,0,55.041504,32.958984,-138.647461,58.601074,97.822266,13.139648,222.772992,230.688755,154.67051,126.359028,-2.75110427,125.27402,222.806063,230.667821,154.695656,126.340457,-2.81349285,125.315398,0.0538222299,0.043946,0.0465212805,-0.0330710951,0.0209336239,-0.0251458864,1.23754221,1.67774307
0.686348438,baseline_fixed_tcp,center,0,0,27,0,55.041504,32.958984,-138.647461,58.601074,97.822266,13.139648,222.772992,230.688755,154.67051,126.359028,-2.75110427,125.27402,222.806063,230.667821,154.695656,126.340457,-2.81349285,125.315398,0.0538222299,0.043946,0.0465212805,-0.0330710951,0.0209336239,-0.0251458864,0,0
0.717522383,baseline_fixed_tcp,center,0,0,28,0,55.041504,32.958984,-138.647461,58.601074,97.844238,13.161621,222.773465,230.694492,154.694763,126.348144,-2.76955825,125.311132,222.806063,230.667821,154.695656,126.340457,-2.81349285,125.315398,0.0310745146,0.021973,0.0421280928,-0.0325979704,0.0266711532,-0.000893371459,0.996787799,0.79959221
0.744241238,baseline_fixed_tcp,center,0,0,29,0,55.041504,32.958984,-138.647461,58.579102,97.822266,13.161621,222.740385,230.715414,154.669621,126.387007,-2.7560881,125.292141,222.806063,230.667821,154.695656,126.340457,-2.81349285,125.315398,0.0538214134,0.043945,0.085184714,-0.0656774453,0.0475928459,-0.0260351628,1.16296527,1.74107977
0.769364595,baseline_fixed_tcp,center,0,0,30,0,55.041504,32.958984,-138.647461,58.601074,97.822266,13.183594,222.772992,230.688755,154.67051,126.379325,-2.8000362,125.296408,222.806063,230.667821,154.695656,126.340457,-2.81349285,125.315398,0.0310738075,0.021973,0.0465212805,-0.0330710951,0.0209336239,-0.0251458864,1.2368493,1.6768037
0.794457436,baseline_fixed_tcp,center,0,0,31,0,55.041504,32.958984,-138.647461,58.623047,97.844238,13.139648,222.806063,230.667821,154.695656,126.320168,-2.76457349,125.292996,222.806063,230.667821,154.695656,126.340457,-2.81349285,125.315398,0.043946,0.043946,0,0,0,0,2.14492379,1.85396632
0.819549084,baseline_fixed_tcp,center,0,0,32,0,55.041504,32.958984,-138.647461,58.623047,97.822266,13.161621,222.80559,230.662082,154.671404,126.351347,-2.79504545,125.278286,222.806063,230.667821,154.695656,126.340457,-2.81349285,125.315398,0.0310738075,0.021973,0.0249264432,-0.0004731821,-0.00573879562,-0.0242522142,1.23841237,0.993415939
0.844640493,baseline_fixed_tcp,center,0,0,33,0,55.041504,32.958984,-138.647461,58.601074,97.822266,13.161621,222.772992,230.688755,154.67051,126.369178,-2.77556821,125.285215,222.806063,230.667821,154.695656,126.340457,-2.81349285,125.315398,0.0380577751,0.021973,0.0465212805,-0.0330710951,0.0209336239,-0.0251458864,0.875718036,1.67901513
0.869740009,baseline_fixed_tcp,center,0,0,34,0,55.041504,32.958984,-138.647461,58.601074,97.822266,13.183594,222.772992,230.688755,154.67051,126.379325,-2.8000362,125.296408,222.806063,230.667821,154.695656,126.340457,-2.81349285,125.315398,0.0310738075,0.021973,0.0465212805,-0.0330710951,0.0209336239,-0.0251458864,0.875435211,0
0.894847393,baseline_fixed_tcp,center,0,0,35,0,55.041504,32.958984,-138.647461,58.579102,97.822266,13.161621,222.740385,230.715414,154.669621,126.387007,-2.7560881,125.292141,222.806063,230.667821,154.695656,126.340457,-2.81349285,125.315398,0.0538214134,0.043945,0.085184714,-0.0656774453,0.0475928459,-0.0260351628,1.23763622,1.67787053
0.923168659,baseline_fixed_tcp,center,0,0,36,0,55.041504,32.958984,-138.647461,58.601074,97.822266,13.161621,222.772992,230.688755,154.67051,126.369178,-2.77556821,125.285215,222.806063,230.667821,154.695656,126.340457,-2.81349285,125.315398,0.0380577751,0.021973,0.0465212805,-0.0330710951,0.0209336239,-0.0251458864,0.775812771,1.48746666
0.948268652,baseline_fixed_tcp,center,0,0,37,0,55.041504,32.958984,-138.647461,58.623047,97.822266,13.183594,222.80559,230.662082,154.671404,126.361489,-2.81951164,125.289483,222.806063,230.667821,154.695656,126.340457,-2.81349285,125.315398,0.021972,0.021972,0.0249264432,-0.0004731821,-0.00573879562,-0.0242522142,1.23802883,1.67844098
0.973368645,baseline_fixed_tcp,center,0,0,38,0,55.041504,32.958984,-138.647461,58.601074,97.822266,13.161621,222.772992,230.688755,154.67051,126.369178,-2.77556821,125.285215,222.806063,230.667821,154.695656,126.340457,-2.81349285,125.315398,0.0380577751,0.021973,0.0465212805,-0.0330710951,0.0209336239,-0.0251458864,1.23802883,1.67844098
0.998450994,baseline_fixed_tcp,center,0,0,39,0,55.041504,32.958984,-138.647461,58.623047,97.822266,13.183594,222.80559,230.662082,154.671404,126.361489,-2.81951164,125.289483,222.806063,230.667821,154.695656,126.340457,-2.81349285,125.315398,0.021972,0.021972,0.0249264432,-0.0004731821,-0.00573879562,-0.0242522142,1.23889966,1.6796216
1.00127435,right_stick_up,up,0,1,0,0,55.041504,32.958984,-138.647461,58.623047,97.822266,13.183594,222.80559,230.662082,154.671404,126.361489,-2.81951164,125.289483,222.806063,230.667821,154.695656,114.843518,-2.52607588,135.738471,0.021972,0.021972,0.0249264432,-0.0004731821,-0.00573879562,-0.0242522142,0,0
1.02652526,right_stick_up,up,0,1,1,0,55.041504,32.958984,-138.647461,58.601074,97.822266,13.161621,222.772992,230.688755,154.67051,126.369178,-2.77556821,125.285215,222.806063,230.667821,154.695656,114.843518,-2.52607588,135.738471,0.0380577751,0.021973,0.0465212805,-0.0330710951,0.0209336239,-0.0251458864,1.23062941,1.66840932
1.05162716,right_stick_up,up,0,1,2,0,55.041504,32.958984,-138.647461,58.623047,97.844238,13.161621,222.806063,230.667821,154.695656,126.330314,-2.78903115,125.304198,222.806063,230.667821,154.695656,114.843518,-2.52607588,135.738471,0.021973,0.021973,0,0,0,0,1.23790659,1.85329717
1.07672119,right_stick_up,up,0,1,3,0,55.041504,32.958984,-138.647461,58.623047,97.822266,13.161621,222.80559,230.662082,154.671404,126.351347,-2.79504545,125.278286,222.806063,230.667821,154.695656,114.843518,-2.52607588,135.738471,0.0310738075,0.021973,0.0249264432,-0.0004731821,-0.00573879562,-0.0242522142,0.875586663,0.993321554
1.10184216,right_stick_up,up,0,1,4,0,55.041504,32.958984,-138.647461,58.601074,97.822266,13.183594,222.772992,230.688755,154.67051,126.379325,-2.8000362,125.296408,222.806063,230.667821,154.695656,114.843518,-2.52607588,135.738471,0.0310738075,0.021973,0.0465212805,-0.0330710951,0.0209336239,-0.0251458864,1.23699484,1.67703916
1.12692833,right_stick_up,up,0,1,5,0,55.041504,32.958984,-138.647461,58.601074,97.844238,13.183594,222.773465,230.694492,154.694763,126.358293,-2.79402175,125.322328,222.806063,230.667821,154.695656,114.843518,-2.52607588,135.738471,0.021973,0.021973,0.0421280928,-0.0325979704,0.0266711532,-0.000893371459,0.875861275,0.993633091
1.15205073,right_stick_up,up,0,1,6,0,55.041504,32.958984,-138.647461,58.601074,97.844238,13.161621,222.773465,230.694492,154.694763,126.348144,-2.76955825,125.311132,222.806063,230.667821,154.695656,114.843518,-2.52607588,135.738471,0.0310745146,0.021973,0.0421280928,-0.0325979704,0.0266711532,-0.000893371459,0.874637631,0
1.17713571,right_stick_up,up,0,1,7,0,55.041504,32.958984,-138.647461,58.601074,97.844238,13.183594,222.773465,230.694492,154.694763,126.358293,-2.79402175,125.322328,222.806063,230.667821,154.695656,114.843518,-2.52607588,135.738471,0.021973,0.021973,0.0421280928,-0.0325979704,0.0266711532,-0.000893371459,0.875942762,0
1.20224643,right_stick_up,up,0,1,8,0,55.041504,32.958984,-138.647461,58.601074,97.866211,13.161621,222.773928,230.70023,154.719016,126.327104,-2.76354771,125.337046,222.806063,230.667821,154.695656,114.843518,-2.52607588,135.738471,0.0380583524,0.021973,0.0512707662,-0.0321343728,0.032409393,0.0233603253,1.23749987,0.992706543
1.2273407,right_stick_up,up,0,1,9,0,55.041504,32.958984,-138.647461,58.623047,97.888184,13.183594,222.806981,230.6793,154.744163,126.298375,-2.80145378,125.367221,222.806063,230.667821,154.695656,114.843518,-2.52607588,135.738471,0.043946,0.043946,0.0498551543,0.000917761524,0.0114794718,0.048506864,1.5166152,1.85327123
1.25246096,right_stick_up,up,0,1,10,0,55.041504,32.958984,-138.647461,58.64502,97.932129,13.161621,222.840448,230.664103,154.793565,126.228292,-2.78442176,125.400859,222.806063,230.667821,154.695656,114.843518,-2.52607588,135.738471,0.093222601,0.087891,0.103838543,0.034385586,-0.00371754554,0.0979094196,2.14256641,2.45126592
1.27755165,right_stick_up,up,0,1,11,0,55.041504,32.937012,-138.647461,58.623047,97.954102,13.205566,222.791756,230.672879,154.726143,126.249705,-2.78758187,125.433818,222.806063,230.667821,154.695656,114.843518,-2.52607588,135.738471,0.11417371,0.109864,0.0340553068,-0.0143071552,0.00505818977,0.0304874392,2.316953,3.33304701
1.30267143,right_stick_up,up,0,1,12,0,55.041504,32.937012,-138.647461,58.64502,97.998047,13.205566,222.825177,230.657704,154.775543,126.189742,-2.79495677,125.478657,222.806063,230.667821,154.695656,114.843518,-2.52607588,135.738471,0.158447338,0.153809,0.0827624413,0.0191144088,-0.0101167436,0.0798868735,1.95591778,2.44999535
1.32776189,right_stick_up,up,0,1,13,0,55.041504,32.937012,-138.647461,58.666992,98.041992,13.205566,222.858549,230.642525,154.824946,126.129758,-2.8023084,125.52346,222.806063,230.667821,154.695656,114.843518,-2.52607588,135.738471,0.204947176,0.197754,0.141811522,0.0524866073,-0.0252954647,0.129289611,1.95818601,2.45193391
1.35284138,right_stick_up,up,0,1,14,0,55.063477,32.893066,-138.647461,58.710938,98.129883,13.249512,222.803681,230.650363,154.742208,126.049978,-2.80124728,125.602133,222.806063,230.667821,154.695656,114.843518,-2.52607588,135.738471,0.313832873,0.285645,0.0497753424,-0.00238231367,-0.0174582324,0.0465523298,4.71809791,3.970836
1.37793732,right_stick_up,up,0,1,15,0,55.063477,32.871094,-138.647461,58.73291,98.195801,13.249512,222.82075,230.617339,154.725102,125.973239,-2.78213978,125.650448,222.806063,230.667821,154.695656,114.843518,-2.52607588,135.738471,0.384992298,0.351563,0.0602598982,0.014687174,-0.0504823789,0.0294460807,2.90384381,1.63061034
1.40304565,right_stick_up,up,0,1,16,0,55.063477,32.871094,-138.647461,58.73291,98.239746,13.293457,222.821401,230.628907,154.773591,125.951343,-2.81877465,125.724678,222.806063,230.667821,154.695656,114.843518,-2.52607588,135.738471,0.43448107,0.395508,0.0884503559,0.015338157,-0.0389144162,0.0779350666,2.47517842,1.98555639
1.43396831,right_stick_up,up,0,1,17,0,55.085449,32.827148,-138.647461,58.820801,98.371582,13.293457,222.831838,230.594965,154.741237,125.773212,-2.79504369,125.818451,222.806063,230.667821,154.695656,114.843518,-2.52607588,135.738471,0.590406734,0.527344,0.0897218659,0.0257747137,-0.0728562466,0.0455811877,5.36468425,1.55352055
1.45911503,right_stick_up,up,0,1,18,0,55.107422,32.805176,-138.647461,58.820801,98.4375,13.337402,222.727637,230.674167,154.723213,125.745781,-2.78121554,125.907548,222.806063,230.667821,154.695656,114.843518,-2.52607588,135.738471,0.665376156,0.593262,0.0833685521,-0.0784261334,0.0063456535,0.0275570276,3.38411946,5.25395493
1.48420572,right_stick_up,up,0,1,19,0,55.107422,32.783203,-138.625488,58.864746,98.503418,13.359375,222.818325,230.673964,154.730104,125.656731,-2.8257825,125.982262,222.806063,230.667821,154.695656,114.843518,-2.52607588,135.738471,0.748039166,0.65918,0.0370774076,0.012262294,0.00614262483,0.0344476191,3.50292218,3.62485201
1.51125979,right_stick_up,up,0,1,20,0,55.129395,32.739258,-138.647461,58.930664,98.657227,13.381348,222.754248,230.613245,154.698095,125.489708,-2.77994057,126.097678,222.806063,230.667821,154.695656,114.843518,-2.52607588,135.738471,0.922328748,0.812989,0.0752948541,-0.0518151563,-0.0545761375,0.00243923028,6.54798422,3.47082983
1.53636575,right_stick_up,up,0,1,21,0,55.129395,32.717285,-138.625488,58.930664,98.723145,13.40332,222.77958,230.666525,154.703036,125.43638,-2.78578022,126.186334,222.806063,230.667821,154.695656,114.843518,-2.52607588,135.738471,0.990964831,0.878907,0.027522707,-0.0264831916,-0.00129622674,0.00737968584,3.03177296,2.3580823
1.56145024,right_stick_up,up,0,1,22,0,55.129395,32.717285,-138.625488,58.974609,98.811035,13.447266,222.845008,230.636452,154.801874,125.336093,-2.84808913,126.297975,222.806063,230.667821,154.695656,114.843518,-2.52607588,135.738471,1.09290496,0.966797,0.117400951,0.0389452373,-0.0313693795,0.106217766,4.29122582,4.87502447
1.58655047,right_stick_up,up,0,1,23,0,55.151367,32.67334,-138.625488,59.018555,98.898926,13.447266,222.788843,230.644498,154.719244,125.235709,-2.79708272,126.353807,222.806063,230.667821,154.695656,114.843518,-2.52607588,135.738471,1.19685482,1.054688,0.0373748341,-0.0172194878,-0.0233230124,0.0235882293,4.37699554,3.99335085
1.61164165,right_stick_up,up,0,1,24,0,55.17334,32.629395,-138.603516,59.084473,99.09668,13.513184,222.806299,230.714587,154.78164,125.037132,-2.82717197,126.587432,222.806063,230.667821,154.695656,114.843518,-2.52607588,135.738471,1.42059681,1.252442,0.0978799132,0.000236249039,0.0467665104,0.0859843887,8.97338484,3.80408979
1.63672614,right_stick_up,up,0,1,25,0,55.17334,32.607422,-138.603516,59.128418,99.18457,13.535156,222.854569,230.660949,154.789749,124.930964,-2.84418322,126.665257,222.806063,230.667821,154.695656,114.843518,-2.52607588,135.738471,1.5226271,1.340332,0.106083044,0.0485062855,-0.00687222968,0.0940931721,4.10852034,2.89479545
1.66182327,right_stick_up,up,0,1,26,0,55.195312,32.563477,-138.603516,59.172363,99.272461,13.579102,222.79775,230.669096,154.707144,124.850686,-2.84101343,126.743802,222.806063,230.667821,154.695656,114.843518,-2.52607588,135.738471,1.63707344,1.428223,0.0142369937,-0.00831274393,0.0012751366,0.0114875717,4.71474415,4.00805126
1.68700552,right_stick_up,up,0,1,27,0,55.195312,32.541504,-138.603516,59.194336,99.382324,13.601074,222.81318,230.648254,154.73848,124.741166,-2.83239737,126.854319,222.806063,230.667821,154.695656,114.843518,-2.52607588,135.738471,1.7510702,1.538086,0.0476177243,0.00711700114,-0.0195669131,0.0428244308,4.61706644,1.61523065
1.71208763,right_stick_up,up,0,1,28,0,55.217285,32.475586,-138.603516,59.260254,99.624023,13.666992,222.770671,230.647676,154.735645,124.508628,-2.8073317,127.094503,222.806063,230.667821,154.695656,114.843518,-2.52607588,135.738471,2.01837677,1.779785,0.0570743265,-0.0353914439,-0.0201452218,0.0399886795,10.6932906,1.69869479
1.73716998,right_stick_up,up,0,1,29,0,55.239258,32.431641,-138.603516,59.304199,99.733887,13.688965,222.712891,230.661953,154.677298,124.396768,-2.77296623,127.187086,222.806063,230.667821,154.695656,114.843518,-2.52607588,135.738471,2.14692098,1.889649,0.0951439294,-0.0931714826,-0.00586794804,-0.0183578134,5.18262846,3.32292573
1.76226807,right_stick_up,up,0,1,30,0,55.26123,32.409668,-138.581543,59.370117,99.84375,13.73291,222.744772,230.732371,154.733398,124.267519,-2.82256618,127.328082,222.806063,230.667821,154.695656,114.843518,-2.52607588,135.738471,2.28304241,1.999512,0.0966837452,-0.0612906673,0.0645504927,0.0377416822,5.60574035,3.80549803
1.79085851,right_stick_up,up,0,1,31,0,55.283203,32.34375,-138.55957,59.458008,100.107422,13.798828,222.773105,230.770626,154.778424,123.990142,-2.82893559,127.608083,222.806063,230.667821,154.695656,114.843518,-2.52607588,135.738471,2.57727194,2.263184,0.136035647,-0.0329573949,0.102805212,0.0827683269,10.3109431,2.29186888
1.8159554,right_stick_up,up,0,1,32,0,55.283203,32.299805,-138.55957,59.501953,100.239258,13.820801,222.802303,230.705717,154.744216,123.845394,-2.81084283,127.7143,222.806063,230.667821,154.695656,114.843518,-2.52607588,135.738471,2.72310292,2.39502,0.0617115855,-0.00375982981,0.0378956685,0.04856029,5.87311657,3.14652273
1.84135556,right_stick_up,up,0,1,33,0,55.305176,32.233887,-138.55957,59.567871,100.437012,13.886719,222.757022,230.693946,154.69292,123.654546,-2.79563509,127.902524,222.806063,230.667821,154.695656,114.843518,-2.52607588,135.738471,2.95170588,2.592774,0.0556323546,-0.0490405027,0.0261247629,-0.00273582448,9.03149394,2.73335077
1.86645198,right_stick_up,up,0,1,34,0,55.327148,32.211914,-138.55957,59.655762,100.59082,13.930664,222.777365,230.690768,154.775761,123.468399,-2.82891209,128.064642,222.806063,230.667821,154.695656,114.843518,-2.52607588,135.738471,3.13301092,2.746582,0.0881302032,-0.0286981873,0.022947208,0.080104759,7.37732681,3.40131493
1.89153123,right_stick_up,up,0,1,35,0,55.327148,32.167969,-138.55957,59.677734,100.722656,13.952637,222.773113,230.653055,154.740476,123.341483,-2.79111814,128.177755,222.806063,230.667821,154.695656,114.843518,-2.52607588,135.738471,3.27171271,2.878418,0.0575549382,-0.0329501343,-0.0147655744,0.0448200555,5.67796082,2.06626185
1.91983867,right_stick_up,up,0,1,36,0,55.371094,32.080078,-138.537598,59.787598,101.030273,14.040527,222.722755,230.739344,154.743944,123.027726,-2.77926589,128.501295,222.806063,230.667821,154.695656,114.843518,-2.52607588,135.738471,3.6241561,3.186035,0.119948076,-0.0833079721,0.0715235378,0.0482877456,12.4678596,3.53153589
1.94494224,right_stick_up,up,0,1,37,0,55.371094,32.036133,-138.537598,59.853516,101.162109,14.084473,222.781917,230.648118,154.710859,122.874341,-2.80151801,128.611152,222.806063,230.667821,154.695656,114.843518,-2.52607588,135.738471,3.78236147,3.317871,0.0346751025,-0.024145549,-0.0197031369,0.0152033415,6.37214251,4.52737681
1.97006154,right_stick_up,up,0,1,38,0,55.393066,32.01416,-138.515625,59.897461,101.315918,14.128418,222.776229,230.758121,154.813806,122.71868,-2.81677081,128.809078,222.806063,230.667821,154.695656,114.843518,-2.52607588,135.738471,3.95007018,3.47168,0.151669501,-0.0298337791,0.0903005091,0.11814991,6.77565226,6.00209865
1.99515891,right_stick_up,up,0,1,39,0,55.393066,31.948242,-138.515625,59.963379,101.469727,14.172363,222.81732,230.649494,154.714156,122.548536,-2.81076358,128.922154,222.806063,230.667821,154.695656,114.843518,-2.52607588,135.738471,4.1329046,3.625489,0.0283694899,0.0112574684,-0.0183264762,0.0184996657,7.37707485,6.09749103
2.02025962,right_stick_up,up,0,1,40,0,55.415039,31.882324,-138.515625,60.05127,101.689453,14.238281,222.798646,230.618173,154.688065,122.316646,-2.8031097,129.127174,222.806063,230.667821,154.695656,114.843518,-2.52607588,135.738471,4.38793458,3.845215,0.050770084,-0.00741682933,-0.0496483879,-0.00759141952,10.1709835,1.78636411
2.04544282,right_stick_up,up,0,1,41,0,55.437012,31.860352,-138.493652,60.117188,101.821289,14.260254,222.824499,230.695286,154.767872,122.153602,-2.81859337,129.280003,222.806063,230.667821,154.695656,114.843518,-2.52607588,135.738471,4.53824468,3.977051,0.0794313065,0.0184365566,0.0274649319,0.0722156725,6.10759193,4.52474268
2.07159066,right_stick_up,up,0,1,42,0,55.458984,31.772461,-138.493652,60.227051,102.128906,14.348145,222.815375,230.638734,154.748665,121.831634,-2.80358333,129.56799,222.806063,230.667821,154.695656,114.843518,-2.52607588,135.738471,4.88806417,4.284668,0.0611774583,0.00931192273,-0.029087121,0.0530085738,13.3925547,2.31062141
2.10039568,right_stick_up,up,0,1,43,0,55.480957,31.706543,-138.47168,60.292969,102.348633,14.414062,222.802199,230.69374,154.743393,121.611983,-2.79632698,129.80142,222.806063,230.667821,154.695656,114.843518,-2.52607588,135.738471,5.13662259,4.504395,0.054456264,-0.00386355041,0.025918566,0.0477366275,8.66382117,1.97211463
2.12550092,right_stick_up,up,0,1,44,0,55.50293,31.68457,-138.47168,60.358887,102.502441,14.458008,222.784465,230.718805,154.824958,121.441806,-2.80629977,129.968945,222.806063,230.667821,154.695656,114.843518,-2.52607588,135.738471,5.31075048,4.658203,0.140658834,-0.0215982685,0.0509844716,0.129301996,7.00176594,3.47152577
2.15059042,right_stick_up,up,0,1,45,0,55.524902,31.618652,-138.449707,60.424805,102.700195,14.501953,222.771049,230.767768,154.795438,121.233253,-2.78118998,130.164814,222.806063,230.667821,154.695656,114.843518,-2.52607588,135.738471,5.53479818,4.855957,0.145505274,-0.035014285,0.0999468923,0.0997817784,8.97398174,2.34066304
2.17569518,right_stick_up,up,0,1,46,0,55.524902,31.574707,-138.449707,60.512695,102.854004,14.545898,222.856395,230.656855,154.787583,121.038488,-2.81016532,130.290676,222.806063,230.667821,154.695656,114.843518,-2.52607588,135.738471,5.71956294,5.009766,0.105375884,0.0503322334,-0.0109659289,0.091926556,7.47803774,5.58336863
2.20095944,right_stick_up,up,0,1,47,0,55.546875,31.508789,-138.449707,60.578613,103.095703,14.611816,222.798315,230.660422,154.784021,120.801426,-2.77243954,130.52661,222.806063,230.667821,154.695656,114.843518,-2.52607588,135.738471,5.98661116,5.251465,0.089012117,-0.00774736173,-0.00739852586,0.0883651355,10.6161934,2.30752572
2.22605658,right_stick_up,up,0,1,48,0,55.568848,31.464844,-138.427734,60.644531,103.227539,14.655762,222.803731,230.714304,154.772771,120.652249,-2.78748788,130.668405,222.806063,230.667821,154.695656,114.843518,-2.52607588,135.738471,6.14755495,5.383301,0.0900708702,-0.00233224578,0.0464829286,0.0771145877,6.49292672,2.20380628
2.25113297,right_stick_up,up,0,1,49,0,55.59082,31.398926,-138.427734,60.732422,103.447266,14.72168,222.777608,230.684801,154.746354,120.418171,-2.77316971,130.871293,222.806063,230.667821,154.695656,114.843518,-2.52607588,135.738471,6.40257005,5.603028,0.0605666822,-0.0284547786,0.0169802779,0.0506983109,10.180878,1.89184429
2.27625179,right_stick_up,up,0,1,50,0,55.59082,31.35498,-138.427734,60.776367,103.601074,14.765625,222.796799,230.62852,154.735855,120.259544,-2.76417919,131.011713,222.806063,230.667821,154.695656,114.843518,-2.52607588,135.738471,6.57294658,5.756836,0.056976895,-0.00926378056,-0.0393010567,0.0401992024,6.83198342,2.40389653
2.30134678,right_stick_up,up,0,1,51,0,55.612793,31.311035,-138.405762,60.842285,103.820801,14.80957,222.793481,230.708673,154.820396,120.022335,-2.75005777,131.252601,222.806063,230.667821,154.695656,114.843518,-2.52607588,135.738471,6.81092108,5.976563,0.131861257,-0.0125820317,0.0408521296,0.124740479,9.55145575,4.64416071
2.32642126,right_stick_up,up,0,1,52,0,55.634766,31.26709,-138.405762,60.908203,103.952637,14.875488,222.756919,230.704533,154.787136,119.888132,-2.76538419,131.384613,222.806063,230.667821,154.695656,114.843518,-2.52607588,135.738471,6.97637908,6.108399,0.110143573,-0.0491441269,0.0367122725,0.0914804378,6.73095508,1.97810487
2.35151172,right_stick_up,up,0,1,53,0,55.634766,31.223145,-138.405762,60.952148,104.106445,14.919434,222.77468,230.648675,154.776507,119.729121,-2.75513408,131.524599,222.806063,230.667821,154.695656,114.843518,-2.52607588,135.738471,7.14678975,6.262207,0.0888163397,-0.0313828044,-0.0191461114,0.0808510247,6.8397089,2.37421729
2.37726998,right_stick_up,up,0,1,54,0,55.678711,31.135254,-138.361816,61.083984,104.39209,14.985352,222.777241,230.763899,154.777186,119.396678,-2.74999515,131.818888,222.806063,230.667821,154.695656,114.843518,-2.52607588,135.738471,7.48268171,6.547852,0.129262992,-0.0288217989,0.0960783316,0.0815302346,13.1599773,4.47448208
2.4023695,right_stick_up,up,0,1,55,0,55.678711,31.113281,-138.361816,61.105957,104.458008,15.007324,222.786575,230.732805,154.759823,119.327998,-2.7479218,131.876309,222.806063,230.667821,154.695656,114.843518,-2.52607588,135.738471,7.55824267,6.61377,0.0933813862,-0.0194883325,0.064984087,0.0641666318,3.03255052,1.46682419
2.42796803,right_stick_up,up,0,1,56,0,55.700684,31.025391,-138.361816,61.21582,104.765625,15.073242,222.762033,230.68033,154.739585,118.991628,-2.69625259,132.147309,222.806063,230.667821,154.695656,114.843518,-2.52607588,135.738471,7.9027674,6.921387,0.0634424394,-0.0440302817,0.0125094772,0.0439293796,13.4901131,2.39713675
2.45307207,right_stick_up,up,0,1,57,0,55.700684,31.003418,-138.339844,61.237793,104.831543,15.117188,222.810551,230.707491,154.743718,118.927186,-2.73827168,132.238339,222.806063,230.667821,154.695656,114.843518,-2.52607588,135.738471,7.98445355,6.987305,0.0624805807,0.00448783103,0.0396699999,0.0480621831,3.50106913,2.22101436
2.47829795,right_stick_up,up,0,1,58,0,55.722656,30.9375,-138.339844,61.347656,105.117188,15.183105,222.802414,230.672754,154.789902,118.606508,-2.71349108,132.505256,222.806063,230.667821,154.695656,114.843518,-2.52607588,135.738471,8.30435632,7.27295,0.09444588,-0.00364851077,0.00493354251,0.094246341,12.7123602,2.31346618
2.50340962,right_stick_up,up,0,1,59,0,55.744629,30.893555,-138.339844,61.391602,105.183105,15.205078,222.737864,230.676386,154.683371,118.536016,-2.68381179,132.545704,222.806063,230.667821,154.695656,114.843518,-2.52607588,135.738471,8.3943596,7.338867,0.0698235824,-0.0681986905,0.00856471338,-0.0122848267,3.81401281,4.96241719
2.52850699,right_stick_up,up,0,1,60,0,55.766602,30.827637,-138.295898,61.501465,105.46875,15.270996,222.806742,230.758193,154.772192,118.203052,-2.70052564,132.854394,222.806063,230.667821,154.695656,114.843518,-2.52607588,135.738471,8.71594655,7.624512,0.118429005,0.000679354687,0.0903721854,0.0765364999,12.8968846,5.53912766
2.55361652,right_stick_up,up,0,1,61,0,55.766602,30.805664,-138.295898,61.523438,105.556641,15.292969,222.812225,230.734224,154.778554,118.111906,-2.68988308,132.935946,222.806063,230.667821,154.695656,114.843518,-2.52607588,135.738471,8.81073445,7.712403,0.106393316,0.00616226141,0.066403495,0.0828983725,3.81437529,1.0114692
2.57871032,right_stick_up,up,0,1,62,0,55.788574,30.717773,-138.295898,61.655273,105.820312,15.402832,222.818082,230.642762,154.711438,117.81969,-2.71025345,133.172877,222.806063,230.667821,154.695656,114.843518,-2.52607588,135.738471,9.13465408,7.976074,0.0319606194,0.0120190609,-0.025058916,0.0157820815,13.0464164,4.52689494
2.60912776,right_stick_up,up,0,1,63,0,55.810547,30.673828,-138.295898,61.743164,106.040039,15.446777,222.797189,230.64006,154.774674,117.56658,-2.68475224,133.381027,222.806063,230.667821,154.695656,114.843518,-2.52607588,135.738471,9.37897878,8.195801,0.0842217065,-0.00887336135,-0.0277609121,0.0790182957,8.07635984,2.19127328
2.63716125,right_stick_up,up,0,1,64,0,55.810547,30.60791,-138.251953,61.787109,106.237793,15.512695,222.86573,230.691384,154.762895,117.36558,-2.69874126,133.601651,222.806063,230.667821,154.695656,114.843518,-2.52607588,135.738471,9.600165,8.393555,0.0929326734,0.0596668713,0.0235631011,0.0672393228,8.10769056,3.08320428
2.66226792,right_stick_up,up,0,1,65,0,55.83252,30.563965,-138.251953,61.853027,106.369629,15.534668,222.822803,230.688795,154.729181,117.209507,-2.6620536,133.706972,222.806063,230.667821,154.695656,114.843518,-2.52607588,135.738471,9.75504282,8.525391,0.042942803,0.0167399115,0.0209741498,0.0335252849,6.24998201,2.1765086
2.68737793,right_stick_up,up,0,1,66,0,55.83252,30.541992,-138.251953,61.896973,106.501465,15.600586,222.852654,230.651893,154.784437,117.074923,-2.69752047,133.854081,222.806063,230.667821,154.695656,114.843518,-2.52607588,135.738471,9.90615992,8.657227,0.101521259,0.0465914532,-0.0159278999,0.0887812174,6.1875911,2.90095267
2.71246171,right_stick_up,up,0,1,67,0,55.854492,30.498047,-138.251953,61.940918,106.611328,15.622559,222.780443,230.669759,154.725387,116.959621,-2.65081982,133.942973,222.806063,230.667821,154.695656,114.843518,-2.52607588,135.738471,10.0345539,8.76709,0.0392941575,-0.0256194119,0.00193825967,0.029730787,5.18229247,3.78637663
2.7375617,right_stick_up,up,0,1,68,0,55.876465,30.432129,-138.208008,62.028809,106.831055,15.688477,222.818162,230.759465,154.739838,116.709357,-2.66708531,134.183652,222.806063,230.667821,154.695656,114.843518,-2.52607588,135.738471,10.2913463,8.986817,0.102455405,0.0120993738,0.0916441786,0.0441821193,10.3208909,3.91953829
2.76266217,right_stick_up,up,0,1,69,0,55.876465,30.410156,-138.22998,62.050781,106.940918,15.710449,222.779327,230.685485,154.748577,116.601512,-2.62515979,134.267742,222.806063,230.667821,154.695656,114.843518,-2.52607588,135.738471,10.4044182,9.09668,0.0618662854,-0.0267356512,0.0176642702,0.0529208445,4.71408759,3.3469188
2.78776932,right_stick_up,up,0,1,70,0,55.876465,30.366211,-138.208008,62.116699,107.050781,15.754395,222.865174,230.648583,154.711982,116.460092,-2.66096582,134.369169,222.806063,230.667821,154.695656,114.843518,-2.52607588,135.738471,10.5445629,9.206543,0.0642714297,0.0591115635,-0.0192381045,0.0163259018,5.73877097,3.99698861
2.81620097,right_stick_up,up,0,1,71,0,55.898438,30.322266,-138.208008,62.182617,107.182617,15.776367,222.820121,230.64655,154.678088,116.303488,-2.62236343,134.473764,222.806063,230.667821,154.695656,114.843518,-2.52607588,135.738471,10.6994425,9.338379,0.0309629406,0.0140577076,-0.0212712069,-0.0175675925,5.51906289,1.98426331
2.84132981,right_stick_up,up,0,1,72,0,55.898438,30.27832,-138.186035,62.248535,107.336426,15.842285,222.898948,230.623715,154.688812,116.12718,-2.66480156,134.636245,222.806063,230.667821,154.695656,114.843518,-2.52607588,135.738471,10.8833654,9.492188,0.103052281,0.0928849401,-0.0441057592,-0.00684415517,7.41955141,3.29364892
2.86721134,right_stick_up,up,0,1,73,0,55.92041,30.256348,-138.186035,62.29248,107.468262,15.842285,222.837889,230.673002,154.743718,115.972762,-2.60835865,134.756847,222.806063,230.667821,154.695656,114.843518,-2.52607588,135.738471,11.0202017,9.624024,0.0578768758,0.0318265917,0.00518104278,0.0480620183,5.5019488,3.70034369
2.89234519,right_stick_up,up,0,1,74,0,55.92041,30.212402,-138.186035,62.314453,107.556152,15.864258,222.823931,230.626128,154.659136,115.887114,-2.57297769,134.816352,222.806063,230.667821,154.695656,114.843518,-2.52607588,135.738471,11.1203783,9.711914,0.0582348184,0.0178683925,-0.0416930318,-0.036519936,4.10047833,3.8873567
2.91742539,right_stick_up,up,0,1,75,0,55.942383,30.19043,-138.186035,62.380371,107.666016,15.908203,222.797069,230.641314,154.691901,115.756306,-2.5853215,134.930138,222.806063,230.667821,154.695656,114.843518,-2.52607588,135.738471,11.2560068,9.821778,0.0282419926,-0.00899378601,-0.0265070636,-0.00375466859,5.54093239,1.79457735
2.94279814,right_stick_up,up,0,1,76,0,55.942383,30.168457,-138.164062,62.380371,107.753906,15.930176,222.806421,230.703137,154.716963,115.67663,-2.57705018,135.039621,222.806063,230.667821,154.695656,114.843518,-2.52607588,135.738471,11.3443825,9.909668,0.0412473674,0.000358424078,0.0353163563,0.0213066146,3.7747692,2.65490435
2.96790361,right_stick_up,up,0,1,77,0,55.942383,30.146484,-138.164062,62.446289,107.86377,15.974121,222.867554,230.632978,154.749654,115.534631,-2.61092113,135.140299,222.806063,230.667821,154.695656,114.843518,-2.52607588,135.738471,11.4782688,10.019532,0.0889437867,0.0614914942,-0.0348425136,0.0539980794,5.46572938,3.92870048
2.99732018,right_stick_up,up,0,1,78,0,55.964355,30.102539,-138.164062,62.490234,107.95166,15.974121,222.795884,230.644533,154.666611,115.43114,-2.54709306,135.191304,222.806063,230.667821,154.695656,114.843518,-2.52607588,135.738471,11.5821743,10.107422,0.0385944302,-0.0101792775,-0.0232877545,-0.0290446698,3.73471255,3.74962245
3.02240396,right_stick_up,up,0,1,79,0,55.964355,30.080566,-138.14209,62.490234,108.017578,16.040039,222.808179,230.699326,154.667859,115.393851,-2.59100953,135.302516,222.806063,230.667821,154.695656,114.843518,-2.52607588,135.738471,11.6620583,10.17334,0.0420685964,0.00211636432,0.0315055071,-0.0277973169,3.91745889,2.23928547
3.04748654,right_stick_up,up,0,1,80,0,55.964355,30.058594,-138.164062,62.512207,108.105469,16.040039,222.770762,230.619276,154.652846,115.298076,-2.53241821,135.34882,222.806063,230.667821,154.695656,114.843518,-2.52607588,135.738471,11.7505445,10.261231,0.0737252209,-0.0353012674,-0.0485444594,-0.0428096271,3.81845403,3.57337492
3.07258844,right_stick_up,up,0,1,81,0,55.964355,30.058594,-138.14209,62.53418,108.149414,16.062012,222.833876,230.663678,154.72248,115.237919,-2.57770645,135.422408,222.806063,230.667821,154.695656,114.843518,-2.52607588,135.738471,11.8024667,10.305176,0.0388623326,0.0278136081,-0.00414251742,0.0268239379,2.31591869,4.14078559
3.09767103,right_stick_up,up,0,1,82,0,55.986328,30.036621,-138.14209,62.556152,108.215332,16.083984,222.750056,230.719374,154.704542,115.179186,-2.54924202,135.491421,222.806063,230.667821,154.695656,114.843518,-2.52607588,135.738471,11.8797923,10.371094,0.076638781,-0.0560068626,0.0515535012,0.00888654139,3.15850146,4.07548124
3.12275481,right_stick_up,up,0,1,83,0,55.986328,30.014648,-138.14209,62.578125,108.259277,16.083984,222.758175,230.682506,154.662981,115.12189,-2.52802617,135.510331,222.806063,230.667821,154.695656,114.843518,-2.52607588,135.738471,11.9308486,10.415039,0.0598042445,-0.0478878962,0.0146854845,-0.032674663,2.14568223,2.23838453
3.14783478,right_stick_up,up,0,1,84,0,55.986328,29.992676,-138.120117,62.600098,108.325195,16.083984,222.801376,230.710126,154.665731,115.035591,-2.5210718,135.574032,222.806063,230.667821,154.695656,114.843518,-2.52607588,135.738471,12.0020591,10.480957,0.0520308574,-0.00468643656,0.0423055128,-0.029924756,3.03491445,2.04743993
3.17298269,right_stick_up,up,0,1,85,0,55.986328,29.992676,-138.120117,62.62207,108.369141,16.105957,222.825544,230.697217,154.714601,114.98181,-2.54414126,135.626714,222.806063,230.667821,154.695656,114.843518,-2.52607588,135.738471,12.0530387,10.524903,0.0400322237,0.0194816023,0.0293964242,0.01894456,2.14022634,2.22787145
3.19806528,right_stick_up,up,0,1,86,0,55.986328,29.970703,-138.120117,62.644043,108.413086,16.105957,222.833517,230.660378,154.673011,114.924497,-2.52280692,135.645545,222.806063,230.667821,154.695656,114.843518,-2.52607588,135.738471,12.104122,10.568848,0.0363584638,0.0274545875,-0.00744322813,-0.0226446875,2.14578421,2.23774238
3.22315526,right_stick_up,up,0,1,87,0,55.986328,29.970703,-138.120117,62.666016,108.435059,16.12793,222.861217,230.640315,154.698272,114.893213,-2.55359422,135.674196,222.806063,230.667821,154.695656,114.843518,-2.52607588,135.738471,12.1359305,10.590821,0.0616878392,0.0551538208,-0.0275064255,0.00261574504,1.51687461,1.69466227
3.24824715,right_stick_up,up,0,1,88,0,55.986328,29.94873,-138.120117,62.666016,108.457031,16.149902,222.841445,230.623542,154.631426,114.887236,-2.54595289,135.690494,222.806063,230.667821,154.695656,114.843518,-2.52607588,135.738471,12.1658691,10.612793,0.085661916,0.0353824719,-0.0442785373,-0.0642297102,1.51671329,2.8573959
3.27336025,right_stick_up,up,0,1,89,0,56.008301,29.94873,-138.098145,62.666016,108.479004,16.12793,222.787993,230.773451,154.675691,114.859147,-2.51619376,135.735249,222.806063,230.667821,154.695656,114.843518,-2.52607588,135.738471,12.1824068,10.634766,0.109008053,-0.0180700406,0.105629728,-0.0199647118,1.74988313,6.57799859
3.29843545,right_stick_up,up,0,1,90,0,56.008301,29.94873,-138.120117,62.666016,108.500977,16.149902,222.745736,230.723344,154.678616,114.853174,-2.50853743,135.751553,222.806063,230.667821,154.695656,114.843518,-2.52607588,135.738471,12.2059447,10.656739,0.0837408979,-0.0603271929,0.0555228846,-0.0170404538,1.51772277,2.61660327
3.32400155,right_stick_up,up,0,1,91,0,56.008301,29.94873,-138.120117,62.687988,108.500977,16.171875,222.777038,230.696123,154.680279,114.84441,-2.54708951,135.75621,222.806063,230.667821,154.695656,114.843518,-2.52607588,135.738471,12.2185953,10.656739,0.0433571783,-0.0290243644,0.0283017571,-0.0153766615,1.21543005,1.62389108
3.34956622,right_stick_up,up,0,1,92,0,56.008301,29.94873,-138.120117,62.666016,108.522949,16.149902,222.742097,230.730523,154.702207,114.830636,-2.50072884,135.775542,222.806063,230.667821,154.695656,114.843518,-2.52607588,135.738471,12.2251326,10.678711,0.0898114876,-0.0639655912,0.0627024277,0.00655072651,1.48866372,2.10107073
3.37466359,right_stick_up,up,0,1,93,0,56.008301,29.94873,-138.120117,62.687988,108.522949,16.171875,222.7734,230.703305,154.70387,114.821875,-2.53927148,135.780198,222.806063,230.667821,154.695656,114.843518,-2.52607588,135.738471,12.2377635,10.678711,0.0489227057,-0.0326624855,0.0354842032,0.00821367784,1.23813002,1.65415083
3.3997643,right_stick_up,up,0,1,94,0,56.008301,29.926758,-138.098145,62.687988,108.522949,16.171875,222.795869,230.736627,154.634084,114.821875,-2.53927148,135.780198,222.806063,230.667821,154.695656,114.843518,-2.52607588,135.738471,12.2441527,10.678711,0.0928945592,-0.0101933564,0.0688064697,-0.0615724316,1.23793721,3.20833921
3.42678142,right_stick_up,up,0,1,95,0,56.008301,29.926758,-138.120117,62.666016,108.522949,16.149902,222.725944,230.706568,154.611774,114.837174,-2.47862288,135.754783,222.806063,230.667821,154.695656,114.843518,-2.52607588,135.738471,12.2305614,10.678711,0.122296524,-0.0801187803,0.0387468541,-0.0838814762,1.40863284,2.93572442
3.45189238,right_stick_up,up,0,1,96,0,56.008301,29.926758,-138.120117,62.666016,108.522949,16.171875,222.725944,230.706568,154.611774,114.847212,-2.50087191,135.767857,222.806063,230.667821,154.695656,114.843518,-2.52607588,135.738471,12.2359092,10.678711,0.122296524,-0.0801187803,0.0387468541,-0.0838814762,0.875036239,0
3.45439219,return_center_after_up,center,0,0,0,0,56.008301,29.926758,-138.120117,62.666016,108.522949,16.171875,222.725944,230.706568,154.611774,114.847212,-2.50087191,135.767857,222.806063,230.667821,154.695656,126.340457,-2.81349285,125.315398,12.2359092,10.678711,0.122296524,-0.0801187803,0.0387468541,-0.0838814762,0,0
3.47998714,return_center_after_up,center,0,0,1,0,55.986328,29.926758,-138.120117,62.687988,108.522949,16.149902,222.845697,230.593905,154.613439,114.807391,-2.51670117,135.733288,222.806063,230.667821,154.695656,126.340457,-2.81349285,125.315398,12.2361258,10.678711,0.117447546,0.0396341059,-0.0739154736,-0.0822165821,1.48692517,6.42420741
3.50510311,return_center_after_up,center,0,0,2,0,56.008301,29.94873,-138.120117,62.687988,108.522949,16.149902,222.7734,230.703305,154.70387,114.811846,-2.51702378,135.76712,222.806063,230.667821,154.695656,126.340457,-2.81349285,125.315398,12.2324165,10.678711,0.0489227057,-0.0326624855,0.0354842032,0.00821367784,1.23721327,6.34210749
3.53336763,return_center_after_up,center,0,0,3,0,56.008301,29.926758,-138.120117,62.666016,108.522949,16.149902,222.725944,230.706568,154.611774,114.837174,-2.47862288,135.754783,222.806063,230.667821,154.695656,126.340457,-2.81349285,125.315398,12.2305614,10.678711,0.122296524,-0.0801187803,0.0387468541,-0.0838814762,1.0993676,3.66730175
3.55845881,return_center_after_up,center,0,0,4,0,55.986328,29.926758,-138.120117,62.666016,108.500977,16.149902,222.818035,230.613947,154.588185,114.848714,-2.50822893,135.71772,222.806063,230.667821,154.695656,126.340457,-2.81349285,125.315398,12.209662,10.656739,0.120813079,0.0119716679,-0.0538742118,-0.107471152,1.23843591,5.28968816
3.58356094,return_center_after_up,center,0,0,5,0,56.008301,29.94873,-138.120117,62.666016,108.500977,16.171875,222.745736,230.723344,154.678616,114.863207,-2.53079226,135.764624,222.806063,230.667821,154.695656,126.340457,-2.81349285,125.315398,12.2113032,10.656739,0.0837408979,-0.0603271929,0.0555228846,-0.0170404538,1.51611684,6.34558158
3.60863996,return_center_after_up,center,0,0,6,0,56.008301,29.926758,-138.120117,62.666016,108.500977,16.149902,222.729577,230.699381,154.588185,114.859705,-2.48643415,135.730792,222.806063,230.667821,154.695656,126.340457,-2.81349285,125.315398,12.211382,10.656739,0.135632196,-0.0764854397,0.0315598103,-0.107471152,1.23903635,3.78551493
3.63375401,return_center_after_up,center,0,0,7,0,56.008301,29.94873,-138.120117,62.666016,108.457031,16.149902,222.752985,230.708985,154.631426,114.898236,-2.52415413,135.703561,222.806063,230.667821,154.695656,126.340457,-2.81349285,125.315398,12.1675952,10.612793,0.0929369486,-0.0530783174,0.0411644623,-0.0642297102,1.95638123,1.99488064
3.65884852,return_center_after_up,center,0,0,8,0,55.986328,29.94873,-138.120117,62.644043,108.457031,16.149902,222.810142,230.650771,154.629766,114.90603,-2.5296456,135.698903,222.806063,230.667821,154.695656,126.340457,-2.81349285,125.315398,12.1585846,10.612793,0.068182595,0.00407912857,-0.0170496643,-0.0658903325,1.23829936,3.25172099
3.68393707,return_center_after_up,center,0,0,9,0,56.008301,29.94873,-138.120117,62.666016,108.391113,16.12793,222.763787,230.687451,154.560632,114.955763,-2.52530102,135.618488,222.806063,230.667821,154.695656,126.340457,-2.81349285,125.315398,12.1047801,10.546875,0.142843171,-0.0422758071,0.0196304651,-0.13502434,3.03387618,3.62555877
3.70900965,return_center_after_up,center,0,0,10,0,56.008301,29.94873,-138.120117,62.62207,108.369141,16.105957,222.704733,230.73472,154.533708,115.005814,-2.47815333,135.598207,222.806063,230.667821,154.695656,126.340457,-2.81349285,125.315398,12.0656699,10.524903,0.202411169,-0.101329371,0.066899109,-0.161947982,2.14665748,3.20231531
3.73411703,return_center_after_up,center,0,0,11,0,56.008301,29.94873,-138.120117,62.600098,108.325195,16.12793,222.68054,230.747589,154.484841,115.079656,-2.49967144,135.571577,222.806063,230.667821,154.695656,126.340457,-2.81349285,125.315398,12.0254283,10.480957,0.257996178,-0.125523314,0.0797678512,-0.210815122,2.14368134,2.23146793
3.76313758,return_center_after_up,center,0,0,12,0,55.986328,29.970703,-138.120117,62.556152,108.237305,16.083984,222.736705,230.71196,154.477532,115.16964,-2.49736119,135.47386,222.806063,230.667821,154.695656,126.340457,-2.81349285,125.315398,11.9162925,10.393067,0.233102482,-0.0693576499,0.0441395371,-0.218123784,3.86068476,2.30571769
3.78824019,return_center_after_up,center,0,0,13,0,55.986328,29.970703,-138.120117,62.53418,108.193359,16.083984,222.712387,230.72486,154.42865,115.233393,-2.49651021,135.434109,222.806063,230.667821,154.695656,126.340457,-2.81349285,125.315398,11.870726,10.349121,0.288653344,-0.0936762486,0.0570388748,-0.267005769,1.95727313,2.23483599
3.81333876,return_center_after_up,center,0,0,14,0,55.986328,29.992676,-138.14209,62.53418,108.149414,16.083984,222.696867,230.677201,154.451164,115.278342,-2.51203409,135.385981,222.806063,230.667821,154.695656,126.340457,-2.81349285,125.315398,11.825944,10.305176,0.267933178,-0.109196332,0.00938034248,-0.24449204,2.14441852,2.18921405
3.83841372,return_center_after_up,center,0,0,15,0,55.986328,30.014648,-138.120117,62.512207,108.061523,16.062012,222.73434,230.75726,154.46614,115.364071,-2.5483711,135.326666,222.806063,230.667821,154.695656,126.340457,-2.81349285,125.315398,11.7321638,10.217285,0.256556142,-0.0717233148,0.0894386282,-0.229515907,3.91884599,3.5754398
3.86351156,return_center_after_up,center,0,0,16,0,55.964355,30.036621,-138.14209,62.468262,107.995605,16.018066,222.747869,230.671472,154.461688,115.437894,-2.5158911,135.232104,222.806063,230.667821,154.695656,126.340457,-2.81349285,125.315398,11.641195,10.151367,0.241123781,-0.0581933843,0.00365132216,-0.233967681,3.91528107,3.46490721
3.88860989,return_center_after_up,center,0,0,17,0,55.964355,30.058594,-138.164062,62.424316,107.907715,15.996094,222.67618,230.663979,154.433572,115.555157,-2.49148625,135.139349,222.806063,230.667821,154.695656,126.340457,-2.81349285,125.315398,11.5382391,10.063477,0.292527464,-0.129882834,-0.00384226856,-0.262083963,4.19855611,3.0826604
3.91370082,return_center_after_up,center,0,0,18,0,55.964355,30.080566,-138.164062,62.402344,107.841797,15.974121,222.671145,230.693851,154.45142,115.624776,-2.49772726,135.083194,222.806063,230.667821,154.695656,126.340457,-2.81349285,125.315398,11.462632,9.997559,0.280234831,-0.134917792,0.0260298634,-0.244235944,3.03357639,1.40131507
3.93879247,return_center_after_up,center,0,0,19,0,55.942383,30.124512,-138.164062,62.380371,107.731934,15.952148,222.77738,230.648157,154.512382,115.72184,-2.56319237,134.986678,222.806063,230.667821,154.695656,126.340457,-2.81349285,125.315398,11.3414459,9.887696,0.186544515,-0.028682739,-0.0196640781,-0.183274331,4.95368472,5.21007091
3.96387529,return_center_after_up,center,0,0,20,0,55.942383,30.146484,-138.164062,62.336426,107.644043,15.930176,222.744034,230.698231,154.504928,115.832592,-2.56036858,134.914596,222.806063,230.667821,154.695656,126.340457,-2.81349285,125.315398,11.2394167,9.799805,0.202853871,-0.0620288995,0.0304099775,-0.190728451,4.10881921,2.41684462
3.98896718,return_center_after_up,center,0,0,21,0,55.942383,30.19043,-138.186035,62.29248,107.53418,15.864258,222.69111,230.707749,154.543403,115.945589,-2.52009759,134.792455,222.806063,230.667821,154.695656,126.340457,-2.81349285,125.315398,11.1011289,9.689942,0.194908872,-0.114953185,0.0399285395,-0.1522529,5.74227905,2.63514388
4.0140636,return_center_after_up,center,0,0,22,0,55.92041,30.212402,-138.186035,62.270508,107.446289,15.88623,222.777305,230.645293,154.537497,116.04658,-2.60048214,134.724872,222.806063,230.667821,154.695656,126.340457,-2.81349285,125.315398,11.0152939,9.602051,0.162322631,-0.0287579974,-0.0225276153,-0.158158531,3.91548643,4.24793575
4.03916335,return_center_after_up,center,0,0,23,0,55.92041,30.256348,-138.186035,62.20459,107.314453,15.820312,222.734576,230.732607,154.571462,116.194275,-2.57266412,134.607576,222.806063,230.667821,154.695656,126.340457,-2.81349285,125.315398,10.851467,9.470215,0.157263042,-0.0714866709,0.0647858835,-0.124193839,6.66695844,4.1024627
4.06426597,return_center_after_up,center,0,0,24,0,55.92041,30.27832,-138.186035,62.160645,107.20459,15.79834,222.703618,230.775871,154.540221,116.327191,-2.57667213,134.510953,222.806063,230.667821,154.695656,126.340457,-2.81349285,125.315398,10.7302859,9.360352,0.215243374,-0.102444732,0.108050294,-0.155434619,4.87351498,2.45768752
4.09322596,return_center_after_up,center,0,0,25,0,55.898438,30.344238,-138.208008,62.094727,107.006836,15.754395,222.735147,230.723334,154.572467,116.540737,-2.61538973,134.32065,222.806063,230.667821,154.695656,126.340457,-2.81349285,125.315398,10.5061474,9.162598,0.152598076,-0.0709158856,0.0555128019,-0.123188631,7.77461385,2.39085551
4.11837244,return_center_after_up,center,0,0,26,0,55.898438,30.388184,-138.208008,62.028809,106.896973,15.710449,222.68823,230.8179,154.630078,116.675905,-2.60131831,134.240119,222.806063,230.667821,154.695656,126.340457,-2.81349285,125.315398,10.3669036,9.052735,0.201764395,-0.117833255,0.150079057,-0.0655779816,5.66279196,4.78246679
4.14344811,return_center_after_up,center,0,0,27,0,55.876465,30.410156,-138.22998,62.028809,106.787109,15.666504,222.76884,230.663984,154.580787,116.756256,-2.61584572,134.080226,222.806063,230.667821,154.695656,126.340457,-2.81349285,125.315398,10.2521692,8.942871,0.120809861,-0.0372223433,-0.00383729385,-0.114868599,4.95685449,7.20237224
4.16987085,return_center_after_up,center,0,0,28,0,55.854492,30.476074,-138.22998,61.896973,106.54541,15.600586,222.74896,230.737168,154.581607,117.053699,-2.61682771,133.873419,222.806063,230.667821,154.695656,126.340457,-2.81349285,125.315398,9.96347921,8.701172,0.145178837,-0.0571029587,0.0693467817,-0.114048984,11.0321686,2.87028348
4.19497633,return_center_after_up,center,0,0,29,0,55.854492,30.498047,-138.22998,61.896973,106.479492,15.600586,222.773797,230.740387,154.600774,117.114377,-2.66100324,133.821365,222.806063,230.667821,154.695656,126.340457,-2.81349285,125.315398,9.90048,8.635254,0.123731423,-0.0322653989,0.0725663228,-0.0948817042,2.76767416,1.25622561
4.22300696,return_center_after_up,center,0,0,30,0,55.83252,30.563965,-138.273926,61.809082,106.237793,15.534668,222.737142,230.644059,154.562225,117.386244,-2.65100935,133.555617,222.806063,230.667821,154.695656,126.340457,-2.81349285,125.315398,9.62452514,8.393555,0.152047674,-0.0689209382,-0.0237620636,-0.133430745,9.91538617,3.9257072
4.24809361,return_center_after_up,center,0,0,31,0,55.83252,30.60791,-138.273926,61.765137,106.105957,15.490723,222.722837,230.705034,154.597342,117.524584,-2.65944284,133.44202,222.806063,230.667821,154.695656,126.340457,-2.81349285,125.315398,9.4733499,8.261719,0.134078571,-0.0832257823,0.0372132715,-0.0983143161,6.06820218,2.86223192
4.27320814,return_center_after_up,center,0,0,32,0,55.810547,30.651855,-138.273926,61.699219,105.974121,15.46875,222.765069,230.707841,154.630946,117.680466,-2.69561471,133.336372,222.806063,230.667821,154.695656,126.340457,-2.81349285,125.315398,9.31845317,8.129883,0.0864260484,-0.0409938305,0.0400198271,-0.0647099771,6.24802404,2.15186881
4.3006115,return_center_after_up,center,0,0,33,0,55.788574,30.739746,-138.295898,61.611328,105.666504,15.358887,222.789055,230.673353,154.632095,117.985913,-2.70334975,133.013325,222.806063,230.667821,154.695656,126.340457,-2.81349285,125.315398,8.96974335,7.822266,0.0660286493,-0.0170073509,0.00553178097,-0.063560459,12.8040929,1.53357019
4.32570052,return_center_after_up,center,0,0,34,0,55.788574,30.783691,-138.295898,61.54541,105.534668,15.314941,222.741678,230.76189,154.665609,118.142549,-2.69322891,132.907322,222.806063,230.667821,154.695656,126.340457,-2.81349285,125.315398,8.81130915,7.69043,0.117885963,-0.0643845151,0.0940688272,-0.0300464694,6.3758363,4.21942219
4.35335398,return_center_after_up,center,0,0,35,0,55.766602,30.827637,-138.317871,61.479492,105.314941,15.249023,222.752666,230.680085,154.58226,118.372191,-2.68968361,132.656594,222.806063,230.667821,154.695656,126.340457,-2.81349285,125.315398,8.56818038,7.470703,0.125937972,-0.0533971488,0.0122639795,-0.113396261,8.84799543,4.24188518
4.37844872,return_center_after_up,center,0,0,36,0,55.744629,30.871582,-138.317871,61.413574,105.161133,15.249023,222.795199,230.676706,154.591802,118.559683,-2.75428973,132.538143,222.806063,230.667821,154.695656,126.340457,-2.81349285,125.315398,8.39941973,7.316895,0.104797956,-0.0108636865,0.00888460368,-0.103854012,6.94974136,1.74225727
4.40354753,return_center_after_up,center,0,0,37,0,55.744629,30.915527,-138.317871,61.347656,105.029297,15.205078,222.74651,230.765591,154.625227,118.715984,-2.74285157,132.431646,222.806063,230.667821,154.695656,126.340457,-2.81349285,125.315398,8.24097661,7.185059,0.134409066,-0.0595530631,0.0977699033,-0.0704292246,6.37334217,4.25186717
4.43258739,return_center_after_up,center,0,0,38,0,55.700684,31.003418,-138.339844,61.237793,104.72168,15.117188,222.821563,230.674183,154.624121,119.03731,-2.77412768,132.114879,222.806063,230.667821,154.695656,126.340457,-2.81349285,125.315398,7.88849008,6.877442,0.073470568,0.0155000281,0.00636254558,-0.0715345477,12.1533916,4.0729256
4.45770502,return_center_after_up,center,0,0,39,0,55.700684,31.047363,-138.361816,61.171875,104.589844,15.073242,222.732038,230.70517,154.635928,119.199012,-2.74003032,131.986667,222.806063,230.667821,154.695656,126.340457,-2.81349285,125.315398,7.72922378,6.745606,0.10218676,-0.0740252129,0.0373494122,-0.0597279093,6.42837035,3.80087972
4.48279452,return_center_after_up,center,0,0,40,0,55.678711,31.091309,-138.361816,61.105957,104.414062,15.029297,222.774435,230.695724,154.621372,119.38771,-2.76385357,131.817785,222.806063,230.667821,154.695656,126.340457,-2.81349285,125.315398,7.53059657,6.569824,0.0854224666,-0.0316280492,0.0279027319,-0.0742839273,7.9304745,1.8258984
4.51191044,return_center_after_up,center,0,0,41,0,55.656738,31.157227,-138.383789,61.018066,104.128418,14.963379,222.770764,230.646185,154.554541,119.694301,-2.78183827,131.520169,222.806063,230.667821,154.695656,126.340457,-2.81349285,125.315398,7.21727324,6.28418,0.147062642,-0.0352987557,-0.0216359247,-0.141114511,10.8050955,2.85994512
4.53881288,return_center_after_up,center,0,0,42,0,55.634766,31.223145,-138.383789,60.952148,103.908691,14.875488,222.83168,230.647929,154.582448,119.900596,-2.79342501,131.297981,222.806063,230.667821,154.695656,126.340457,-2.81349285,125.315398,6.96415298,6.064453,0.117762672,0.0256172291,-0.019892179,-0.113208241,9.48983389,2.4914674
4.5639286,return_center_after_up,center,0,0,43,0,55.634766,31.26709,-138.405762,60.88623,103.754883,14.853516,222.741642,230.672729,154.569951,120.093517,-2.78760644,131.15633,222.806063,230.667821,154.695656,126.340457,-2.81349285,125.315398,6.79111512,5.910645,0.141335867,-0.06442114,0.00490757722,-0.125704653,6.99882649,3.75157941
4.58902955,return_center_after_up,center,0,0,44,0,55.612793,31.311035,-138.405762,60.842285,103.623047,14.80957,222.809647,230.650009,154.604462,120.219239,-2.81297116,131.028663,222.806063,230.667821,154.695656,126.340457,-2.81349285,125.315398,6.63807006,5.778809,0.0929863703,0.00358379483,-0.0178121389,-0.0911940194,6.12760617,3.17011404
4.61414719,return_center_after_up,center,0,0,45,0,55.59082,31.35498,-138.427734,60.754395,103.469238,14.765625,222.775194,230.616572,154.59052,120.409033,-2.78818288,130.869889,222.806063,230.667821,154.695656,126.340457,-2.81349285,125.315398,6.45049984,5.625,0.120966895,-0.030869042,-0.0512491877,-0.105136162,7.57589792,1.99040131
4.63922811,return_center_after_up,center,0,0,46,0,55.568848,31.442871,-138.427734,60.666504,103.161621,14.677734,222.824134,230.644097,154.611384,120.71477,-2.82825847,130.576422,222.806063,230.667821,154.695656,126.340457,-2.81349285,125.315398,6.1080032,5.317383,0.0893930884,0.0180709903,-0.0237243232,-0.0842717037,13.7126772,2.38828987
4.66434383,return_center_after_up,center,0,0,47,0,55.568848,31.464844,-138.427734,60.600586,103.007812,14.655762,222.755417,230.703966,154.529894,120.906914,-2.82061617,130.433736,222.806063,230.667821,154.695656,126.340457,-2.81349285,125.315398,5.94131817,5.163574,0.17705522,-0.050645666,0.036145022,-0.165762194,6.77662219,4.86778616
4.68943143,return_center_after_up,center,0,0,48,0,55.546875,31.508789,-138.449707,60.556641,102.875977,14.611816,222.781417,230.6232,154.542368,121.037483,-2.82321367,130.284063,222.806063,230.667821,154.695656,126.340457,-2.81349285,125.315398,5.78744963,5.031739,0.161541672,-0.0246457092,-0.0446211805,-0.153288131,6.19307916,3.41842297
4.71453166,return_center_after_up,center,0,0,49,0,55.546875,31.552734,-138.449707,60.490723,102.722168,14.567871,222.728185,230.707119,154.551409,121.213895,-2.81254766,130.150497,222.806063,230.667821,154.695656,126.340457,-2.81349285,125.315398,5.60987371,4.87793,0.168571535,-0.0778779007,0.0392981972,-0.144246479,7.11176362,3.97562777
4.73962283,return_center_after_up,center,0,0,50,0,55.50293,31.640625,-138.47168,60.380859,102.436523,14.47998,222.787736,230.625157,154.572761,121.509195,-2.82612003,129.854768,222.806063,230.667821,154.695656,126.340457,-2.81349285,125.315398,5.27650306,4.592285,0.131374424,-0.0183264895,-0.042663531,-0.122895086,13.3097126,4.12644444
4.76505017,return_center_after_up,center,0,0,51,0,55.50293,31.68457,-138.47168,60.314941,102.282715,14.436035,222.733184,230.709389,154.58176,121.685224,-2.8141724,129.720769,222.806063,230.667821,154.695656,126.340457,-2.81349285,125.315398,5.09893477,4.438477,0.141461962,-0.0728792274,0.0415683477,-0.113895467,7.02024038,3.96255159
4.79015207,return_center_after_up,center,0,0,52,0,55.480957,31.706543,-138.493652,60.292969,102.150879,14.414062,222.772839,230.578092,154.504581,121.812143,-2.83604784,129.553388,222.806063,230.667821,154.695656,126.340457,-2.81349285,125.315398,4.96338919,4.306641,0.213692962,-0.0332239929,-0.0897289477,-0.191074761,5.6049009,6.26960647
4.81914973,return_center_after_up,center,0,0,53,0,55.458984,31.794434,-138.493652,60.183105,101.865234,14.326172,222.781087,230.640974,154.547754,122.112472,-2.84497811,129.290445,222.806063,230.667821,154.695656,126.340457,-2.81349285,125.315398,4.63268796,4.020996,0.152380043,-0.0249758405,-0.0268472507,-0.147902366,11.4165091,2.64573909
4.84426022,return_center_after_up,center,0,0,54,0,55.437012,31.838379,-138.493652,60.117188,101.711426,14.282227,222.813312,230.640202,154.556695,122.27681,-2.85465574,129.143981,222.806063,230.667821,154.695656,126.340457,-2.81349285,125.315398,4.45313757,3.867188,0.141864793,0.00724878574,-0.0276191917,-0.138961343,7.16246063,1.33214977
4.86936545,return_center_after_up,center,0,0,55,0,55.415039,31.882324,-138.515625,60.05127,101.557617,14.238281,222.804521,230.580695,154.543392,122.446071,-2.84299362,128.975612,222.806063,230.667821,154.695656,126.340457,-2.81349285,125.315398,4.27287668,3.713379,0.17543521,-0.00154149428,-0.0871258214,-0.152263679,7.21728653,2.45389759
4.89497638,return_center_after_up,center,0,0,56,0,55.415039,31.948242,-138.537598,59.985352,101.337891,14.194336,222.725815,230.611819,154.548282,122.685893,-2.84844073,128.764796,222.806063,230.667821,154.695656,126.340457,-2.81349285,125.315398,4.03190814,3.493653,0.176904118,-0.0802479737,-0.0560021304,-0.147373984,9.51500355,3.31022671
4.92006898,return_center_after_up,center,0,0,57,0,55.393066,31.992188,-138.537598,59.919434,101.206055,14.150391,222.755615,230.617589,154.581284,122.828233,-2.85018936,128.643193,222.806063,230.667821,154.695656,126.340457,-2.81349285,125.315398,3.87136791,3.361817,0.134719241,-0.0504480593,-0.0502320421,-0.11437224,6.43478912,1.78690017
4.94658303,return_center_after_up,center,0,0,58,0,55.371094,32.058105,-138.537598,59.80957,100.898438,14.040527,222.742935,230.65173,154.509549,123.143373,-2.81617767,128.319814,222.806063,230.667821,154.695656,126.340457,-2.81349285,125.315398,3.52173126,3.0542,0.197180107,-0.0631279248,-0.0160905532,-0.186107371,13.2594801,3.03427437
4.97209024,return_center_after_up,center,0,0,59,0,55.349121,32.102051,-138.537598,59.765625,100.766602,14.040527,222.803867,230.630858,154.543714,123.287429,-2.88315476,128.21409,222.806063,230.667821,154.695656,126.340457,-2.81349285,125.315398,3.37950622,2.922364,0.156388804,-0.0021957542,-0.0369633238,-0.151941927,5.77865115,2.8583566
4.99719882,return_center_after_up,center,0,0,60,0,55.327148,32.145996,-138.55957,59.72168,100.634766,13.974609,222.823651,230.551023,154.55541,123.405939,-2.85745819,128.051241,222.806063,230.667821,154.695656,126.340457,-2.81349285,125.315398,3.22025038,2.790528,0.183357155,0.0175877296,-0.116797502,-0.140245718,6.48995123,3.30868515
5.02231669,return_center_after_up,center,0,0,61,0,55.327148,32.189941,-138.55957,59.655762,100.480957,13.930664,222.763756,230.636523,154.564272,123.580351,-2.8404954,127.915458,222.806063,230.667821,154.695656,126.340457,-2.81349285,125.315398,3.0426379,2.636719,0.141531544,-0.0423066286,-0.0312978899,-0.131384053,7.10676827,4.17099912
5.04757166,return_center_after_up,center,0,0,62,0,55.305176,32.255859,-138.55957,59.567871,100.217285,13.842773,222.778309,230.657002,154.541881,123.843385,-2.83266033,127.646348,222.806063,230.667821,154.695656,126.340457,-2.81349285,125.315398,2.74411988,2.373047,0.156633132,-0.0277539015,-0.0108186695,-0.153774561,11.8656814,1.33252464
5.07267213,return_center_after_up,center,0,0,63,0,55.283203,32.299805,-138.581543,59.523926,100.085449,13.842773,222.796594,230.57739,154.553425,123.991754,-2.87778885,127.518082,222.806063,230.667821,154.695656,126.340457,-2.81349285,125.315398,2.60123187,2.241211,0.16881078,-0.00946928581,-0.0904307095,-0.142231146,5.93718265,3.28664731
5.09774923,return_center_after_up,center,0,0,64,0,55.26123,32.34375,-138.581543,59.436035,99.887695,13.776855,222.791806,230.592622,154.512851,124.205058,-2.85273554,127.314663,222.806063,230.667821,154.695656,126.340457,-2.81349285,125.315398,2.37060376,2.043457,0.198181238,-0.0142569033,-0.0751994341,-0.182804783,9.23138883,1.73871686
5.12283444,return_center_after_up,center,0,0,65,0,55.239258,32.387695,-138.581543,59.39209,99.777832,13.754883,222.849969,230.578351,154.571165,124.317013,-2.88755178,127.222124,222.806063,230.667821,154.695656,126.340457,-2.81349285,125.315398,2.24196498,1.933594,0.159470239,0.0439064748,-0.0894701628,-0.124491238,5.1819902,3.33219785
5.14934373,return_center_after_up,center,0,0,66,0,55.239258,32.431641,-138.603516,59.326172,99.667969,13.710938,222.745993,230.617168,154.605746,124.452743,-2.83495569,127.114645,222.806063,230.667821,154.695656,126.340457,-2.81349285,125.315398,2.10180867,1.823731,0.119407033,-0.0600701405,-0.0506534345,-0.0899102177,5.43523936,4.3852007
5.18190098,return_center_after_up,center,0,0,67,0,55.217285,32.475586,-138.581543,59.260254,99.492188,13.666992,222.812951,230.671131,154.613204,124.631655,-2.86568987,126.962844,222.806063,230.667821,154.695656,126.340457,-2.81349285,125.315398,1.90377608,1.64795,0.0828052498,0.0068883831,0.00330960534,-0.082451841,6.14856536,2.65131872
5.20988011,return_center_after_up,center,0,0,68,0,55.217285,32.519531,-138.603516,59.194336,99.338379,13.601074,222.708456,230.698077,154.599348,124.799496,-2.80072704,126.792361,222.806063,230.667821,154.695656,126.340457,-2.81349285,125.315398,1.7201939,1.494141,0.140419521,-0.0976065911,0.0302564488,-0.0963075415,6.66369748,3.88859097
5.24757791,return_center_after_up,center,0,0,69,0,55.195312,32.585449,-138.603516,59.128418,99.118652,13.579102,222.749727,230.704957,154.626364,125.030695,-2.86710348,126.600336,222.806063,230.667821,154.695656,126.340457,-2.81349285,125.315398,1.48360167,1.274414,0.0967165849,-0.0563356326,0.0371360156,-0.0692914904,6.3849569,1.32115145
5.28243661,return_center_after_up,center,0,0,70,0,55.151367,32.629395,-138.625488,59.0625,98.942871,13.513184,222.820862,230.555304,154.58821,125.196854,-2.85484809,126.380959,222.806063,230.667821,154.695656,126.340457,-2.81349285,125.315398,1.27668499,1.098633,0.156280752,0.0147995765,-0.112516993,-0.107445671,6.01300621,4.87784172
5.31134248,return_center_after_up,center,0,0,71,0,55.151367,32.651367,-138.625488,59.040527,98.85498,13.491211,222.804644,230.582253,154.581051,125.284886,-2.85671315,126.295863,222.806063,230.667821,154.695656,126.340457,-2.81349285,125.315398,1.18224281,1.010742,0.143031878,-0.00141928412,-0.0855680329,-0.114604604,3.31340812,1.11595089
5.35213089,return_center_after_up,center,0,0,72,0,55.129395,32.695312,-138.625488,58.974609,98.723145,13.425293,222.828038,230.589321,154.614223,125.415131,-2.82808286,126.161398,222.806063,230.667821,154.695656,126.340457,-2.81349285,125.315398,1.01598343,0.878907,0.115224276,0.0219754127,-0.0785004041,-0.0814334184,4.13780022,1.01013567
5.38216329,return_center_after_up,center,0,0,73,0,55.129395,32.717285,-138.625488,58.930664,98.613281,13.40332,222.778802,230.637266,154.581884,125.542134,-2.81654624,126.057461,222.806063,230.667821,154.695656,126.340457,-2.81349285,125.315398,0.894964199,0.769043,0.120916264,-0.0272609622,-0.0305544999,-0.113771725,4.07357534,2.52902207
5.41535997,return_center_after_up,center,0,0,74,0,55.107422,32.76123,-138.625488,58.864746,98.459473,13.359375,222.801346,230.638616,154.590878,125.703419,-2.81767375,125.908413,222.806063,230.667821,154.695656,126.340457,-2.81349285,125.315398,0.7153783,0.615235,0.108874638,-0.00471645655,-0.0292048258,-0.104778432,5.41780967,0.732289315
5.45240426,return_center_after_up,center,0,0,75,0,55.085449,32.805176,-138.625488,58.820801,98.305664,13.31543,222.855974,230.613334,154.600839,125.846662,-2.83771157,125.752268,222.806063,230.667821,154.695656,126.340457,-2.81349285,125.315398,0.543573551,0.461426,0.120208905,0.0499113048,-0.0544871277,-0.0948166408,4.6704446,1.64703706
5.4775095,return_center_after_up,center,0,0,76,0,55.085449,32.827148,-138.625488,58.820801,98.261719,13.31543,222.871913,230.625433,154.643116,125.884458,-2.87023766,125.722856,222.806063,230.667821,154.695656,126.340457,-2.81349285,125.315398,0.50057214,0.417481,0.0943050272,0.0658501921,-0.0423882882,-0.0525397314,1.95703303,1.86310016
5.51290703,return_center_after_up,center,0,0,77,0,55.085449,32.827148,-138.625488,58.776855,98.195801,13.293457,222.805869,230.661492,154.568528,125.97336,-2.82543124,125.648003,222.806063,230.667821,154.695656,126.340457,-2.81349285,125.315398,0.42322338,0.351563,0.12728541,-0.000194003539,-0.00632879515,-0.127127827,2.32260943,2.99316064
5.54678297,return_center_after_up,center,0,0,78,0,55.063477,32.871094,-138.625488,58.710938,98.085938,13.271484,222.827985,230.674662,154.626087,126.102265,-2.83778431,125.561634,222.806063,230.667821,154.695656,126.340457,-2.81349285,125.315398,0.287330206,0.2417,0.0732615989,0.0219218394,0.00684128375,-0.06956933,4.10222586,1.86125892
5.57193375,return_center_after_up,center,0,0,79,0,55.063477,32.893066,-138.647461,58.688965,98.02002,13.227539,222.7692,230.648198,154.620063,126.16303,-2.78770046,125.468473,222.806063,230.667821,154.695656,126.340457,-2.81349285,125.315398,0.204947927,0.175782,0.0863609049,-0.0368627376,-0.0196233853,-0.0755927723,3.49454428,2.57438869
5.59702301,return_center_after_up,center,0,0,80,0,55.063477,32.915039,-138.647461,58.666992,97.954102,13.205566,222.751921,230.681285,154.637173,126.229559,-2.78223349,125.40883,222.806063,230.667821,154.695656,126.340457,-2.81349285,125.315398,0.129992331,0.109864,0.0808264199,-0.054141891,0.013464432,-0.0584831162,3.03380119,1.63664857
5.62212801,return_center_after_up,center,0,0,81,0,55.063477,32.915039,-138.647461,58.666992,97.932129,13.227539,222.751487,230.675526,154.612924,126.260747,-2.81271635,125.394144,222.806063,230.667821,154.695656,126.340457,-2.81349285,125.315398,0.118326369,0.087891,0.0994109903,-0.0545759179,0.00770513961,-0.0827323697,1.23778192,0.992932805
5.64722705,return_center_after_up,center,0,0,82,0,55.041504,32.915039,-138.647461,58.64502,97.910156,13.183594,222.806912,230.611014,154.587771,126.268135,-2.77439119,125.341539,222.806063,230.667821,154.695656,126.340457,-2.81349285,125.315398,0.0822141015,0.065918,0.121929893,0.00084905106,-0.0568064438,-0.107885152,2.31618268,3.53369528
5.67233586,return_center_after_up,center,0,0,83,0,55.041504,32.937012,-138.647461,58.64502,97.888184,13.183594,222.823023,230.628954,154.654288,126.284856,-2.80066598,125.337959,222.806063,230.667821,154.695656,126.340457,-2.81349285,125.315398,0.0538222299,0.043946,0.0592422675,0.0169602095,-0.0388673144,-0.0413682175,1.23756571,2.81782618
5.6974442,return_center_after_up,center,0,0,84,0,55.041504,32.937012,-138.647461,58.666992,97.866211,13.205566,222.85514,230.596512,154.630939,126.298183,-2.85060386,125.316326,222.806063,230.667821,154.695656,126.340457,-2.81349285,125.315398,0.0581335817,0.043945,0.108082107,0.0490776046,-0.0713085139,-0.0647165079,1.51571954,2.04214085
5.72254634,return_center_after_up,center,0,0,85,0,55.041504,32.937012,-138.647461,58.623047,97.844238,13.161621,222.789506,230.644139,154.604886,126.334619,-2.76879495,125.28187,222.806063,230.667821,154.695656,126.340457,-2.81349285,125.315398,0.0310738075,0.021973,0.0952578977,-0.0165565683,-0.0236817225,-0.0907696157,2.62597813,3.39316987
5.74764729,return_center_after_up,center,0,0,86,0,55.041504,32.958984,-138.647461,58.64502,97.844238,13.183594,222.838651,230.641138,154.696554,126.322619,-2.83296019,125.308465,222.806063,230.667821,154.695656,126.340457,-2.81349285,125.315398,0.021973,0.021973,0.0421280928,0.0325880447,-0.0266831338,0.000897726678,1.51618885,4.14539615
5.77275133,return_center_after_up,center,0,0,87,0,55.041504,32.958984,-138.647461,58.601074,97.822266,13.161621,222.772992,230.688755,154.67051,126.369178,-2.77556821,125.285215,222.806063,230.667821,154.695656,126.340457,-2.81349285,125.315398,0.0380577751,0.021973,0.0465212805,-0.0330710951,0.0209336239,-0.0251458864,2.14396636,3.39333942
5.79784727,return_center_after_up,center,0,0,88,0,55.041504,32.958984,-138.647461,58.623047,97.822266,13.183594,222.80559,230.662082,154.671404,126.361489,-2.81951164,125.289483,222.806063,230.667821,154.695656,126.340457,-2.81349285,125.315398,0.021972,0.021972,0.0249264432,-0.0004731821,-0.00573879562,-0.0242522142,1.23822878,1.67871206
5.82293868,return_center_after_up,center,0,0,89,0,55.041504,32.958984,-138.647461,58.623047,97.822266,13.161621,222.80559,230.662082,154.671404,126.351347,-2.79504545,125.278286,222.806063,230.667821,154.695656,126.340457,-2.81349285,125.315398,0.0310738075,0.021973,0.0249264432,-0.0004731821,-0.00573879562,-0.0242522142,0.875718036,0
5.84803009,return_center_after_up,center,0,0,90,0,55.041504,32.958984,-138.647461,58.601074,97.822266,13.161621,222.772992,230.688755,154.67051,126.369178,-2.77556821,125.285215,222.806063,230.667821,154.695656,126.340457,-2.81349285,125.315398,0.0380577751,0.021973,0.0465212805,-0.0330710951,0.0209336239,-0.0251458864,0.875718036,1.67901513
5.87583852,return_center_after_up,center,0,0,91,0,55.041504,32.958984,-138.647461,58.623047,97.822266,13.183594,222.80559,230.662082,154.671404,126.361489,-2.81951164,125.289483,222.806063,230.667821,154.695656,126.340457,-2.81349285,125.315398,0.021972,0.021972,0.0249264432,-0.0004731821,-0.00573879562,-0.0242522142,1.11744953,1.51496722
5.90542412,return_center_after_up,center,0,0,92,0,55.041504,32.958984,-138.647461,58.601074,97.822266,13.183594,222.772992,230.688755,154.67051,126.379325,-2.8000362,125.296408,222.806063,230.667821,154.695656,126.340457,-2.81349285,125.315398,0.0310738075,0.021973,0.0465212805,-0.0330710951,0.0209336239,-0.0251458864,0.742692393,1.42396492
5.909235,right_stick_down,down,0,-1,0,0,55.041504,32.958984,-138.647461,58.601074,97.822266,13.183594,222.772992,230.688755,154.67051,126.379325,-2.8000362,125.296408,222.806063,230.667821,154.695656,136.905567,-3.08021303,113.930361,0.0310738075,0.021973,0.0465212805,-0.0330710951,0.0209336239,-0.0251458864,0,0
5.93811393,right_stick_down,down,0,-1,1,0,55.041504,32.958984,-138.647461,58.601074,97.822266,13.161621,222.772992,230.688755,154.67051,126.369178,-2.77556821,125.285215,222.806063,230.667821,154.695656,136.905567,-3.08021303,113.930361,0.0380577751,0.021973,0.0465212805,-0.0330710951,0.0209336239,-0.0251458864,0.760866213,0
5.9632268,right_stick_down,down,0,-1,2,0,55.041504,32.958984,-138.647461,58.623047,97.822266,13.183594,222.80559,230.662082,154.671404,126.361489,-2.81951164,125.289483,222.806063,230.667821,154.695656,136.905567,-3.08021303,113.930361,0.021972,0.021972,0.0249264432,-0.0004731821,-0.00573879562,-0.0242522142,1.23739413,1.6775805
5.99037862,right_stick_down,down,0,-1,3,0,55.041504,32.958984,-138.647461,58.623047,97.822266,13.161621,222.80559,230.662082,154.671404,126.351347,-2.79504545,125.278286,222.806063,230.667821,154.695656,136.905567,-3.08021303,113.930361,0.0310738075,0.021973,0.0249264432,-0.0004731821,-0.00573879562,-0.0242522142,0.809264261,0
6.01543784,right_stick_down,down,0,-1,4,0,55.041504,32.958984,-138.647461,58.601074,97.822266,13.183594,222.772992,230.688755,154.67051,126.379325,-2.8000362,125.296408,222.806063,230.667821,154.695656,136.905567,-3.08021303,113.930361,0.0310738075,0.021973,0.0465212805,-0.0330710951,0.0209336239,-0.0251458864,1.24004301,1.68117169
6.04052401,right_stick_down,down,0,-1,5,0,55.041504,32.958984,-138.647461,58.601074,97.822266,13.183594,222.772992,230.688755,154.67051,126.379325,-2.8000362,125.296408,222.806063,230.667821,154.695656,136.905567,-3.08021303,113.930361,0.0310738075,0.021973,0.0465212805,-0.0330710951,0.0209336239,-0.0251458864,0,0
6.06562209,right_stick_down,down,0,-1,6,0,55.041504,32.958984,-138.647461,58.601074,97.800293,13.183594,222.772509,230.683017,154.646257,126.400353,-2.80605061,125.270483,222.806063,230.667821,154.695656,136.905567,-3.08021303,113.930361,0.0491322272,0.043945,0.0616205071,-0.0335537899,0.0151962838,-0.0493994234,0.875485108,0.993206343
6.09412932,right_stick_down,down,0,-1,7,0,55.041504,32.958984,-138.647461,58.579102,97.77832,13.161621,222.739411,230.703942,154.621113,126.42906,-2.76809895,125.240285,222.806063,230.667821,154.695656,136.905567,-3.08021303,113.930361,0.0822141015,0.065918,0.106319723,-0.0666522703,0.0361211391,-0.0745427506,1.33502173,1.6324077
6.11961174,right_stick_down,down,0,-1,8,0,55.041504,32.980957,-138.647461,58.579102,97.756348,13.183594,222.755468,230.721892,154.68764,126.455936,-2.81880908,125.247878,222.806063,230.667821,154.695656,136.905567,-3.08021303,113.930361,0.100690754,0.08789,0.0744837328,-0.0505948987,0.0540715403,-0.00801568473,1.49349162,2.77651974
6.14469385,right_stick_down,down,0,-1,9,0,55.041504,32.980957,-138.647461,58.601074,97.712402,13.161621,222.787052,230.683773,154.640019,126.469998,-2.82583273,125.177914,222.806063,230.667821,154.695656,136.905567,-3.08021303,113.930361,0.137219419,0.131836,0.0609207722,-0.0190104838,0.0159519927,-0.0556370013,2.14584128,2.73864838
6.16980171,right_stick_down,down,0,-1,10,0,55.019531,33.00293,-138.647461,58.557129,97.668457,13.139648,222.825807,230.663895,154.680518,126.522026,-2.81854325,125.139856,222.806063,230.667821,154.695656,136.905567,-3.08021303,113.930361,0.198970996,0.175781,0.0251867502,0.0197437644,-0.00392587533,-0.0151374918,2.90247711,2.36876536
6.19489193,right_stick_down,down,0,-1,11,0,55.019531,33.00293,-138.669434,58.579102,97.624512,13.139648,222.815601,230.566163,154.60966,126.550472,-2.82985153,125.058708,222.806063,230.667821,154.695656,136.905567,-3.08021303,113.930361,0.234603507,0.219726,0.133493675,0.00953787792,-0.101657516,-0.0859961592,2.14513172,4.82845371
6.22005606,right_stick_down,down,0,-1,12,0,55.019531,33.024902,-138.647461,58.557129,97.558594,13.117676,222.839582,230.659009,154.650017,126.612629,-2.84417231,125.021297,222.806063,230.667821,154.695656,136.905567,-3.08021303,113.930361,0.308400479,0.285644,0.0573071919,0.0335192429,-0.00881226603,-0.0456390027,3.14826699,4.13440436
6.24515462,right_stick_down,down,0,-1,13,0,55.019531,33.024902,-138.647461,58.535156,97.514648,13.117676,222.80579,230.674264,154.600619,126.672411,-2.83658038,124.976258,222.806063,230.667821,154.695656,136.905567,-3.08021303,113.930361,0.354298708,0.32959,0.0952557763,-0.000273118974,0.00644267896,-0.095037257,1.95760702,2.46086871
6.27500057,right_stick_down,down,0,-1,14,0,55.019531,33.068848,-138.669434,58.535156,97.404785,13.095703,222.794091,230.633469,154.637612,126.762917,-2.86208596,124.857611,222.806063,230.667821,154.695656,136.905567,-3.08021303,113.930361,0.470748679,0.439453,0.0685020106,-0.0119719719,-0.0343519769,-0.058044285,4.09900432,1.88631037
6.30514407,right_stick_down,down,0,-1,15,0,54.997559,33.09082,-138.669434,58.491211,97.338867,13.07373,222.831894,230.607958,154.653853,126.835826,-2.86045868,124.793514,222.806063,230.667821,154.695656,136.905567,-3.08021303,113.930361,0.551946903,0.505371,0.0774488164,0.0258313966,-0.0598632794,-0.0418024627,2.91572816,1.60604981
6.33027506,right_stick_down,down,0,-1,16,0,54.997559,33.112793,-138.669434,58.469238,97.272949,13.051758,222.813801,230.641247,154.670982,126.902143,-2.85426978,124.733655,222.806063,230.667821,154.695656,136.905567,-3.08021303,113.930361,0.627280037,0.571289,0.037079252,0.00773846027,-0.0265743988,-0.0246736397,3.02875289,1.65453307
6.35536408,right_stick_down,down,0,-1,17,0,54.997559,33.134766,-138.669434,58.447266,97.207031,13.029785,222.795627,230.674551,154.688117,126.968439,-2.84799776,124.673776,222.806063,230.667821,154.695656,136.905567,-3.08021303,113.930361,0.70278177,0.637207,0.0145272376,-0.0104360899,0.00673019458,-0.00753877588,3.03381852,1.65931846
6.38250089,right_stick_down,down,0,-1,18,0,54.975586,33.178711,-138.669434,58.40332,97.053223,13.007812,222.846732,230.650125,154.698133,127.120797,-2.88985724,124.52792,222.806063,230.667821,154.695656,136.905567,-3.08021303,113.930361,0.870627329,0.791015,0.04442171,0.0406695921,-0.0176956146,0.00247746281,6.21940702,2.11969013
6.40759659,right_stick_down,down,0,-1,19,0,54.975586,33.200684,-138.691406,58.381348,96.965332,13.007812,222.785614,230.618101,154.667609,127.22218,-2.89379355,124.430536,222.806063,230.667821,154.695656,136.905567,-3.08021303,113.930361,0.962542836,0.878906,0.0606365951,-0.0204486539,-0.0497195349,-0.0280466944,3.81645881,3.00648919
6.43278265,right_stick_down,down,0,-1,20,0,54.975586,33.222656,-138.691406,58.337402,96.855469,12.941895,222.732696,230.66685,154.635358,127.327621,-2.82994161,124.303125,222.806063,230.667821,154.695656,136.905567,-3.08021303,113.930361,1.09246276,0.988769,0.094970593,-0.0733667859,-0.000971152188,-0.060297472,5.44819669,3.13057992
6.4578898,right_stick_down,down,0,-1,21,0,54.953613,33.244629,-138.691406,58.31543,96.767578,12.941895,222.801582,230.609217,154.628229,127.413542,-2.8779365,124.217013,222.806063,230.667821,154.695656,136.905567,-3.08021303,113.930361,1.18469086,1.07666,0.0894475755,-0.00448099427,-0.0586036038,-0.06742705,3.81472837,3.58852539
6.48297763,right_stick_down,down,0,-1,22,0,54.953613,33.288574,-138.691406,58.293457,96.61377,12.919922,222.79569,230.64392,154.63908,127.559018,-2.91460495,124.074997,222.806063,230.667821,154.695656,136.905567,-3.08021303,113.930361,1.34554433,1.230468,0.0622869696,-0.0103729162,-0.0239008575,-0.056575774,6.49530095,1.46820279
6.50808406,right_stick_down,down,0,-1,23,0,54.953613,33.310547,-138.691406,58.271484,96.525879,12.875977,222.775755,230.671832,154.631959,127.635817,-2.88878155,123.977788,222.806063,230.667821,154.695656,136.905567,-3.08021303,113.930361,1.44552681,1.318359,0.0706535836,-0.0303083117,0.00401091821,-0.0636965278,4.10497335,1.39531209
6.53359795,right_stick_down,down,0,-1,24,0,54.931641,33.376465,-138.691406,58.227539,96.37207,12.832031,222.841563,230.671534,154.732823,127.773507,-2.92464785,123.842914,222.806063,230.667821,154.695656,136.905567,-3.08021303,113.930361,1.62345101,1.472168,0.0515310854,0.0355000354,0.00371355942,0.0371673207,7.04927125,4.72033036
6.55871511,right_stick_down,down,0,-1,25,0,54.931641,33.398438,-138.713379,58.183594,96.262207,12.810059,222.745399,230.660678,154.677055,127.90277,-2.88912825,123.71466,222.806063,230.667821,154.695656,136.905567,-3.08021303,113.930361,1.74499407,1.582031,0.0638525438,-0.0606641317,-0.00714251356,-0.0186009404,4.94863933,4.44691136
6.58397388,right_stick_down,down,0,-1,26,0,54.909668,33.442383,-138.713379,58.139648,96.086426,12.788086,222.792712,230.631364,154.662828,128.075104,-2.93500226,123.541832,222.806063,230.667821,154.695656,136.905567,-3.08021303,113.930361,1.93271951,1.757812,0.0508435151,-0.0133512695,-0.036457323,-0.032827888,7.48317513,2.27437692
6.61169362,right_stick_down,down,0,-1,27,0,54.887695,33.486328,-138.713379,58.07373,95.910645,12.744141,222.806724,230.628764,154.647834,128.254793,-2.93572853,123.364637,222.806063,230.667821,154.695656,136.905567,-3.08021303,113.930361,2.13066752,1.933593,0.0617481233,0.000660698373,-0.0390570461,-0.0478219756,7.17793826,0.746260422
6.63680029,right_stick_down,down,0,-1,28,0,54.887695,33.530273,-138.713379,58.051758,95.800781,12.700195,222.801045,230.675087,154.707286,128.348116,-2.93452866,123.263543,222.806063,230.667821,154.695656,136.905567,-3.08021303,113.930361,2.25613292,2.043457,0.0146030675,-0.00501795012,0.00726647169,0.0116304835,5.10311171,3.0104541
6.66190028,right_stick_down,down,0,-1,29,0,54.887695,33.552246,-138.713379,58.029785,95.668945,12.678223,222.777246,230.692366,154.651641,128.476078,-2.9438422,123.124429,222.806063,230.667821,154.695656,136.905567,-3.08021303,113.930361,2.39148938,2.175293,0.0580532119,-0.0288169865,0.0245454874,-0.0440144949,5.46690434,2.507532
6.68698549,right_stick_down,down,0,-1,30,0,54.865723,33.596191,-138.735352,57.98584,95.537109,12.634277,222.783173,230.614404,154.662318,128.60018,-2.93238607,122.970213,222.806063,230.667821,154.695656,136.905567,-3.08021303,113.930361,2.54465768,2.307129,0.0669975489,-0.0228893472,-0.0534165944,-0.0333379181,6.19369596,3.14578534
6.7120955,right_stick_down,down,0,-1,31,0,54.84375,33.640137,-138.735352,57.897949,95.339355,12.612305,222.761155,230.633282,154.622369,128.827603,-2.94215912,122.783621,222.806063,230.667821,154.695656,136.905567,-3.08021303,113.930361,2.76358064,2.504883,0.092632273,-0.0449082301,-0.0345393941,-0.0732872372,8.88085962,1.96603999
6.73719358,right_stick_down,down,0,-1,32,0,54.84375,33.684082,-138.713379,57.897949,95.20752,12.546387,222.828071,230.708073,154.682154,128.909918,-2.96066513,122.661269,222.806063,230.667821,154.695656,136.905567,-3.08021303,113.930361,2.90745604,2.636718,0.0478210796,0.0220079475,0.0402516533,-0.0135022331,6.19048496,4.65433535
6.76272988,right_stick_down,down,0,-1,33,0,54.799805,33.771973,-138.735352,57.810059,94.921875,12.480469,222.87798,230.60729,154.703012,129.184232,-2.98618777,122.359335,222.806063,230.667821,154.695656,136.905567,-3.08021303,113.930361,3.22841046,2.922363,0.0942880607,0.0719174249,-0.0605310934,0.00735588968,12.6166569,4.47918186
6.78783202,right_stick_down,down,0,-1,34,0,54.799805,33.793945,-138.735352,57.766113,94.768066,12.458496,222.817648,230.646266,154.622401,129.349583,-2.9794839,122.199712,222.806063,230.667821,154.695656,136.905567,-3.08021303,113.930361,3.38913562,3.076172,0.0772342801,0.0115851015,-0.0215545165,-0.0732551859,6.4916424,4.30118794
6.81293011,right_stick_down,down,0,-1,35,0,54.777832,33.837891,-138.735352,57.722168,94.63623,12.414551,222.863697,230.62885,154.656966,129.469261,-2.98613252,122.067698,222.806063,230.667821,154.695656,136.905567,-3.08021303,113.930361,3.54175814,3.208008,0.0796072077,0.057634192,-0.0389704476,-0.0386899425,6.12830468,2.39678492
6.83805323,right_stick_down,down,0,-1,36,0,54.755859,33.903809,-138.735352,57.65625,94.416504,12.392578,222.886191,230.640253,154.68459,129.694934,-3.03903737,121.869722,222.806063,230.667821,154.695656,136.905567,-3.08021303,113.930361,3.78044644,3.427734,0.0854579554,0.0801285896,-0.0275684197,-0.0110658713,9.58073528,1.48884609
6.8631475,right_stick_down,down,0,-1,37,0,54.755859,33.947754,-138.757324,57.612305,94.262695,12.32666,222.798509,230.642862,154.670883,129.839581,-2.9811084,121.688336,222.806063,230.667821,154.695656,136.905567,-3.08021303,113.930361,3.95660392,3.581543,0.0359684412,-0.00755419334,-0.024959117,-0.0247730782,7.16713671,3.53810127
6.88823462,right_stick_down,down,0,-1,38,0,54.733887,34.013672,-138.757324,57.524414,94.042969,12.282715,222.786558,230.681013,154.6979,130.072128,-2.98723599,121.485768,222.806063,230.667821,154.695656,136.905567,-3.08021303,113.930361,4.20562579,3.801269,0.0236541524,-0.0195050406,0.0131922488,0.00224430086,9.98625507,1.92339108
6.91333771,right_stick_down,down,0,-1,39,0,54.711914,34.035645,-138.757324,57.524414,93.88916,12.23877,222.878057,230.582241,154.618782,130.180403,-3.01948037,121.29123,222.806063,230.667821,154.695656,136.905567,-3.08021303,113.930361,4.36144783,3.955078,0.135707981,0.0719943625,-0.085579464,-0.0768740738,6.49139041,6.22097252
6.93843007,right_stick_down,down,0,-1,40,0,54.711914,34.123535,-138.757324,57.458496,93.669434,12.194824,222.825838,230.703364,154.737486,130.402918,-3.03990414,121.115147,222.806063,230.667821,154.695656,136.905567,-3.08021303,113.930361,4.60865621,4.174804,0.0583448281,0.01977469,0.0355428364,0.04183046,9.94568795,7.07184686
6.96352744,right_stick_down,down,0,-1,41,0,54.689941,34.145508,-138.779297,57.414551,93.515625,12.150879,222.80766,230.597265,154.63285,130.549023,-3.01082593,120.910426,222.806063,230.667821,154.695656,136.905567,-3.08021303,113.930361,4.77626107,4.328613,0.0944739155,0.0015968962,-0.0705561387,-0.062806066,6.78157916,5.98153146
6.98861361,right_stick_down,down,0,-1,42,0,54.667969,34.211426,-138.779297,57.348633,93.295898,12.084961,222.825689,230.609656,154.660745,130.753178,-3.01005253,120.69018,222.806063,230.667821,154.695656,136.905567,-3.08021303,113.930361,5.02434497,4.54834,0.0706188788,0.0196259788,-0.0581644604,-0.0349104932,9.90954921,1.41316439
7.01371503,right_stick_down,down,0,-1,43,0,54.667969,34.255371,-138.779297,57.282715,93.14209,12.084961,222.744515,230.699624,154.670675,130.940849,-3.0242481,120.568466,222.806063,230.667821,154.695656,136.905567,-3.08021303,113.930361,5.19145534,4.702148,0.0736457289,-0.0615482593,0.031803171,-0.0249812624,6.89252841,4.84360328
7.04314065,right_stick_down,down,0,-1,44,0,54.624023,34.343262,-138.779297,57.216797,92.834473,11.99707,222.856828,230.629876,154.692551,131.201151,-3.06243064,120.243237,222.806063,230.667821,154.695656,136.905567,-3.08021303,113.930361,5.53091496,5.009765,0.0634551523,0.0507651385,-0.0379449252,-0.00310478912,11.5921928,4.55406717
7.06824207,right_stick_down,down,0,-1,45,0,54.624023,34.387207,-138.779297,57.150879,92.702637,11.953125,222.776789,230.725222,154.726918,131.34799,-3.01947647,120.127039,222.806063,230.667821,154.695656,136.905567,-3.08021303,113.930361,5.68760806,5.141601,0.0716188361,-0.0292743249,0.057401533,0.031262367,6.37267628,5.14491708
7.09333944,right_stick_down,down,0,-1,46,0,54.602051,34.431152,-138.80127,57.150879,92.548828,11.931152,222.838441,230.590452,154.714353,131.465258,-3.07537646,119.942208,222.806063,230.667821,154.695656,136.905567,-3.08021303,113.930361,5.84476787,5.29541,0.0859293539,0.03237839,-0.0773687346,0.0186968612,6.55162684,5.92630126
7.11928892,right_stick_down,down,0,-1,47,0,54.580078,34.49707,-138.80127,57.041016,92.241211,11.865234,222.776227,230.635988,154.644371,131.783478,-3.05055755,119.626492,222.806063,230.667821,154.695656,136.905567,-3.08021303,113.930361,6.18361435,5.603027,0.067333052,-0.0298359941,-0.0318332699,-0.0512854391,13.1177475,4.01253351
7.14435816,right_stick_down,down,0,-1,48,0,54.558105,34.562988,-138.779297,56.975098,92.087402,11.799316,222.84049,230.725323,154.770193,131.922519,-3.04938833,119.508567,222.806063,230.667821,154.695656,136.905567,-3.08021303,113.930361,6.37157801,5.756836,0.100237311,0.0344273786,0.0575020786,0.0745371387,7.74086899,6.66786667
7.16946125,right_stick_down,down,0,-1,49,0,54.536133,34.606934,-138.80127,56.931152,91.867676,11.755371,222.826039,230.628404,154.683677,132.12399,-3.05230722,119.245076,222.806063,230.667821,154.695656,136.905567,-3.08021303,113.930361,6.6042728,5.976562,0.0457848703,0.0199759027,-0.0394172875,-0.0119789442,9.3455982,5.20725391
7.19454861,right_stick_down,down,0,-1,50,0,54.51416,34.650879,-138.80127,56.887207,91.713867,11.733398,222.862408,230.607422,154.694633,132.271808,-3.08410609,119.095147,222.806063,230.667821,154.695656,136.905567,-3.08021303,113.930361,6.77214258,6.130371,0.0826065895,0.0563452412,-0.0603988125,-0.00102267766,6.72751119,1.72969466
7.2196455,right_stick_down,down,0,-1,51,0,54.51416,34.694824,-138.823242,56.843262,91.582031,11.711426,222.769395,230.616143,154.705175,132.413599,-3.06620329,118.959076,222.806063,230.667821,154.695656,136.905567,-3.08021303,113.930361,6.91897976,6.262207,0.0640760239,-0.0366676944,-0.0516779003,0.00951901491,5.93800519,3.74603193
7.24474549,right_stick_down,down,0,-1,52,0,54.492188,34.73877,-138.80127,56.799316,91.428223,11.645508,222.848361,230.656169,154.740966,132.53813,-3.06527763,118.811747,222.806063,230.667821,154.695656,136.905567,-3.08021303,113.930361,7.09577306,6.416015,0.0630707071,0.0422984377,-0.0116523521,0.0453098108,7.21876092,3.80445355
7.2698319,right_stick_down,down,0,-1,53,0,54.470215,34.804688,-138.80127,56.711426,91.142578,11.57959,222.816099,230.681712,154.696527,132.816941,-3.05179691,118.515025,222.806063,230.667821,154.695656,136.905567,-3.08021303,113.930361,7.40918498,6.70166,0.0171592304,0.0100364682,0.0138906256,0.000871212923,12.5100675,2.41423899
7.2949245,right_stick_down,down,0,-1,54,0,54.448242,34.848633,-138.823242,56.66748,90.98877,11.557617,222.806965,230.600228,154.682871,132.966976,-3.06315883,118.341446,222.806063,230.667821,154.695656,136.905567,-3.08021303,113.930361,7.57754031,6.855468,0.0687972343,0.00090193954,-0.0675927694,-0.0127852833,6.782837,3.31266171
7.32003069,right_stick_down,down,0,-1,55,0,54.448242,34.892578,-138.823242,56.623535,90.834961,11.513672,222.752468,230.665184,154.6941,133.11517,-3.0422678,118.190858,222.806063,230.667821,154.695656,136.905567,-3.08021303,113.930361,7.74843831,7.009277,0.0536818525,-0.0535944613,-0.00263698656,-0.00155605371,6.83544752,3.40668887
7.34513378,right_stick_down,down,0,-1,56,0,54.42627,34.958496,-138.823242,56.557617,90.615234,11.469727,222.759996,230.679791,154.723173,133.326074,-3.05884729,117.978282,222.806063,230.667821,154.695656,136.905567,-3.08021303,113.930361,7.99182708,7.229004,0.0549781577,-0.0460668131,0.0119696619,0.0275167904,9.70752289,1.33032846
7.37024641,right_stick_down,down,0,-1,57,0,54.404297,35.002441,-138.823242,56.535645,90.461426,11.425781,222.826165,230.633398,154.735018,133.445789,-3.08397689,117.811436,222.806063,230.667821,154.695656,136.905567,-3.08021303,113.930361,8.15878146,7.382812,0.0560218117,0.0201023255,-0.0344232653,0.0393621481,6.72070978,3.252388
7.3953476,right_stick_down,down,0,-1,58,0,54.382324,35.068359,-138.823242,56.469727,90.241699,11.381836,222.832278,230.648315,154.764295,133.656268,-3.09951313,117.598537,222.806063,230.667821,154.695656,136.905567,-3.08021303,113.930361,8.40217819,7.602539,0.0760200697,0.0262153441,-0.019505632,0.0686391802,9.70826412,1.33150244
7.42044854,right_stick_down,down,0,-1,59,0,54.360352,35.090332,-138.823242,56.403809,90.087891,11.337891,222.814163,230.630901,154.684373,133.812234,-3.06184415,117.420323,222.806063,230.667821,154.695656,136.905567,-3.08021303,113.930361,8.57496746,7.756347,0.0394460497,0.00809967774,-0.0369200359,-0.0112825977,7.0029481,3.33768495
7.44554734,right_stick_down,down,0,-1,60,0,54.338379,35.15625,-138.823242,56.337891,89.868164,11.293945,222.818818,230.646097,154.713877,134.022186,-3.07625043,117.207028,222.806063,230.667821,154.695656,136.905567,-3.08021303,113.930361,8.81837453,7.976074,0.031090383,0.0127551876,-0.0217237476,0.0182207545,9.70919352,1.33520003
7.47064161,right_stick_down,down,0,-1,61,0,54.338379,35.200195,-138.823242,56.315918,89.714355,11.25,222.794576,230.68565,154.725976,134.152532,-3.07458167,117.0497,222.806063,230.667821,154.695656,136.905567,-3.08021303,113.930361,8.98359271,8.129883,0.0370011452,-0.0114868567,0.0178286099,0.03031959,6.66841531,1.91048097
7.49574351,right_stick_down,down,0,-1,62,0,54.316406,35.266113,-138.845215,56.25,89.494629,11.184082,222.753852,230.639942,154.730446,134.354592,-3.0431417,116.802969,222.806063,230.667821,154.695656,136.905567,-3.08021303,113.930361,9.23217681,8.349609,0.0686558231,-0.0522110231,-0.0278792673,0.0347904811,9.94191639,2.44528262
7.52084446,right_stick_down,down,0,-1,63,0,54.294434,35.288086,-138.823242,56.228027,89.34082,11.162109,222.844211,230.632068,154.676912,134.483478,-3.09232579,116.645437,222.806063,230.667821,154.695656,136.905567,-3.08021303,113.930361,9.38852325,8.503418,0.0555421531,0.0381483097,-0.0357533891,-0.0187438633,6.43266076,4.19593989
7.54596829,right_stick_down,down,0,-1,64,0,54.272461,35.354004,-138.823242,56.162109,89.143066,11.118164,222.849793,230.652583,154.73104,134.672812,-3.09982624,116.458698,222.806063,230.667821,154.695656,136.905567,-3.08021303,113.930361,9.61202674,8.701172,0.0582794948,0.0437297291,-0.015237452,0.035384041,8.91894422,2.31469382
7.57107806,right_stick_down,down,0,-1,65,0,54.250488,35.375977,-138.845215,56.118164,89.01123,11.074219,222.821627,230.55311,154.650814,134.793422,-3.05830574,116.277719,222.806063,230.667821,154.695656,136.905567,-3.08021303,113.930361,9.75974386,8.833008,0.124143329,0.0155645905,-0.114710653,-0.0448416737,5.99913807,5.21152052
7.59617782,right_stick_down,down,0,-1,66,0,54.250488,35.441895,-138.823242,56.074219,88.813477,11.030273,222.815065,230.694606,154.730879,134.974354,-3.07987903,116.117898,222.806063,230.667821,154.695656,136.905567,-3.08021303,113.930361,9.97544044,9.030761,0.0451571504,0.00900264744,0.0267851537,0.0352232326,8.71022345,6.48252961
7.62127638,right_stick_down,down,0,-1,67,0,54.228516,35.463867,-138.823242,56.052246,88.681641,11.008301,222.863603,230.630627,154.676492,135.085478,-3.10462343,115.963924,222.806063,230.667821,154.695656,136.905567,-3.08021303,113.930361,10.1123879,9.162597,0.0711443249,0.0575400892,-0.0371937778,-0.0191644461,5.5368543,3.86439485
7.65002012,right_stick_down,down,0,-1,68,0,54.206543,35.529785,-138.845215,55.964355,88.461914,10.942383,222.785272,230.611496,154.680994,135.302736,-3.04821539,115.722095,222.806063,230.667821,154.695656,136.905567,-3.08021303,113.930361,10.3665307,9.382324,0.0618041249,-0.0207910642,-0.0563250649,-0.0146618063,8.91476013,2.80962728
7.67936826,right_stick_down,down,0,-1,69,0,54.18457,35.57373,-138.845215,55.92041,88.286133,10.92041,222.808326,230.587801,154.669077,135.467061,-3.07837321,115.54238,222.806063,230.667821,154.695656,136.905567,-3.08021303,113.930361,10.5543337,9.558105,0.0843488199,0.00226318042,-0.0800196073,-0.0265793882,6.44046507,1.1974176
7.70448732,right_stick_down,down,0,-1,70,0,54.18457,35.617676,-138.823242,55.898438,88.17627,10.876465,222.83255,230.69898,154.755626,135.55479,-3.08285065,115.462374,222.806063,230.667821,154.695656,136.905567,-3.08021303,113.930361,10.6794111,9.667968,0.0725865701,0.0264873009,0.0311589123,0.0599696192,5.17502611,5.69138351
7.7295742,right_stick_down,down,0,-1,71,0,54.162598,35.639648,-138.823242,55.876465,88.022461,10.854492,222.875476,230.630785,154.677301,135.684947,-3.11146652,115.280654,222.806063,230.667821,154.695656,136.905567,-3.08021303,113.930361,10.8362847,9.821777,0.0807881096,0.0694130715,-0.0370354561,-0.0183553572,6.37638712,4.47938966
7.75467134,right_stick_down,down,0,-1,72,0,54.162598,35.683594,-138.823242,55.83252,87.912598,10.83252,222.821496,230.706547,154.738059,135.801442,-3.1010434,115.192432,222.806063,230.667821,154.695656,136.905567,-3.08021303,113.930361,10.9626154,9.93164,0.0594633855,0.015433286,0.0387262785,0.0424026325,5.1050167,4.42715591
7.7798264,right_stick_down,down,0,-1,73,0,54.140625,35.705566,-138.845215,55.788574,87.780762,10.810547,222.790131,230.607417,154.657985,135.930614,-3.08395455,115.020222,222.806063,230.667821,154.695656,136.905567,-3.08021303,113.930361,11.1055635,10.063476,0.0729491082,-0.0159316514,-0.0604043402,-0.037670553,5.79407841,5.21699918
7.80495286,right_stick_down,down,0,-1,74,0,54.140625,35.727539,-138.845215,55.766602,87.692871,10.766602,222.756473,230.638495,154.65219,136.003062,-3.04603861,114.920605,222.806063,230.667821,154.695656,136.905567,-3.08021303,113.930361,11.2056667,10.151367,0.0721692277,-0.0495898052,-0.029325493,-0.0434656658,4.10169298,1.83779864
7.83004737,right_stick_down,down,0,-1,75,0,54.118652,35.749512,-138.823242,55.744629,87.583008,10.744629,222.851295,230.641179,154.647996,136.091616,-3.08320158,114.816997,222.806063,230.667821,154.695656,136.905567,-3.08021303,113.930361,11.3223797,10.26123,0.070902723,0.0452322579,-0.0266421165,-0.0476595909,4.79584005,3.78380341
7.85514498,right_stick_down,down,0,-1,76,0,54.118652,35.793457,-138.845215,55.700684,87.495117,10.744629,222.756311,230.660009,154.707297,136.200447,-3.07535139,114.741957,222.806063,230.667821,154.695656,136.905567,-3.08021303,113.930361,11.4244501,10.349121,0.0516891295,-0.0497517423,-0.00781193741,0.0116406136,4.37744496,4.52423854
7.88027191,right_stick_down,down,0,-1,77,0,54.09668,35.81543,-138.845215,55.656738,87.385254,10.700684,222.772791,230.62704,154.677169,136.297597,-3.04512189,114.611014,222.806063,230.667821,154.695656,136.905567,-3.08021303,113.930361,11.5518509,10.458984,0.0557843864,-0.0332722896,-0.0407811526,-0.0184864844,5.17340569,1.89455859
7.90538883,right_stick_down,down,0,-1,78,0,54.09668,35.837402,-138.823242,55.678711,87.319336,10.700684,222.854474,230.67272,154.721973,136.335164,-3.11800979,114.569832,222.806063,230.667821,154.695656,136.905567,-3.08021303,113.930361,11.6110465,10.524902,0.0553194429,0.0484114336,0.0048994126,0.0263167175,3.03044914,4.13110539
7.9304831,right_stick_down,down,0,-1,79,0,54.074707,35.837402,-138.823242,55.656738,87.253418,10.678711,222.896118,230.599597,154.649339,136.388892,-3.1088612,114.474114,222.806063,230.667821,154.695656,136.905567,-3.08021303,113.930361,11.6828841,10.59082,0.122104711,0.0900548253,-0.0682235275,-0.0463167264,3.03319589,4.42973366
7.95572352,right_stick_down,down,0,-1,80,0,54.074707,35.881348,-138.845215,55.612793,87.143555,10.656738,222.796032,230.613973,154.684574,136.506948,-3.07877241,114.361914,222.806063,230.667821,154.695656,136.905567,-3.08021303,113.930361,11.8095411,10.700683,0.055883628,-0.0100311173,-0.0538475024,-0.0110816536,5.15015146,4.24226269
7.98084092,right_stick_down,down,0,-1,81,0,54.074707,35.90332,-138.845215,55.612793,87.099609,10.634766,222.803943,230.628414,154.727434,136.533746,-3.07979565,114.320978,222.806063,230.667821,154.695656,136.905567,-3.08021303,113.930361,11.8595161,10.744629,0.0506685523,-0.00211986015,-0.0394074013,0.0317783749,2.14281046,1.82797219
8.00591564,right_stick_down,down,0,-1,82,0,54.052734,35.90332,-138.845215,55.59082,87.011719,10.634766,222.84074,230.550877,154.630753,136.616657,-3.10148625,114.207028,222.806063,230.667821,154.695656,136.905567,-3.08021303,113.930361,11.9465593,10.832519,0.138169059,0.0346767108,-0.116943904,-0.064902526,3.71775465,5.15575561
8.03100967,right_stick_down,down,0,-1,83,0,54.052734,35.925293,-138.845215,55.546875,86.967773,10.612793,222.78161,230.616874,154.673079,136.676401,-3.05743885,114.177378,222.806063,230.667821,154.695656,136.905567,-3.08021303,113.930361,12.0077102,10.876465,0.0608546105,-0.0244527713,-0.0509472497,-0.0225770534,2.76894896,3.91329312
8.05617738,right_stick_down,down,0,-1,84,0,54.052734,35.947266,-138.845215,55.546875,86.901855,10.612793,222.784809,230.626902,154.691873,136.73248,-3.08932676,114.118215,222.806063,230.667821,154.695656,136.905567,-3.08021303,113.930361,12.0728704,10.942383,0.0462639937,-0.0212535702,-0.0409185617,-0.00378340833,2.76083108,0.855894714
8.08127999,right_stick_down,down,0,-1,85,0,54.052734,35.947266,-138.823242,55.546875,86.879883,10.59082,222.824918,230.684113,154.693673,136.739894,-3.08567595,114.104861,222.806063,230.667821,154.695656,136.905567,-3.08021303,113.930361,12.0971396,10.964355,0.0249979478,0.018855248,0.0162925115,-0.00198269689,1.51608805,2.78430162
8.10635638,right_stick_down,down,0,-1,86,0,54.030762,35.969238,-138.823242,55.524902,86.835938,10.59082,222.88762,230.638899,154.736323,136.781946,-3.11643977,114.069564,222.806063,230.667821,154.695656,136.905567,-3.08021303,113.930361,12.1498056,11.0083,0.0956128309,0.0815569819,-0.0289218468,0.0406669267,2.31825966,3.52077675
8.13145232,right_stick_down,down,0,-1,87,0,54.030762,35.969238,-138.823242,55.50293,86.813965,10.568848,222.849507,230.660208,154.711967,136.807821,-3.07194285,114.03827,222.806063,230.667821,154.695656,136.905567,-3.08021303,113.930361,12.1800278,11.030273,0.047025292,0.0434441463,-0.00761248146,0.0163105602,1.51646833,1.99231826
8.15651345,right_stick_down,down,0,-1,88,0,54.030762,35.969238,-138.845215,55.480957,86.77002,10.568848,222.761979,230.615406,154.637618,136.864956,-3.04015884,113.965098,222.806063,230.667821,154.695656,136.905567,-3.08021303,113.930361,12.2258033,11.074218,0.0897724352,-0.0440842993,-0.0524148267,-0.0580374933,2.14762146,4.91887271
8.18160701,right_stick_down,down,0,-1,89,0,54.030762,35.969238,-138.845215,55.480957,86.748047,10.568848,222.757324,230.610969,154.613535,136.884291,-3.04467032,113.93749,222.806063,230.667821,154.695656,136.905567,-3.08021303,113.930361,12.2457101,11.096191,0.111137256,-0.0487387975,-0.0568514751,-0.0821214282,0.875643152,0.993385639
8.20669937,right_stick_down,down,0,-1,90,0,54.030762,35.969238,-138.845215,55.50293,86.748047,10.568848,222.790827,230.585244,154.613796,136.867841,-3.06723331,113.931877,222.806063,230.667821,154.695656,136.905567,-3.08021303,113.930361,12.2400905,11.096191,0.11726992,-0.0152356002,-0.0825773115,-0.0818602365,0.875684753,1.68344367
8.23759365,right_stick_down,down,0,-1,91,0,54.030762,35.991211,-138.845215,55.480957,86.726074,10.568848,222.769636,230.629925,154.680528,136.901644,-3.06742112,113.93348,222.806063,230.667821,154.695656,136.905567,-3.08021303,113.930361,12.2710351,11.118164,0.0546977898,-0.0364267373,-0.0378958848,-0.0151275555,1.23188995,2.688481
8.26528072,right_stick_down,down,0,-1,92,0,54.030762,35.991211,-138.823242,55.480957,86.726074,10.568848,222.814397,230.691602,154.706463,136.899664,-3.08566334,113.957081,222.806063,230.667821,154.695656,136.905567,-3.08021303,113.930361,12.2707007,11.118164,0.027418947,0.00833384252,0.023781378,0.0108070248,0.79361947,2.90748212
8.29033065,right_stick_down,down,0,-1,93,0,54.030762,35.991211,-138.823242,55.50293,86.704102,10.568848,222.843238,230.661457,154.682639,136.902557,-3.11274564,113.923852,222.806063,230.667821,154.695656,136.905567,-3.08021303,113.930361,12.2850135,11.140136,0.0398987032,0.0371747203,-0.00636414495,-0.013017079,1.24047508,1.91789283
8.31540895,right_stick_down,down,0,-1,94,0,54.030762,35.991211,-138.823242,55.50293,86.704102,10.546875,222.843238,230.661457,154.682639,136.892626,-3.08625714,113.914534,222.806063,230.667821,154.695656,136.905567,-3.08021303,113.930361,12.289709,11.140136,0.0398987032,0.0371747203,-0.00636414495,-0.013017079,0.876175934,0
8.34049988,right_stick_down,down,0,-1,95,0,54.030762,35.991211,-138.845215,55.50293,86.704102,10.546875,222.798472,230.599772,154.656707,136.894596,-3.06801585,113.890938,222.806063,230.667821,154.695656,136.905567,-3.08021303,113.930361,12.2900429,11.140136,0.0787735675,-0.00759122557,-0.0680488018,-0.0389487974,0.875734678,3.20862506
8.36598039,right_stick_down,down,0,-1,96,0,54.030762,35.991211,-138.845215,55.480957,86.704102,10.546875,222.764968,230.625497,154.656447,136.911034,-3.04543961,113.896552,222.806063,230.667821,154.695656,136.905567,-3.08021303,113.930361,12.2956396,11.140136,0.0708338799,-0.0410943786,-0.0423239577,-0.0392093508,0.862345417,1.65777447
8.36863708,return_center_after_down,center,0,0,0,0,54.030762,35.991211,-138.845215,55.480957,86.704102,10.546875,222.764968,230.625497,154.656447,136.911034,-3.04543961,113.896552,222.806063,230.667821,154.695656,126.340457,-2.81349285,125.315398,12.2956396,11.140136,0.0708338799,-0.0410943786,-0.0423239577,-0.0392093508,0,0
8.39456129,return_center_after_down,center,0,0,1,0,54.008789,35.991211,-138.823242,55.480957,86.704102,10.546875,222.898187,230.601717,154.682379,136.897947,-3.0896921,113.910837,222.806063,230.667821,154.695656,126.340457,-2.81349285,125.315398,12.2971316,11.140136,0.114161555,0.0921240492,-0.0661039817,-0.0132771945,1.19866795,5.31497425
8.41964698,return_center_after_down,center,0,0,2,0,54.030762,35.991211,-138.823242,55.480957,86.704102,10.568848,222.809734,230.687182,154.682379,136.919,-3.09016726,113.929468,222.806063,230.667821,154.695656,126.340457,-2.81349285,125.315398,12.2906125,11.140136,0.0237614084,0.00367162584,0.0193607799,-0.0132771945,1.23873481,4.90304141
8.44493461,return_center_after_down,center,0,0,3,0,54.030762,35.991211,-138.823242,55.480957,86.704102,10.568848,222.809734,230.687182,154.682379,136.919,-3.09016726,113.929468,222.806063,230.667821,154.695656,126.340457,-2.81349285,125.315398,12.2906125,11.140136,0.0237614084,0.00367162584,0.0193607799,-0.0132771945,0,0
8.47002983,return_center_after_down,center,0,0,4,0,54.030762,35.991211,-138.845215,55.458984,86.726074,10.568848,222.736123,230.655638,154.680271,136.918088,-3.04484642,113.939091,222.806063,230.667821,154.695656,126.340457,-2.81349285,125.315398,12.2766799,11.118164,0.0726405403,-0.069939517,-0.0121830176,-0.0153846068,1.51653456,3.19235041
8.49511242,return_center_after_down,center,0,0,5,0,54.030762,35.991211,-138.845215,55.50293,86.726074,10.546875,222.803139,230.6042,154.680789,136.875264,-3.06350837,113.918543,222.806063,230.667821,154.695656,126.340457,-2.81349285,125.315398,12.2701302,11.118164,0.0654005948,-0.00292359152,-0.0636212672,-0.0148669017,1.95885374,3.36817386
8.52020073,return_center_after_down,center,0,0,6,0,54.030762,35.991211,-138.823242,55.50293,86.748047,10.568848,222.852553,230.670298,154.73081,136.863878,-3.10372912,113.979066,222.806063,230.667821,154.695656,126.340457,-2.81349285,125.315398,12.2451778,11.096191,0.0583376483,0.0464899608,0.00247662808,0.0351543889,1.51697552,3.84651831
8.54528141,return_center_after_down,center,0,0,7,0,54.030762,35.991211,-138.823242,55.480957,86.748047,10.546875,222.81905,230.696024,154.73055,136.87038,-3.05467702,113.975369,222.806063,230.667821,154.695656,126.340457,-2.81349285,125.315398,12.2555037,11.096191,0.0467080676,0.0129868811,0.0282026263,0.0348940736,1.2389821,1.68422781
8.57036757,return_center_after_down,center,0,0,8,0,54.030762,35.991211,-138.845215,55.50293,86.791992,10.568848,222.817086,230.617485,154.753047,136.827174,-3.07645551,114.010673,222.806063,230.667821,154.695656,126.340457,-2.81349285,125.315398,12.2057067,11.052246,0.0771294483,0.0110233943,-0.0503355444,0.0573913716,2.31738645,3.25758948
8.59547424,return_center_after_down,center,0,0,9,0,54.030762,35.991211,-138.845215,55.524902,86.813965,10.568848,222.855208,230.596176,154.777402,136.791371,-3.09449203,114.032635,222.806063,230.667821,154.695656,126.340457,-2.81349285,125.315398,12.1802064,11.030273,0.119292378,0.04914563,-0.0716448399,0.0817459204,1.23767148,1.99171585
8.62054944,return_center_after_down,center,0,0,10,0,54.030762,35.991211,-138.845215,55.50293,86.85791,10.59082,222.830949,230.630775,154.825321,136.779042,-3.0893792,114.102791,222.806063,230.667821,154.695656,126.340457,-2.81349285,125.315398,12.1413392,10.986328,0.137130407,0.0248858532,-0.0370457612,0.129665162,2.14638412,2.54792194
8.64564681,return_center_after_down,center,0,0,11,0,54.030762,35.969238,-138.823242,55.546875,86.901855,10.59082,222.934909,230.626435,154.808875,136.707382,-3.12540391,114.146666,222.806063,230.667821,154.695656,126.340457,-2.81349285,125.315398,12.0845018,10.942383,0.176444722,0.128846652,-0.0413856867,0.113218838,2.7685555,4.19737517
8.67074132,return_center_after_down,center,0,0,12,0,54.052734,35.969238,-138.845215,55.568848,86.945801,10.612793,222.844401,230.633393,154.831419,136.675248,-3.12106036,114.191301,222.806063,230.667821,154.695656,126.340457,-2.81349285,125.315398,12.0329332,10.898437,0.145212178,0.0383383078,-0.0344278078,0.135762575,2.47658463,3.7272234
8.69583249,return_center_after_down,center,0,0,13,0,54.052734,35.969238,-138.845215,55.568848,86.989746,10.612793,222.853528,230.642274,154.879619,136.636478,-3.1119908,114.24644,222.806063,230.667821,154.695656,126.340457,-2.81349285,125.315398,11.9931459,10.854492,0.19169727,0.0474651516,-0.0255467149,0.183962681,1.75141286,1.98691481
8.72093344,return_center_after_down,center,0,0,14,0,54.052734,35.947266,-138.823242,55.59082,87.077637,10.634766,222.932904,230.672558,154.911133,136.552332,-3.14276004,114.360381,222.806063,230.667821,154.695656,126.340457,-2.81349285,125.315398,11.8974374,10.766601,0.25008246,0.12684101,0.00473666504,0.215476586,3.91478871,3.60994805
8.74601984,return_center_after_down,center,0,0,15,0,54.052734,35.947266,-138.845215,55.59082,87.143555,10.634766,222.901766,230.624319,154.957547,136.496157,-3.1108014,114.419465,222.806063,230.667821,154.695656,126.340457,-2.81349285,125.315398,11.8381647,10.700683,0.282202459,0.0957028615,-0.0435021608,0.261890726,2.76977846,2.94302102
8.77112007,return_center_after_down,center,0,0,16,0,54.074707,35.90332,-138.845215,55.612793,87.209473,10.678711,222.826434,230.650752,154.847973,136.456591,-3.10981809,114.477488,222.806063,230.667821,154.695656,126.340457,-2.81349285,125.315398,11.750626,10.634765,0.154617868,0.0203708532,-0.0170689584,0.152316658,3.81577918,5.40127437
8.79621077,return_center_after_down,center,0,0,17,0,54.074707,35.90332,-138.845215,55.656738,87.275391,10.678711,222.906734,230.612576,154.920892,136.365277,-3.14098153,114.548706,222.806063,230.667821,154.695656,126.340457,-2.81349285,125.315398,11.6797634,10.568847,0.252819866,0.10067136,-0.0552452071,0.225235719,3.15748102,4.58298905
8.82130098,return_center_after_down,center,0,0,18,0,54.09668,35.859375,-138.823242,55.678711,87.385254,10.700684,222.884645,230.709529,154.885433,136.274715,-3.12262452,114.675897,222.806063,230.667821,154.695656,126.340457,-2.81349285,125.315398,11.5568232,10.458984,0.209595115,0.0785821498,0.0417083409,0.189777165,5.03077288,4.2076552
8.84634614,return_center_after_down,center,0,0,19,0,54.09668,35.837402,-138.823242,55.678711,87.473145,10.722656,222.885301,230.704136,154.890821,136.208942,-3.1122595,114.771827,222.806063,230.667821,154.695656,126.340457,-2.81349285,125.315398,11.4670738,10.371093,0.213744875,0.0792379164,0.0363154723,0.195165086,3.72217141,0.305501143
8.87143373,return_center_after_down,center,0,0,20,0,54.118652,35.793457,-138.845215,55.722656,87.561035,10.744629,222.802842,230.647738,154.779973,136.125501,-3.08387875,114.818731,222.806063,230.667821,154.695656,126.340457,-2.81349285,125.315398,11.3591409,10.283203,0.0867352873,-0.00322121712,-0.0200833626,0.0843166198,4.55095657,5.94810798
8.8965261,return_center_after_down,center,0,0,21,0,54.118652,35.771484,-138.823242,55.744629,87.670898,10.766602,222.885499,230.68264,154.835599,136.021468,-3.10946407,114.959862,222.806063,230.667821,154.695656,126.340457,-2.81349285,125.315398,11.2435181,10.17334,0.161597417,0.0794361974,0.0148191491,0.139942876,4.71563271,4.20719744
8.92162561,return_center_after_down,center,0,0,22,0,54.140625,35.727539,-138.823242,55.766602,87.780762,10.810547,222.818072,230.718161,154.774413,135.942821,-3.09855361,115.072923,222.806063,230.667821,154.695656,126.340457,-2.81349285,125.315398,11.1162745,10.063476,0.0942387397,0.0120090033,0.0503399884,0.0787566472,5.17908394,3.89385514
8.9470129,return_center_after_down,center,0,0,23,0,54.140625,35.705566,-138.823242,55.788574,87.890625,10.83252,222.855811,230.69164,154.804345,135.840809,-3.10545382,115.190453,222.806063,230.667821,154.695656,126.340457,-2.81349285,125.315398,11.0010178,9.953613,0.121883431,0.0497477468,0.0238190531,0.108689398,4.57977679,2.16591661
8.97222733,return_center_after_down,center,0,0,24,0,54.162598,35.661621,-138.823242,55.876465,88.066406,10.854492,222.900706,230.663315,154.816671,135.6436,-3.12060629,115.358921,222.806063,230.667821,154.695656,126.340457,-2.81349285,125.315398,10.8019465,9.777832,0.153695482,0.0946436278,-0.00450593057,0.121014799,8.08131878,2.16131862
8.99739051,return_center_after_down,center,0,0,25,0,54.162598,35.639648,-138.823242,55.876465,88.110352,10.898438,222.892116,230.64907,154.773896,135.626665,-3.14524083,115.409393,222.806063,230.667821,154.695656,126.340457,-2.81349285,125.315398,10.7472565,9.733886,0.117806485,0.0860536545,-0.0187512821,0.0782401806,2.61966161,1.82391052
9.02306485,return_center_after_down,center,0,0,26,0,54.18457,35.595703,-138.823242,55.92041,88.330078,10.942383,222.877665,230.681805,154.834004,135.433249,-3.13224395,115.653577,222.806063,230.667821,154.695656,126.340457,-2.81349285,125.315398,10.5149435,9.51416,0.156405027,0.0716025249,0.0139838358,0.138347618,9.09747804,2.7246002
9.0481565,return_center_after_down,center,0,0,27,0,54.206543,35.551758,-138.823242,55.964355,88.461914,10.964355,222.846413,230.696291,154.797555,135.308048,-3.11153649,115.778524,222.806063,230.667821,154.695656,126.340457,-2.81349285,125.315398,10.3668802,9.382324,0.113234249,0.0403500644,0.0284696089,0.101898719,5.93925236,1.99869434
9.07328129,return_center_after_down,center,0,0,28,0,54.228516,35.529785,-138.823242,56.008301,88.571777,10.986328,222.82775,230.729587,154.828053,135.200025,-3.11394125,115.899457,222.806063,230.667821,154.695656,126.340457,-2.81349285,125.315398,10.2442312,9.272461,0.147696873,0.0216867709,0.0617659599,0.132397192,4.94715773,1.94462083
9.09836125,return_center_after_down,center,0,0,29,0,54.228516,35.48584,-138.823242,56.030273,88.681641,11.030273,222.847127,230.680003,154.76717,135.109799,-3.12734762,116.00279,222.806063,230.667821,154.695656,126.340457,-2.81349285,125.315398,10.1187599,9.162597,0.0833600375,0.041064194,0.0121824641,0.0715137426,5.10853137,3.22469442
9.12345099,return_center_after_down,center,0,0,30,0,54.250488,35.419922,-138.823242,56.074219,88.879395,11.074219,222.809808,230.685164,154.712375,134.937727,-3.09913276,116.195787,222.806063,230.667821,154.695656,126.340457,-2.81349285,125.315398,9.90086957,8.964843,0.0243789449,0.00374481003,0.0173432456,0.016718887,8.71373985,2.65036475
9.14856219,return_center_after_down,center,0,0,31,0,54.272461,35.397949,-138.845215,56.118164,89.01123,11.096191,222.750056,230.661989,154.741818,134.81214,-3.07745354,116.320473,222.806063,230.667821,154.695656,126.340457,-2.81349285,125.315398,9.75872966,8.833008,0.0728127951,-0.056006566,-0.00583221515,0.046162246,5.80415258,2.80863913
9.17369103,return_center_after_down,center,0,0,32,0,54.272461,35.332031,-138.823242,56.184082,89.208984,11.162109,222.877492,230.617243,154.712981,134.619312,-3.14065668,116.530699,222.806063,230.667821,154.695656,126.340457,-2.81349285,125.315398,9.53185405,8.635254,0.089220942,0.0714290938,-0.0505776295,0.0173252543,9.1290085,5.49595979
9.20079899,return_center_after_down,center,0,0,33,0,54.316406,35.266113,-138.823242,56.25,89.472656,11.206055,222.794179,230.696417,154.731497,134.381824,-3.09277262,116.808839,222.806063,230.667821,154.695656,126.340457,-2.81349285,125.315398,9.2468864,8.371582,0.0473659559,-0.0118836502,0.028596356,0.0358407737,10.5684322,4.29448103
9.22589445,return_center_after_down,center,0,0,34,0,54.316406,35.244141,-138.845215,56.293945,89.560547,11.228027,222.814452,230.578665,154.712901,134.284152,-3.10534794,116.869011,222.806063,230.667821,154.695656,126.340457,-2.81349285,125.315398,9.14632775,8.283691,0.091194812,0.00838887659,-0.0891557322,0.0172445906,4.19905139,4.81851642
9.25096798,return_center_after_down,center,0,0,35,0,54.338379,35.15625,-138.823242,56.359863,89.846191,11.315918,222.848588,230.615249,154.690097,134.035127,-3.12882773,117.183754,222.806063,230.667821,154.695656,126.340457,-2.81349285,125.315398,8.82792347,7.998047,0.0678461421,0.0425247838,-0.0525722487,-0.00555881528,12.7595321,2.19304327
9.27607179,return_center_after_down,center,0,0,36,0,54.360352,35.134277,-138.823242,56.359863,89.934082,11.337891,222.75723,230.696376,154.695954,133.979656,-3.09077552,117.288813,222.806063,230.667821,154.695656,126.340457,-2.81349285,125.315398,8.73647274,7.910156,0.0565699721,-0.0488332839,0.0285549201,0.000297755336,3.81524472,4.87257271
9.30329418,return_center_after_down,center,0,0,37,0,54.382324,35.046387,-138.823242,56.447754,90.219727,11.381836,222.77887,230.646119,154.648632,133.695775,-3.06397864,117.554236,222.806063,230.667821,154.695656,126.340457,-2.81349285,125.315398,8.42223652,7.624511,0.0584948183,-0.0271929929,-0.0217015228,-0.0470237048,11.5848445,2.65743621
9.33413434,return_center_after_down,center,0,0,38,0,54.404297,35.002441,-138.823242,56.535645,90.439453,11.469727,222.822893,230.628546,154.710787,133.485729,-3.14065998,117.804264,222.806063,230.667821,154.695656,126.340457,-2.81349285,125.315398,8.16933757,7.404785,0.0453293291,0.0168303544,-0.0392751005,0.0151312169,8.3392331,2.53459323
9.36149192,return_center_after_down,center,0,0,39,0,54.42627,34.936523,-138.823242,56.601562,90.65918,11.513672,222.816012,230.61377,154.681636,133.275026,-3.12442093,118.017051,222.806063,230.667821,154.695656,126.340457,-2.81349285,125.315398,7.92591773,7.185058,0.0567189747,0.00994878832,-0.0540509005,-0.0140201232,8.90753777,1.22082498
9.38659,return_center_after_down,center,0,0,40,0,54.448242,34.892578,-138.823242,56.623535,90.812988,11.535645,222.749334,230.660284,154.669861,133.145168,-3.073089,118.173853,222.806063,230.667821,154.695656,126.340457,-2.81349285,125.315398,7.76362707,7.03125,0.0627722238,-0.0567286157,-0.00753737007,-0.0257954317,6.55140286,3.27301741
9.41191816,return_center_after_down,center,0,0,41,0,54.470215,34.82666,-138.80127,56.689453,91.054688,11.601562,222.787601,230.711689,154.690003,132.921207,-3.09554249,118.446419,222.806063,230.667821,154.695656,126.340457,-2.81349285,125.315398,7.49518793,6.78955,0.0479288479,-0.0184618858,0.0438677736,-0.00565258117,10.6249108,2.65221145
9.43702149,return_center_after_down,center,0,0,42,0,54.470215,34.782715,-138.80127,56.733398,91.186523,11.623535,222.838481,230.641882,154.654565,132.78279,-3.09530827,118.559854,222.806063,230.667821,154.695656,126.340457,-2.81349285,125.315398,7.34886042,6.657715,0.0584146999,0.0324184818,-0.0259386348,-0.0410914397,5.87157488,3.71936326
9.46209741,return_center_after_down,center,0,0,43,0,54.492188,34.73877,-138.80127,56.821289,91.40625,11.689453,222.878588,230.624979,154.717238,132.561165,-3.14301665,118.798905,222.806063,230.667821,154.695656,126.340457,-2.81349285,125.315398,7.10067055,6.437988,0.086954624,0.072525231,-0.0428417097,0.0215820624,9.9907561,3.04290259
9.48719811,return_center_after_down,center,0,0,44,0,54.51416,34.672852,-138.80127,56.843262,91.560059,11.711426,222.793143,230.648468,154.614699,132.433679,-3.07135889,118.932178,222.806063,230.667821,154.695656,126.340457,-2.81349285,125.315398,6.93288622,6.284179,0.0842348123,-0.0129198811,-0.0193528501,-0.0809570718,6.83695103,5.39922689
9.5122726,return_center_after_down,center,0,0,45,0,54.536133,34.628906,-138.80127,56.931152,91.779785,11.777344,222.831769,230.631865,154.677566,132.211499,-3.11785109,119.170856,222.806063,230.667821,154.695656,126.340457,-2.81349285,125.315398,6.68470901,6.064453,0.0477587706,0.0257061712,-0.035956361,-0.0180895837,9.99128411,3.01623301
9.5373702,return_center_after_down,center,0,0,46,0,54.558105,34.584961,-138.80127,56.975098,91.933594,11.799316,222.795212,230.652859,154.666644,132.063616,-3.08585578,119.320774,222.806063,230.667821,154.695656,126.340457,-2.81349285,125.315398,6.51680957,5.910644,0.0343988844,-0.0108503517,-0.0149623566,-0.029011739,6.72476311,1.73514209
9.56248116,return_center_after_down,center,0,0,47,0,54.558105,34.541016,-138.80127,57.019043,92.087402,11.843262,222.846681,230.588501,154.655772,131.914419,-3.10418442,119.470575,222.806063,230.667821,154.695656,126.340457,-2.81349285,125.315398,6.34591494,5.756836,0.0976329951,0.0406181952,-0.0793200706,-0.0398834598,6.83412403,3.31015311
9.58868027,return_center_after_down,center,0,0,48,0,54.602051,34.475098,-138.779297,57.084961,92.307129,11.887207,222.788078,230.721213,154.651957,131.709775,-3.07736709,119.714894,222.806063,230.667821,154.695656,126.340457,-2.81349285,125.315398,6.10041025,5.537109,0.0713008814,-0.0179848631,0.0533922017,-0.04369935,9.45145977,5.53933309
9.61444736,return_center_after_down,center,0,0,49,0,54.602051,34.431152,-138.80127,57.150879,92.548828,11.931152,222.838441,230.590452,154.714353,131.465258,-3.07537646,119.942208,222.806063,230.667821,154.695656,126.340457,-2.81349285,125.315398,5.84476787,5.29541,0.0859293539,0.03237839,-0.0773687346,0.0186968612,10.0536659,5.95290164
9.63956666,return_center_after_down,center,0,0,50,0,54.624023,34.365234,-138.779297,57.172852,92.680664,11.975098,222.790675,230.670224,154.612322,131.36426,-3.05179365,120.081416,222.806063,230.667821,154.695656,126.340457,-2.81349285,125.315398,5.69168119,5.163574,0.0847770822,-0.0153878463,0.00240265481,-0.0833342373,6.30779155,5.49543148
9.66537666,return_center_after_down,center,0,0,51,0,54.624023,34.343262,-138.779297,57.23877,92.834473,12.019043,222.889838,230.603517,154.693164,131.193929,-3.1087143,120.247278,222.806063,230.667821,154.695656,126.340457,-2.81349285,125.315398,5.52069234,5.009765,0.10563842,0.0837754121,-0.0643035532,-0.00249182898,6.75717701,5.59032859
9.69045305,return_center_after_down,center,0,0,52,0,54.667969,34.255371,-138.779297,57.32666,93.14209,12.106934,222.810507,230.646888,154.671933,130.916282,-3.09118727,120.566186,222.806063,230.667821,154.695656,126.340457,-2.81349285,125.315398,5.17566809,4.702148,0.0319481596,0.00444388781,-0.0209326081,-0.0237226197,13.7988641,3.70357803
9.7155683,return_center_after_down,center,0,0,53,0,54.667969,34.211426,-138.779297,57.348633,93.295898,12.128906,222.825689,230.609656,154.660745,130.77331,-3.06069359,120.711041,222.806063,230.667821,154.695656,126.340457,-2.81349285,125.315398,5.01491921,4.54834,0.0706188788,0.0196259788,-0.0581644604,-0.0349104932,6.4882047,1.66177029
9.74065518,return_center_after_down,center,0,0,54,0,54.689941,34.16748,-138.779297,57.392578,93.427734,12.172852,222.78285,230.626377,154.625948,130.654558,-3.05658486,120.843678,222.806063,230.667821,154.695656,126.340457,-2.81349285,125.315398,4.86236576,4.416504,0.0843542407,-0.0232129719,-0.0414435633,-0.0697081553,6.13104773,2.29874639
9.76585865,return_center_after_down,center,0,0,55,0,54.689941,34.123535,-138.757324,57.436523,93.581543,12.194824,222.873055,230.623406,154.63969,130.490649,-3.0657606,121.004751,222.806063,230.667821,154.695656,126.340457,-2.81349285,125.315398,4.69552121,4.262695,0.0979430119,0.0669924145,-0.0444144713,-0.0559661033,6.69651306,3.62229854
9.79094672,return_center_after_down,center,0,0,56,0,54.733887,34.035645,-138.757324,57.524414,93.88916,12.260742,222.789612,230.667699,154.618782,130.201711,-3.01997347,121.312293,222.806063,230.667821,154.695656,126.340457,-2.81349285,125.315398,4.35513367,3.955078,0.0786146306,-0.0164505905,-0.000122420681,-0.0768740738,13.5963903,3.85664125
9.81604218,return_center_after_down,center,0,0,57,0,54.733887,34.013672,-138.757324,57.568359,94.042969,12.304688,222.852398,230.628137,154.699258,130.047371,-3.05350535,121.483413,222.806063,230.667821,154.695656,126.340457,-2.81349285,125.315398,4.1896961,3.801269,0.0611127897,0.0463356456,-0.0396838743,0.00360154647,6.66810901,4.36211846
9.84114051,return_center_after_down,center,0,0,58,0,54.755859,33.969727,-138.757324,57.612305,94.196777,12.32666,222.809637,230.65054,154.688891,129.897523,-3.01728198,121.631627,222.806063,230.667821,154.695656,126.340457,-2.81349285,125.315398,4.02183682,3.647461,0.0188984828,0.00357425911,-0.0172805189,-0.00676468698,6.72453515,1.96726877
9.86623478,return_center_after_down,center,0,0,59,0,54.777832,33.903809,-138.757324,57.678223,94.416504,12.392578,222.788044,230.63895,154.661268,129.692278,-3.01519915,121.851117,222.806063,230.667821,154.695656,126.340457,-2.81349285,125.315398,3.77386356,3.427734,0.0483809094,-0.0180186045,-0.0288706569,-0.0343878969,9.90635164,1.47154269
9.89133883,return_center_after_down,center,0,0,60,0,54.777832,33.859863,-138.735352,57.722168,94.570312,12.414551,222.875246,230.636411,154.67497,129.527295,-3.02252996,122.011126,222.806063,230.667821,154.695656,126.340457,-2.81349285,125.315398,3.60699768,3.273926,0.0787452829,0.0691831897,-0.0314101072,-0.0206860098,6.72300759,3.51768915
9.91642141,return_center_after_down,center,0,0,61,0,54.799805,33.793945,-138.735352,57.788086,94.790039,12.480469,222.852138,230.625136,154.647413,129.321593,-3.01926107,122.230251,222.806063,230.667821,154.695656,126.340457,-2.81349285,125.315398,3.35901463,3.054199,0.0791974798,0.0460747757,-0.0426848495,-0.0482427142,9.91096564,1.50261192
9.94151115,return_center_after_down,center,0,0,62,0,54.821777,33.75,-138.735352,57.810059,94.943848,12.524414,222.774465,230.674518,154.636447,129.19874,-2.98634089,122.395164,222.806063,230.667821,154.695656,126.340457,-2.81349285,125.315398,3.19209038,2.90039,0.0674466003,-0.0315980258,0.0066975458,-0.0592093872,6.72686671,3.69444982
9.96660614,return_center_after_down,center,0,0,63,0,54.84375,33.684082,-138.735352,57.875977,95.163574,12.568359,222.749924,230.663608,154.609001,128.982563,-2.95693207,122.603298,222.806063,230.667821,154.695656,126.340457,-2.81349285,125.315398,2.94876004,2.680664,0.103336513,-0.0561384899,-0.00421327652,-0.0866553699,9.7106263,1.53018739
9.99169827,return_center_after_down,center,0,0,64,0,54.84375,33.662109,-138.713379,57.897949,95.29541,12.590332,222.817258,230.706146,154.688439,128.851275,-2.96815612,122.765464,222.806063,230.667821,154.695656,126.340457,-2.81349285,125.315398,2.81284334,2.548828,0.0405733189,0.0111953118,0.0383246256,-0.00721680477,5.53828737,4.48304434
10.02157,return_center_after_down,center,0,0,65,0,54.865723,33.574219,-138.713379,57.98584,95.559082,12.678223,222.810161,230.656305,154.619515,128.599705,-2.97648943,123.018116,222.806063,230.667821,154.695656,126.340457,-2.81349285,125.315398,2.50940806,2.285156,0.0771162467,0.00409790267,-0.0115155428,-0.0761414143,10.2188373,2.85729661
10.046669,return_center_after_down,center,0,0,66,0,54.865723,33.552246,-138.713379,58.007812,95.712891,12.700195,222.835504,230.644435,154.699434,128.451137,-2.96158437,123.183606,222.806063,230.667821,154.695656,126.340457,-2.81349285,125.315398,2.35415222,2.131347,0.0377883725,0.0294414752,-0.023385579,0.00377827135,6.31288461,3.37375158
10.0717623,return_center_after_down,center,0,0,67,0,54.887695,33.508301,-138.713379,58.051758,95.822754,12.744141,222.785675,230.656952,154.640746,128.351476,-2.9586082,123.288926,222.806063,230.667821,154.695656,126.340457,-2.81349285,125.315398,2.22162985,2.021484,0.0595728185,-0.020387781,-0.0108688461,-0.0549101745,5.39779416,3.10838637
10.097815,return_center_after_down,center,0,0,68,0,54.909668,33.442383,-138.713379,58.117676,96.064453,12.788086,222.758818,230.652409,154.637751,128.113524,-2.92081706,123.522327,222.806063,230.667821,154.695656,126.340457,-2.81349285,125.315398,1.95828026,1.779785,0.0763053649,-0.0472443975,-0.0154114521,-0.0579047733,10.1206989,1.05179844
10.1229255,return_center_after_down,center,0,0,69,0,54.909668,33.442383,-138.691406,58.117676,96.130371,12.788086,222.804342,230.728939,154.734216,128.047278,-2.92343044,123.623465,222.806063,230.667821,154.695656,126.340457,-2.81349285,125.315398,1.89793388,1.713867,0.0722853642,-0.00172120943,0.0611176652,0.0385595945,2.76712232,5.22809569
10.1512837,return_center_after_down,center,0,0,70,0,54.931641,33.376465,-138.691406,58.205566,96.350098,12.832031,222.807812,230.692578,154.707732,127.812001,-2.9105705,123.823511,222.806063,230.667821,154.695656,126.340457,-2.81349285,125.315398,1.64882767,1.49414,0.0276009347,0.00174930973,0.0247572915,0.0120759279,8.8343685,1.59095244
10.17893,return_center_after_down,center,0,0,71,0,54.953613,33.310547,-138.669434,58.249512,96.481934,12.875977,222.78308,230.747147,154.606098,127.691167,-2.90062097,123.954764,222.806063,230.667821,154.695656,126.340457,-2.81349285,125.315398,1.49058143,1.362304,0.121825545,-0.0229830824,0.0793258433,-0.0895580919,5.89423606,4.26741881
10.2040207,return_center_after_down,center,0,0,72,0,54.953613,33.288574,-138.691406,58.249512,96.591797,12.897949,222.729334,230.691533,154.613154,127.605163,-2.85611474,124.051418,222.806063,230.667821,154.695656,126.340457,-2.81349285,125.315398,1.38130934,1.252441,0.115135337,-0.0767286616,0.023712469,-0.0825019823,4.633906,3.09520932
10.2290869,return_center_after_down,center,0,0,73,0,54.953613,33.266602,-138.669434,58.31543,96.745605,12.941895,222.859233,230.687063,154.718225,127.426263,-2.92391622,124.235835,222.806063,230.667821,154.695656,126.340457,-2.81349285,125.315398,1.20949476,1.098633,0.0608823652,0.0531697474,0.0192424731,0.0225691732,7.01267801,6.66769091
10.2541854,return_center_after_down,center,0,0,74,0,54.975586,33.244629,-138.669434,58.359375,96.811523,12.963867,222.822159,230.712448,154.701898,127.353608,-2.92625557,124.300086,222.806063,230.667821,154.695656,126.340457,-2.81349285,125.315398,1.12726404,1.032715,0.0478497366,0.016096326,0.0446267702,0.00624155148,3.50181413,1.90472175
10.2792621,return_center_after_down,center,0,0,75,0,54.975586,33.200684,-138.669434,58.381348,96.965332,12.98584,222.8275,230.677866,154.691015,127.207937,-2.88924917,124.441918,222.806063,230.667821,154.695656,126.340457,-2.81349285,125.315398,0.966047459,0.878906,0.0241246016,0.0214371123,0.0100453216,-0.00464091923,6.49824106,1.46130605
10.3043547,return_center_after_down,center,0,0,76,0,54.975586,33.178711,-138.669434,58.40332,97.03125,13.007812,222.845958,230.644484,154.673865,127.141712,-2.89576894,124.501876,222.806063,230.667821,154.695656,126.340457,-2.81349285,125.315398,0.890638369,0.812988,0.0510983865,0.0398946801,-0.0233368972,-0.0217910264,3.03337462,1.66675444
10.3294365,return_center_after_down,center,0,0,77,0,54.997559,33.156738,-138.669434,58.40332,97.119141,13.029785,222.743963,230.728851,154.680134,127.083544,-2.85248577,124.605756,222.806063,230.667821,154.695656,126.340457,-2.81349285,125.315398,0.799514504,0.725097,0.0884417997,-0.0620993865,0.0610301662,-0.0155221436,3.81858121,5.28324719
10.3545239,return_center_after_down,center,0,0,78,0,54.997559,33.134766,-138.669434,58.447266,97.229004,13.029785,222.796334,230.680214,154.712383,126.947497,-2.84206784,124.699791,222.806063,230.667821,154.695656,126.340457,-2.81349285,125.315398,0.682921907,0.615234,0.0229787529,-0.00972894095,0.0123929717,0.0167267763,4.79720009,3.12550544
10.379611,return_center_after_down,center,0,0,79,0,54.997559,33.112793,-138.669434,58.469238,97.272949,13.07373,222.813801,230.641247,154.670982,126.912273,-2.87884443,124.744756,222.806063,230.667821,154.695656,126.340457,-2.81349285,125.315398,0.623032594,0.571289,0.037079252,0.00773846027,-0.0265743988,-0.0246736397,2.76967428,2.37083409
10.404705,return_center_after_down,center,0,0,80,0,54.997559,33.09082,-138.669434,58.491211,97.382812,13.095703,222.833206,230.619324,154.702377,126.804038,-2.87310229,124.856616,222.806063,230.667821,154.695656,126.340457,-2.81349285,125.315398,0.507754093,0.461426,0.0559808986,0.0271431068,-0.0484968415,0.00672079772,4.63330468,1.71065373
10.4298029,return_center_after_down,center,0,0,81,0,55.019531,33.068848,-138.647461,58.513184,97.44873,13.095703,222.804477,230.731184,154.708557,126.734557,-2.85074376,124.938822,222.806063,230.667821,154.695656,126.340457,-2.81349285,125.315398,0.434481525,0.395508,0.0646820751,-0.00158620864,0.0633626009,0.0129009918,3.15658118,4.60816837
10.4549067,return_center_after_down,center,0,0,82,0,55.019531,33.046875,-138.647461,58.535156,97.514648,13.117676,222.822357,230.697941,154.691413,126.668174,-2.85676534,124.998625,222.806063,230.667821,154.695656,126.340457,-2.81349285,125.315398,0.359036515,0.32959,0.0345072096,0.0162942196,0.0301204649,-0.00424305491,3.0320321,1.6514155
10.4800007,return_center_after_down,center,0,0,83,0,55.019531,33.024902,-138.647461,58.535156,97.558594,13.139648,222.806966,230.685673,154.649136,126.640576,-2.84914422,125.039338,222.806063,230.667821,154.695656,126.340457,-2.81349285,125.315398,0.309962206,0.285644,0.0498356501,0.000903044638,0.0178524539,-0.0465195274,2.14482189,1.85835412
10.5050986,return_center_after_down,center,0,0,84,0,55.019531,33.00293,-138.647461,58.579102,97.624512,13.139648,222.857322,230.625791,154.63289,126.546215,-2.85005363,125.081059,222.806063,230.667821,154.695656,126.340457,-2.81349285,125.315398,0.233572243,0.219726,0.091288345,0.0512589647,-0.0420303795,-0.0627656569,3.27575384,3.18393871
10.5302188,return_center_after_down,center,0,0,85,0,55.019531,33.00293,-138.647461,58.579102,97.668457,13.161621,222.858413,230.637225,154.681403,126.514341,-2.86256039,125.144116,222.806063,230.667821,154.695656,126.340457,-2.81349285,125.315398,0.189015871,0.175781,0.0622883998,0.0523505094,-0.0305961526,-0.0142528721,1.95588065,1.98461414
10.5553198,return_center_after_down,center,0,0,86,0,55.041504,32.980957,-138.647461,58.601074,97.712402,13.161621,222.787052,230.683773,154.640019,126.469998,-2.82583273,125.177914,222.806063,230.667821,154.695656,126.340457,-2.81349285,125.315398,0.137219419,0.131836,0.0609207722,-0.0190104838,0.0159519927,-0.0556370013,2.31600668,3.77353953
10.5803633,return_center_after_down,center,0,0,87,0,55.041504,32.980957,-138.647461,58.601074,97.734375,13.161621,222.787568,230.689501,154.664274,126.448983,-2.81982713,125.203849,222.806063,230.667821,154.695656,126.340457,-2.81349285,125.315398,0.116268297,0.109863,0.0423899119,-0.0184949245,0.0216798999,-0.0313819111,0.877393772,0.995371654
10.6054485,return_center_after_down,center,0,0,88,0,55.041504,32.980957,-138.647461,58.623047,97.800293,13.183594,222.821655,230.680013,154.737932,126.378217,-2.8457651,125.285893,222.806063,230.667821,154.695656,126.340457,-2.81349285,125.315398,0.0491322272,0.043945,0.0466795881,0.0155920993,0.0121921161,0.0422755567,2.90510981,3.25750303
10.6305304,return_center_after_down,center,0,0,89,0,55.041504,32.958984,-138.647461,58.601074,97.800293,13.183594,222.772509,230.683017,154.646257,126.400353,-2.80605061,125.270483,222.806063,230.667821,154.695656,126.340457,-2.81349285,125.315398,0.0491322272,0.043945,0.0616205071,-0.0335537899,0.0151962838,-0.0493994234,1.23892321,4.14884398
10.6556304,return_center_after_down,center,0,0,90,0,55.041504,32.958984,-138.647461,58.623047,97.822266,13.183594,222.80559,230.662082,154.671404,126.361489,-2.81951164,125.289483,222.806063,230.667821,154.695656,126.340457,-2.81349285,125.315398,0.021972,0.021972,0.0249264432,-0.0004731821,-0.00573879562,-0.0242522142,1.23802883,1.85376202
10.6807215,return_center_after_down,center,0,0,91,0,55.041504,32.958984,-138.647461,58.64502,97.844238,13.183594,222.838651,230.641138,154.696554,126.322619,-2.83296019,125.308465,222.806063,230.667821,154.695656,126.340457,-2.81349285,125.315398,0.021973,0.021973,0.0421280928,0.0325880447,-0.0266831338,0.000897726678,1.23843591,1.85408963
10.7070377,return_center_after_down,center,0,0,92,0,55.041504,32.958984,-138.647461,58.623047,97.844238,13.183594,222.806063,230.667821,154.695656,126.340457,-2.81349285,125.315398,222.806063,230.667821,154.695656,126.340457,-2.81349285,125.315398,0,0,0,0,0,0,0.834962056,1.60084462
10.7321672,return_center_after_down,center,0,0,93,0,55.041504,32.958984,-138.625488,58.64502,97.844238,13.183594,222.8803,230.700711,154.719772,126.31831,-2.85320421,125.330788,222.806063,230.667821,154.695656,126.340457,-2.81349285,125.315398,0.0310745146,0.021973,0.0847026665,0.0742374787,0.0328902225,0.0241157985,1.23657234,3.37063911
10.7572711,return_center_after_down,center,0,0,94,0,55.041504,32.958984,-138.647461,58.64502,97.844238,13.183594,222.838651,230.641138,154.696554,126.322619,-2.83296019,125.308465,222.806063,230.667821,154.695656,126.340457,-2.81349285,125.315398,0.021973,0.021973,0.0421280928,0.0325880447,-0.0266831338,0.000897726678,0.875285554,3.03965341
10.7824275,return_center_after_down,center,0,0,95,0,55.041504,32.958984,-138.647461,58.64502,97.844238,13.183594,222.838651,230.641138,154.696554,126.322619,-2.83296019,125.308465,222.806063,230.667821,154.695656,126.340457,-2.81349285,125.315398,0.021973,0.021973,0.0421280928,0.0325880447,-0.0266831338,0.000897726678,0,0
10.8075073,return_center_after_down,center,0,0,96,0,55.041504,32.958984,-138.647461,58.64502,97.844238,13.183594,222.838651,230.641138,154.696554,126.322619,-2.83296019,125.308465,222.806063,230.667821,154.695656,126.340457,-2.81349285,125.315398,0.021973,0.021973,0.0421280928,0.0325880447,-0.0266831338,0.000897726678,0,0
10.8326046,return_center_after_down,center,0,0,97,0,55.041504,32.958984,-138.647461,58.623047,97.844238,13.183594,222.806063,230.667821,154.695656,126.340457,-2.81349285,125.315398,222.806063,230.667821,154.695656,126.340457,-2.81349285,125.315398,0,0,0,0,0,0,0.875510058,1.67858594
10.837683,right_stick_left,left,-1,0,0,0,55.041504,32.958984,-138.647461,58.623047,97.844238,13.183594,222.806063,230.667821,154.695656,126.340457,-2.81349285,125.315398,222.806063,230.667821,154.695656,121.009811,-13.307698,119.997739,0,0,0,0,0,0,0,0
10.8677967,right_stick_left,left,-1,0,1,0,55.041504,32.958984,-138.647461,58.64502,97.844238,13.205566,222.838651,230.641138,154.696554,126.332753,-2.85742302,125.319666,222.806063,230.667821,154.695656,121.009811,-13.307698,119.997739,0.0310738075,0.021973,0.0421280928,0.0325880447,-0.0266831338,0.000897726678,1.03188285,1.39896781
10.8928974,right_stick_left,left,-1,0,2,0,55.041504,32.958984,-138.647461,58.623047,97.844238,13.183594,222.806063,230.667821,154.695656,126.340457,-2.81349285,125.315398,222.806063,230.667821,154.695656,121.009811,-13.307698,119.997739,0,0,0,0,0,0,1.23796538,1.67836273
10.9180033,right_stick_left,left,-1,0,3,0,55.041504,32.958984,-138.647461,58.64502,97.844238,13.205566,222.838651,230.641138,154.696554,126.332753,-2.85742302,125.319666,222.806063,230.667821,154.695656,121.009811,-13.307698,119.997739,0.0310738075,0.021973,0.0421280928,0.0325880447,-0.0266831338,0.000897726678,1.23770674,1.67801208
10.9431086,right_stick_left,left,-1,0,4,0,55.041504,32.958984,-138.625488,58.64502,97.844238,13.183594,222.8803,230.700711,154.719772,126.31831,-2.85320421,125.330788,222.806063,230.667821,154.695656,121.009811,-13.307698,119.997739,0.0310745146,0.021973,0.0847026665,0.0742374787,0.0328902225,0.0241157985,1.237742,3.0394802
10.9681971,right_stick_left,left,-1,0,5,0,55.041504,32.937012,-138.625488,58.666992,97.844238,13.205566,222.896326,230.650343,154.629878,126.314909,-2.87688484,125.312735,222.806063,230.667821,154.695656,121.009811,-13.307698,119.997739,0.0581335817,0.043945,0.113047139,0.0902628383,-0.0174778201,-0.0657784277,1.51689206,4.15655545
10.9933009,right_stick_left,left,-1,0,6,0,55.063477,32.958984,-138.647461,58.666992,97.844238,13.205566,222.78277,230.699898,154.697456,126.326138,-2.85290409,125.323937,222.806063,230.667821,154.695656,121.009811,-13.307698,119.997739,0.0538214134,0.043945,0.039683053,-0.0232926257,0.0320773927,0.00179976729,1.51601605,5.62181376
11.0183663,right_stick_left,left,-1,0,7,0,55.063477,32.958984,-138.647461,58.710938,97.844238,13.183594,222.847917,230.646497,154.699273,126.280328,-2.86736888,125.298862,222.806063,230.667821,154.695656,121.009811,-13.307698,119.997739,0.0905960298,0.087891,0.0471122699,0.0418542772,-0.0213237614,0.00361699515,1.96017742,3.36145084
11.0434537,right_stick_left,left,-1,0,8,0,55.085449,32.958984,-138.647461,58.688965,97.844238,13.205566,222.726873,230.758633,154.698362,126.319522,-2.84838932,125.328208,222.806063,230.667821,154.695656,121.009811,-13.307698,119.997739,0.0822138342,0.065918,0.120520468,-0.0791900116,0.0908119024,0.00270620381,1.51698716,6.57725449
11.0685313,right_stick_left,left,-1,0,9,0,55.085449,32.958984,-138.647461,58.754883,97.822266,13.183594,222.824109,230.672769,154.676857,126.276906,-2.88835377,125.2703,222.806063,230.667821,154.695656,121.009811,-13.307698,119.997739,0.140693506,0.131836,0.0265241165,0.0180457343,0.00494823492,-0.0187988084,2.90596959,5.24335971
11.0936308,right_stick_left,left,-1,0,10,0,55.107422,32.958984,-138.647461,58.798828,97.822266,13.205566,222.800736,230.704757,154.67871,126.262562,-2.92776117,125.278854,222.806063,230.667821,154.695656,121.009811,-13.307698,119.997739,0.190288413,0.175781,0.0409858938,-0.00532717712,0.036936317,-0.0169461844,2.14432077,1.58013376
11.1187243,right_stick_left,left,-1,0,11,0,55.129395,32.958984,-138.647461,58.864746,97.800293,13.183594,222.809386,230.704206,154.657271,126.231188,-2.94376565,125.232154,222.806063,230.667821,154.695656,121.009811,-13.307698,119.997739,0.260910708,0.241699,0.0529933747,0.00332330841,0.0363852047,-0.0383845055,3.03327084,0.921526032
11.14382,right_stick_left,left,-1,0,12,0,55.151367,32.958984,-138.647461,58.886719,97.77832,13.205566,222.752946,230.757124,154.633968,126.255691,-2.96977821,125.221767,222.806063,230.667821,154.695656,121.009811,-13.307698,119.997739,0.29397407,0.263672,0.120837829,-0.0531165935,0.089302963,-0.0616878372,1.75109672,3.21971363
11.1689262,right_stick_left,left,-1,0,13,0,55.17334,32.958984,-138.647461,58.974609,97.77832,13.205566,222.794492,230.735441,154.637798,126.195538,-3.02364797,125.205256,222.806063,230.667821,154.695656,121.009811,-13.307698,119.997739,0.381843583,0.351562,0.0897440108,-0.0115712579,0.0676203571,-0.0578582817,3.60847479,1.87281742
11.1940296,right_stick_left,left,-1,0,14,0,55.195312,32.958984,-138.669434,59.018555,97.756348,13.205566,222.728983,230.701789,154.592331,126.196282,-3.02438143,125.154512,222.806063,230.667821,154.695656,121.009811,-13.307698,119.997739,0.434480969,0.395508,0.133308418,-0.0770797074,0.0339685365,-0.10332469,2.31580178,3.44777127
11.2191267,right_stick_left,left,-1,0,15,0,55.217285,32.958984,-138.669434,59.106445,97.734375,13.205566,222.769893,230.674133,154.572027,126.157112,-3.08431409,125.112156,222.806063,230.667821,154.695656,121.009811,-13.307698,119.997739,0.526885231,0.483398,0.128965685,-0.0361701409,0.00631214021,-0.12362858,3.71443475,2.12741858
11.2442257,right_stick_left,left,-1,0,16,0,55.239258,32.958984,-138.669434,59.172363,97.712402,13.227539,222.778257,230.673217,154.550786,126.145823,-3.14926317,125.087981,222.806063,230.667821,154.695656,121.009811,-13.307698,119.997739,0.600540939,0.549316,0.147613038,-0.0278061647,0.00539633989,-0.144869962,3.03261964,0.910278841
11.2693417,right_stick_left,left,-1,0,17,0,55.283203,32.958984,-138.669434,59.282227,97.69043,13.227539,222.762912,230.703856,154.531637,126.099997,-3.20473215,125.049969,222.806063,230.667821,154.695656,121.009811,-13.307698,119.997739,0.72042179,0.65918,0.173385766,-0.043150831,0.0360352418,-0.164018569,4.79175729,1.56290699
11.2944286,right_stick_left,left,-1,0,18,0,55.305176,32.958984,-138.691406,59.348145,97.668457,13.227539,222.729685,230.642919,154.487401,126.082732,-3.22490665,124.992445,222.806063,230.667821,154.695656,121.009811,-13.307698,119.997739,0.793757721,0.725098,0.223211962,-0.0763777089,-0.0249017855,-0.208254475,3.03407801,3.28081049
11.3196363,right_stick_left,left,-1,0,19,0,55.327148,32.980957,-138.691406,59.458008,97.624512,13.227539,222.818476,230.605792,154.534863,126.04254,-3.3307895,124.939518,222.806063,230.667821,154.695656,121.009811,-13.307698,119.997739,0.911798783,0.834961,0.172788649,0.012413391,-0.0620286213,-0.160792646,4.85319447,4.25692121
11.3447337,right_stick_left,left,-1,0,20,0,55.371094,32.980957,-138.691406,59.545898,97.624512,13.249512,222.770922,230.66871,154.53916,126.00354,-3.38517217,124.945584,222.806063,230.667821,154.695656,121.009811,-13.307698,119.997739,1.00763198,0.922851,0.160395654,-0.0351407924,0.000889402014,-0.156496325,4.01202156,3.14711882
11.3698471,right_stick_left,left,-1,0,21,0,55.393066,32.980957,-138.691406,59.633789,97.580566,13.271484,222.810624,230.634461,154.495052,125.995187,-3.47576947,124.888765,222.806063,230.667821,154.695656,121.009811,-13.307698,119.997739,1.10673248,1.010742,0.203410054,0.00456105227,-0.0333602183,-0.200603945,4.10384318,2.72836157
11.3949323,right_stick_left,left,-1,0,22,0,55.458984,32.980957,-138.713379,59.831543,97.536621,13.293457,222.793272,230.575534,154.433609,125.923825,-3.59534141,124.797901,222.806063,230.667821,154.695656,121.009811,-13.307698,119.997739,1.32146821,1.208496,0.278117476,-0.0127907401,-0.0922873765,-0.262047262,8.58223948,3.46354242
11.420048,right_stick_left,left,-1,0,23,0,55.480957,32.980957,-138.713379,59.853516,97.536621,13.271484,222.737073,230.633852,154.434753,125.90731,-3.56645812,124.790978,222.806063,230.667821,154.695656,121.009811,-13.307698,119.997739,1.3469795,1.230469,0.271999747,-0.068990133,-0.0339689669,-0.260902919,1.51531948,3.22500144
11.4451311,right_stick_left,left,-1,0,24,0,55.546875,33.00293,-138.735352,60.073242,97.470703,13.293457,222.767214,230.564961,154.4413,125.83492,-3.73210686,124.689566,222.806063,230.667821,154.695656,121.009811,-13.307698,119.997739,1.58736251,1.450195,0.27710375,-0.0388488691,-0.10286039,-0.254356037,9.63593635,3.0092426
11.4757996,right_stick_left,left,-1,0,25,0,55.612793,33.024902,-138.713379,60.205078,97.426758,13.31543,222.751123,230.730277,154.513673,125.805416,-3.85495509,124.685547,222.806063,230.667821,154.695656,121.009811,-13.307698,119.997739,1.74056136,1.582031,0.200091955,-0.054939449,0.06245639,-0.181982545,5.16644359,5.90771555
11.5033021,right_stick_left,left,-1,0,26,0,55.656738,33.046875,-138.735352,60.380859,97.382812,13.31543,222.805054,230.635094,154.542586,125.726693,-3.97508891,124.601209,222.806063,230.667821,154.695656,121.009811,-13.307698,119.997739,1.92721567,1.757812,0.156532514,-0.00100880351,-0.0327274165,-0.153069679,6.87267041,4.1144074
11.5283592,right_stick_left,left,-1,0,27,0,55.722656,33.046875,-138.735352,60.512695,97.338867,13.31543,222.730796,230.715774,154.501711,125.695051,-4.03270872,124.542111,222.806063,230.667821,154.695656,121.009811,-13.307698,119.997739,2.0791748,1.889648,0.213492587,-0.0752665666,0.0479534861,-0.193944558,6.13832846,4.67025679
11.553437,right_stick_left,left,-1,0,28,0,55.766602,33.068848,-138.735352,60.710449,97.294922,13.31543,222.856989,230.652451,154.555454,125.594678,-4.19284376,124.472701,222.806063,230.667821,154.695656,121.009811,-13.307698,119.997739,2.285156,2.087402,0.14995443,0.0509264014,-0.0153696722,-0.140202018,8.3121709,6.02412801
11.5785308,right_stick_left,left,-1,0,29,0,55.810547,33.068848,-138.757324,60.820312,97.272949,13.337402,222.798276,230.620025,154.51484,125.562065,-4.25247584,124.424578,222.806063,230.667821,154.695656,121.009811,-13.307698,119.997739,2.4069833,2.197265,0.187188073,-0.00778641067,-0.0477954997,-0.180815753,4.95324,3.12467088
11.6036189,right_stick_left,left,-1,0,30,0,55.898438,33.09082,-138.757324,61.062012,97.207031,13.359375,222.809761,230.665665,154.547633,125.479052,-4.43480233,124.349692,222.806063,230.667821,154.695656,121.009811,-13.307698,119.997739,2.6738116,2.438965,0.148084975,0.00369847562,-0.00215597998,-0.148023082,10.6548528,2.28636568
11.6286936,right_stick_left,left,-1,0,31,0,55.942383,33.112793,-138.779297,61.171875,97.163086,13.381348,222.766159,230.650581,154.573638,125.463531,-4.52145912,124.297764,222.806063,230.667821,154.695656,121.009811,-13.307698,119.997739,2.80218125,2.548828,0.129529569,-0.0399038383,-0.0172402836,-0.12201789,5.25771234,2.11216506
11.6537943,right_stick_left,left,-1,0,32,0,56.008301,33.134766,-138.779297,61.391602,97.119141,13.359375,222.833695,230.642929,154.629921,125.346988,-4.65307048,124.221379,222.806063,230.667821,154.695656,121.009811,-13.307698,119.997739,3.03389813,2.768555,0.0755264335,0.0276321655,-0.0248921288,-0.0657349793,9.38742086,3.515694
11.6789012,right_stick_left,left,-1,0,33,0,56.074219,33.134766,-138.779297,61.567383,97.075195,13.381348,222.820914,230.666009,154.593218,125.28897,-4.77424715,124.160087,222.806063,230.667821,154.695656,121.009811,-13.307698,119.997739,3.22713938,2.944336,0.103524256,0.0148509485,-0.00181166555,-0.102437487,7.72923663,1.80034607
11.7039745,right_stick_left,left,-1,0,34,0,56.140137,33.156738,-138.80127,61.809082,97.03125,13.40332,222.878095,230.568626,154.628806,125.177034,-4.953465,124.078002,222.806063,230.667821,154.695656,121.009811,-13.307698,119.997739,3.48278715,3.186035,0.139632091,0.0720324207,-0.0991945798,-0.0668497309,10.2572505,4.72233864
11.7290747,right_stick_left,left,-1,0,35,0,56.184082,33.156738,-138.80127,61.962891,96.965332,13.425293,222.920383,230.527001,154.567007,125.1462,-5.08549032,123.986831,222.806063,230.667821,154.695656,121.009811,-13.307698,119.997739,3.65427153,3.339844,0.222373421,0.114319765,-0.140820071,-0.12864928,6.94825819,3.41328718
11.7545476,right_stick_left,left,-1,0,36,0,56.25,33.178711,-138.80127,62.094727,96.943359,13.425293,222.859868,230.634215,154.642594,125.09023,-5.15798644,123.975233,222.806063,230.667821,154.695656,121.009811,-13.307698,119.997739,3.80196833,3.47168,0.0827037183,0.0538052285,-0.0336056521,-0.0530618748,5.91362712,5.67136123
11.7796412,right_stick_left,left,-1,0,37,0,56.337891,33.200684,-138.80127,62.336426,96.877441,13.447266,222.866559,230.674975,154.678012,125.007061,-5.34113101,123.900565,222.806063,230.667821,154.695656,121.009811,-13.307698,119.997739,4.06891857,3.713379,0.0634217416,0.0604965715,0.00715455099,-0.0176435414,10.6524917,2.16835116
11.8053687,right_stick_left,left,-1,0,38,0,56.381836,33.200684,-138.80127,62.512207,96.833496,13.447266,222.939752,230.609919,154.642802,124.927907,-5.46171172,123.816656,222.806063,230.667821,154.695656,121.009811,-13.307698,119.997739,4.25385164,3.88916,0.154980531,0.133689297,-0.0579016011,-0.0528539629,7.24686472,4.04484108
11.8315358,right_stick_left,left,-1,0,39,0,56.491699,33.222656,-138.823242,62.797852,96.745605,13.469238,222.877974,230.611524,154.635415,124.844112,-5.64599149,123.692869,222.806063,230.667821,154.695656,121.009811,-13.307698,119.997739,4.57395575,4.174805,0.109405062,0.0719108806,-0.0562970951,-0.0602406011,12.2550831,2.37852125
11.856622,right_stick_left,left,-1,0,40,0,56.535645,33.222656,-138.823242,62.973633,96.70166,13.469238,222.949955,230.545131,154.600953,124.76483,-5.76665969,123.609097,222.806063,230.667821,154.695656,121.009811,-13.307698,119.997739,4.75894471,4.350586,0.211486158,0.143891974,-0.122689668,-0.0947034332,7.43214546,4.13821865
11.8817084,right_stick_left,left,-1,0,41,0,56.623535,33.244629,-138.845215,63.193359,96.657715,13.513184,222.882775,230.555778,154.637735,124.69087,-5.92784056,123.557481,222.806063,230.667821,154.695656,121.009811,-13.307698,119.997739,5.00277323,4.570312,0.14762564,0.0767123058,-0.112043273,-0.0579211243,9.83169488,3.08240793
11.906806,right_stick_left,left,-1,0,42,0,56.689453,33.244629,-138.845215,63.347168,96.61377,13.513184,222.834172,230.602076,154.602073,124.64091,-6.00588861,123.492332,222.806063,230.667821,154.695656,121.009811,-13.307698,119.997739,5.17459524,4.724121,0.117772154,0.0281088001,-0.0657452307,-0.0935827991,6.89361146,3.02858705
11.9330232,right_stick_left,left,-1,0,43,0,56.755371,33.266602,-138.845215,63.61084,96.547852,13.535156,222.955695,230.524138,154.64194,124.527962,-6.23239121,123.399466,222.806063,230.667821,154.695656,121.009811,-13.307698,119.997739,5.45466471,4.987793,0.21428969,0.14963239,-0.143682919,-0.053716275,10.7329221,5.71272748
11.9581394,right_stick_left,left,-1,0,44,0,56.821289,33.266602,-138.845215,63.742676,96.503906,13.535156,222.875066,230.597932,154.604933,124.49597,-6.29134345,123.341407,222.806063,230.667821,154.695656,121.009811,-13.307698,119.997739,5.60642996,5.119629,0.133702724,0.0690027696,-0.0698884386,-0.090722888,6.12388917,4.59448622
11.9832342,right_stick_left,left,-1,0,45,0,56.865234,33.288574,-138.845215,63.896484,96.459961,13.535156,222.929376,230.581634,154.660117,124.431675,-6.4139616,123.285762,222.806063,230.667821,154.695656,121.009811,-13.307698,119.997739,5.77258034,5.273437,0.154587947,0.123313589,-0.086186926,-0.0355387946,6.66824674,3.15300601
12.0083318,right_stick_left,left,-1,0,46,0,56.953125,33.310547,-138.845215,64.138184,96.394043,13.557129,222.929219,230.615596,154.699192,124.348219,-6.59820843,123.211455,222.806063,230.667821,154.695656,121.009811,-13.307698,119.997739,6.03956357,5.515137,0.13381789,0.123155726,-0.0522244568,0.00353565712,10.6508074,2.06280563
12.0334127,right_stick_left,left,-1,0,47,0,57.019043,33.310547,-138.867188,64.291992,96.37207,13.557129,222.839415,230.604269,154.666249,124.28016,-6.64875131,123.151064,222.806063,230.667821,154.695656,121.009811,-13.307698,119.997739,6.20695428,5.668945,0.0775627937,0.03335262,-0.0635516135,-0.0294071782,6.7859964,3.84049178
12.0585163,right_stick_left,left,-1,0,48,0,57.084961,33.310547,-138.867188,64.533691,96.306152,13.579102,222.910528,230.526984,154.616125,124.187685,-6.83535548,123.04452,222.806063,230.667821,154.695656,121.009811,-13.307698,119.997739,6.46571269,5.910644,0.192544408,0.104465537,-0.140837065,-0.0795312634,10.3564484,4.63568739
12.0836105,right_stick_left,left,-1,0,49,0,57.150879,33.33252,-138.867188,64.665527,96.262207,13.601074,222.843707,230.623098,154.670189,124.161931,-6.94018443,123.019083,222.806063,230.667821,154.695656,121.009811,-13.307698,119.997739,6.62011693,6.04248,0.063763505,0.0376438414,-0.0447230344,-0.0254671545,6.25306422,5.13829418
12.1116908,right_stick_left,left,-1,0,50,0,57.260742,33.354492,-138.867188,65.01709,96.174316,13.623047,222.904492,230.589208,154.697319,124.020411,-7.20466531,122.896274,222.806063,230.667821,154.695656,121.009811,-13.307698,119.997739,6.999662,6.394043,0.125980116,0.0984288881,-0.0786128332,0.00166318037,13.5306321,2.66006953
12.1368036,right_stick_left,left,-1,0,51,0,57.304688,33.354492,-138.867188,65.148926,96.130371,13.64502,222.909385,230.5746,154.661949,123.985521,-7.31176841,122.838632,222.806063,230.667821,154.695656,121.009811,-13.307698,119.997739,7.14591206,6.525879,0.1431844,0.103322343,-0.0932209132,-0.0337064872,5.86939261,1.53623269
12.1618748,right_stick_left,left,-1,0,52,0,57.392578,33.376465,-138.867188,65.390625,96.064453,13.666992,222.904395,230.603912,154.703514,123.901794,-7.496764,122.764584,222.806063,230.667821,154.695656,121.009811,-13.307698,119.997739,7.41293056,6.767578,0.117538923,0.0983322699,-0.0639094348,0.0078579418,10.6619976,2.03837747
12.1869891,right_stick_left,left,-1,0,53,0,57.436523,33.376465,-138.867188,65.566406,96.020508,13.666992,222.969418,230.530344,154.673077,123.821929,-7.61797776,122.681342,222.806063,230.667821,154.695656,121.009811,-13.307698,119.997739,7.59793296,6.943359,0.21469701,0.163355448,-0.137477235,-0.0225790499,7.42381048,4.09305448
12.2120574,right_stick_left,left,-1,0,54,0,57.524414,33.376465,-138.88916,65.786133,95.976562,13.688965,222.878598,230.507187,154.624959,123.740076,-7.73443694,122.598779,222.806063,230.667821,154.695656,121.009811,-13.307698,119.997739,7.83906661,7.163086,0.18990171,0.0725354453,-0.160633875,-0.0706967239,9.68141887,4.20274702
12.237184,right_stick_left,left,-1,0,55,0,57.568359,33.398438,-138.867188,65.917969,95.932617,13.688965,222.936696,230.577134,154.702839,123.691769,-7.85994874,122.570411,222.806063,230.667821,154.695656,121.009811,-13.307698,119.997739,7.98448356,7.294922,0.159187731,0.130633455,-0.0906864597,0.00718332455,5.9309681,4.76472724
12.2622857,right_stick_left,left,-1,0,56,0,57.634277,33.398438,-138.88916,66.09375,95.888672,13.688965,222.872656,230.52579,154.650684,123.625634,-7.9368881,122.478669,222.806063,230.667821,154.695656,121.009811,-13.307698,119.997739,8.17710533,7.470703,0.163186862,0.0665926716,-0.142031244,-0.0449721435,7.73083819,3.87427401
12.2873573,right_stick_left,left,-1,0,57,0,57.700195,33.42041,-138.88916,66.313477,95.822754,13.73291,222.922224,230.495481,154.691699,123.556723,-8.15064349,122.411834,222.806063,230.667821,154.695656,121.009811,-13.307698,119.997739,8.41848142,7.69043,0.207870745,0.116161515,-0.172340056,-0.00395653482,9.7197083,2.83665098
12.3124411,right_stick_left,left,-1,0,58,0,57.766113,33.42041,-138.88916,66.489258,95.778809,13.710938,222.896347,230.504867,154.662695,123.479783,-8.22466096,122.328799,222.806063,230.667821,154.695656,121.009811,-13.307698,119.997739,8.60907607,7.866211,0.18918704,0.0902846441,-0.162953957,-0.0329609942,7.73634924,1.59414259
12.3389432,right_stick_left,left,-1,0,59,0,57.875977,33.42041,-138.867188,66.796875,95.690918,13.73291,222.910425,230.557804,154.622947,123.3739,-8.45203093,122.220524,222.806063,230.667821,154.695656,121.009811,-13.307698,119.997739,8.94681118,8.173828,0.168171763,0.104362002,-0.110016787,-0.0727091542,12.8174251,2.5537149
12.3640554,right_stick_left,left,-1,0,60,0,57.897949,33.442383,-138.88916,66.884766,95.690918,13.73291,222.918578,230.487601,154.700154,123.31323,-8.50558634,122.204113,222.806063,230.667821,154.695656,121.009811,-13.307698,119.997739,9.03581247,8.261719,0.212507003,0.112515041,-0.180220314,0.00449780981,3.81395866,4.16812316
12.3892016,right_stick_left,left,-1,0,61,0,58.007812,33.442383,-138.88916,67.214355,95.603027,13.776855,222.921693,230.446999,154.641582,123.199424,-8.75519583,122.080642,222.806063,230.667821,154.695656,121.009811,-13.307698,119.997739,9.39556463,8.591308,0.255061946,0.115630128,-0.220821866,-0.0540737779,14.35788,2.83684374
12.4142933,right_stick_left,left,-1,0,62,0,58.029785,33.442383,-138.867188,67.258301,95.581055,13.776855,222.930798,230.52931,154.64494,123.193653,-8.79921886,122.073272,222.806063,230.667821,154.695656,121.009811,-13.307698,119.997739,9.44739887,8.635254,0.193174091,0.12473494,-0.138511183,-0.0507156417,2.31688,3.3031221
12.4394805,right_stick_left,left,-1,0,63,0,58.139648,33.464355,-138.88916,67.565918,95.493164,13.820801,222.878643,230.478952,154.651962,123.09765,-9.0299764,121.957075,222.806063,230.667821,154.695656,121.009811,-13.307698,119.997739,9.78881188,8.942871,0.206999103,0.0725804265,-0.188869192,-0.043693693,13.5989281,2.89184749
12.4645853,right_stick_left,left,-1,0,64,0,58.161621,33.464355,-138.867188,67.653809,95.471191,13.798828,222.946892,230.501555,154.660699,123.047452,-9.0879745,121.923724,222.806063,230.667821,154.695656,121.009811,-13.307698,119.997739,9.87944012,9.030762,0.220678893,0.140829633,-0.16626544,-0.0349569997,3.91420276,2.88486503
12.4896648,right_stick_left,left,-1,0,65,0,58.271484,33.486328,-138.88916,67.961426,95.383301,13.820801,222.892854,230.449287,154.668736,122.942989,-9.29464008,121.795907,222.806063,230.667821,154.695656,121.009811,-13.307698,119.997739,10.2194348,9.338379,0.236673724,0.0867907999,-0.218534001,-0.0269202399,13.5727849,3.01479194
12.5147672,right_stick_left,left,-1,0,66,0,58.293457,33.486328,-138.867188,68.049316,95.361328,13.820801,222.960407,230.471472,154.677715,122.901152,-9.37706708,121.774282,222.806063,230.667821,154.695656,121.009811,-13.307698,119.997739,10.3114981,9.426269,0.250393978,0.154344601,-0.196349164,-0.017941403,3.81541644,2.85502853
12.53985,right_stick_left,left,-1,0,67,0,58.40332,33.486328,-138.867188,68.378906,95.29541,13.864746,222.958486,230.431151,154.646534,122.765962,-9.61996296,121.676367,222.806063,230.667821,154.695656,121.009811,-13.307698,119.997739,10.666089,9.755859,0.285759862,0.15242343,-0.236670273,-0.0491220737,14.2063984,2.03354387
12.5649445,right_stick_left,left,-1,0,68,0,58.447266,33.486328,-138.867188,68.422852,95.273438,13.842773,222.839529,230.536006,154.627956,122.765689,-9.59564464,121.649166,222.806063,230.667821,154.695656,121.009811,-13.307698,119.997739,10.7240521,9.799805,0.151915594,0.0334660116,-0.131814512,-0.0677001352,2.76890895,6.36227649
12.5923929,right_stick_left,left,-1,0,69,0,58.557129,33.508301,-138.867188,68.708496,95.185547,13.886719,222.790753,230.572705,154.657328,122.685601,-9.82968746,121.5603,222.806063,230.667821,154.695656,121.009811,-13.307698,119.997739,11.0448609,10.085449,0.103684568,-0.0153098259,-0.0951160883,-0.0383279097,11.737728,2.46786882
12.6208761,right_stick_left,left,-1,0,70,0,58.623047,33.508301,-138.845215,68.950195,95.119629,13.886719,222.883152,230.541736,154.638547,122.58151,-10.0151773,121.462975,222.806063,230.667821,154.695656,121.009811,-13.307698,119.997739,11.3020428,10.327148,0.158434704,0.0770892103,-0.126084624,-0.0571093388,9.12763492,3.48430581
12.6488864,right_stick_left,left,-1,0,71,0,58.710938,33.530273,-138.845215,69.191895,95.075684,13.930664,222.864197,230.563486,154.7115,122.484725,-10.2192338,121.426171,222.806063,230.667821,154.695656,121.009811,-13.307698,119.997739,11.5651968,10.568848,0.120484085,0.0581337953,-0.104335317,0.0158435535,9.4785363,2.80076274
12.6739833,right_stick_left,left,-1,0,72,0,58.754883,33.530273,-138.845215,69.32373,95.009766,13.908691,222.858934,230.534473,154.656681,122.453,-10.2863506,121.321014,222.806063,230.667821,154.695656,121.009811,-13.307698,119.997739,11.7140631,10.700683,0.148647723,0.052870986,-0.13334829,-0.0389748385,6.19077901,2.48020852
12.6990507,right_stick_left,left,-1,0,73,0,58.842773,33.530273,-138.845215,69.56543,94.96582,13.952637,222.823538,230.530184,154.641114,122.357348,-10.4688208,121.264919,222.806063,230.667821,154.695656,121.009811,-13.307698,119.997739,11.9761257,10.942383,0.149077685,0.0174756313,-0.137636956,-0.0545419741,10.5550355,1.55199987
12.7241645,right_stick_left,left,-1,0,74,0,58.886719,33.552246,-138.823242,69.719238,94.921875,13.930664,222.900663,230.563563,154.725132,122.284578,-10.5911323,121.216126,222.806063,230.667821,154.695656,121.009811,-13.307698,119.997739,12.1405235,11.096191,0.143832135,0.0946001984,-0.104257682,0.0294757725,6.77711116,4.73178947
12.7492502,right_stick_left,left,-1,0,75,0,58.974609,33.552246,-138.823242,69.960938,94.855957,13.974609,222.862352,230.551898,154.686143,122.209246,-10.7813208,121.135292,222.806063,230.667821,154.695656,121.009811,-13.307698,119.997739,12.4078795,11.337891,0.129217336,0.0562894786,-0.115922909,-0.00951281807,10.7276085,2.22803742
12.7743654,right_stick_left,left,-1,0,76,0,59.018555,33.552246,-138.823242,70.070801,94.833984,13.996582,222.82903,230.564037,154.677371,122.170361,-10.8631396,121.110872,222.806063,230.667821,154.695656,121.009811,-13.307698,119.997739,12.5289043,11.447754,0.107855909,0.0229674991,-0.103783681,-0.018284928,4.87109158,1.45461686
12.799438,right_stick_left,left,-1,0,77,0,59.106445,33.552246,-138.80127,70.334473,94.768066,13.974609,222.855923,230.583422,154.66421,122.052318,-11.0214327,121.006311,222.806063,230.667821,154.695656,121.009811,-13.307698,119.997739,12.8119241,11.711426,0.102946898,0.0498606568,-0.084398472,-0.0314464092,11.4599189,1.42261632
12.824533,right_stick_left,left,-1,0,78,0,59.172363,33.574219,-138.823242,70.444336,94.724121,14.018555,222.709313,230.63614,154.69873,122.053444,-11.1127608,120.981187,222.806063,230.667821,154.695656,121.009811,-13.307698,119.997739,12.9479177,11.821289,0.101850931,-0.0967494561,-0.0316813177,0.00307393318,5.80793236,6.35897695
12.8496113,right_stick_left,left,-1,0,79,0,59.238281,33.574219,-138.80127,70.664062,94.658203,14.018555,222.76541,230.63027,154.67992,121.967605,-11.2801105,120.890871,222.806063,230.667821,154.695656,121.009811,-13.307698,119.997739,13.185186,12.041015,0.0575360759,-0.0406530858,-0.0375513378,-0.0157360628,9.55777922,2.37083502
12.8752213,right_stick_left,left,-1,0,80,0,59.282227,33.574219,-138.779297,70.795898,94.614258,14.040527,222.795655,230.667585,154.672734,121.929862,-11.410691,120.853707,222.806063,230.667821,154.695656,121.009811,-13.307698,119.997739,13.3313553,12.172851,0.0251752151,-0.0104081852,-0.000235960774,-0.0229217246,5.81905893,1.89643866
12.9002872,right_stick_left,left,-1,0,81,0,59.348145,33.574219,-138.80127,70.993652,94.570312,14.040527,222.748108,230.571278,154.631632,121.843577,-11.5076337,120.757333,222.806063,230.667821,154.695656,121.009811,-13.307698,119.997739,13.5437854,12.370605,0.129530892,-0.0579544852,-0.0965425694,-0.0640239168,8.54400774,4.58790712
12.9254758,right_stick_left,left,-1,0,82,0,59.414062,33.574219,-138.779297,71.125488,94.526367,14.0625,222.689084,230.693439,154.624746,121.817783,-11.6159003,120.732205,222.806063,230.667821,154.695656,121.009811,-13.307698,119.997739,13.696968,12.502441,0.139171298,-0.116979167,0.025617678,-0.0709102186,6.22961499,5.39318339
12.9505506,right_stick_left,left,-1,0,83,0,59.47998,33.596191,-138.757324,71.30127,94.482422,14.0625,222.701387,230.77843,154.713489,121.747283,-11.7599148,120.699581,222.806063,230.667821,154.695656,121.009811,-13.307698,119.997739,13.8899169,12.678223,0.153327632,-0.104675567,0.110609052,0.0178332851,7.78863404,4.92496788
12.975755,right_stick_left,left,-1,0,84,0,59.523926,33.596191,-138.757324,71.455078,94.438477,14.084473,222.721143,230.720465,154.688355,121.69205,-11.8877341,120.636436,222.806063,230.667821,154.695656,121.009811,-13.307698,119.997739,14.0563872,12.832031,0.100180008,-0.0849198259,0.0526435874,-0.00730135786,6.63924668,2.62640195
13.0008574,right_stick_left,left,-1,0,85,0,59.567871,33.596191,-138.757324,71.630859,94.394531,14.106445,222.768921,230.631092,154.666776,121.618478,-12.0345255,120.566203,222.806063,230.667821,154.695656,121.009811,-13.307698,119.997739,14.2429423,13.007812,0.0596872157,-0.0371416557,-0.0367289369,-0.0288798602,7.47874333,4.12765162
13.0259693,right_stick_left,left,-1,0,86,0,59.611816,33.596191,-138.757324,71.740723,94.372559,14.084473,222.732549,230.640573,154.659461,121.564335,-12.0681041,120.517933,222.806063,230.667821,154.695656,121.009811,-13.307698,119.997739,14.3611774,13.117676,0.0863523814,-0.0735135831,-0.027247807,-0.0361945284,4.87174619,1.52487266
13.0510743,right_stick_left,left,-1,0,87,0,59.655762,33.596191,-138.735352,71.894531,94.328613,14.106445,222.788296,230.644995,154.656626,121.508292,-12.2180352,120.473547,222.806063,230.667821,154.695656,121.009811,-13.307698,119.997739,14.5275151,13.271484,0.0485801457,-0.0177666609,-0.022826435,-0.0390298627,6.72275739,2.23038491
13.0761747,right_stick_left,left,-1,0,88,0,59.699707,33.596191,-138.735352,71.960449,94.306641,14.128418,222.69484,230.71639,154.642699,121.505434,-12.2623424,120.463718,222.806063,230.667821,154.695656,121.009811,-13.307698,119.997739,14.6084287,13.337402,0.132415838,-0.111223009,0.0485694219,-0.0529566582,3.39035545,4.71819605
13.1012692,right_stick_left,left,-1,0,89,0,59.743652,33.618164,-138.735352,72.13623,94.262695,14.128418,222.755685,230.650705,154.710601,121.423758,-12.4070337,120.400078,222.806063,230.667821,154.695656,121.009811,-13.307698,119.997739,14.7945495,13.513183,0.0552646979,-0.0503774001,-0.017115916,0.0149448926,7.48109279,4.47793503
13.12676,right_stick_left,left,-1,0,90,0,59.787598,33.618164,-138.713379,72.202148,94.240723,14.150391,222.698922,230.785349,154.718495,121.420331,-12.4735128,120.408831,222.806063,230.667821,154.695656,121.009811,-13.307698,119.997739,14.8753579,13.579101,0.160666509,-0.107140869,0.117528509,0.0228388022,3.44795515,5.74065305
13.1518588,right_stick_left,left,-1,0,91,0,59.831543,33.618164,-138.691406,72.333984,94.196777,14.128418,222.725063,230.820203,154.712651,121.367945,-12.5561762,120.347335,222.806063,230.667821,154.695656,121.009811,-13.307698,119.997739,15.0189008,13.710937,0.173407015,-0.0809994669,0.152381933,0.0169948789,5.93757744,1.75138923
13.1769447,right_stick_left,left,-1,0,92,0,59.853516,33.618164,-138.713379,72.443848,94.174805,14.172363,222.738914,230.679676,154.684218,121.324155,-12.662875,120.304758,222.806063,230.667821,154.695656,121.009811,-13.307698,119.997739,15.1344397,13.820801,0.0691397069,-0.0671485806,0.011855131,-0.0114377913,4.95483579,5.74193751
13.2020462,right_stick_left,left,-1,0,93,0,59.897461,33.618164,-138.691406,72.553711,94.152832,14.172363,222.737868,230.751459,154.699223,121.276963,-12.7430407,120.287042,222.806063,230.667821,154.695656,121.009811,-13.307698,119.997739,15.2539932,13.930664,0.107974587,-0.0681948466,0.0836376355,0.00356655326,4.87376073,2.92180029
13.2271259,right_stick_left,left,-1,0,94,0,59.919434,33.618164,-138.691406,72.641602,94.130859,14.172363,222.760167,230.705478,154.689135,121.236377,-12.8043997,120.245936,222.806063,230.667821,154.695656,121.009811,-13.307698,119.997739,15.3465756,14.018555,0.0597244485,-0.045896211,0.0376567045,-0.00652074962,3.71705004,2.07692305
13.2522316,right_stick_left,left,-1,0,95,0,59.963379,33.618164,-138.691406,72.729492,94.086914,14.172363,222.692352,230.738792,154.654968,121.228257,-12.8514917,120.192441,222.806063,230.667821,154.695656,121.009811,-13.307698,119.997739,15.4514802,14.106445,0.140080527,-0.113710714,0.0709713531,-0.0406877711,4.28758263,3.30291329
13.2773275,right_stick_left,left,-1,0,96,0,59.985352,33.618164,-138.691406,72.773438,94.086914,14.194336,222.659903,230.761407,154.662055,121.211048,-12.8913708,120.20233,222.806063,230.667821,154.695656,121.009811,-13.307698,119.997739,15.5000236,14.150391,0.176776447,-0.146159496,0.0935856776,-0.0336011143,2.14467515,1.60111504
13.3024294,right_stick_left,left,-1,0,97,0,60.007324,33.618164,-138.669434,72.861328,94.064941,14.194336,222.718625,230.778785,154.67372,121.170063,-12.9749395,120.179605,222.806063,230.667821,154.695656,121.009811,-13.307698,119.997739,15.5925527,14.238281,0.142966707,-0.0874377026,0.110963608,-0.0219363933,3.81547978,2.48348743
13.305505,return_center_after_left,center,0,0,0,0,60.007324,33.618164,-138.669434,72.861328,94.064941,14.194336,222.718625,230.778785,154.67372,121.170063,-12.9749395,120.179605,222.806063,230.667821,154.695656,126.340457,-2.81349285,125.315398,15.5925527,14.238281,0.142966707,-0.0874377026,0.110963608,-0.0219363933,0,0
13.3308077,return_center_after_left,center,0,0,1,0,60.029297,33.618164,-138.669434,72.949219,94.042969,14.194336,222.740458,230.732429,154.663839,121.12945,-13.0363336,120.138518,222.806063,230.667821,154.695656,126.340457,-2.81349285,125.315398,15.6851372,14.326172,0.0974194824,-0.0656049272,0.0646084521,-0.031816615,3.68429278,2.06236229
13.3558695,return_center_after_left,center,0,0,2,0,60.05127,33.618164,-138.669434,72.993164,94.020996,14.172363,222.706318,230.748917,154.64685,121.118237,-13.0356653,120.099669,222.806063,230.667821,154.695656,126.340457,-2.81349285,125.315398,15.7361959,14.370117,0.137504984,-0.0997452215,0.0810955727,-0.0488059378,2.31963512,1.65771589
13.3809569,return_center_after_left,center,0,0,3,0,60.05127,33.640137,-138.669434,73.059082,94.020996,14.194336,222.804474,230.679487,154.74624,121.070231,-13.1388309,120.108539,222.806063,230.667821,154.695656,126.340457,-2.81349285,125.315398,15.7987371,14.436035,0.0519358597,-0.00158902369,0.0116662722,0.0505836596,2.90486133,6.2179343
13.4060268,return_center_after_left,center,0,0,4,0,60.073242,33.618164,-138.669434,73.125,93.999023,14.216309,222.783726,230.639371,154.644272,121.055313,-13.1833881,120.0685,222.806063,230.667821,154.695656,126.340457,-2.81349285,125.315398,15.8717424,14.501953,0.0628387886,-0.0223371584,-0.028450129,-0.0513843835,3.16010452,4.44845726
13.4311166,return_center_after_left,center,0,0,5,0,60.095215,33.618164,-138.669434,73.146973,93.999023,14.194336,222.723137,230.693278,154.64788,121.04208,-13.155856,120.061315,222.806063,230.667821,154.695656,126.340457,-2.81349285,125.315398,15.8973803,14.523926,0.0990318873,-0.0829260716,0.0254568104,-0.0477758532,1.51688903,3.23553723
13.4571135,return_center_after_left,center,0,0,6,0,60.117188,33.618164,-138.647461,73.190918,93.977051,14.216309,222.725469,230.773352,154.652498,121.044834,-13.2259655,120.065012,222.806063,230.667821,154.695656,126.340457,-2.81349285,125.315398,15.9512253,14.567871,0.139623932,-0.0805937406,0.105531298,-0.0431582732,2.39058936,3.08657367
13.4822414,return_center_after_left,center,0,0,7,0,60.117188,33.640137,-138.647461,73.234863,93.955078,14.194336,222.794012,230.72932,154.724191,121.02123,-13.2697232,120.032263,222.806063,230.667821,154.695656,126.340457,-2.81349285,125.315398,15.9962142,14.611816,0.0688594245,-0.0120512239,0.0614993098,0.0285345972,2.31353858,4.31873876
13.5076857,return_center_after_left,center,0,0,8,0,60.117188,33.640137,-138.647461,73.256836,93.955078,14.238281,222.82184,230.697763,154.727809,121.017111,-13.3371422,120.049354,222.806063,230.667821,154.695656,126.340457,-2.81349285,125.315398,16.0191213,14.633789,0.0466823241,0.0157771942,0.029941726,0.0321529559,1.9309742,1.65971579
13.5327907,return_center_after_left,center,0,0,9,0,60.13916,33.640137,-138.647461,73.278809,93.955078,14.194336,222.761183,230.751637,154.731431,120.996852,-13.2853651,120.030012,222.806063,230.667821,154.695656,126.340457,-2.81349285,125.315398,16.0433348,14.655762,0.101583503,-0.0448795107,0.0838162729,0.0357752717,2.14385239,3.23475491
13.5581577,return_center_after_left,center,0,0,10,0,60.13916,33.640137,-138.669434,73.278809,93.933105,14.216309,222.723046,230.681912,154.685748,121.024513,-13.2954082,119.999479,222.806063,230.667821,154.695656,126.340457,-2.81349285,125.315398,16.0500894,14.655762,0.0847847204,-0.0830164382,0.0140910296,-0.00990770843,1.50030828,3.61365689
13.5850868,return_center_after_left,center,0,0,11,0,60.13916,33.640137,-138.647461,73.278809,93.933105,14.216309,222.759638,230.745648,154.707283,121.024259,-13.3176402,120.0177,222.806063,230.667821,154.695656,126.340457,-2.81349285,125.315398,16.0500744,14.655762,0.0913646913,-0.0464243906,0.0778273168,0.0116271894,0.815956244,2.84389236
13.6102033,return_center_after_left,center,0,0,12,0,60.13916,33.640137,-138.669434,73.300781,93.933105,14.216309,222.750862,230.650347,154.68938,121.006227,-13.3142977,119.992292,222.806063,230.667821,154.695656,126.340457,-2.81349285,125.315398,16.0701551,14.677734,0.0582395582,-0.0552006347,-0.0174741163,-0.00627625083,1.23718979,3.87653905
13.6353002,return_center_after_left,center,0,0,13,0,60.13916,33.640137,-138.647461,73.300781,93.933105,14.216309,222.787454,230.714082,154.710909,121.005975,-13.3365321,120.010507,222.806063,230.667821,154.695656,126.340457,-2.81349285,125.315398,16.0701401,14.677734,0.052144512,-0.01860928,0.046260964,0.0152534599,0.875526693,3.05140485
13.6603386,return_center_after_left,center,0,0,14,0,60.13916,33.640137,-138.647461,73.300781,93.933105,14.216309,222.787454,230.714082,154.710909,121.005975,-13.3365321,120.010507,222.806063,230.667821,154.695656,126.340457,-2.81349285,125.315398,16.0701401,14.677734,0.052144512,-0.01860928,0.046260964,0.0152534599,0,0
13.6854143,return_center_after_left,center,0,0,15,0,60.13916,33.640137,-138.669434,73.322754,93.955078,14.216309,222.780217,230.624768,154.717161,120.96762,-13.3251586,120.009554,222.806063,230.667821,154.695656,126.340457,-2.81349285,125.315398,16.0848998,14.699707,0.0546258863,-0.0258458034,-0.0430525893,0.0215048008,1.51773995,3.58211848
13.7104971,return_center_after_left,center,0,0,16,0,60.13916,33.640137,-138.647461,73.322754,93.955078,14.216309,222.816803,230.688494,154.738688,120.967365,-13.3473983,120.027762,222.806063,230.667821,154.695656,126.340457,-2.81349285,125.315398,16.0848848,14.699707,0.0489331738,0.010740247,0.0206732519,0.0430316075,0.876017697,3.05267595
13.7355988,return_center_after_left,center,0,0,17,0,60.13916,33.640137,-138.647461,73.300781,93.933105,14.194336,222.787454,230.714082,154.710909,120.998901,-13.3122695,119.998361,222.806063,230.667821,154.695656,126.340457,-2.81349285,125.315398,16.068743,14.677734,0.052144512,-0.01860928,0.046260964,0.0152534599,1.51616865,1.90546917
13.7606931,return_center_after_left,center,0,0,18,0,60.13916,33.640137,-138.647461,73.278809,93.933105,14.216309,222.759638,230.745648,154.707283,121.024259,-13.3176402,120.0177,222.806063,230.667821,154.695656,126.340457,-2.81349285,125.315398,16.0500744,14.655762,0.0913646913,-0.0464243906,0.0778273168,0.0116271894,1.23828295,1.68280326
13.7857735,return_center_after_left,center,0,0,19,0,60.13916,33.640137,-138.647461,73.234863,93.955078,14.194336,222.705514,230.814741,154.724191,121.033406,-13.2475726,120.044405,222.806063,230.667821,154.695656,126.340457,-2.81349285,125.315398,16.0031996,14.611816,0.180304702,-0.100548547,0.146920224,0.0285345972,2.14600035,3.56380662
13.8108637,return_center_after_left,center,0,0,20,0,60.117188,33.640137,-138.647461,73.212891,93.955078,14.216309,222.766172,230.760866,154.720576,121.0466,-13.2750932,120.051598,222.806063,230.667821,154.695656,126.340457,-2.81349285,125.315398,15.9775515,14.589844,0.104257849,-0.0398903737,0.0930453265,0.0249203606,1.51681418,3.23669931
13.8359444,return_center_after_left,center,0,0,21,0,60.117188,33.640137,-138.647461,73.168945,93.955078,14.216309,222.710456,230.823931,154.713359,121.083165,-13.2372929,120.065975,222.806063,230.667821,154.695656,126.340457,-2.81349285,125.315398,15.9374324,14.545898,0.183914169,-0.0956071879,0.156109819,0.0177034335,1.75218529,3.36755248
13.8610399,return_center_after_left,center,0,0,22,0,60.095215,33.640137,-138.647461,73.146973,93.955078,14.216309,222.771097,230.77003,154.709757,121.089265,-13.2405547,120.061029,222.806063,230.667821,154.695656,126.340457,-2.81349285,125.315398,15.9103883,14.523926,0.108941168,-0.0349653459,0.102209405,0.0141010725,1.23822413,3.23619047
13.8861361,return_center_after_left,center,0,0,23,0,60.095215,33.640137,-138.669434,73.125,93.977051,14.216309,222.708124,230.743833,154.708732,121.087511,-13.1914386,120.074429,222.806063,230.667821,154.695656,126.340457,-2.81349285,125.315398,15.8849842,14.501953,0.124662918,-0.0979389811,0.0760119235,0.0130761869,1.51649994,2.71807022
13.9112208,return_center_after_left,center,0,0,24,0,60.073242,33.640137,-138.669434,73.081055,93.977051,14.194336,222.740833,230.721428,154.701537,121.104783,-13.1515376,120.06453,222.806063,230.667821,154.695656,126.340457,-2.81349285,125.315398,15.8364633,14.458008,0.0846357363,-0.0652295572,0.0536071337,0.00588115162,2.14560066,1.60633695
13.9363477,return_center_after_left,center,0,0,25,0,60.05127,33.640137,-138.669434,73.015137,93.999023,14.194336,222.747132,230.736473,154.714921,121.127118,-13.1090155,120.098432,222.806063,230.667821,154.695656,126.340457,-2.81349285,125.315398,15.763938,14.39209,0.0925045478,-0.0589310455,0.0686518719,0.0192650906,2.90026188,0.839675261
13.9666226,return_center_after_left,center,0,0,26,0,60.029297,33.640137,-138.669434,72.949219,94.020996,14.194336,222.753361,230.75145,154.728343,121.149446,-13.0665034,120.132345,222.806063,230.667821,154.695656,126.340457,-2.81349285,125.315398,15.6914153,14.326172,0.104114076,-0.0527020423,0.0836289488,0.0326869155,2.40712171,0.695418715
13.9943609,return_center_after_left,center,0,0,27,0,59.985352,33.640137,-138.669434,72.839355,94.042969,14.194336,222.792061,230.743802,154.734695,121.196158,-13.0083759,120.168511,222.806063,230.667821,154.695656,126.340457,-2.81349285,125.315398,15.5717932,14.216308,0.0865630804,-0.0140013713,0.075980991,0.0390386667,4.33875391,1.4405048
14.019464,return_center_after_left,center,0,0,28,0,59.963379,33.640137,-138.669434,72.79541,94.064941,14.172363,222.826098,230.727192,154.751753,121.193027,-12.9605248,120.183148,222.806063,230.667821,154.695656,126.340457,-2.81349285,125.315398,15.5179228,14.172363,0.0841022962,0.020034932,0.0593714885,0.0560965604,2.31580871,1.65465426
14.0445702,return_center_after_left,center,0,0,29,0,59.941406,33.618164,-138.669434,72.729492,94.086914,14.172363,222.817628,230.716967,154.67659,121.215727,-12.8958756,120.198711,222.806063,230.667821,154.695656,126.340457,-2.81349285,125.315398,15.4444482,14.106445,0.0539687423,0.0115646717,0.049146266,-0.0190664116,3.03175567,3.04015645
14.0696657,return_center_after_left,center,0,0,30,0,59.919434,33.640137,-138.669434,72.663574,94.086914,14.172363,222.836497,230.750668,154.754727,121.257974,-12.8835081,120.226533,222.806063,230.667821,154.695656,126.340457,-2.81349285,125.315398,15.3782379,14.040527,0.1062039,0.0304343645,0.0828469045,0.0590712139,2.903911,3.47323407
14.0947466,return_center_after_left,center,0,0,31,0,59.875488,33.640137,-138.691406,72.531738,94.152832,14.172363,222.812749,230.722326,154.784449,121.282648,-12.7685094,120.300551,222.806063,230.667821,154.695656,126.340457,-2.81349285,125.315398,15.2279063,13.908691,0.104401434,0.00668605152,0.0545050364,0.0887927761,6.19476139,1.89150357
14.1198268,return_center_after_left,center,0,0,32,0,59.853516,33.640137,-138.713379,72.399902,94.152832,14.172363,222.695651,230.761227,154.741829,121.380566,-12.6550653,120.313006,222.806063,230.667821,154.695656,126.340457,-2.81349285,125.315398,15.1006507,13.776855,0.151813351,-0.110411442,0.0934058636,0.0461730618,5.40061636,5.20503101
14.144922,return_center_after_left,center,0,0,33,0,59.80957,33.640137,-138.691406,72.333984,94.174805,14.172363,222.826598,230.753721,154.777281,121.390256,-12.6570222,120.353369,222.806063,230.667821,154.695656,126.340457,-2.81349285,125.315398,15.0210702,13.710937,0.120262897,0.0205349976,0.0859003945,0.0816247545,3.39109494,5.41409948
14.1700311,return_center_after_left,center,0,0,34,0,59.765625,33.618164,-138.713379,72.202148,94.196777,14.128418,222.784454,230.687917,154.670198,121.441654,-12.4872768,120.335537,222.806063,230.667821,154.695656,126.340457,-2.81349285,125.315398,14.8776621,13.579101,0.0389727439,-0.0216087166,0.0200960027,-0.0254575884,5.99930316,5.27948877
14.1951337,return_center_after_left,center,0,0,35,0,59.72168,33.618164,-138.713379,72.114258,94.240723,14.128418,222.851465,230.653914,154.704738,121.449735,-12.4403577,120.389154,222.806063,230.667821,154.695656,126.340457,-2.81349285,125.315398,14.7727349,13.491211,0.0483452808,0.0454023287,-0.0139070651,0.00908230541,4.28812829,3.29457452
14.2202401,return_center_after_left,center,0,0,36,0,59.677734,33.618164,-138.713379,71.960449,94.284668,14.106445,222.833514,230.713301,154.729118,121.505187,-12.3123766,120.452215,222.806063,230.667821,154.695656,126.340457,-2.81349285,125.315398,14.6062308,13.337402,0.0627827361,0.0274507709,0.0454799483,0.0334619401,6.66519617,2.65506289
14.2453482,return_center_after_left,center,0,0,37,0,59.633789,33.618164,-138.735352,71.850586,94.306641,14.084473,222.833251,230.640722,154.71452,121.545089,-12.2080919,120.457769,222.806063,230.667821,154.695656,126.340457,-2.81349285,125.315398,14.4853474,13.227539,0.0427711299,0.0271877164,-0.027098814,0.0188640375,4.95042498,2.94855963
14.2724016,return_center_after_left,center,0,0,38,0,59.567871,33.618164,-138.735352,71.652832,94.372559,14.106445,222.847716,230.682241,154.756648,121.619267,-12.1053626,120.571849,222.806063,230.667821,154.695656,126.340457,-2.81349285,125.315398,14.2691887,13.029785,0.0752526586,0.0416527171,0.0144203032,0.0609923654,8.12197195,2.25082153
14.2974966,return_center_after_left,center,0,0,39,0,59.523926,33.618164,-138.735352,71.520996,94.394531,14.084473,222.855567,230.703595,154.760768,121.676725,-12.0042358,120.603237,222.806063,230.667821,154.695656,126.340457,-2.81349285,125.315398,14.1281103,12.897949,0.0892751454,0.0495045386,0.0357736076,0.0651122204,5.67439435,0.921345696
14.3254735,return_center_after_left,center,0,0,40,0,59.458008,33.618164,-138.757324,71.345215,94.438477,14.084473,222.858739,230.643926,154.760715,121.746352,-11.8820758,120.654803,222.806063,230.667821,154.695656,126.340457,-2.81349285,125.315398,13.936156,12.722168,0.08705397,0.0526759734,-0.023894679,0.0650590489,6.93631134,2.13577422
14.3506036,return_center_after_left,center,0,0,41,0,59.414062,33.618164,-138.757324,71.235352,94.482422,14.0625,222.895869,230.639773,154.792578,121.765099,-11.7921994,120.703732,222.806063,230.667821,154.695656,126.340457,-2.81349285,125.315398,13.8097926,12.612305,0.135076294,0.0898060414,-0.0280480138,0.0969215612,5.09833972,1.95395973
14.3757436,return_center_after_left,center,0,0,42,0,59.370117,33.618164,-138.757324,71.103516,94.504395,14.0625,222.90281,230.660338,154.797137,121.82995,-11.7154268,120.747208,222.806063,230.667821,154.695656,126.340457,-2.81349285,125.315398,13.6701358,12.480469,0.140408126,0.0967472857,-0.00748274618,0.101481097,5.59639614,0.882211129
14.4009781,return_center_after_left,center,0,0,43,0,59.282227,33.618164,-138.779297,70.839844,94.592285,14.040527,222.881143,230.64958,154.833036,121.912074,-11.500238,120.852642,222.806063,230.667821,154.695656,126.340457,-2.81349285,125.315398,13.3789122,12.216797,0.157616626,0.0750802189,-0.0182406849,0.137379907,11.6171132,1.71546337
14.4260638,return_center_after_left,center,0,0,44,0,59.238281,33.618164,-138.779297,70.708008,94.614258,14.018555,222.887219,230.669395,154.838012,121.96928,-11.3992197,120.884155,222.806063,230.667821,154.695656,126.340457,-2.81349285,125.315398,13.2378642,12.084961,0.163872061,0.0811561584,0.00157380044,0.14235608,5.67651609,0.849653974
14.4511611,return_center_after_left,center,0,0,45,0,59.172363,33.618164,-138.779297,70.554199,94.658203,14.018555,222.95407,230.640195,154.864134,122.019839,-11.3183222,120.947549,222.806063,230.667821,154.695656,126.340457,-2.81349285,125.315398,13.0658433,11.931152,0.225951881,0.148006955,-0.0276257444,0.16847852,6.89367695,3.08740076
14.4762561,return_center_after_left,center,0,0,46,0,59.128418,33.596191,-138.80127,70.400391,94.702148,14.018555,222.879627,230.608386,154.779323,122.084379,-11.1712119,120.984841,222.806063,230.667821,154.695656,126.340457,-2.81349285,125.315398,12.8999332,11.777344,0.126270448,0.0735638746,-0.0594345728,0.0836666836,6.72542958,4.67208818
14.5015178,return_center_after_left,center,0,0,47,0,59.018555,33.596191,-138.80127,70.070801,94.768066,13.974609,222.892547,230.658393,154.805219,122.220704,-10.9271821,121.082096,222.806063,230.667821,154.695656,126.340457,-2.81349285,125.315398,12.5453671,11.447754,0.13990139,0.0864840873,-0.00942745384,0.10956288,14.1058436,2.28716935
14.5266168,return_center_after_left,center,0,0,48,0,58.974609,33.596191,-138.80127,69.916992,94.812012,13.974609,222.869301,230.713264,154.83212,122.283167,-10.8239374,121.157549,222.806063,230.667821,154.695656,126.340457,-2.81349285,125.315398,12.380319,11.293945,0.157119274,0.0632385474,0.0454427372,0.136463585,6.60944258,2.60494048
14.5517175,return_center_after_left,center,0,0,49,0,58.930664,33.596191,-138.80127,69.763184,94.87793,13.952637,222.846958,230.773774,154.883385,122.317298,-10.6888399,121.245904,222.806063,230.667821,154.695656,126.340457,-2.81349285,125.315398,12.2085346,11.140137,0.219410166,0.0408953583,0.105953299,0.187729298,6.94808604,3.28257272
14.576808,return_center_after_left,center,0,0,50,0,58.864746,33.596191,-138.823242,69.587402,94.899902,13.952637,222.843078,230.704072,154.861383,122.407627,-10.5749868,121.272521,222.806063,230.667821,154.695656,126.340457,-2.81349285,125.315398,12.0221351,10.964355,0.173636652,0.0370148776,0.0362514164,0.165726946,7.58413227,2.91724634
14.6018882,return_center_after_left,center,0,0,51,0,58.754883,33.574219,-138.823242,69.279785,94.987793,13.908691,222.867232,230.701182,154.827321,122.505941,-10.3209865,121.368519,222.806063,230.667821,154.695656,126.340457,-2.81349285,125.315398,11.6811688,10.656738,0.148964366,0.061169507,0.0333614466,0.131665059,13.6288443,1.66892663
14.6269867,return_center_after_left,center,0,0,52,0,58.73291,33.574219,-138.823242,69.213867,95.009766,13.908691,222.869268,230.712624,154.842702,122.528024,-10.2789836,121.402761,222.806063,230.667821,154.695656,126.340457,-2.81349285,125.315398,11.6086759,10.59082,0.16620712,0.0632054195,0.0448028455,0.147046206,2.90356441,0.768080376
14.6520777,return_center_after_left,center,0,0,53,0,58.623047,33.552246,-138.845215,68.884277,95.097656,13.886719,222.823934,230.67561,154.784405,122.653686,-10.008842,121.498338,222.806063,230.667821,154.695656,126.340457,-2.81349285,125.315398,11.2494202,10.26123,0.0908646968,0.0178714304,0.00778933765,0.0887486976,14.3628882,3.29226947
14.6771746,return_center_after_left,center,0,0,54,0,58.601074,33.552246,-138.823242,68.818359,95.097656,13.908691,222.862496,230.743288,154.798075,122.702884,-10.0203589,121.5391,222.806063,230.667821,154.695656,126.340457,-2.81349285,125.315398,11.1833476,10.195312,0.139174867,0.0564328283,0.0754673875,0.102419006,3.03286742,3.15112133
14.7024035,return_center_after_left,center,0,0,55,0,58.491211,33.530273,-138.845215,68.466797,95.20752,13.864746,222.786587,230.740504,154.762099,122.818171,-9.69967922,121.654718,222.806063,230.667821,154.695656,126.340457,-2.81349285,125.315398,10.7972969,9.84375,0.100383462,-0.0194762716,0.0726833819,0.0664427594,15.3836663,3.33144653
14.7274978,return_center_after_left,center,0,0,56,0,58.447266,33.530273,-138.845215,68.312988,95.229492,13.886719,222.758015,230.78575,154.766831,122.90908,-9.62854177,121.717281,222.806063,230.667821,154.695656,126.340457,-2.81349285,125.315398,10.6391226,9.689941,0.145882654,-0.0480478162,0.117929012,0.0711751649,6.49366698,2.14074901
14.7525833,return_center_after_left,center,0,0,57,0,58.359375,33.508301,-138.845215,68.093262,95.29541,13.842773,222.804467,230.736983,154.722446,122.966831,-9.43636355,121.772079,222.806063,230.667821,154.695656,126.340457,-2.81349285,125.315398,10.3906274,9.470215,0.0741868079,-0.00159597639,0.0691625255,0.0267895577,9.98692645,3.2154074
14.7776806,return_center_after_left,center,0,0,58,0,58.31543,33.508301,-138.845215,67.91748,95.339355,13.842773,222.746483,230.817236,154.749127,123.047149,-9.31447993,121.854863,222.806063,230.667821,154.695656,126.340457,-2.81349285,125.315398,10.2056302,9.294433,0.169510373,-0.0595795601,0.149415166,0.0534710273,7.42885528,4.08569315
14.8027766,return_center_after_left,center,0,0,59,0,58.249512,33.508301,-138.867188,67.785645,95.361328,13.842773,222.796269,230.68361,154.734862,123.101656,-9.23945902,121.866937,222.806063,230.667821,154.695656,126.340457,-2.81349285,125.315398,10.0595182,9.162598,0.043385284,-0.00979351701,0.0157889232,0.0392056092,6.00241464,5.7105368
14.8278811,return_center_after_left,center,0,0,60,0,58.183594,33.486328,-138.845215,67.543945,95.449219,13.798828,222.762201,230.816662,154.73528,123.16684,-9.01987374,121.985545,222.806063,230.667821,154.695656,126.340457,-2.81349285,125.315398,9.79218964,8.920898,0.160148329,-0.0438616123,0.148840766,0.0396241414,10.7908019,5.47091991
14.8529797,return_center_after_left,center,0,0,61,0,58.117676,33.486328,-138.867188,67.368164,95.471191,13.798828,222.751335,230.741777,154.716189,123.257648,-8.90674783,122.011667,222.806063,230.667821,154.695656,126.340457,-2.81349285,125.315398,9.60604716,8.745117,0.0942662666,-0.0547275124,0.0739556328,0.0205327249,7.58165057,3.10936482
14.8803847,return_center_after_left,center,0,0,62,0,58.007812,33.464355,-138.867188,67.08252,95.559082,13.798828,222.793946,230.699367,154.689912,123.353864,-8.72219156,122.12454,222.806063,230.667821,154.695656,126.340457,-2.81349285,125.315398,9.28793826,8.459473,0.0342779663,-0.0121172259,0.0315460724,-0.00574431277,11.6464475,2.3940916
14.9054937,return_center_after_left,center,0,0,63,0,57.963867,33.464355,-138.867188,66.906738,95.603027,13.776855,222.733102,230.776969,154.718071,123.425637,-8.57616404,122.195688,222.806063,230.667821,154.695656,126.340457,-2.81349285,125.315398,9.1015607,8.283691,0.133187524,-0.0729607113,0.109147665,0.0224151352,7.4767876,4.08425988
14.9306068,return_center_after_left,center,0,0,64,0,57.919922,33.464355,-138.867188,66.75293,95.625,13.754883,222.700758,230.818621,154.724808,123.499811,-8.45646437,122.234751,222.806063,230.667821,154.695656,126.340457,-2.81349285,125.315398,8.94065747,8.129883,0.186224855,-0.105305278,0.150799968,0.0291524424,6.48875908,2.1170069
14.9557006,return_center_after_left,center,0,0,65,0,57.854004,33.442383,-138.867188,66.599121,95.690918,13.754883,222.743393,230.762027,154.690399,123.531485,-8.34844954,122.30394,222.806063,230.667821,154.695656,126.340457,-2.81349285,125.315398,8.76202176,7.976074,0.113269007,-0.0626697593,0.0942057992,-0.00525704524,7.22056833,3.13901995
14.9808054,return_center_after_left,center,0,0,66,0,57.744141,33.442383,-138.88916,66.269531,95.756836,13.710938,222.697119,230.731479,154.704118,123.667433,-8.08454577,122.382394,222.806063,230.667821,154.695656,126.340457,-2.81349285,125.315398,8.40835276,7.646484,0.126462276,-0.108943636,0.0636583134,0.00846230283,14.2209436,2.27524703
15.0058975,return_center_after_left,center,0,0,67,0,57.722168,33.442383,-138.867188,66.225586,95.778809,13.73291,222.765273,230.772596,154.746074,123.67775,-8.10785606,122.441843,222.806063,230.667821,154.695656,126.340457,-2.81349285,125.315398,8.35668943,7.602539,0.123222205,-0.0407900483,0.104775494,0.0504180497,2.47677768,3.58585684
15.0332773,return_center_after_left,center,0,0,68,0,57.612305,33.42041,-138.867188,65.917969,95.866699,13.688965,222.772168,230.754492,154.720113,123.774799,-7.85624765,122.538606,222.806063,230.667821,154.695656,126.340457,-2.81349285,125.315398,8.01574445,7.294922,0.0962232851,-0.0338946569,0.0866714435,0.0244567722,12.4841849,1.18309188
15.0583506,return_center_after_left,center,0,0,69,0,57.546387,33.398438,-138.867188,65.76416,95.910645,13.688965,222.81152,230.690002,154.662507,123.827226,-7.75583612,122.582668,222.806063,230.667821,154.695656,126.340457,-2.81349285,125.315398,7.8425452,7.141113,0.0402570932,0.00545755265,0.0221806121,-0.0331491948,6.95572914,3.78912574
15.0834651,return_center_after_left,center,0,0,70,0,57.502441,33.398438,-138.867188,65.566406,95.95459,13.688965,222.716563,230.793141,154.690397,123.925189,-7.61525437,122.672812,222.806063,230.667821,154.695656,126.340457,-2.81349285,125.315398,7.63767074,6.943359,0.154087558,-0.0894994846,0.125320214,-0.00525944053,8.25377746,5.69160969
15.1088398,return_center_after_left,center,0,0,71,0,57.392578,33.376465,-138.88916,65.258789,96.020508,13.666992,222.679691,230.704348,154.619261,124.053811,-7.37429215,122.735573,222.806063,230.667821,154.695656,126.340457,-2.81349285,125.315398,7.30431341,6.635742,0.152119654,-0.126371946,0.0365275104,-0.0763954265,13.2178285,4.71334739
15.1339459,return_center_after_left,center,0,0,72,0,57.348633,33.376465,-138.88916,65.126953,96.086426,13.64502,222.676019,230.725194,154.678673,124.06811,-7.26010137,122.818396,222.806063,230.667821,154.695656,126.340457,-2.81349285,125.315398,7.1525634,6.503906,0.143148257,-0.130043801,0.0573727118,-0.0169824955,6.18851436,2.51215344
15.1590447,return_center_after_left,center,0,0,73,0,57.282715,33.376465,-138.867188,64.973145,96.108398,13.623047,222.767464,230.738862,154.710413,124.127682,-7.18499138,122.866701,222.806063,230.667821,154.695656,126.340457,-2.81349285,125.315398,6.98395312,6.350098,0.0821857406,-0.0385986699,0.0710413645,0.0147568011,6.83742978,3.89488649
15.1841278,return_center_after_left,center,0,0,74,0,57.216797,33.354492,-138.88916,64.731445,96.174316,13.601074,222.642811,230.731921,154.647007,124.225328,-6.95569846,122.931719,222.806063,230.667821,154.695656,126.340457,-2.81349285,125.315398,6.72474533,6.108398,0.182007725,-0.163251928,0.0641004099,-0.04864933,10.4387226,5.5824444
15.2092383,return_center_after_left,center,0,0,75,0,57.150879,33.354492,-138.867188,64.577637,96.218262,13.623047,222.734414,230.750518,154.703493,124.2818,-6.92253146,123.028742,222.806063,230.667821,154.695656,126.340457,-2.81349285,125.315398,6.55348979,5.95459,0.109698655,-0.071649114,0.0826969312,0.00783689969,7.00029839,4.34932108
15.2343252,return_center_after_left,center,0,0,76,0,57.106934,33.33252,-138.88916,64.423828,96.262207,13.601074,222.642118,230.706957,154.624787,124.339703,-6.75404333,123.052003,222.806063,230.667821,154.695656,126.340457,-2.81349285,125.315398,6.38671437,5.800781,0.182844226,-0.163944953,0.0391364957,-0.0708688786,6.78440468,5.13743623
15.2594454,return_center_after_left,center,0,0,77,0,56.99707,33.33252,-138.867188,64.138184,96.350098,13.579102,222.726391,230.737519,154.718105,124.421757,-6.58961334,123.195468,222.806063,230.667821,154.695656,126.340457,-2.81349285,125.315398,6.06775614,5.515137,0.108209742,-0.0796713517,0.0696985381,0.022448557,12.7357962,5.15119971
15.2845292,return_center_after_left,center,0,0,78,0,56.931152,33.310547,-138.867188,63.94043,96.37207,13.579102,222.698303,230.720096,154.634546,124.531266,-6.45840082,123.228058,222.806063,230.667821,154.695656,126.340457,-2.81349285,125.315398,5.86011205,5.317383,0.13445956,-0.107760074,0.0522752601,-0.0611100391,8.40201827,3.5823428
15.3096452,return_center_after_left,center,0,0,79,0,56.887207,33.310547,-138.867188,63.786621,96.416016,13.535156,222.659896,230.760694,154.669407,124.574668,-6.30782842,123.281447,222.806063,230.667821,154.695656,126.340457,-2.81349285,125.315398,5.69248684,5.163574,0.175154556,-0.146166803,0.0928730382,-0.0262484863,6.83280755,2.62255207
15.334738,return_center_after_left,center,0,0,80,0,56.821289,33.288574,-138.867188,63.654785,96.459961,13.535156,222.724891,230.662898,154.616267,124.609466,-6.22779045,123.318497,222.806063,230.667821,154.695656,126.340457,-2.81349285,125.315398,5.53920122,5.031738,0.113647671,-0.0811719816,-0.00492323213,-0.0793893208,6.19181279,5.13648685
15.359823,return_center_after_left,center,0,0,81,0,56.733398,33.288574,-138.867188,63.325195,96.547852,13.535156,222.615146,230.770661,154.685139,124.750416,-6.00523145,123.478584,222.806063,230.667821,154.695656,126.340457,-2.81349285,125.315398,5.18978065,4.702148,0.217107858,-0.19091666,0.102839914,-0.010516791,14.0422243,6.71811124
15.3849223,return_center_after_left,center,0,0,82,0,56.66748,33.266602,-138.845215,63.171387,96.591797,13.513184,222.688044,230.761291,154.653522,124.791163,-5.90266004,123.532201,222.806063,230.667821,154.695656,126.340457,-2.81349285,125.315398,5.01419667,4.54834,0.15633441,-0.118018898,0.0934703544,-0.0421340771,7.05791298,3.18772252
15.4100299,return_center_after_left,center,0,0,83,0,56.623535,33.266602,-138.845215,63.017578,96.635742,13.491211,222.647832,230.799984,154.689447,124.843296,-5.77669069,123.597389,222.806063,230.667821,154.695656,126.340457,-2.81349285,125.315398,4.84804611,4.394531,0.206258752,-0.158230824,0.132163286,-0.00620845815,6.66486926,2.64336492
15.4357207,return_center_after_left,center,0,0,84,0,56.557617,33.266602,-138.845215,62.885742,96.679688,13.491211,222.727093,230.724735,154.727331,124.87518,-5.71795446,123.655675,222.806063,230.667821,154.695656,126.340457,-2.81349285,125.315398,4.69613753,4.262695,0.102365935,-0.0789700076,0.0569142739,0.0316747198,5.98692501,4.50243764
15.4682989,return_center_after_left,center,0,0,85,0,56.469727,33.244629,-138.845215,62.578125,96.767578,13.469238,222.629022,230.776261,154.709949,124.991538,-5.46979832,123.776545,222.806063,230.667821,154.695656,126.340457,-2.81349285,125.315398,4.36393766,3.955078,0.208103243,-0.177040575,0.108440327,0.0142930057,10.2286519,3.44210954
15.5041063,return_center_after_left,center,0,0,86,0,56.359863,33.222656,-138.823242,62.270508,96.833496,13.447266,222.65761,230.795812,154.692091,125.114006,-5.27272206,123.881802,222.806063,230.667821,154.695656,126.340457,-2.81349285,125.315398,4.0290925,3.647461,0.196042226,-0.148452417,0.127991107,-0.0035651868,9.36673378,1.08824094
15.529896,return_center_after_left,center,0,0,87,0,56.293945,33.200684,-138.823242,62.094727,96.877441,13.425293,222.656217,230.750735,154.637362,125.175545,-5.13042845,123.921402,222.806063,230.667821,154.695656,126.340457,-2.81349285,125.315398,3.83452776,3.47168,0.180904857,-0.149845475,0.0829141501,-0.0582936075,7.57266022,2.74977419
15.5664258,return_center_after_left,center,0,0,88,0,56.184082,33.200684,-138.80127,61.787109,96.965332,13.381348,222.699528,230.797656,154.735394,125.264082,-4.92337152,124.062567,222.806063,230.667821,154.695656,126.340457,-2.81349285,125.315398,3.49434276,3.164062,0.17258631,-0.106534992,0.129835324,0.0397381222,9.35715937,3.20270422
15.599788,return_center_after_left,center,0,0,89,0,56.118164,33.178711,-138.80127,61.54541,97.03125,13.381348,222.602339,230.840219,154.701133,125.367942,-4.7411873,124.160139,222.806063,230.667821,154.695656,126.340457,-2.81349285,125.315398,3.23595358,2.922363,0.266935167,-0.203723957,0.172397601,0.00547718513,7.79277759,3.34194999
15.6276059,return_center_after_left,center,0,0,90,0,56.030273,33.156738,-138.80127,61.325684,97.097168,13.40332,222.624547,230.768883,154.668802,125.452176,-4.62661468,124.250729,222.806063,230.667821,154.695656,126.340457,-2.81349285,125.315398,2.99183353,2.702637,0.209481446,-0.181515523,0.101061625,-0.026854032,8.90140162,2.92647214
15.6539419,return_center_after_left,center,0,0,91,0,55.986328,33.156738,-138.80127,61.193848,97.119141,13.381348,222.611233,230.769558,154.684484,125.506536,-4.52687874,124.283882,222.806063,230.667821,154.695656,126.340457,-2.81349285,125.315398,2.85120086,2.570801,0.220076843,-0.194829445,0.101737314,-0.0111724259,5.40701876,0.7815274
15.6874595,return_center_after_left,center,0,0,92,0,55.898438,33.134766,-138.779297,60.996094,97.185059,13.359375,222.704974,230.729904,154.677211,125.550109,-4.40366009,124.366534,222.806063,230.667821,154.695656,126.340457,-2.81349285,125.315398,2.62285796,2.373047,0.120056067,-0.101088574,0.0620834912,-0.0184444992,6.84419903,3.04444359
15.7142322,return_center_after_left,center,0,0,93,0,55.83252,33.112793,-138.779297,60.79834,97.229004,13.337402,222.668108,230.70875,154.623017,125.629452,-4.24261891,124.413213,222.806063,230.667821,154.695656,126.340457,-2.81349285,125.315398,2.40848784,2.175293,0.161192696,-0.137954554,0.0409293307,-0.0726389434,8.04128776,2.57254471
15.7415154,return_center_after_left,center,0,0,94,0,55.766602,33.112793,-138.757324,60.622559,97.294922,13.31543,222.720534,230.749605,154.708237,125.66258,-4.13583909,124.52227,222.806063,230.667821,154.695656,126.340457,-2.81349285,125.315398,2.20877143,1.999512,0.119004047,-0.0855283369,0.0817837898,0.0125808802,7.38119247,3.9611975
15.7712498,return_center_after_left,center,0,0,95,0,55.678711,33.09082,-138.757324,60.380859,97.36084,13.293457,222.707503,230.702282,154.676395,125.745362,-3.95365176,124.597335,222.806063,230.667821,154.695656,126.340457,-2.81349285,125.315398,1.94193973,1.757812,0.106172801,-0.0985601683,0.0344613085,-0.0192607136,8.98992534,1.96767378
15.7760968,right_stick_right,right,1,0,0,0,55.678711,33.09082,-138.757324,60.380859,97.36084,13.293457,222.707503,230.702282,154.676395,125.745362,-3.95365176,124.597335,222.806063,230.667821,154.695656,-124.090295,-8.07737328,-123.114408,1.94193973,1.757812,0.106172801,-0.0985601683,0.0344613085,-0.0192607136,0,0
15.8014884,right_stick_right,right,1,0,1,0,55.612793,33.09082,-138.735352,60.205078,97.404785,13.293457,222.758366,230.735916,154.738115,125.808872,-3.87771967,124.692303,222.806063,230.667821,154.695656,-124.090295,-8.07737328,-123.114408,1.7491391,1.582031,0.093352812,-0.0476967539,0.0680955452,0.0424589672,7.64256871,3.41696491
15.8265932,right_stick_right,right,1,0,2,0,55.568848,33.068848,-138.735352,60.117188,97.44873,13.271484,222.791591,230.66174,154.691182,125.809931,-3.79027718,124.715755,222.806063,230.667821,154.695656,-124.090295,-8.07737328,-123.114408,1.64149175,1.494141,0.0163223868,-0.0144715277,-0.0060809476,-0.00447406689,4.46282702,3.73853736
15.8614881,right_stick_right,right,1,0,3,0,55.546875,33.068848,-138.713379,59.985352,97.44873,13.271484,222.728173,230.799453,154.707214,125.90203,-3.71803887,124.768054,222.806063,230.667821,154.695656,-124.090295,-8.07737328,-123.114408,1.51388285,1.362305,0.153386188,-0.0778895846,0.131631819,0.0115585262,3.88161463,4.3690814
15.8961153,right_stick_right,right,1,0,4,0,55.458984,33.046875,-138.713379,59.743652,97.536621,13.249512,222.71345,230.755376,154.700949,125.963667,-3.53001654,124.86913,222.806063,230.667821,154.695656,-124.090295,-8.07737328,-123.114408,1.24140587,1.120605,0.12755799,-0.0926127795,0.0875551178,0.00529294735,7.9000981,1.35417276
15.9213431,right_stick_right,right,1,0,5,0,55.415039,33.046875,-138.713379,59.655762,97.536621,13.227539,222.761267,230.692757,154.696503,126.002661,-3.4755495,124.863059,222.806063,230.667821,154.695656,-124.090295,-8.07737328,-123.114408,1.14658539,1.032715,0.051276117,-0.0447962963,0.0249362013,0.000847279285,3.99126412,3.1280312
15.9464376,right_stick_right,right,1,0,6,0,55.371094,33.024902,-138.713379,59.523926,97.580566,13.249512,222.729005,230.671823,154.647792,126.05933,-3.39843289,124.92295,222.806063,230.667821,154.695656,-124.090295,-8.07737328,-123.114408,1.00138455,0.900879,0.090800981,-0.0770573734,0.00400184726,-0.0478640218,5.9385811,2.47317024
15.9715242,right_stick_right,right,1,0,7,0,55.349121,33.024902,-138.691406,59.436035,97.602539,13.271484,222.729996,230.759972,154.690907,126.104485,-3.38324412,124.998597,222.806063,230.667821,154.695656,-124.090295,-8.07737328,-123.114408,0.909943466,0.812988,0.119584663,-0.0760671314,0.0921505665,-0.00474934701,3.91702995,3.91175644
15.9966314,right_stick_right,right,1,0,8,0,55.305176,33.00293,-138.691406,59.326172,97.646484,13.227539,222.729696,230.71163,154.64347,126.113407,-3.25228785,125.017812,222.806063,230.667821,154.695656,-124.090295,-8.07737328,-123.114408,0.780261437,0.703125,0.102344887,-0.0763665011,0.0438094228,-0.0521858976,5.39479536,2.69758821
16.0217335,right_stick_right,right,1,0,9,0,55.283203,33.00293,-138.691406,59.260254,97.668457,13.227539,222.721483,230.712715,154.664621,126.13474,-3.21174643,125.053207,222.806063,230.667821,154.695656,-124.090295,-8.07737328,-123.114408,0.70791504,0.637207,0.100659883,-0.0845798585,0.0448942785,-0.0310348736,2.90315074,0.904929939
16.0468581,right_stick_right,right,1,0,10,0,55.239258,33.00293,-138.669434,59.150391,97.69043,13.205566,222.778266,230.741807,154.706974,126.166353,-3.15210101,125.102192,222.806063,230.667821,154.695656,-124.090295,-8.07737328,-123.114408,0.586303737,0.527344,0.0798415343,-0.0277973308,0.0739856897,0.0113179822,4.94718357,3.04797158
16.0719588,right_stick_right,right,1,0,11,0,55.217285,32.980957,-138.669434,59.084473,97.712402,13.205566,222.753421,230.718952,154.637509,126.191805,-3.09126478,125.115425,222.806063,230.667821,154.695656,-124.090295,-8.07737328,-123.114408,0.512486135,0.461426,0.0936301678,-0.0526421093,0.0511308374,-0.0581468324,3.0324065,3.07693328
16.0970361,right_stick_right,right,1,0,12,0,55.17334,32.980957,-138.669434,58.996582,97.734375,13.205566,222.800963,230.661141,154.657837,126.219719,-3.05524588,125.146568,222.806063,230.667821,154.695656,-124.090295,-8.07737328,-123.114408,0.412828536,0.373535,0.0387416871,-0.00509945165,-0.00667968163,-0.0378192512,4.01524302,3.09283611
16.1221313,right_stick_right,right,1,0,13,0,55.151367,32.980957,-138.647461,58.952637,97.756348,13.205566,222.866493,230.69474,154.703344,126.218952,-3.05450172,125.197331,222.806063,230.667821,154.695656,-124.090295,-8.07737328,-123.114408,0.359707771,0.32959,0.0665995916,0.0604297994,0.0269189901,0.00768849228,2.31654982,3.44955522
16.1472147,right_stick_right,right,1,0,14,0,55.129395,32.980957,-138.647461,58.886719,97.77832,13.183594,222.857936,230.695384,154.724732,126.230138,-2.98955681,125.221591,222.806063,230.667821,154.695656,-124.090295,-8.07737328,-123.114408,0.286488651,0.263672,0.065543624,0.0518732284,0.0275628857,0.029076144,3.03448758,0.918729234
16.1723282,right_stick_right,right,1,0,15,0,55.107422,32.980957,-138.647461,58.798828,97.77832,13.205566,222.816297,230.716953,154.720977,126.300358,-2.9601211,125.249339,222.806063,230.667821,154.695656,-124.090295,-8.07737328,-123.114408,0.201382489,0.175781,0.0562128447,0.0102345571,0.0491321442,0.0253213379,3.71202973,1.87323762
16.1974061,right_stick_right,right,1,0,16,0,55.107422,32.958984,-138.647461,58.776855,97.800293,13.183594,222.76771,230.72574,154.65353,126.291321,-2.88988387,125.248678,222.806063,230.667821,154.695656,-124.090295,-8.07737328,-123.114408,0.173012273,0.153808,0.0812412739,-0.0383528765,0.0579190457,-0.0421258304,1.75236525,3.33317207
16.2281003,right_stick_right,right,1,0,17,0,55.085449,32.958984,-138.647461,58.710938,97.800293,13.205566,222.758504,230.720451,154.65077,126.343736,-2.87992063,125.269458,222.806063,230.667821,154.695656,-124.090295,-8.07737328,-123.114408,0.1098632,0.087891,0.0839433026,-0.0475588802,0.0526295856,-0.0448860521,2.37419369,0.357406094
16.2532599,right_stick_right,right,1,0,18,0,55.063477,32.958984,-138.647461,58.688965,97.822266,13.183594,222.814877,230.667461,154.674111,126.319199,-2.85393601,125.279895,222.806063,230.667821,154.695656,-124.090295,-8.07737328,-123.114408,0.0728749905,0.065918,0.0232813037,0.00881463856,-0.000359973587,-0.0215451077,1.74664957,3.21199657
16.2783725,right_stick_right,right,1,0,19,0,55.063477,32.958984,-138.647461,58.688965,97.822266,13.183594,222.814877,230.667461,154.674111,126.319199,-2.85393601,125.279895,222.806063,230.667821,154.695656,-124.090295,-8.07737328,-123.114408,0.0728749905,0.065918,0.0232813037,0.00881463856,-0.000359973587,-0.0215451077,0,0
16.3036757,right_stick_right,right,1,0,20,0,55.041504,32.958984,-138.647461,58.623047,97.844238,13.183594,222.806063,230.667821,154.695656,126.340457,-2.81349285,125.315398,222.806063,230.667821,154.695656,-124.090295,-8.07737328,-123.114408,0,0,0,0,0,0,2.88007862,0.920095969
16.3287721,right_stick_right,right,1,0,21,0,55.041504,32.958984,-138.647461,58.64502,97.844238,13.205566,222.838651,230.641138,154.696554,126.332753,-2.85742302,125.319666,222.806063,230.667821,154.695656,-124.090295,-8.07737328,-123.114408,0.0310738075,0.021973,0.0421280928,0.0325880447,-0.0266831338,0.000897726678,1.23817707,1.67864973
16.3538835,right_stick_right,right,1,0,22,0,55.041504,32.958984,-138.647461,58.623047,97.844238,13.183594,222.806063,230.667821,154.695656,126.340457,-2.81349285,125.315398,222.806063,230.667821,154.695656,-124.090295,-8.07737328,-123.114408,0,0,0,0,0,0,1.23743646,1.67764565
16.3789787,right_stick_right,right,1,0,23,0,55.041504,32.958984,-138.647461,58.623047,97.844238,13.161621,222.806063,230.667821,154.695656,126.330314,-2.78903115,125.304198,222.806063,230.667821,154.695656,-124.090295,-8.07737328,-123.114408,0.021973,0.021973,0,0,0,0,0.875584919,0
16.4040847,right_stick_right,right,1,0,24,0,55.041504,32.958984,-138.647461,58.623047,97.844238,13.161621,222.806063,230.667821,154.695656,126.330314,-2.78903115,125.304198,222.806063,230.667821,154.695656,-124.090295,-8.07737328,-123.114408,0.021973,0.021973,0,0,0,0,0,0
16.4291868,right_stick_right,right,1,0,25,0,55.041504,32.958984,-138.625488,58.601074,97.844238,13.183594,222.815115,230.754066,154.717983,126.353978,-2.8142594,125.344663,222.806063,230.667821,154.695656,-124.090295,-8.07737328,-123.114408,0.0310745146,0.021973,0.0895469152,0.0090518569,0.0862450721,0.0223271461,1.51613984,3.56730225
16.4564676,right_stick_right,right,1,0,26,0,55.041504,32.958984,-138.647461,58.601074,97.844238,13.183594,222.773465,230.694492,154.694763,126.358293,-2.79402175,125.322328,222.806063,230.667821,154.695656,-124.090295,-8.07737328,-123.114408,0.021973,0.021973,0.0421280928,-0.0325979704,0.0266711532,-0.000893371459,0.805438036,2.79714125
16.4879408,right_stick_right,right,1,0,27,0,55.019531,32.958984,-138.647461,58.601074,97.844238,13.183594,222.86192,230.609041,154.694763,126.347073,-2.81801271,125.311132,222.806063,230.667821,154.695656,-124.090295,-8.07737328,-123.114408,0.0310745146,0.021973,0.0810918282,0.0558572592,-0.0587796995,-0.000893371459,0.698150429,3.90772709
16.5130448,right_stick_right,right,1,0,28,0,55.041504,32.937012,-138.625488,58.601074,97.844238,13.183594,222.798563,230.730391,154.627184,126.358293,-2.79402267,125.322329,222.806063,230.667821,154.695656,-124.090295,-8.07737328,-123.114408,0.0380577751,0.021973,0.0930572552,-0.00749980861,0.0625703622,-0.0684715663,1.51600165,6.08131229
16.5381453,right_stick_right,right,1,0,29,0,55.041504,32.958984,-138.647461,58.579102,97.866211,13.161621,222.741322,230.726887,154.718128,126.344933,-2.74407628,125.343981,222.806063,230.667821,154.695656,-124.090295,-8.07737328,-123.114408,0.0538218216,0.043945,0.0904718339,-0.0647408369,0.0590660788,0.0224716511,1.95742263,4.28338765
16.5635059,right_stick_right,right,1,0,30,0,55.019531,32.958984,-138.647461,58.601074,97.844238,13.183594,222.86192,230.609041,154.694763,126.347073,-2.81801271,125.311132,222.806063,230.667821,154.695656,-124.090295,-8.07737328,-123.114408,0.0310745146,0.021973,0.0810918282,0.0558572592,-0.0587796995,-0.000893371459,1.7328268,6.71229209
16.5885909,right_stick_right,right,1,0,31,0,55.019531,32.958984,-138.625488,58.557129,97.866211,13.183594,222.83885,230.727658,154.740468,126.357373,-2.79329203,125.37326,222.806063,230.667821,154.695656,-124.090295,-8.07737328,-123.114408,0.0761158388,0.065918,0.08163061,0.0327869039,0.0598368455,0.0448121339,2.14558026,5.15025939
16.6138592,right_stick_right,right,1,0,32,0,55.019531,32.937012,-138.625488,58.557129,97.866211,13.183594,222.822294,230.703996,154.649665,126.361707,-2.77306121,125.350915,222.806063,230.667821,154.695656,-124.090295,-8.07737328,-123.114408,0.0792236688,0.065918,0.0607229958,0.0162311032,0.0361755491,-0.045990903,0.869547451,3.77090962
16.6387928,right_stick_right,right,1,0,33,0,54.997559,32.937012,-138.647461,58.535156,97.866211,13.183594,222.836446,230.585647,154.625587,126.372662,-2.7573623,125.324301,222.806063,230.667821,154.695656,-124.090295,-8.07737328,-123.114408,0.103061013,0.087891,0.112184217,0.0303827512,-0.0821736658,-0.0700690768,1.52636646,4.87695847
16.6638889,right_stick_right,right,1,0,34,0,54.997559,32.937012,-138.647461,58.469238,97.888184,13.139648,222.739028,230.671288,154.647223,126.384781,-2.64402281,125.348625,222.806063,230.667821,154.695656,-124.090295,-8.07737328,-123.114408,0.173013416,0.153809,0.0827729875,-0.0670343779,0.00346747613,-0.0484328013,3.27598233,5.23989936
16.6889873,right_stick_right,right,1,0,35,0,54.975586,32.937012,-138.625488,58.447266,97.866211,13.161621,222.836093,230.666262,154.645309,126.418272,-2.69922116,125.351996,222.806063,230.667821,154.695656,-124.090295,-8.07737328,-123.114408,0.192809102,0.175781,0.0586438236,0.0300303043,-0.00155875369,-0.0503472855,1.9576078,3.87330979
16.7140868,right_stick_right,right,1,0,36,0,54.953613,32.937012,-138.625488,58.381348,97.910156,13.139648,222.827515,230.672073,154.69126,126.408262,-2.62835904,125.40229,222.806063,230.667821,154.695656,-124.090295,-8.07737328,-123.114408,0.27089712,0.241699,0.0223069272,0.0214521267,0.00425180804,-0.00439629274,3.39049456,1.87671271
16.7391899,right_stick_right,right,1,0,37,0,54.931641,32.937012,-138.625488,58.337402,97.910156,13.139648,222.850636,230.639789,154.689575,126.432703,-2.61341298,125.404978,222.806063,230.667821,154.695656,-124.090295,-8.07737328,-123.114408,0.317655411,0.285645,0.053004717,0.0445727392,-0.0280319801,-0.00608103883,1.95723595,1.58326058
16.7642913,right_stick_right,right,1,0,38,0,54.909668,32.937012,-138.625488,58.249512,97.910156,13.117676,222.808351,230.66058,154.686258,126.482562,-2.53502284,125.410354,222.806063,230.667821,154.695656,-124.090295,-8.07737328,-123.114408,0.408123847,0.373535,0.0120828218,0.00228814645,-0.00724108187,-0.00939817539,3.71379031,1.88181068
16.7894113,right_stick_right,right,1,0,39,0,54.887695,32.937012,-138.625488,58.183594,97.932129,13.095703,222.799129,230.660445,154.708075,126.493516,-2.47016147,125.434762,222.806063,230.667821,154.695656,-124.090295,-8.07737328,-123.114408,0.482898939,0.439453,0.0160222905,-0.00693334532,-0.00737574609,0.0124193754,3.03008672,0.942940974
16.8145032,right_stick_right,right,1,0,40,0,54.865723,32.915039,-138.625488,58.095703,97.932129,13.095703,222.740024,230.65739,154.614056,126.557997,-2.39605068,125.428847,222.806063,230.667821,154.695656,-124.090295,-8.07737328,-123.114408,0.571711716,0.527344,0.105491659,-0.0660384672,-0.0104305277,-0.0816003378,3.7152394,4.4275904
16.8449106,right_stick_right,right,1,0,41,0,54.821777,32.915039,-138.603516,57.963867,97.976074,13.051758,222.763074,230.716112,154.681146,126.575312,-2.28650382,125.500215,222.806063,230.667821,154.695656,-124.090295,-8.07737328,-123.114408,0.722095572,0.65918,0.066261922,-0.0429889971,0.0482911655,-0.0145104021,5.05825641,3.02853744
16.8754184,right_stick_right,right,1,0,42,0,54.777832,32.915039,-138.603516,57.875977,97.976074,13.051758,222.808819,230.650927,154.678128,126.624139,-2.25659582,125.505641,222.806063,230.667821,154.695656,-124.090295,-8.07737328,-123.114408,0.816247693,0.74707,0.0244993361,0.0027557996,-0.0168939921,-0.0175275802,3.2209467,2.61218
16.9030304,right_stick_right,right,1,0,43,0,54.733887,32.915039,-138.603516,57.766113,97.998047,13.007812,222.82204,230.617687,154.698721,126.64904,-2.15234506,125.521722,222.806063,230.667821,154.695656,-124.090295,-8.07737328,-123.114408,0.942010056,0.856934,0.0527074513,0.0159774235,-0.0501338732,0.00306465731,4.64009998,1.49487341
16.9281416,right_stick_right,right,1,0,44,0,54.711914,32.893066,-138.581543,57.678223,98.02002,12.98584,222.80479,230.679063,154.652513,126.677561,-2.06800213,125.553182,222.806063,230.667821,154.695656,-124.090295,-8.07737328,-123.114408,1.03923928,0.944824,0.0446020866,-0.00127307855,0.0112419586,-0.0431432934,4.00980352,3.13559204
16.9544854,right_stick_right,right,1,0,45,0,54.667969,32.893066,-138.581543,57.546387,98.041992,12.98584,222.784834,230.67174,154.672624,126.740792,-1.99316976,125.598527,222.806063,230.667821,154.695656,-124.090295,-8.07737328,-123.114408,1.17712735,1.07666,0.0315672824,-0.0212292778,0.00391950764,-0.0230314686,5.34066407,1.11083049
16.9795852,right_stick_right,right,1,0,46,0,54.624023,32.893066,-138.55957,57.436523,98.063965,12.941895,222.839613,230.69709,154.716848,126.760835,-1.90899107,125.637374,222.806063,230.667821,154.695656,-124.090295,-8.07737328,-123.114408,1.30418479,1.186524,0.0493094849,0.0335498977,0.0292695481,0.0211925275,5.17904821,2.98120173
17.0046675,right_stick_right,right,1,0,47,0,54.580078,32.871094,-138.55957,57.348633,98.085938,12.919922,222.868436,230.613243,154.647603,126.782718,-1.82877651,125.635164,222.806063,230.667821,154.695656,-124.090295,-8.07737328,-123.114408,1.40727975,1.274414,0.0958031402,0.0623727899,-0.054577952,-0.0480533444,4.20122171,4.48520855
17.0331895,right_stick_right,right,1,0,48,0,54.51416,32.871094,-138.537598,57.128906,98.129883,12.897949,222.846859,230.689136,154.713287,126.869414,-1.68963696,125.734912,222.806063,230.667821,154.695656,-124.090295,-8.07737328,-123.114408,1.64119764,1.494141,0.0492900963,0.0407960324,0.0213151396,0.0176312836,8.26136652,3.59944667
17.0582902,right_stick_right,right,1,0,49,0,54.492188,32.871094,-138.55957,57.106934,98.129883,12.875977,222.860139,230.570722,154.689382,126.870308,-1.64979869,125.696942,222.806063,230.667821,154.695656,-124.090295,-8.07737328,-123.114408,1.67093311,1.516113,0.111318519,0.0540759877,-0.0970991373,-0.00627357958,1.75070759,4.84172884
17.0836742,right_stick_right,right,1,0,50,0,54.42627,32.849121,-138.537598,56.865234,98.173828,12.832031,222.788019,230.648226,154.664053,126.968745,-1.44663,125.769945,222.806063,230.667821,154.695656,-124.090295,-8.07737328,-123.114408,1.92997028,1.757813,0.0413314821,-0.0180442574,-0.0195950084,-0.0316027187,10.2420921,4.28840748
17.1112175,right_stick_right,right,1,0,51,0,54.360352,32.849121,-138.515625,56.66748,98.217773,12.810059,222.7983,230.696211,154.731248,127.037246,-1.3270254,125.863095,222.806063,230.667821,154.695656,-124.090295,-8.07737328,-123.114408,2.14399574,1.955567,0.0461853057,-0.00776318988,0.0283900349,0.0355924327,7.81631594,3.02096229
17.1363358,right_stick_right,right,1,0,52,0,54.316406,32.827148,-138.515625,56.535645,98.239746,12.766113,222.759744,230.663158,154.661594,127.083851,-1.1833806,125.863742,222.806063,230.667821,154.695656,-124.090295,-8.07737328,-123.114408,2.29095889,2.087402,0.0576832309,-0.0463186977,-0.004663116,-0.0340615432,5.93293257,3.43181729
17.1614561,right_stick_right,right,1,0,53,0,54.250488,32.827148,-138.47168,56.359863,98.261719,12.744141,222.844513,230.737334,154.728938,127.150584,-1.10885738,125.946993,222.806063,230.667821,154.695656,-124.090295,-8.07737328,-123.114408,2.48261901,2.263184,0.0861285114,0.0384502232,0.069512813,0.0332816712,7.77451482,5.22431831
17.1865435,right_stick_right,right,1,0,54,0,54.18457,32.805176,-138.47168,56.206055,98.305664,12.722168,222.860956,230.649536,154.683489,127.19313,-0.98879061,125.98079,222.806063,230.667821,154.695656,-124.090295,-8.07737328,-123.114408,2.65642052,2.416992,0.0591234306,0.0548927209,-0.0182846091,-0.0121672638,7.0067416,3.99490071
17.2117271,right_stick_right,right,1,0,55,0,54.118652,32.805176,-138.47168,56.030273,98.327637,12.65625,222.86026,230.604947,154.70465,127.248136,-0.825613342,125.99635,222.806063,230.667821,154.695656,-124.090295,-8.07737328,-123.114408,2.85314826,2.592774,0.083494582,0.0541973494,-0.0628736976,0.0089939254,7.94884468,1.96002247
17.2368324,right_stick_right,right,1,0,56,0,54.074707,32.783203,-138.449707,55.876465,98.371582,12.65625,222.829995,230.660517,154.683031,127.30726,-0.725633571,126.075257,222.806063,230.667821,154.695656,-124.090295,-8.07737328,-123.114408,3.01738266,2.746582,0.0280268444,0.0239323821,-0.00730374964,-0.0126253846,6.72268317,2.66352355
17.2619441,right_stick_right,right,1,0,57,0,54.008789,32.783203,-138.427734,55.744629,98.393555,12.612305,222.937945,230.622319,154.728753,127.33232,-0.646022364,126.111171,222.806063,230.667821,154.695656,-124.090295,-8.07737328,-123.114408,3.17160679,2.878418,0.143383102,0.131882124,-0.0455019725,0.033096674,6.24873589,4.9100453
17.2870388,right_stick_right,right,1,0,58,0,53.964844,32.76123,-138.427734,55.59082,98.415527,12.568359,222.864238,230.612865,154.659827,127.396084,-0.482888691,126.118946,222.806063,230.667821,154.695656,-124.090295,-8.07737328,-123.114408,3.33854297,3.032227,0.0876830374,0.0581755173,-0.0549562717,-0.0358292121,6.72553498,4.0388909
17.312115,right_stick_right,right,1,0,59,0,53.85498,32.739258,-138.405762,55.305176,98.481445,12.524414,222.897767,230.569281,154.661667,127.484879,-0.283696836,126.211056,222.806063,230.667821,154.695656,-124.090295,-8.07737328,-123.114408,3.65559245,3.317871,0.138834738,0.0917042016,-0.0985401044,-0.0339892876,12.6676,2.19408333
17.3372319,right_stick_right,right,1,0,60,0,53.833008,32.739258,-138.383789,55.195312,98.481445,12.502441,222.861278,230.669606,154.684,127.545792,-0.204793981,126.24709,222.806063,230.667821,154.695656,-124.090295,-8.07737328,-123.114408,3.76797484,3.427735,0.0564606396,0.0552156416,0.0017849877,-0.011655495,4.62911261,4.34232167
17.3640347,right_stick_right,right,1,0,61,0,53.723145,32.717285,-138.361816,54.909668,98.547363,12.458496,222.893469,230.623912,154.686879,127.634095,-0.00564494139,126.33957,222.806063,230.667821,154.695656,-124.090295,-8.07737328,-123.114408,4.08502355,3.713379,0.0982085311,0.0874065599,-0.043908728,-0.00877681495,11.8515491,2.08815529
17.3922124,right_stick_right,right,1,0,62,0,53.635254,32.695312,-138.339844,54.667969,98.569336,12.392578,222.903043,230.600753,154.642061,127.729464,0.192267396,126.365831,222.806063,230.667821,154.695656,-124.090295,-8.07737328,-123.114408,4.35152911,3.955078,0.129520563,0.0969799476,-0.0670675869,-0.0535948218,9.51852078,1.82229624
17.41734,right_stick_right,right,1,0,63,0,53.591309,32.695312,-138.317871,54.536133,98.613281,12.370605,222.921155,230.650349,154.713636,127.753964,0.277263543,126.450761,222.806063,230.667821,154.695656,-124.090295,-8.07737328,-123.114408,4.49849556,4.086914,0.117791284,0.115092354,-0.0174718574,0.0179797384,5.93074887,3.53961446
17.4424067,right_stick_right,right,1,0,64,0,53.503418,32.67334,-138.295898,54.294434,98.657227,12.304688,222.929958,230.630973,154.693962,127.827525,0.480471629,126.503638,222.806063,230.667821,154.695656,-124.090295,-8.07737328,-123.114408,4.768775,4.328613,0.129269638,0.123895009,-0.0368482755,-0.0016942832,10.8070789,1.1562289
17.4674964,right_stick_right,right,1,0,65,0,53.459473,32.67334,-138.295898,54.118652,98.679199,12.282715,222.836565,230.666044,154.718228,127.913475,0.619303034,126.552998,222.806063,230.667821,154.695656,-124.090295,-8.07737328,-123.114408,4.95038668,4.504395,0.0379875496,0.030502216,-0.00177660434,0.0225723818,7.3271796,4.09210656
17.492624,right_stick_right,right,1,0,66,0,53.371582,32.651367,-138.273926,53.920898,98.723145,12.260742,222.911916,230.594944,154.699355,-127.938547,-0.73374378,-126.579067,222.806063,230.667821,154.695656,-124.090295,-8.07737328,-123.114408,5.1727299,4.702149,0.128568071,0.105853468,-0.072877367,0.00369885728,8.91760192,4.19083901
17.5177219,right_stick_right,right,1,0,67,0,53.327637,32.629395,-138.251953,53.745117,98.76709,12.216797,222.843847,230.669148,154.680745,-127.871929,-0.90132272,-126.525418,222.806063,230.667821,154.695656,-124.090295,-8.07737328,-123.114408,5.36497427,4.87793,0.0406416698,0.0377841342,0.00132745792,-0.0149111496,7.73200871,4.08010179
17.5428305,right_stick_right,right,1,0,68,0,53.239746,32.607422,-138.22998,53.503418,98.811035,12.150879,222.850317,230.646256,154.662786,-127.816094,-1.10307839,-126.451834,222.806063,230.667821,154.695656,-124.090295,-8.07737328,-123.114408,5.63524764,5.119629,0.0591938696,0.0442540257,-0.0215645386,-0.0328704441,10.7890245,1.18711226
17.5679367,right_stick_right,right,1,0,69,0,53.173828,32.607422,-138.208008,53.371582,98.833008,12.128906,222.955016,230.601796,154.711508,-127.766729,-1.15742651,-126.417901,222.806063,230.667821,154.695656,-124.090295,-8.07737328,-123.114408,5.78557222,5.251465,0.163700327,0.148953645,-0.0660251504,0.0158520781,6.06348834,4.92883412
17.5930233,right_stick_right,right,1,0,70,0,53.10791,32.585449,-138.186035,53.129883,98.876953,12.084961,222.872,230.662672,154.694367,-127.688258,-1.35832132,-126.322613,222.806063,230.667821,154.695656,-124.090295,-8.07737328,-123.114408,6.04479723,5.493164,0.0661505321,0.0659372674,-0.00514871099,-0.00128857856,10.3634332,4.16006932
17.6181259,right_stick_right,right,1,0,71,0,53.041992,32.585449,-138.164062,52.976074,98.898926,12.062988,222.942085,230.641807,154.743811,-127.631116,-1.43192269,-126.27134,222.806063,230.667821,154.695656,-124.090295,-8.07737328,-123.114408,6.21511704,5.646973,0.146620401,0.136021792,-0.0260142959,0.048154654,6.83643664,3.51642388
17.6432226,right_stick_right,right,1,0,72,0,52.998047,32.563477,-138.14209,52.800293,98.942871,12.019043,222.872089,230.712762,154.726695,-127.563053,-1.59801927,-126.217771,222.806063,230.667821,154.695656,-124.090295,-8.07737328,-123.114408,6.40743161,5.822754,0.0856888857,0.0660260206,0.0449413168,0.031039133,7.73237147,4.02957561
17.668355,right_stick_right,right,1,0,73,0,52.910156,32.541504,-138.14209,52.580566,98.986816,11.99707,222.866632,230.60348,154.686944,-127.51507,-1.74873855,-126.133649,222.806063,230.667821,154.695656,-124.090295,-8.07737328,-123.114408,6.64810003,6.042481,0.0887935135,0.0605694554,-0.0643407843,-0.00871163472,9.65670957,4.63206925
17.6934488,right_stick_right,right,1,0,74,0,52.866211,32.541504,-138.120117,52.426758,99.008789,11.975098,222.847357,230.666434,154.737165,-127.446121,-1.84610853,-126.071603,222.806063,230.667821,154.695656,-124.090295,-8.07737328,-123.114408,6.81138164,6.196289,0.058567415,0.0412945316,-0.00138688653,0.041508798,6.55252328,3.29985352
17.7210486,right_stick_right,right,1,0,75,0,52.756348,32.519531,-138.076172,52.119141,99.052734,11.887207,222.879122,230.682413,154.746845,-127.363304,-2.08463097,-125.974213,222.806063,230.667821,154.695656,-124.090295,-8.07737328,-123.114408,7.1542507,6.503906,0.0903927928,0.0730589184,0.0145922218,0.0511890466,12.4865863,1.33519971
17.7512426,right_stick_right,right,1,0,76,0,52.668457,32.497559,-138.054199,51.899414,99.118652,11.843262,222.915572,230.633158,154.756338,-127.275205,-2.24418576,-125.928983,222.806063,230.667821,154.695656,-124.090295,-8.07737328,-123.114408,7.4043289,6.723633,0.129907829,0.109508799,-0.0346632041,0.0606821989,8.32909246,2.05360162
17.7797382,right_stick_right,right,1,0,77,0,52.580566,32.475586,-138.032227,51.679688,99.140625,11.799316,222.95121,230.572441,154.717527,-127.239014,-2.39409367,-125.840997,222.806063,230.667821,154.695656,-124.090295,-8.07737328,-123.114408,7.64692627,6.943359,0.175052569,0.145147296,-0.0953798772,0.0218710616,8.55180194,2.8212228
17.8048241,right_stick_right,right,1,0,78,0,52.536621,32.453613,-138.010254,51.503906,99.18457,11.755371,222.878569,230.638967,154.702435,-127.169026,-2.55812191,-125.787448,222.806063,230.667821,154.695656,-124.090295,-8.07737328,-123.114408,7.83928255,7.119141,0.0783307201,0.0725065658,-0.0288537284,0.00677952642,7.73572361,3.97235409
17.82989,right_stick_right,right,1,0,79,0,52.470703,32.431641,-137.988281,51.28418,99.206543,11.711426,222.824769,230.662102,154.66439,-127.120842,-2.73159507,-125.688481,222.806063,230.667821,154.695656,-124.090295,-8.07737328,-123.114408,8.07488384,7.338867,0.0368804537,0.0187060055,-0.0057192682,-0.0312656872,9.44120068,2.78611737
17.854995,right_stick_right,right,1,0,80,0,52.404785,32.431641,-137.944336,51.130371,99.250488,11.689453,222.935958,230.697855,154.764436,-127.012032,-2.78898005,-125.66624,222.806063,230.667821,154.695656,-124.090295,-8.07737328,-123.114408,8.25075466,7.492676,0.150018305,0.129895104,0.0300336938,0.0687803094,7.16407864,6.12575844
17.8800924,right_stick_right,right,1,0,81,0,52.338867,32.409668,-137.944336,50.95459,99.272461,11.689453,222.906642,230.614689,154.702231,-126.981756,-2.89344776,-125.573457,222.806063,230.667821,154.695656,-124.090295,-8.07737328,-123.114408,8.43669904,7.668457,0.113939894,0.100578735,-0.0531318317,0.00657464378,7.58201529,4.29982554
17.9056997,right_stick_right,right,1,0,82,0,52.272949,32.387695,-137.922363,50.712891,99.316406,11.623535,222.816836,230.664455,154.690312,-126.909038,-3.11417344,-125.489418,222.806063,230.667821,154.695656,-124.090295,-8.07737328,-123.114408,8.69992331,7.910156,0.0124879114,0.010773236,-0.00336582693,-0.0053438306,10.332411,4.03642528
17.9307787,right_stick_right,right,1,0,83,0,52.229004,32.365723,-137.900391,50.559082,99.360352,11.601562,222.776998,230.703917,154.676003,-126.835308,-3.23295789,-125.442339,222.806063,230.667821,154.695656,-124.090295,-8.07737328,-123.114408,8.86843768,8.063965,0.0503381445,-0.0290648074,0.0360961883,-0.0196527595,6.78654338,2.30755158
17.9580662,right_stick_right,right,1,0,84,0,52.119141,32.34375,-137.834473,50.251465,99.404297,11.535645,222.84684,230.765247,154.714412,-126.713965,-3.42409548,-125.342147,222.806063,230.667821,154.695656,-124.090295,-8.07737328,-123.114408,9.20937419,8.371582,0.107268384,0.0407774868,0.0974265361,0.0187556091,12.5780529,3.68561549
17.9831691,right_stick_right,right,1,0,85,0,52.097168,32.34375,-137.834473,50.163574,99.42627,11.513672,222.795909,230.77904,154.741958,-126.677972,-3.50500719,-125.315425,222.806063,230.667821,154.695656,-124.090295,-8.07737328,-123.114408,9.30390913,8.459473,0.120899228,-0.0101536304,0.11121911,0.0463015851,3.81538966,2.37116704
18.0112965,right_stick_right,right,1,0,86,0,51.987305,32.321777,-137.790527,49.855957,99.470215,11.447754,222.820397,230.78102,154.757884,-126.579174,-3.71431429,-125.208469,222.806063,230.667821,154.695656,-124.090295,-8.07737328,-123.114408,9.64299274,8.76709,0.129968509,0.0143337988,0.113199206,0.0622277694,12.0767811,1.04090375
18.0401962,right_stick_right,right,1,0,87,0,51.899414,32.299805,-137.768555,49.614258,99.51416,11.425781,222.81613,230.740087,154.748308,-126.495688,-3.85980193,-125.113567,222.806063,230.667821,154.695656,-124.090295,-8.07737328,-123.114408,9.90537973,9.008789,0.0899775134,0.0100671146,0.0722659968,0.052651988,9.12369137,1.46210399
18.0705013,right_stick_right,right,1,0,88,0,51.811523,32.277832,-137.746582,49.416504,99.580078,11.359863,222.881266,230.656664,154.761761,-126.421475,-4.02024881,-125.097316,222.806063,230.667821,154.695656,-124.090295,-8.07737328,-123.114408,10.1394229,9.206543,0.100746665,0.0752035626,-0.0111569979,0.0661047359,7.8425923,3.52058178
18.0956273,right_stick_right,right,1,0,89,0,51.767578,32.255859,-137.724609,49.240723,99.602051,11.337891,222.804164,230.710124,154.725758,-126.364461,-4.15206307,-125.011549,222.806063,230.667821,154.695656,-124.090295,-8.07737328,-123.114408,10.3242027,9.382324,0.0519548364,-0.00189866687,0.0423029182,0.0301025448,7.42036342,3.9995715
18.1207342,right_stick_right,right,1,0,90,0,51.723633,32.233887,-137.702637,49.086914,99.624023,11.315918,222.76185,230.739876,154.689011,-126.31524,-4.26480612,-124.943341,222.806063,230.667821,154.695656,-124.090295,-8.07737328,-123.114408,10.4890613,9.536133,0.0847983516,-0.0442124447,0.0720545905,-0.00664500914,6.60734499,2.52722379
18.1505196,right_stick_right,right,1,0,91,0,51.591797,32.211914,-137.636719,48.779297,99.689941,11.228027,222.915888,230.710968,154.755861,-126.185503,-4.45790681,-124.888167,222.806063,230.667821,154.695656,-124.090295,-8.07737328,-123.114408,10.844836,9.84375,0.132468493,0.109825132,0.0431471559,0.0602051921,12.0541007,5.72053103
18.1756301,right_stick_right,right,1,0,92,0,51.547852,32.189941,-137.636719,48.625488,99.711914,11.206055,222.828233,230.683038,154.696107,-126.159373,-4.58873788,-124.812413,222.806063,230.667821,154.695656,-124.090295,-8.07737328,-123.114408,11.0076651,9.997559,0.0268940477,0.0221701368,0.0152174845,0.000450560518,6.54820549,4.36869162
18.2007003,right_stick_right,right,1,0,93,0,51.481934,32.167969,-137.592773,48.383789,99.755859,11.162109,222.776809,230.77788,154.712721,-126.048598,-4.76172327,-124.725324,222.806063,230.667821,154.695656,-124.090295,-8.07737328,-123.114408,11.2690599,10.239258,0.1151523,-0.0292534219,0.110059373,0.0170652848,10.4807613,4.35408556
18.2258062,right_stick_right,right,1,0,94,0,51.416016,32.145996,-137.570801,48.22998,99.777832,11.118164,222.821607,230.719497,154.677083,-126.019601,-4.87430158,-124.679749,222.806063,230.667821,154.695656,-124.090295,-8.07737328,-123.114408,11.4448651,10.393067,0.0570697197,0.0155442827,0.0516757303,-0.0185727509,7.0560758,3.25680664
18.2294817,return_center_after_right,center,0,0,0,0,51.416016,32.145996,-137.570801,48.22998,99.777832,11.118164,222.821607,230.719497,154.677083,-126.019601,-4.87430158,-124.679749,222.806063,230.667821,154.695656,126.340457,-2.81349285,125.315398,11.4448651,10.393067,0.0570697197,0.0155442827,0.0516757303,-0.0185727509,0,0
18.2545962,return_center_after_right,center,0,0,1,0,51.350098,32.124023,-137.548828,47.988281,99.821777,11.074219,222.724469,230.756264,154.670928,-125.931719,-5.0650769,-124.585016,222.806063,230.667821,154.695656,126.340457,-2.81349285,125.315398,11.7042302,10.634766,0.12284646,-0.0815942246,0.0884431322,-0.0247274678,10.3519224,4.1428677
18.2803836,return_center_after_right,center,0,0,2,0,51.28418,32.124023,-137.504883,47.834473,99.865723,11.052246,222.831378,230.780064,154.775643,-125.819301,-5.11943906,-124.565066,222.806063,230.667821,154.695656,126.340457,-2.81349285,125.315398,11.880341,10.788574,0.140133478,0.0253150612,0.112243272,0.0799874185,6.97448771,5.87612444
18.3055813,return_center_after_right,center,0,0,3,0,51.240234,32.102051,-137.48291,47.680664,99.887695,11.008301,222.786828,230.805374,154.740721,-125.77809,-5.25513832,-124.508376,222.806063,230.667821,154.695656,126.340457,-2.81349285,125.315398,12.0492128,10.942383,0.146019149,-0.0192352504,0.137552722,0.0450649061,6.75456501,2.46081945
18.3306277,return_center_after_right,center,0,0,4,0,51.130371,32.058105,-137.438965,47.373047,99.953613,10.964355,222.785318,230.773984,154.695903,-125.661576,-5.45676752,-124.404735,222.806063,230.667821,154.695656,126.340457,-2.81349285,125.315398,12.3897535,11.25,0.108171204,-0.0207444711,0.106163153,0.000247475809,13.6472666,2.18544501
18.3557074,return_center_after_right,center,0,0,5,0,51.086426,32.058105,-137.416992,47.219238,99.975586,10.92041,222.758134,230.820309,154.753422,-125.596119,-5.573577,-124.35616,222.806063,230.667821,154.695656,126.340457,-2.81349285,125.315398,12.5570612,11.403809,0.169961273,-0.0479291733,0.152488509,0.0577657621,6.72955774,3.13791918
18.38079,return_center_after_right,center,0,0,6,0,50.998535,32.036133,-137.373047,46.955566,100.019531,10.898438,222.756272,230.844552,154.774381,-125.476681,-5.71446852,-124.252215,222.806063,230.667821,154.695656,126.340457,-2.81349285,125.315398,12.8415472,11.667481,0.199776666,-0.0497908734,0.176731097,0.0787254996,11.4218046,1.27981547
18.4058759,return_center_after_right,center,0,0,7,0,50.932617,32.01416,-137.351074,46.82373,100.041504,10.854492,222.834518,230.759465,154.739138,-125.454298,-5.80711269,-124.224624,222.806063,230.667821,154.695656,126.340457,-2.81349285,125.315398,12.9974167,11.799317,0.105352146,0.0284554369,0.0916441462,0.0434823316,6.31619004,4.81738167
18.4309671,return_center_after_right,center,0,0,8,0,50.888672,31.992188,-137.329102,46.647949,100.063477,10.83252,222.752629,230.803693,154.706983,-125.394153,-5.93555469,-124.139184,222.806063,230.667821,154.695656,126.340457,-2.81349285,125.315398,13.1823489,11.975098,0.146440632,-0.0534341069,0.135872555,0.0113271262,7.43064833,3.92442036
18.4608538,return_center_after_right,center,0,0,9,0,50.778809,31.970215,-137.285156,46.362305,100.129395,10.766602,222.801827,230.766067,154.755196,-125.269568,-6.12272561,-124.073055,222.806063,230.667821,154.695656,126.340457,-2.81349285,125.315398,13.505321,12.260742,0.114957906,-0.00423592494,0.0982462855,0.0595402754,10.8301271,2.62625514
18.4859703,return_center_after_right,center,0,0,10,0,50.712891,31.948242,-137.263184,46.186523,100.151367,10.744629,222.807591,230.723207,154.723714,-125.220514,-6.22706566,-123.999077,222.806063,230.667821,154.695656,126.340457,-2.81349285,125.315398,13.6971981,12.436524,0.0621066545,0.00152849025,0.0553861824,0.0280583509,7.67664014,2.12973572
18.5111783,return_center_after_right,center,0,0,11,0,50.646973,31.92627,-137.241211,45.966797,100.195312,10.678711,222.741058,230.728173,154.720175,-125.146775,-6.42012872,-123.933727,222.806063,230.667821,154.695656,126.340457,-2.81349285,125.315398,13.9405377,12.65625,0.0920279273,-0.0650045469,0.0603521859,0.0245186039,9.70630782,2.65042665
18.5363185,return_center_after_right,center,0,0,12,0,50.603027,31.904297,-137.219238,45.834961,100.239258,10.678711,222.729201,230.730541,154.710483,-125.067332,-6.48944931,-123.89294,222.806063,230.667821,154.695656,126.340457,-2.81349285,125.315398,14.0853813,12.788086,0.10030646,-0.076862034,0.0627197355,0.0148272885,5.92779137,0.616382341
18.5623684,return_center_after_right,center,0,0,13,0,50.559082,31.882324,-137.197266,45.681152,100.26123,10.656738,222.681431,230.749523,154.678117,-125.014536,-6.59824885,-123.825115,222.806063,230.667821,154.695656,126.340457,-2.81349285,125.315398,14.2503988,12.941895,0.150052592,-0.124631443,0.081701734,-0.0175388273,6.36817919,2.33182545
18.5874767,return_center_after_right,center,0,0,14,0,50.493164,31.860352,-137.131348,45.483398,100.283203,10.59082,222.740761,230.836076,154.696416,-124.926985,-6.7330374,-123.773691,222.806063,230.667821,154.695656,126.340457,-2.81349285,125.315398,14.4746119,13.139649,0.180484944,-0.0653020578,0.168255397,0.000759982261,9.17827559,4.2423872
18.6125751,return_center_after_right,center,0,0,15,0,50.449219,31.860352,-137.131348,45.351562,100.305176,10.568848,222.701461,230.799532,154.731155,-124.882308,-6.82326839,-123.72355,222.806063,230.667821,154.695656,126.340457,-2.81349285,125.315398,14.6157483,13.271485,0.171900204,-0.104602076,0.131711394,0.0354992208,5.67364585,2.54709649
18.6376579,return_center_after_right,center,0,0,16,0,50.361328,31.838379,-137.087402,45.087891,100.349121,10.524902,222.694846,230.813181,154.756224,-124.768875,-6.98543194,-123.631981,222.806063,230.667821,154.695656,126.340457,-2.81349285,125.315398,14.9042651,13.535156,0.192787934,-0.111216423,0.14536025,0.0605680837,11.5220138,1.16812905
18.6657438,return_center_after_right,center,0,0,17,0,50.29541,31.816406,-137.043457,44.934082,100.393066,10.480957,222.779736,230.80382,154.772825,-124.686199,-7.07969742,-123.616882,222.806063,230.667821,154.695656,126.340457,-2.81349285,125.315398,15.0861611,13.688965,0.158568061,-0.0263264465,0.135998598,0.0771694855,6.59208889,3.09774814
18.6908431,return_center_after_right,center,0,0,18,0,50.273438,31.794434,-137.043457,44.824219,100.393066,10.480957,222.669131,230.803106,154.689892,-124.678738,-7.16500756,-123.531812,222.806063,230.667821,154.695656,126.340457,-2.81349285,125.315398,15.1944689,13.798828,0.192575989,-0.136931456,0.135285135,-0.00576370859,4.54884599,5.50795798
18.7159505,return_center_after_right,center,0,0,19,0,50.229492,31.772461,-137.021484,44.714355,100.415039,10.458984,222.692182,230.776204,154.655088,-124.642108,-7.23646973,-123.499305,222.806063,230.667821,154.695656,126.340457,-2.81349285,125.315398,15.3196386,13.908692,0.162362084,-0.113881067,0.108382655,-0.0405678342,5.02738183,1.97801465
18.7410364,return_center_after_right,center,0,0,20,0,50.20752,31.772461,-136.999512,44.604492,100.437012,10.415039,222.645081,230.856619,154.712362,-124.578828,-7.33781897,-123.475642,222.806063,230.667821,154.695656,126.340457,-2.81349285,125.315398,15.44015,14.018555,0.248674998,-0.160982238,0.188798509,0.0167061882,4.95479351,4.36049788
18.7662785,return_center_after_right,center,0,0,21,0,50.119629,31.750488,-136.977539,44.428711,100.480957,10.393066,222.735923,230.726565,154.707911,-124.513537,-7.41964884,-123.434328,222.806063,230.667821,154.695656,126.340457,-2.81349285,125.315398,15.6426489,14.194336,0.0923071125,-0.0701396485,0.0587438588,0.0122552762,8.11926753,6.28720648
18.7913654,return_center_after_right,center,0,0,22,0,50.097656,31.750488,-136.955566,44.318848,100.50293,10.371094,222.688564,230.806247,154.765451,-124.441103,-7.4962846,-123.399246,222.806063,230.667821,154.695656,126.340457,-2.81349285,125.315398,15.7592358,14.304199,0.19452321,-0.117498885,0.138426451,0.0697954795,4.71665607,4.34893754
18.8164377,return_center_after_right,center,0,0,23,0,50.053711,31.728516,-136.933594,44.208984,100.524902,10.349121,222.711076,230.778103,154.731088,-124.404089,-7.56733646,-123.366833,222.806063,230.667821,154.695656,126.340457,-2.81349285,125.315398,15.8844225,14.414063,0.149800654,-0.0949871471,0.110282485,0.0354323463,5.03437467,1.98611114
18.8415284,return_center_after_right,center,0,0,24,0,50.009766,31.728516,-136.911621,44.143066,100.524902,10.349121,222.824942,230.72511,154.760427,-124.377748,-7.55730697,-123.346223,222.806063,230.667821,154.695656,126.340457,-2.81349285,125.315398,15.9604394,14.479981,0.0885083496,0.0188790012,0.0572886187,0.0647713319,3.276677,5.14036355
18.866621,return_center_after_right,center,0,0,25,0,49.987793,31.706543,-136.889648,43.989258,100.546875,10.305176,222.686133,230.823985,154.730143,-124.320284,-7.71197583,-123.278741,222.806063,230.667821,154.695656,126.340457,-2.81349285,125.315398,16.1225255,14.633789,0.199898853,-0.119929666,0.156163574,0.0344871731,6.61109068,6.89817403
18.8917096,return_center_after_right,center,0,0,26,0,49.96582,31.68457,-136.889648,43.945312,100.568848,10.305176,222.683054,230.762998,154.666593,-124.312418,-7.74516407,-123.266897,222.806063,230.667821,154.695656,126.340457,-2.81349285,125.315398,16.1747118,14.677735,0.158223179,-0.123009323,0.0951768491,-0.0290628294,2.31719636,3.51288708
18.9168022,return_center_after_right,center,0,0,27,0,49.943848,31.68457,-136.867676,43.879395,100.59082,10.283203,222.707956,230.799541,154.720563,-124.257033,-7.78546035,-123.267102,222.806063,230.667821,154.695656,126.340457,-2.81349285,125.315398,16.2514343,14.743652,0.166119465,-0.0981072818,0.131720442,0.0249070876,3.1571968,2.78062789
18.9419122,return_center_after_right,center,0,0,28,0,49.921875,31.68457,-136.845703,43.791504,100.612793,10.26123,222.696448,230.856869,154.776595,-124.192875,-7.84370455,-123.24978,222.806063,230.667821,154.695656,126.340457,-2.81349285,125.315398,16.3481143,14.831543,0.233035256,-0.109614556,0.189047638,0.0809386804,3.91339403,3.2251576
18.9670079,return_center_after_right,center,0,0,29,0,49.87793,31.662598,-136.845703,43.725586,100.612793,10.26123,222.74572,230.726709,154.69061,-124.21399,-7.86891722,-123.211211,222.806063,230.667821,154.695656,126.340457,-2.81349285,125.315398,16.4234253,14.897461,0.0844660321,-0.0603423774,0.0588884353,-0.00504581518,3.27601263,6.5187451
18.9921019,return_center_after_right,center,0,0,30,0,49.855957,31.662598,-136.82373,43.659668,100.612793,10.239258,222.770889,230.758362,154.720189,-124.184468,-7.90650205,-123.190807,222.806063,230.667821,154.695656,126.340457,-2.81349285,125.315398,16.4964612,14.963379,0.100183627,-0.0351738125,0.0905410869,0.0245331127,3.0332132,1.99659003
19.0171988,return_center_after_right,center,0,0,31,0,49.833984,31.662598,-136.845703,43.615723,100.634766,10.239258,222.740322,230.664799,154.725301,-124.176554,-7.93948474,-123.178872,222.806063,230.667821,154.695656,126.340457,-2.81349285,125.315398,16.5445202,15.007324,0.0721792829,-0.065741038,-0.00302165619,0.029645141,2.31639578,3.92726044
19.0422959,return_center_after_right,center,0,0,32,0,49.812012,31.640625,-136.801758,43.549805,100.634766,10.239258,222.7927,230.728569,154.686373,-124.13826,-7.95258905,-123.146903,222.806063,230.667821,154.695656,126.340457,-2.81349285,125.315398,16.6177935,15.073242,0.0628895478,-0.0133631106,0.0607482245,-0.00928308778,3.39080636,3.63563118
19.0673947,return_center_after_right,center,0,0,33,0,49.812012,31.640625,-136.801758,43.527832,100.656738,10.217285,222.755904,230.753881,154.712948,-124.112228,-7.9975911,-123.161635,222.806063,230.667821,154.695656,126.340457,-2.81349285,125.315398,16.6453278,15.095215,0.101099788,-0.0501584962,0.0860597278,0.0172920677,1.51631847,2.07059026
19.0924747,return_center_after_right,center,0,0,34,0,49.790039,31.640625,-136.779785,43.483887,100.656738,10.217285,222.817433,230.764393,154.740569,-124.082664,-7.99275246,-123.147266,222.806063,230.667821,154.695656,126.340457,-2.81349285,125.315398,16.6945344,15.13916,0.107110144,0.0113706165,0.0965719831,0.0449126277,2.14600859,2.72163794
19.1175742,return_center_after_right,center,0,0,35,0,49.790039,31.640625,-136.779785,43.461914,100.678711,10.217285,222.78061,230.789662,154.767157,-124.047916,-8.01326872,-123.150379,222.806063,230.667821,154.695656,126.340457,-2.81349285,125.315398,16.7181742,15.161133,0.143546089,-0.0254529092,0.121841058,0.0715009502,1.23805235,2.07077103
19.1456921,return_center_after_right,center,0,0,36,0,49.768066,31.618652,-136.779785,43.395996,100.678711,10.195312,222.74111,230.744534,154.681329,-124.065864,-8.08591727,-123.111774,222.806063,230.667821,154.695656,126.340457,-2.81349285,125.315398,16.7905033,15.227051,0.101532922,-0.0649526098,0.0767126141,-0.0143271602,2.70702478,3.72380726
19.1708851,return_center_after_right,center,0,0,37,0,49.768066,31.618652,-136.779785,43.395996,100.678711,10.195312,222.74111,230.744534,154.681329,-124.065864,-8.08591727,-123.111774,222.806063,230.667821,154.695656,126.340457,-2.81349285,125.315398,16.7905033,15.227051,0.101532922,-0.0649526098,0.0767126141,-0.0143271602,0,0
19.1964135,return_center_after_right,center,0,0,38,0,49.746094,31.618652,-136.779785,43.352051,100.678711,10.17334,222.756663,230.700635,154.685506,-124.06875,-8.12307623,-123.099887,222.806063,230.667821,154.695656,126.340457,-2.81349285,125.315398,16.8411774,15.270996,0.0601677996,-0.0494000993,0.032814363,-0.0101494764,2.10827705,1.83163824
19.2251868,return_center_after_right,center,0,0,39,0,49.746094,31.618652,-136.779785,43.352051,100.678711,10.195312,222.756663,230.700635,154.685506,-124.06008,-8.09861942,-123.088265,222.806063,230.667821,154.695656,126.340457,-2.81349285,125.315398,16.8372639,15.270996,0.0601677996,-0.0494000993,0.032814363,-0.0101494764,0.763624403,0
19.2502844,return_center_after_right,center,0,0,40,0,49.746094,31.618652,-136.779785,43.352051,100.678711,10.17334,222.756663,230.700635,154.685506,-124.06875,-8.12307623,-123.099887,222.806063,230.667821,154.695656,126.340457,-2.81349285,125.315398,16.8411774,15.270996,0.0601677996,-0.0494000993,0.032814363,-0.0101494764,0.875461897,0
19.275362,return_center_after_right,center,0,0,41,0,49.746094,31.618652,-136.757812,43.374023,100.678711,10.17334,222.839068,230.734138,154.706895,-124.053727,-8.08761378,-123.126633,222.806063,230.667821,154.695656,126.340457,-2.81349285,125.315398,16.8237103,15.249024,0.0749242978,0.033005644,0.0663170812,0.0112393326,1.23910703,3.64832198
19.3004482,return_center_after_right,center,0,0,42,0,49.746094,31.618652,-136.779785,43.352051,100.678711,10.195312,222.756663,230.700635,154.685506,-124.06008,-8.09861942,-123.088265,222.806063,230.667821,154.695656,126.340457,-2.81349285,125.315398,16.8372639,15.270996,0.0601677996,-0.0494000993,0.032814363,-0.0101494764,1.51705924,3.64707373
19.3255472,return_center_after_right,center,0,0,43,0,49.746094,31.618652,-136.779785,43.374023,100.678711,10.195312,222.793125,230.679874,154.683416,-124.068861,-8.08070851,-123.10583,222.806063,230.667821,154.695656,126.340457,-2.81349285,125.315398,16.8173384,15.249024,0.021506052,-0.0129382219,0.0120534968,-0.0122403391,0.875412,1.67377574
19.3506474,return_center_after_right,center,0,0,44,0,49.746094,31.618652,-136.779785,43.352051,100.678711,10.17334,222.756663,230.700635,154.685506,-124.06875,-8.12307623,-123.099887,222.806063,230.667821,154.695656,126.340457,-2.81349285,125.315398,16.8411774,15.270996,0.0601677996,-0.0494000993,0.032814363,-0.0101494764,1.23796073,1.67369625
19.375757,return_center_after_right,center,0,0,45,0,49.746094,31.618652,-136.757812,43.352051,100.678711,10.195312,222.802606,230.754898,154.708983,-124.036269,-8.0810784,-123.097447,222.806063,230.667821,154.695656,126.340457,-2.81349285,125.315398,16.8397154,15.270996,0.0881590993,-0.00345675115,0.087077336,0.013327236,1.23753046,2.98197599
19.4030547,return_center_after_right,center,0,0,46,0,49.746094,31.618652,-136.779785,43.374023,100.678711,10.17334,222.793125,230.679874,154.683416,-124.077537,-8.10516566,-123.11745,222.806063,230.667821,154.695656,126.340457,-2.81349285,125.315398,16.8212565,15.249024,0.021506052,-0.0129382219,0.0120534968,-0.0122403391,1.3941522,2.92426854
19.428175,return_center_after_right,center,0,0,47,0,49.746094,31.618652,-136.779785,43.395996,100.678711,10.195312,222.829581,230.659099,154.681329,-124.07764,-8.06279314,-123.123395,222.806063,230.667821,154.695656,126.340457,-2.81349285,125.315398,16.797417,15.227051,0.0288864358,0.0235177874,-0.00872194511,-0.0143271602,1.23700191,1.67243801
19.4532866,return_center_after_right,center,0,0,48,0,49.768066,31.618652,-136.779785,43.395996,100.678711,10.17334,222.74111,230.744534,154.681329,-124.074539,-8.1103743,-123.123395,222.806063,230.667821,154.695656,126.340457,-2.81349285,125.315398,16.7944277,15.227051,0.101532922,-0.0649526098,0.0767126141,-0.0143271602,1.23739655,4.89764654
19.4783704,return_center_after_right,center,0,0,49,0,49.768066,31.618652,-136.779785,43.461914,100.656738,10.195312,222.850828,230.677695,154.650573,-124.118172,-8.02957504,-123.143786,222.806063,230.667821,154.695656,126.340457,-2.81349285,125.315398,16.7270377,15.161133,0.0642955702,0.0447656589,0.00987411986,-0.0450827893,2.90526347,5.26649945
19.5034564,return_center_after_right,center,0,0,50,0,49.768066,31.618652,-136.801758,43.505859,100.678711,10.217285,222.877382,230.586232,154.647487,-124.124831,-7.98942068,-123.178837,222.806063,230.667821,154.695656,126.340457,-2.81349285,125.315398,16.6845694,15.117188,0.118589218,0.0713189653,-0.0815889121,-0.0481690482,2.31740847,3.79852441
19.528559,return_center_after_right,center,0,0,51,0,49.790039,31.618652,-136.801758,43.527832,100.656738,10.195312,222.825731,230.646373,154.620904,-124.156512,-8.01649653,-123.175714,222.806063,230.667821,154.695656,126.340457,-2.81349285,125.315398,16.6579259,15.095215,0.0802164167,0.0196681923,-0.0214474676,-0.0747518685,1.75065424,3.33092159
19.5536435,return_center_after_right,center,0,0,52,0,49.812012,31.618652,-136.801758,43.59375,100.634766,10.217285,222.84688,230.664785,154.59022,-124.188293,-7.9587472,-123.184508,222.806063,230.667821,154.695656,126.340457,-2.81349285,125.315398,16.5836214,15.029297,0.113102208,0.0408172999,-0.00303553565,-0.105436441,3.03436639,1.65708486
19.5787435,return_center_after_right,center,0,0,53,0,49.812012,31.618652,-136.801758,43.659668,100.634766,10.217285,222.956069,230.602124,154.584089,-124.214554,-7.90488632,-123.237199,222.806063,230.667821,154.695656,126.340457,-2.81349285,125.315398,16.5239052,14.963379,0.198154201,0.150006137,-0.0656966849,-0.111566984,2.6262159,5.02153495
19.6038404,return_center_after_right,center,0,0,54,0,49.833984,31.640625,-136.82373,43.703613,100.612793,10.239258,222.913507,230.60902,154.624081,-124.237522,-7.86501279,-123.228427,222.806063,230.667821,154.695656,126.340457,-2.81349285,125.315398,16.4652923,14.919434,0.141861885,0.107443892,-0.0588013476,-0.0715751785,2.62652695,2.34325655
19.6289439,return_center_after_right,center,0,0,55,0,49.855957,31.640625,-136.845703,43.769531,100.612793,10.239258,222.888297,230.577306,154.59454,-124.275775,-7.85190167,-123.260439,222.806063,230.667821,154.695656,126.340457,-2.81349285,125.315398,16.3961962,14.853516,0.15868167,0.0822338665,-0.090515011,-0.101116252,2.9029853,1.99730857
19.6540244,return_center_after_right,center,0,0,56,0,49.87793,31.640625,-136.845703,43.835449,100.59082,10.239258,222.909277,230.595378,154.563989,-124.3162,-7.81848023,-123.280829,222.806063,230.667821,154.695656,126.340457,-2.81349285,125.315398,16.3258317,14.787598,0.182310641,0.103213825,-0.0724426219,-0.131666787,2.90566214,1.64400334
19.6851921,return_center_after_right,center,0,0,57,0,49.921875,31.640625,-136.889648,43.967285,100.59082,10.283203,222.858728,230.531387,154.505113,-124.375014,-7.74329521,-123.321856,222.806063,230.667821,154.695656,126.340457,-2.81349285,125.315398,16.1797997,14.655762,0.240196338,0.0526652619,-0.136433824,-0.190542548,4.88424198,3.22706202
19.7102919,return_center_after_right,center,0,0,58,0,49.96582,31.640625,-136.889648,44.033203,100.568848,10.305176,222.791147,230.634622,154.474666,-124.394801,-7.70851091,-123.319156,222.806063,230.667821,154.695656,126.340457,-2.81349285,125.315398,16.0985367,14.589844,0.223967093,-0.0149153933,-0.0331991813,-0.220990054,3.39045206,5.06335211
19.7353663,return_center_after_right,center,0,0,59,0,49.987793,31.640625,-136.889648,44.099121,100.546875,10.305176,222.81193,230.652327,154.444257,-124.43513,-7.67496242,-123.339578,222.806063,230.667821,154.695656,126.340457,-2.81349285,125.315398,16.0281607,14.523926,0.251944482,0.00586759207,-0.0154940844,-0.251399139,2.90635284,1.62982609
19.7604585,return_center_after_right,center,0,0,60,0,50.009766,31.662598,-136.911621,44.230957,100.524902,10.327148,222.914307,230.574195,154.476617,-124.492656,-7.56275661,-123.401153,222.806063,230.667821,154.695656,126.340457,-2.81349285,125.315398,15.8899227,14.39209,0.261650086,0.10824406,-0.0936257513,-0.219039287,5.60709063,5.29201977
19.7855537,return_center_after_right,center,0,0,61,0,50.031738,31.662598,-136.955566,44.296875,100.50293,10.349121,222.843401,230.482412,154.39945,-124.571632,-7.54005033,-123.392115,222.806063,230.667821,154.695656,126.340457,-2.81349285,125.315398,15.8108496,14.326172,0.351437697,0.0373384573,-0.185409167,-0.296205563,3.50226994,5.55113498
19.811379,return_center_after_right,center,0,0,62,0,50.097656,31.68457,-136.977539,44.494629,100.480957,10.371094,222.877352,230.510846,154.426302,-124.631414,-7.4199644,-123.483427,222.806063,230.667821,154.695656,126.340457,-2.81349285,125.315398,15.5990077,14.128418,0.319804151,0.0712892005,-0.156974516,-0.269353942,8.24901374,2.00539619
19.8364773,return_center_after_right,center,0,0,63,0,50.119629,31.706543,-136.977539,44.538574,100.458984,10.393066,222.8802,230.571418,154.490008,-124.630284,-7.36193275,-123.483634,222.806063,230.667821,154.695656,126.340457,-2.81349285,125.315398,15.5427933,14.084473,0.238915632,0.0741372061,-0.0964026279,-0.205647483,2.47618004,3.50430306
19.8615429,return_center_after_right,center,0,0,64,0,50.185547,31.728516,-137.021484,44.736328,100.415039,10.458984,222.868222,230.539543,154.469313,-124.721667,-7.20736501,-123.522276,222.806063,230.667821,154.695656,126.340457,-2.81349285,125.315398,15.317038,13.886719,0.267488025,0.0621589693,-0.128277671,-0.226342539,9.10993565,1.58970402
19.8866277,return_center_after_right,center,0,0,65,0,50.229492,31.750488,-137.021484,44.868164,100.415039,10.458984,222.926694,230.60446,154.550303,-124.726044,-7.12735037,-123.6135,222.806063,230.667821,154.695656,126.340457,-2.81349285,125.315398,15.1818657,13.754883,0.199233557,0.120631532,-0.063360585,-0.145352949,5.60873025,4.74920825
19.9116964,return_center_after_right,center,0,0,66,0,50.273438,31.772461,-137.06543,45.021973,100.371094,10.480957,222.930364,230.528634,154.533688,-124.829488,-7.03435874,-123.651603,222.806063,230.667821,154.695656,126.340457,-2.81349285,125.315398,15.0107819,13.601074,0.247098137,0.124301209,-0.139187195,-0.161967971,6.9569961,3.09996551
19.9367931,return_center_after_right,center,0,0,67,0,50.317383,31.772461,-137.087402,45.109863,100.349121,10.524902,222.8525,230.554068,154.478598,-124.872071,-6.97422521,-123.646411,222.806063,230.667821,154.695656,126.340457,-2.81349285,125.315398,14.9032937,13.513184,0.249420471,0.0464374293,-0.11375342,-0.217058278,4.46426851,3.93337979
19.9618371,return_center_after_right,center,0,0,68,0,50.383301,31.816406,-137.109375,45.285645,100.327148,10.546875,222.867216,230.623088,154.600459,-124.898558,-6.85328866,-123.72894,222.806063,230.667821,154.695656,126.340457,-2.81349285,125.315398,14.7096387,13.337402,0.121668482,0.0611529979,-0.0447327697,-0.0951972148,7.8474053,5.62294634
19.9869354,return_center_after_right,center,0,0,69,0,50.427246,31.816406,-137.131348,45.439453,100.305176,10.59082,222.897147,230.583094,154.540401,-124.966448,-6.73834112,-123.776597,222.806063,230.667821,154.695656,126.340457,-2.81349285,125.315398,14.5423968,13.183594,0.198945247,0.0910844715,-0.0847272835,-0.155255008,6.72452996,3.11247134
20.0120275,return_center_after_right,center,0,0,70,0,50.449219,31.838379,-137.15332,45.549316,100.283203,10.612793,222.961784,230.522805,154.575851,-125.014188,-6.64289694,-123.820687,222.806063,230.667821,154.695656,126.340457,-2.81349285,125.315398,14.4241916,13.073731,0.244196405,0.155720935,-0.145016384,-0.119804519,4.79628846,3.79534695
20.0371451,return_center_after_right,center,0,0,71,0,50.515137,31.860352,-137.175293,45.681152,100.26123,10.612793,222.885388,230.611482,154.609728,-125.056128,-6.60044329,-123.870897,222.806063,230.667821,154.695656,126.340457,-2.81349285,125.315398,14.2760563,12.941895,0.129808194,0.0793250202,-0.0563389281,-0.0859280725,6.06073144,4.85120879
20.0622447,return_center_after_right,center,0,0,72,0,50.581055,31.882324,-137.197266,45.900879,100.217285,10.678711,222.952587,230.607815,154.61275,-125.130356,-6.40790099,-123.936199,222.806063,230.667821,154.695656,126.340457,-2.81349285,125.315398,14.0327195,12.722168,0.178727434,0.146524476,-0.0600061203,-0.0829056036,9.7482944,2.68400718
20.0922456,return_center_after_right,center,0,0,73,0,50.690918,31.904297,-137.263184,46.186523,100.17334,10.722656,222.859238,230.597783,154.564388,-125.262771,-6.26758005,-124.026027,222.806063,230.667821,154.695656,126.340457,-2.81349285,125.315398,13.7151102,12.436524,0.158000365,0.0531756017,-0.0700376239,-0.131267673,10.6638738,3.52023442
20.1199508,return_center_after_right,center,0,0,74,0,50.756836,31.92627,-137.307129,46.428223,100.129395,10.788574,222.915814,230.514369,154.543292,-125.368157,-6.07393975,-124.100779,222.806063,230.667821,154.695656,126.340457,-2.81349285,125.315398,13.4496529,12.194824,0.242503085,0.109751095,-0.153452337,-0.152364116,9.64835552,3.71681406
20.1450443,return_center_after_right,center,0,0,75,0,50.800781,31.948242,-137.329102,46.560059,100.085449,10.788574,222.926873,230.510263,154.553644,-125.447197,-6.00390941,-124.141567,222.806063,230.667821,154.695656,126.340457,-2.81349285,125.315398,13.3048197,12.062988,0.244104835,0.120810204,-0.157558291,-0.142012147,5.93881267,0.62545048
20.1701584,return_center_after_right,center,0,0,76,0,50.888672,31.970215,-137.373047,46.779785,100.041504,10.854492,222.85849,230.532508,154.534765,-125.531931,-5.85157737,-124.18757,222.806063,230.667821,154.695656,126.340457,-2.81349285,125.315398,13.0523315,11.843262,0.216666047,0.0524273633,-0.135312863,-0.160891195,10.1278513,2.96037743
20.195267,return_center_after_right,center,0,0,77,0,50.95459,31.992188,-137.39502,46.955566,100.019531,10.876465,222.851773,230.573167,154.567103,-125.580299,-5.7466198,-124.261792,222.806063,230.667821,154.695656,126.340457,-2.81349285,125.315398,12.8604442,11.667481,0.166056063,0.0457097614,-0.0946540291,-0.128552902,7.67901839,2.08627963
20.2203844,return_center_after_right,center,0,0,78,0,50.998535,32.01416,-137.416992,47.109375,99.975586,10.898438,222.897688,230.545216,154.576641,-125.657859,-5.63287349,-124.30879,222.806063,230.667821,154.695656,126.340457,-2.81349285,125.315398,12.6917914,11.513672,0.193886007,0.0916253107,-0.122605337,-0.119014778,6.77616164,2.17354749
20.2454667,return_center_after_right,center,0,0,79,0,51.04248,32.036133,-137.438965,47.263184,99.953613,10.942383,222.943199,230.521619,154.61083,-125.699749,-5.49782132,-124.365457,222.806063,230.667821,154.695656,126.340457,-2.81349285,125.315398,12.5229105,11.359863,0.217661864,0.1371359,-0.146201682,-0.0848262929,6.78564026,2.45665242
20.270566,return_center_after_right,center,0,0,80,0,51.130371,32.058105,-137.460938,47.48291,99.909668,10.986328,222.918293,230.59626,154.61679,-125.769048,-5.35063746,-124.431192,222.806063,230.667821,154.695656,126.340457,-2.81349285,125.315398,12.2765228,11.140137,0.154713904,0.112230177,-0.0715607551,-0.0788659487,9.82665529,3.14399108
20.2956634,return_center_after_right,center,0,0,81,0,51.174316,32.080078,-137.504883,47.636719,99.887695,11.008301,222.918249,230.515677,154.627901,-125.843651,-5.25809291,-124.491228,222.806063,230.667821,154.695656,126.340457,-2.81349285,125.315398,12.1095055,10.986328,0.200809104,0.11218662,-0.152143691,-0.0677551171,6.78157916,3.24118923
20.3207591,return_center_after_right,center,0,0,82,0,51.262207,32.102051,-137.526855,47.856445,99.84375,11.074219,222.892481,230.588627,154.634563,-125.902802,-5.08574165,-124.545788,222.806063,230.667821,154.695656,126.340457,-2.81349285,125.315398,11.8591908,10.766602,0.132181857,0.0864177298,-0.0791940329,-0.0610927534,10.021163,3.09429728
20.3458552,return_center_after_right,center,0,0,83,0,51.328125,32.102051,-137.570801,48.010254,99.821777,11.096191,222.785463,230.569596,154.554403,-125.989087,-5.03505139,-124.586875,222.806063,230.667821,154.695656,126.340457,-2.81349285,125.315398,11.6868303,10.612793,0.173277279,-0.0205998979,-0.0982248896,-0.141253427,7.00432351,5.38161868
20.3709526,return_center_after_right,center,0,0,84,0,51.394043,32.145996,-137.592773,48.251953,99.777832,11.140137,222.900642,230.555191,154.652335,-126.053213,-4.82577542,-124.689531,222.806063,230.667821,154.695656,126.340457,-2.81349285,125.315398,11.4259083,10.371094,0.15332089,0.0945787258,-0.112629554,-0.0433213986,10.4694043,6.05120473
20.3983278,return_center_after_right,center,0,0,85,0,51.481934,32.167969,-137.614746,48.493652,99.733887,11.184082,222.908655,230.602558,154.659037,-126.129057,-4.65824678,-124.773082,222.806063,230.667821,154.695656,126.340457,-2.81349285,125.315398,11.1595792,10.129395,0.126985891,0.102592297,-0.0652629814,-0.0366193987,9.73158081,1.77185454
20.4234428,return_center_after_right,center,0,0,86,0,51.547852,32.189941,-137.658691,48.713379,99.689941,11.228027,222.92457,230.530055,154.643751,-126.231557,-4.50381579,-124.84267,222.806063,230.667821,154.695656,126.340457,-2.81349285,125.315398,10.9181995,9.909668,0.188991025,0.11850753,-0.137765939,-0.0519049034,9.6633944,3.01758453
20.4485295,return_center_after_right,center,0,0,87,0,51.61377,32.211914,-137.680664,48.867188,99.645996,11.25,222.879122,230.581886,154.655595,-126.29579,-4.4114207,-124.878486,222.806063,230.667821,154.695656,126.340457,-2.81349285,125.315398,10.7426288,9.755859,0.119697165,0.0730592267,-0.0859351039,-0.0400614352,7.06151257,2.78812259
20.4736199,return_center_after_right,center,0,0,88,0,51.657715,32.211914,-137.702637,49.020996,99.624023,11.315918,222.903858,230.530099,154.600359,-126.349232,-4.26836029,-124.916707,222.806063,230.667821,154.695656,126.340457,-2.81349285,125.315398,10.5714741,9.602051,0.193940566,0.0977953539,-0.137722236,-0.0952974175,7.00588104,3.17468253
20.4991541,return_center_after_right,center,0,0,89,0,51.767578,32.255859,-137.768555,49.328613,99.580078,11.359863,222.855571,230.499448,154.650335,-126.459723,-4.08540922,-125.034534,222.806063,230.667821,154.695656,126.340457,-2.81349285,125.315398,10.2328437,9.294434,0.181258017,0.0495082829,-0.168372738,-0.0453212972,13.3865392,2.97452613
20.5242527,return_center_after_right,center,0,0,90,0,51.833496,32.255859,-137.768555,49.460449,99.536133,11.381836,222.800659,230.606299,154.595823,-126.51538,-4.01116351,-125.052892,222.806063,230.667821,154.695656,126.340457,-2.81349285,125.315398,10.0806854,9.162598,0.117391404,-0.00540372274,-0.0615216154,-0.0998330227,6.19040116,5.25624898
20.5493703,return_center_after_right,center,0,0,91,0,51.877441,32.277832,-137.790527,49.614258,99.51416,11.425781,222.842387,230.575337,154.633067,-126.554257,-3.87338163,-125.110018,222.806063,230.667821,154.695656,126.340457,-2.81349285,125.315398,9.91193341,9.008789,0.117431091,0.0363236864,-0.0924840989,-0.0625886754,6.77610246,2.54520762
20.574451,return_center_after_right,center,0,0,92,0,51.965332,32.299805,-137.834473,49.855957,99.470215,11.447754,222.802454,230.559496,154.619093,-126.661268,-3.74677982,-125.197757,222.806063,230.667821,154.695656,126.340457,-2.81349285,125.315398,9.64764787,8.76709,0.132700022,-0.00360882853,-0.1083254,-0.0765629147,10.6218944,1.80120979
20.599545,return_center_after_right,center,0,0,93,0,52.009277,32.321777,-137.856445,50.009766,99.448242,11.491699,222.84354,230.527288,154.656848,-126.699647,-3.60854882,-125.25496,222.806063,230.667821,154.695656,126.340457,-2.81349285,125.315398,9.47892857,8.613281,0.150532333,0.0374767577,-0.140532744,-0.0388075209,6.78247092,2.56741385
20.6246359,return_center_after_right,center,0,0,94,0,52.075195,32.321777,-137.878418,50.163574,99.404297,11.535645,222.778148,230.552125,154.578833,-126.776059,-3.50877978,-125.272619,222.806063,230.667821,154.695656,126.340457,-2.81349285,125.315398,9.30100276,8.459473,0.166770589,-0.0279149042,-0.11569593,-0.116823111,7.16807068,4.17610957
20.649725,return_center_after_right,center,0,0,95,0,52.163086,32.365723,-137.900391,50.471191,99.360352,11.57959,222.903218,230.542191,154.678918,-126.848399,-3.26170451,-125.416493,222.806063,230.667821,154.695656,126.340457,-2.81349285,125.315398,8.97326859,8.151856,0.159694034,0.0971555563,-0.125629676,-0.0167381888,13.1368116,6.39697614
20.6748152,return_center_after_right,center,0,0,96,0,52.229004,32.365723,-137.922363,50.625,99.338379,11.623535,222.837127,230.570766,154.625928,-126.898122,-3.16573105,-125.455605,222.806063,230.667821,154.695656,126.340457,-2.81349285,125.315398,8.79902717,7.998047,0.123477511,0.0310643366,-0.0970551485,-0.0697280501,7.0059775,3.56316806
20.699919,return_center_after_right,center,0,0,97,0,52.272949,32.387695,-137.944336,50.778809,99.294434,11.645508,222.876852,230.53104,154.640328,-126.97175,-3.04683468,-125.502708,222.806063,230.667821,154.695656,126.340457,-2.81349285,125.315398,8.63055615,7.844238,0.163649561,0.0707889527,-0.136780685,-0.0553276336,6.77983503,2.31024695
