t,segment,command,right_stick_x,right_stick_y,sample,alarm,j0,j1,j2,j3,j4,j5,x,y,z,a,b,c,target_x,target_y,target_z,target_a,target_b,target_c,joint_delta_norm_deg,joint_delta_max_deg,tcp_drift_norm_mm,tcp_drift_x_mm,tcp_drift_y_mm,tcp_drift_z_mm,q_speed_norm_deg_s,tcp_speed_norm_mm_s
1.21593475e-05,baseline_fixed_tcp,center,0,0,0,0,55.041504,32.958984,-138.647461,58.601074,97.822266,13.161621,222.772992,230.688755,154.67051,126.369178,-2.77556821,125.285215,222.684506,230.774171,154.67051,126.38039,-2.75156937,125.296408,0.021973,0.021973,0.12298681,0.0884857932,-0.0854167427,0,,
0.0251533985,baseline_fixed_tcp,center,0,0,1,0,55.041504,32.958984,-138.647461,58.623047,97.822266,13.161621,222.80559,230.662082,154.671404,126.351347,-2.79504545,125.278286,222.684506,230.774171,154.67051,126.38039,-2.75156937,125.296408,0.0310745146,0.021973,0.16500316,0.121083706,-0.112089162,0.000893672202,0.873982378,1.67568735
0.0519530773,baseline_fixed_tcp,center,0,0,2,0,55.041504,32.958984,-138.647461,58.623047,97.822266,13.161621,222.80559,230.662082,154.671404,126.351347,-2.79504545,125.278286,222.684506,230.774171,154.67051,126.38039,-2.75156937,125.296408,0.0310745146,0.021973,0.16500316,0.121083706,-0.112089162,0.000893672202,0,0
0.0785496235,baseline_fixed_tcp,center,0,0,3,0,55.041504,32.958984,-138.647461,58.579102,97.822266,13.161621,222.740385,230.715414,154.669621,126.387007,-2.7560881,125.292141,222.684506,230.774171,154.67051,126.38039,-2.75156937,125.296408,0.0310738075,0.021973,0.0810909934,0.055879443,-0.0587575207,-0.000889276407,1.65228221,3.16792239
0.10378933,baseline_fixed_tcp,center,0,0,4,0,55.041504,32.958984,-138.647461,58.623047,97.822266,13.183594,222.80559,230.662082,154.671404,126.361489,-2.81951164,125.289483,222.684506,230.774171,154.67051,126.38039,-2.75156937,125.296408,0.0380583524,0.021973,0.16500316,0.121083706,-0.112089162,0.000893672202,1.94662438,3.33822406
0.134029627,baseline_fixed_tcp,center,0,0,5,0,55.041504,32.958984,-138.647461,58.601074,97.822266,13.161621,222.772992,230.688755,154.67051,126.369178,-2.77556821,125.285215,222.684506,230.774171,154.67051,126.38039,-2.75156937,125.296408,0.021973,0.021973,0.12298681,0.0884857932,-0.0854167427,0,1.02758628,1.39313632
0.159262419,baseline_fixed_tcp,center,0,0,6,0,55.041504,32.958984,-138.647461,58.601074,97.822266,13.183594,222.772992,230.688755,154.67051,126.379325,-2.8000362,125.296408,222.684506,230.774171,154.67051,126.38039,-2.75156937,125.296408,0.0310745146,0.021973,0.12298681,0.0884857932,-0.0854167427,0,0.870811287,0
0.184415102,baseline_fixed_tcp,center,0,0,7,0,55.041504,32.958984,-138.647461,58.579102,97.822266,13.161621,222.740385,230.715414,154.669621,126.387007,-2.7560881,125.292141,222.684506,230.774171,154.67051,126.38039,-2.75156937,125.296408,0.0310738075,0.021973,0.0810909934,0.055879443,-0.0587575207,-0.000889276407,1.23540726,1.67484871
0.21458602,baseline_fixed_tcp,center,0,0,8,0,55.041504,32.958984,-138.647461,58.579102,97.822266,13.139648,222.740385,230.715414,154.669621,126.37685,-2.73162237,125.280949,222.684506,230.774171,154.67051,126.38039,-2.75156937,125.296408,0.0380577751,0.021973,0.0810909934,0.055879443,-0.0587575207,-0.000889276407,0.728284116,0
0.239681959,baseline_fixed_tcp,center,0,0,9,0,55.041504,32.958984,-138.647461,58.601074,97.822266,13.183594,222.772992,230.688755,154.67051,126.379325,-2.8000362,125.296408,222.684506,230.774171,154.67051,126.38039,-2.75156937,125.296408,0.0310745146,0.021973,0.12298681,0.0884857932,-0.0854167427,0,1.95779378,1.67863566
0.264909506,baseline_fixed_tcp,center,0,0,10,0,55.041504,32.958984,-138.647461,58.623047,97.822266,13.161621,222.80559,230.662082,154.671404,126.351347,-2.79504545,125.278286,222.684506,230.774171,154.67051,126.38039,-2.75156937,125.296408,0.0310745146,0.021973,0.16500316,0.121083706,-0.112089162,0.000893672202,1.23176918,1.66995455
0.294401169,baseline_fixed_tcp,center,0,0,11,0,55.041504,32.958984,-138.669434,58.623047,97.822266,13.183594,222.76393,230.602494,154.648214,126.365789,-2.79927665,125.267152,222.684506,230.774171,154.67051,126.38039,-2.75156937,125.296408,0.043946,0.021973,0.190469048,0.079423647,-0.171677716,-0.0222958379,1.05367116,2.58770944
0.31952095,baseline_fixed_tcp,center,0,0,12,0,55.041504,32.958984,-138.647461,58.623047,97.822266,13.161621,222.80559,230.662082,154.671404,126.351347,-2.79504545,125.278286,222.684506,230.774171,154.67051,126.38039,-2.75156937,125.296408,0.0310745146,0.021973,0.16500316,0.121083706,-0.112089162,0.000893672202,1.23705354,3.03807797
0.344637632,baseline_fixed_tcp,center,0,0,13,0,55.041504,32.958984,-138.647461,58.601074,97.822266,13.139648,222.772992,230.688755,154.67051,126.359028,-2.75110427,125.27402,222.684506,230.774171,154.67051,126.38039,-2.75156937,125.296408,0.0310745146,0.021973,0.12298681,0.0884857932,-0.0854167427,0,1.23720619,1.67732571
0.372426987,baseline_fixed_tcp,center,0,0,14,0,55.041504,32.958984,-138.647461,58.601074,97.822266,13.161621,222.772992,230.688755,154.67051,126.369178,-2.77556821,125.285215,222.684506,230.774171,154.67051,126.38039,-2.75156937,125.296408,0.021973,0.021973,0.12298681,0.0884857932,-0.0854167427,0,0.790698472,0
0.397543907,baseline_fixed_tcp,center,0,0,15,0,55.041504,32.958984,-138.647461,58.623047,97.822266,13.139648,222.80559,230.662082,154.671404,126.341203,-2.7705833,125.267087,222.684506,230.774171,154.67051,126.38039,-2.75156937,125.296408,0.0380583524,0.021973,0.16500316,0.121083706,-0.112089162,0.000893672202,1.23719445,1.67730978
0.42270422,baseline_fixed_tcp,center,0,0,16,0,55.041504,32.958984,-138.625488,58.601074,97.822266,13.161621,222.814647,230.748336,154.693729,126.364871,-2.79580186,125.307551,222.684506,230.774171,154.67051,126.38039,-2.75156937,125.296408,0.0310745146,0.021973,0.134696802,0.13014095,-0.0258352009,0.023218612,1.51263432,3.55939422
0.452983379,baseline_fixed_tcp,center,0,0,17,0,55.041504,32.958984,-138.647461,58.623047,97.822266,13.161621,222.80559,230.662082,154.671404,126.351347,-2.79504545,125.278286,222.684506,230.774171,154.67051,126.38039,-2.75156937,125.296408,0.0310745146,0.021973,0.16500316,0.121083706,-0.112089162,0.000893672202,1.02626741,2.95766041
0.478117466,baseline_fixed_tcp,center,0,0,18,0,55.041504,32.958984,-138.647461,58.601074,97.822266,13.183594,222.772992,230.688755,154.67051,126.379325,-2.8000362,125.296408,222.684506,230.774171,154.67051,126.38039,-2.75156937,125.296408,0.0310745146,0.021973,0.12298681,0.0884857932,-0.0854167427,0,1.23634947,1.67616421
0.503226757,baseline_fixed_tcp,center,0,0,19,0,55.041504,32.958984,-138.647461,58.601074,97.822266,13.161621,222.772992,230.688755,154.67051,126.369178,-2.77556821,125.285215,222.684506,230.774171,154.67051,126.38039,-2.75156937,125.296408,0.021973,0.021973,0.12298681,0.0884857932,-0.0854167427,0,0.8750944,0
0.531701565,baseline_fixed_tcp,center,0,0,20,0,55.041504,32.958984,-138.647461,58.601074,97.822266,13.183594,222.772992,230.688755,154.67051,126.379325,-2.8000362,125.296408,222.684506,230.774171,154.67051,126.38039,-2.75156937,125.296408,0.0310745146,0.021973,0.12298681,0.0884857932,-0.0854167427,0,0.771664561,0
0.556827068,baseline_fixed_tcp,center,0,0,21,0,55.041504,32.958984,-138.647461,58.623047,97.822266,13.161621,222.80559,230.662082,154.671404,126.351347,-2.79504545,125.278286,222.684506,230.774171,154.67051,126.38039,-2.75156937,125.296408,0.0310745146,0.021973,0.16500316,0.121083706,-0.112089162,0.000893672202,1.23677181,1.6767368
0.582019329,baseline_fixed_tcp,center,0,0,22,0,55.041504,32.958984,-138.647461,58.601074,97.822266,13.161621,222.772992,230.688755,154.67051,126.369178,-2.77556821,125.285215,222.684506,230.774171,154.67051,126.38039,-2.75156937,125.296408,0.021973,0.021973,0.12298681,0.0884857932,-0.0854167427,0,0.872212313,1.6722936
0.607116461,baseline_fixed_tcp,center,0,0,23,0,55.041504,32.958984,-138.647461,58.623047,97.822266,13.139648,222.80559,230.662082,154.671404,126.341203,-2.7705833,125.267087,222.684506,230.774171,154.67051,126.38039,-2.75156937,125.296408,0.0380583524,0.021973,0.16500316,0.121083706,-0.112089162,0.000893672202,1.23816996,1.67863232
0.632203102,baseline_fixed_tcp,center,0,0,24,0,55.041504,32.958984,-138.647461,58.579102,97.822266,13.161621,222.740385,230.715414,154.669621,126.387007,-2.7560881,125.292141,222.684506,230.774171,154.67051,126.38039,-2.75156937,125.296408,0.0310738075,0.021973,0.0810909934,0.055879443,-0.0587575207,-0.000889276407,1.9585016,3.35859205
0.657450676,baseline_fixed_tcp,center,0,0,25,0,55.041504,32.958984,-138.647461,58.579102,97.822266,13.161621,222.740385,230.715414,154.669621,126.387007,-2.7560881,125.292141,222.684506,230.774171,154.67051,126.38039,-2.75156937,125.296408,0.0310738075,0.021973,0.0810909934,0.055879443,-0.0587575207,-0.000889276407,0,0
0.682569981,baseline_fixed_tcp,center,0,0,26,0,55.041504,32.958984,-138.647461,58.601074,97.822266,13.183594,222.772992,230.688755,154.67051,126.379325,-2.8000362,125.296408,222.684506,230.774171,154.67051,126.38039,-2.75156937,125.296408,0.0310745146,0.021973,0.12298681,0.0884857932,-0.0854167427,0,1.23704887,1.67707426
0.707723856,baseline_fixed_tcp,center,0,0,27,0,55.041504,32.958984,-138.647461,58.601074,97.822266,13.161621,222.772992,230.688755,154.67051,126.369178,-2.77556821,125.285215,222.684506,230.774171,154.67051,126.38039,-2.75156937,125.296408,0.021973,0.021973,0.12298681,0.0884857932,-0.0854167427,0,0.873543329,0
0.73299098,baseline_fixed_tcp,center,0,0,28,0,55.041504,32.958984,-138.647461,58.623047,97.822266,13.161621,222.80559,230.662082,154.671404,126.351347,-2.79504545,125.278286,222.684506,230.774171,154.67051,126.38039,-2.75156937,125.296408,0.0310745146,0.021973,0.16500316,0.121083706,-0.112089162,0.000893672202,0.869628053,1.6673388
0.761584044,baseline_fixed_tcp,center,0,0,29,0,55.041504,32.958984,-138.647461,58.601074,97.822266,13.161621,222.772992,230.688755,154.67051,126.369178,-2.77556821,125.285215,222.684506,230.774171,154.67051,126.38039,-2.75156937,125.296408,0.021973,0.021973,0.12298681,0.0884857932,-0.0854167427,0,0.768473099,1.4733943
0.791860104,baseline_fixed_tcp,center,0,0,30,0,55.041504,32.958984,-138.647461,58.601074,97.822266,13.161621,222.772992,230.688755,154.67051,126.369178,-2.77556821,125.285215,222.684506,230.774171,154.67051,126.38039,-2.75156937,125.296408,0.021973,0.021973,0.12298681,0.0884857932,-0.0854167427,0,0,0
0.817126751,baseline_fixed_tcp,center,0,0,31,0,55.041504,32.958984,-138.647461,58.579102,97.822266,13.139648,222.740385,230.715414,154.669621,126.37685,-2.73162237,125.280949,222.684506,230.774171,154.67051,126.38039,-2.75156937,125.296408,0.0380577751,0.021973,0.0810909934,0.055879443,-0.0587575207,-0.000889276407,1.22983501,1.66729438
0.84235096,baseline_fixed_tcp,center,0,0,32,0,55.041504,32.958984,-138.669434,58.601074,97.822266,13.161621,222.731331,230.629166,154.647319,126.37348,-2.75533734,125.262878,222.684506,230.774171,154.67051,126.38039,-2.75156937,125.296408,0.0310745146,0.021973,0.154133249,0.0468255375,-0.145005578,-0.0231907302,1.50877973,3.54990698
0.869459629,baseline_fixed_tcp,center,0,0,33,0,55.041504,32.958984,-138.647461,58.601074,97.822266,13.161621,222.772992,230.688755,154.67051,126.369178,-2.77556821,125.285215,222.684506,230.774171,154.67051,126.38039,-2.75156937,125.296408,0.021973,0.021973,0.12298681,0.0884857932,-0.0854167427,0,0.810552513,2.81520836
0.89461565,baseline_fixed_tcp,center,0,0,34,0,55.041504,32.958984,-138.647461,58.601074,97.822266,13.161621,222.772992,230.688755,154.67051,126.369178,-2.77556821,125.285215,222.684506,230.774171,154.67051,126.38039,-2.75156937,125.296408,0.021973,0.021973,0.12298681,0.0884857932,-0.0854167427,0,0,0
0.919848204,baseline_fixed_tcp,center,0,0,35,0,55.041504,32.958984,-138.647461,58.601074,97.822266,13.161621,222.772992,230.688755,154.67051,126.369178,-2.77556821,125.285215,222.684506,230.774171,154.67051,126.38039,-2.75156937,125.296408,0.021973,0.021973,0.12298681,0.0884857932,-0.0854167427,0,0,0
0.926245928,right_stick_up,up,0,1,0,0,55.041504,32.958984,-138.647461,58.601074,97.822266,13.161621,222.772992,230.688755,154.67051,126.369178,-2.77556821,125.285215,222.684506,230.774171,154.67051,114.887063,-2.46635908,135.725578,0.021973,0.021973,0.12298681,0.0884857932,-0.0854167427,0,0,0
0.953474522,right_stick_up,up,0,1,1,0,55.041504,32.958984,-138.647461,58.579102,97.822266,13.161621,222.740385,230.715414,154.669621,126.387007,-2.7560881,125.292141,222.684506,230.774171,154.67051,114.887063,-2.46635908,135.725578,0.0310738075,0.021973,0.0810909934,0.055879443,-0.0587575207,-0.000889276407,0.806945821,1.54715809
0.980719566,right_stick_up,up,0,1,2,0,55.041504,32.958984,-138.647461,58.579102,97.822266,13.161621,222.740385,230.715414,154.669621,126.387007,-2.7560881,125.292141,222.684506,230.774171,154.67051,114.887063,-2.46635908,135.725578,0.0310738075,0.021973,0.0810909934,0.055879443,-0.0587575207,-0.000889276407,0,0
1.0097394,right_stick_up,up,0,1,3,0,55.041504,32.958984,-138.647461,58.601074,97.822266,13.161621,222.772992,230.688755,154.67051,126.369178,-2.77556821,125.285215,222.684506,230.774171,154.67051,114.887063,-2.46635908,135.725578,0.021973,0.021973,0.12298681,0.0884857932,-0.0854167427,0,0.757137379,1.45166031
1.03498149,right_stick_up,up,0,1,4,0,55.041504,32.958984,-138.647461,58.579102,97.822266,13.183594,222.740385,230.715414,154.669621,126.397161,-2.78055789,125.303331,222.684506,230.774171,154.67051,114.887063,-2.46635908,135.725578,0.0380577751,0.021973,0.0810909934,0.055879443,-0.0587575207,-0.000889276407,1.23103147,1.66891643
1.06158614,right_stick_up,up,0,1,5,0,55.041504,32.958984,-138.647461,58.601074,97.822266,13.161621,222.772992,230.688755,154.67051,126.369178,-2.77556821,125.285215,222.684506,230.774171,154.67051,114.887063,-2.46635908,135.725578,0.021973,0.021973,0.12298681,0.0884857932,-0.0854167427,0,1.16798397,1.58344257
1.08676124,right_stick_up,up,0,1,6,0,55.041504,32.958984,-138.647461,58.623047,97.844238,13.161621,222.806063,230.667821,154.695656,126.330314,-2.78903115,125.304198,222.684506,230.774171,154.67051,114.887063,-2.46635908,135.725578,0.0380577751,0.021973,0.163458842,0.121556888,-0.106350367,0.0251458864,1.23430748,1.84790887
1.11185431,right_stick_up,up,0,1,7,0,55.041504,32.958984,-138.647461,58.623047,97.866211,13.183594,222.806526,230.67356,154.719909,126.319418,-2.80747347,125.341311,222.684506,230.774171,154.67051,114.887063,-2.46635908,135.725578,0.0581343376,0.043945,0.165685988,0.122020543,-0.100610857,0.0493992815,1.23836995,0.993404516
1.13700104,right_stick_up,up,0,1,8,0,55.041504,32.958984,-138.647461,58.623047,97.888184,13.161621,222.806981,230.6793,154.744163,126.288228,-2.77700106,125.356014,222.684506,230.774171,154.67051,114.887063,-2.46635908,135.725578,0.072875292,0.065918,0.171537909,0.12247465,-0.0948708949,0.0736527504,1.2357282,0.991285339
1.16208577,right_stick_up,up,0,1,9,0,55.041504,32.958984,-138.647461,58.666992,97.932129,13.183594,222.873025,230.637415,154.794466,126.220598,-2.82830902,125.405122,222.684506,230.774171,154.67051,114.887063,-2.46635908,135.725578,0.131835833,0.109863,0.263831504,0.188519341,-0.136756707,0.123956135,2.62780011,3.70695255
1.18725491,right_stick_up,up,0,1,10,0,55.063477,32.958984,-138.647461,58.666992,97.976074,13.183594,222.785396,230.734358,154.842971,126.189694,-2.79229182,125.468122,222.684506,230.774171,154.67051,114.887063,-2.46635908,135.725578,0.168774691,0.153808,0.203732283,0.100890412,-0.0398133187,0.172461205,1.95208254,5.53813528
1.2124691,right_stick_up,up,0,1,11,0,55.063477,32.937012,-138.647461,58.666992,98.02002,13.205566,222.769691,230.722222,154.800695,126.162047,-2.78439246,125.508812,222.684506,230.774171,154.67051,114.887063,-2.46635908,135.725578,0.214162926,0.197754,0.164022606,0.0851849368,-0.0519494839,0.130185226,2.13458415,1.85226586
1.23761868,right_stick_up,up,0,1,12,0,55.063477,32.937012,-138.647461,58.710938,98.063965,13.227539,222.835611,230.680354,154.851011,126.094343,-2.83556929,125.557869,222.684506,230.774171,154.67051,114.887063,-2.46635908,135.725578,0.274438439,0.241699,0.253406367,0.151104874,-0.0938172234,0.180500506,2.62105066,3.69380461
1.26277184,right_stick_up,up,0,1,13,0,55.063477,32.937012,-138.647461,58.688965,98.129883,13.249512,222.804127,230.724316,154.922854,126.059083,-2.82243479,125.653699,222.684506,230.774171,154.67051,114.887063,-2.46635908,135.725578,0.332506606,0.307617,0.283676477,0.119621334,-0.0498556918,0.252343991,2.89726188,3.57483453
1.28800035,right_stick_up,up,0,1,14,0,55.063477,32.915039,-138.625488,58.710938,98.173828,13.249512,222.862442,230.745029,154.904664,125.999028,-2.82972313,125.698438,222.684506,230.774171,154.67051,114.887063,-2.46635908,135.725578,0.381843871,0.351562,0.295530631,0.177935793,-0.029141816,0.234153714,2.30431206,2.55671747
1.31311369,right_stick_up,up,0,1,15,0,55.085449,32.893066,-138.625488,58.754883,98.261719,13.293457,222.823825,230.776545,154.912684,125.914776,-2.84877688,125.799357,222.684506,230.774171,154.67051,114.887063,-2.46635908,135.725578,0.489354312,0.439453,0.279398584,0.139318711,0.00237370678,0.242173969,4.46133298,2.01032388
1.33827543,right_stick_up,up,0,1,16,0,55.085449,32.871094,-138.625488,58.798828,98.327637,13.31543,222.873278,230.716846,154.896476,125.830214,-2.87327651,125.851871,222.684506,230.774171,154.67051,114.887063,-2.46635908,135.725578,0.571711408,0.505371,0.299969462,0.188772045,-0.0573256373,0.225965848,3.3820993,3.14756218
1.36342072,right_stick_up,up,0,1,17,0,55.107422,32.849121,-138.625488,58.820801,98.415527,13.337402,222.801855,230.775122,154.903591,125.75361,-2.848363,125.94848,222.684506,230.774171,154.67051,114.887063,-2.46635908,135.725578,0.667548787,0.593261,0.260956289,0.117348761,0.000950328344,0.233080565,3.90785797,3.67684556
1.38864541,right_stick_up,up,0,1,18,0,55.107422,32.827148,-138.647461,58.842773,98.481445,13.337402,222.777125,230.682738,154.86337,125.681187,-2.80863913,125.974404,222.684506,230.774171,154.67051,114.887063,-2.46635908,135.725578,0.736984542,0.659179,0.232666014,0.0926188101,-0.091433739,0.192860315,3.01750242,4.11303295
1.41381764,right_stick_up,up,0,1,19,0,55.129395,32.783203,-138.625488,58.886719,98.591309,13.381348,222.763136,230.755969,154.827996,125.575605,-2.82102401,126.101061,222.684506,230.774171,154.67051,114.887063,-2.46635908,135.725578,0.87007305,0.769043,0.176962565,0.0786300493,-0.0182027727,0.157485631,5.45125325,3.2782821
1.43897057,right_stick_up,up,0,1,20,0,55.129395,32.76123,-138.625488,58.908691,98.679199,13.40332,222.779793,230.728911,154.835119,125.487663,-2.81964552,126.186263,222.684506,230.774171,154.67051,114.887063,-2.46635908,135.725578,0.965046855,0.856933,0.195510316,0.0952868772,-0.0452603289,0.164609226,3.80774025,1.2945754
1.46413755,right_stick_up,up,0,1,21,0,55.129395,32.717285,-138.625488,58.974609,98.811035,13.447266,222.845008,230.636452,154.801874,125.336093,-2.84808913,126.297975,222.684506,230.774171,154.67051,114.887063,-2.46635908,135.725578,1.12340198,0.988769,0.248966002,0.160502126,-0.137719746,0.131363652,6.35608509,4.68582552
1.48924065,right_stick_up,up,0,1,22,0,55.151367,32.695312,-138.625488,58.974609,98.898926,13.469238,222.740368,230.721675,154.80804,125.277225,-2.80344364,126.401513,222.684506,230.774171,154.67051,114.887063,-2.46635908,135.725578,1.21288242,1.07666,0.157451057,0.0558621894,-0.0524963596,0.137529573,3.81533515,5.38159339
1.51439571,right_stick_up,up,0,1,23,0,55.17334,32.651367,-138.603516,59.0625,99.030762,13.513184,222.790335,230.747366,154.79874,125.114203,-2.84715562,126.539564,222.684506,230.774171,154.67051,114.887063,-2.46635908,135.725578,1.38043556,1.208496,0.168408043,0.105828833,-0.0268051518,0.128230304,6.87786516,2.26391461
1.53961897,right_stick_up,up,0,1,24,0,55.17334,32.629395,-138.603516,59.084473,99.140625,13.535156,222.806243,230.726375,154.830081,125.004807,-2.8389515,126.650248,222.684506,230.774171,154.67051,114.887063,-2.46635908,135.725578,1.49462483,1.318359,0.20631786,0.121736613,-0.0477961024,0.15957064,4.60955252,1.6230136
1.5689714,right_stick_up,up,0,1,25,0,55.195312,32.563477,-138.603516,59.172363,99.338379,13.601074,222.797464,230.686876,154.77978,124.797067,-2.84642114,126.832253,222.684506,230.774171,154.67051,114.887063,-2.46635908,135.725578,1.73026764,1.516113,0.179777371,0.112957729,-0.0872954521,0.109270118,8.06245278,2.19932343
1.59881711,right_stick_up,up,0,1,26,0,55.217285,32.519531,-138.603516,59.216309,99.492188,13.623047,222.739933,230.712913,154.76981,124.642793,-2.79998754,126.976248,222.684506,230.774171,154.67051,114.887063,-2.46635908,135.725578,1.89704363,1.669922,0.129171449,0.0554270552,-0.0612580673,0.0993003216,5.65494897,2.14203591
1.6291275,right_stick_up,up,0,1,27,0,55.239258,32.475586,-138.581543,59.304199,99.645996,13.688965,222.787875,230.744687,154.784674,124.467936,-2.85996593,127.150883,222.684506,230.774171,154.67051,114.887063,-2.46635908,135.725578,2.08982902,1.82373,0.156805443,0.103369305,-0.0294840232,0.114164032,6.48387137,1.95989579
1.65423322,right_stick_up,up,0,1,28,0,55.239258,32.431641,-138.603516,59.348145,99.777832,13.688965,222.77712,230.620305,154.727758,124.31806,-2.7981265,127.223903,222.684506,230.774171,154.67051,114.887063,-2.46635908,135.725578,2.22965601,1.955566,0.188492965,0.0926141707,-0.153866393,0.0572481129,5.87106478,5.46521469
1.6793716,right_stick_up,up,0,1,29,0,55.26123,32.387695,-138.581543,59.414062,99.975586,13.776855,222.791069,230.691029,154.789928,124.128351,-2.84966937,127.46814,222.684506,230.774171,154.67051,114.887063,-2.46635908,135.725578,2.45887615,2.15332,0.180357646,0.10656267,-0.0831423017,0.119417902,9.2502549,3.78672494
1.7045083,right_stick_up,up,0,1,30,0,55.283203,32.34375,-138.581543,59.47998,100.107422,13.776855,222.764469,230.684654,154.756819,123.966703,-2.80306653,127.567247,222.684506,230.774171,154.67051,114.887063,-2.46635908,135.725578,2.60846011,2.285156,0.147840292,0.0799634383,-0.0895173635,0.0863089922,6.18100673,1.70849802
1.72969389,right_stick_up,up,0,1,31,0,55.305176,32.277832,-138.581543,59.523926,100.283203,13.864746,222.687855,230.693562,154.680343,123.825596,-2.79989005,127.748953,222.684506,230.774171,154.67051,114.887063,-2.46635908,135.725578,2.81584501,2.460937,0.0812760349,0.00334942123,-0.0806095202,0.00983262367,8.45852663,4.31267258
1.75495219,right_stick_up,up,0,1,32,0,55.305176,32.255859,-138.55957,59.589844,100.437012,13.886719,222.805749,230.690813,154.784691,123.631591,-2.83505377,127.917211,222.684506,230.774171,154.67051,114.887063,-2.46635908,135.725578,2.98343055,2.614746,0.186241054,0.121242702,-0.0833586325,0.114180891,6.79429816,6.23415225
1.7800703,right_stick_up,up,0,1,33,0,55.327148,32.189941,-138.55957,59.655762,100.634766,13.930664,222.759751,230.679234,154.733407,123.430392,-2.79523381,128.093583,222.684506,230.774171,154.67051,114.887063,-2.46635908,135.725578,3.20665317,2.8125,0.136495315,0.0752450755,-0.0949373496,0.0628971326,8.9209721,2.78110396
1.80529761,right_stick_up,up,0,1,34,0,55.349121,32.145996,-138.537598,59.699707,100.788574,13.974609,222.739316,230.765207,154.745869,123.280287,-2.79076207,128.270101,222.684506,230.774171,154.67051,114.887063,-2.46635908,135.725578,3.37957674,2.966308,0.093613587,0.0548105097,-0.0089647356,0.0753587766,6.9132129,3.53752014
1.83052778,right_stick_up,up,0,1,35,0,55.371094,32.102051,-138.537598,59.765625,100.942383,14.040527,222.709889,230.765396,154.736911,123.126919,-2.80762415,128.429015,222.684506,230.774171,154.67051,114.887063,-2.46635908,135.725578,3.56438173,3.120117,0.0716264254,0.0253825841,-0.00877531618,0.066400776,7.38974411,1.21924418
1.85565162,right_stick_up,up,0,1,36,0,55.393066,32.058105,-138.537598,59.853516,101.162109,14.084473,222.709839,230.757284,154.801515,122.880553,-2.79904471,128.644789,222.684506,230.774171,154.67051,114.887063,-2.46635908,135.725578,3.80881869,3.339843,0.134496522,0.025333037,-0.0168877865,0.131005169,9.778029,2.59163334
1.88076401,right_stick_up,up,0,1,37,0,55.393066,32.01416,-138.515625,59.897461,101.315918,14.106445,222.776229,230.758121,154.813806,122.708556,-2.7929967,128.797269,222.684506,230.774171,154.67051,114.887063,-2.46635908,135.725578,3.97462174,3.493652,0.170892984,0.0917231092,-0.0160498576,0.143295796,6.72079951,2.68884613
1.90597892,right_stick_up,up,0,1,38,0,55.415039,31.948242,-138.515625,60.007324,101.535645,14.172363,222.790365,230.699716,154.788846,122.458589,-2.8044599,128.994995,222.684506,230.774171,154.67051,114.887063,-2.46635908,135.725578,4.23685001,3.713379,0.175365326,0.105859089,-0.0744550846,0.118335503,10.456994,2.58058785
1.93114996,right_stick_up,up,0,1,39,0,55.437012,31.904297,-138.515625,60.029297,101.689453,14.238281,222.694403,230.754299,154.77753,122.340983,-2.78249941,129.168269,222.684506,230.774171,154.67051,114.887063,-2.46635908,135.725578,4.4072017,3.867187,0.109298466,0.00989712098,-0.0198718228,0.10702015,6.9834516,4.40894694
1.95640492,right_stick_up,up,0,1,40,0,55.458984,31.838379,-138.493652,60.13916,101.90918,14.282227,222.747443,230.75505,154.774824,122.075296,-2.78971412,129.375456,222.684506,230.774171,154.67051,114.887063,-2.46635908,135.725578,4.66477984,4.086914,0.123321159,0.0629374876,-0.0191214527,0.104313714,10.2943847,2.10313782
1.98668289,right_stick_up,up,0,1,41,0,55.480957,31.772461,-138.493652,60.227051,102.194824,14.370117,222.723314,230.743073,154.820927,121.787947,-2.78391264,129.667402,222.684506,230.774171,154.67051,114.887063,-2.46635908,135.725578,4.98290185,4.372558,0.158425347,0.0388080311,-0.0310986157,0.150417431,10.5413534,1.76355843
2.01186156,right_stick_up,up,0,1,42,0,55.50293,31.728516,-138.47168,60.314941,102.348633,14.39209,222.762122,230.775966,154.835255,121.589523,-2.78889331,129.815563,222.684506,230.774171,154.67051,114.887063,-2.46635908,135.725578,5.16502291,4.526367,0.182122116,0.0776158512,0.00179517837,0.164745325,7.40484445,2.09907945
2.03709126,right_stick_up,up,0,1,43,0,55.50293,31.68457,-138.47168,60.358887,102.502441,14.436035,222.784465,230.718805,154.824958,121.431696,-2.78276923,129.956925,222.684506,230.774171,154.67051,114.887063,-2.46635908,135.725578,5.33537483,4.680175,0.192123024,0.0999586198,-0.0553658951,0.154447882,6.80197238,2.46655476
2.0673871,right_stick_up,up,0,1,44,0,55.546875,31.59668,-138.449707,60.46875,102.788086,14.523926,222.724575,230.800928,154.803535,121.136188,-2.76935948,130.252369,222.684506,230.774171,154.67051,114.887063,-2.46635908,135.725578,5.66851914,4.96582,0.141481791,0.0400689914,0.0267567119,0.133025003,11.02315,3.42865805
2.09254122,right_stick_up,up,0,1,45,0,55.546875,31.552734,-138.449707,60.512695,102.919922,14.567871,222.747165,230.737712,154.769106,120.999811,-2.76897813,130.368347,222.684506,230.774171,154.67051,114.887063,-2.46635908,135.725578,5.81964345,5.097656,0.122378753,0.0626591043,-0.0364590992,0.09859579,6.05193654,2.99930392
2.11777353,right_stick_up,up,0,1,46,0,55.568848,31.508789,-138.449707,60.556641,103.07373,14.611816,222.679402,230.766427,154.758712,120.852753,-2.73846339,130.521364,222.684506,230.774171,154.67051,114.887063,-2.46635908,135.725578,5.99189069,5.251464,0.0886879546,-0.00510380815,-0.00774462698,0.0882016167,6.85677868,2.94567183
2.14523911,right_stick_up,up,0,1,47,0,55.59082,31.420898,-138.427734,60.688477,103.381348,14.677734,222.735071,230.743259,154.762297,120.494824,-2.73287519,130.809006,222.684506,230.774171,154.67051,114.887063,-2.46635908,135.725578,6.34439294,5.559082,0.109257982,0.0505651077,-0.0309120959,0.0917873565,12.8749228,2.19925382
2.17038512,right_stick_up,up,0,1,48,0,55.59082,31.398926,-138.405762,60.754395,103.513184,14.743652,222.844419,230.735596,154.841553,120.338833,-2.81472648,130.972073,222.684506,230.774171,154.67051,114.887063,-2.46635908,135.725578,6.50357218,5.690918,0.237309112,0.159912601,-0.0385753804,0.171042435,6.53893874,5.37923501
2.19560885,right_stick_up,up,0,1,49,0,55.612793,31.333008,-138.405762,60.776367,103.666992,14.765625,222.726704,230.768022,154.739075,120.205093,-2.72047159,131.098634,222.684506,230.774171,154.67051,114.887063,-2.46635908,135.725578,6.66854669,5.844726,0.0807440418,0.0421980019,-0.00614895866,0.0685647083,6.80356956,6.31963504
2.22298551,right_stick_up,up,0,1,50,0,55.656738,31.26709,-138.383789,60.908203,103.952637,14.853516,222.708282,230.848266,154.808885,119.883617,-2.74075123,131.406059,222.684506,230.774171,154.67051,114.887063,-2.46635908,135.725578,7.0036268,6.130371,0.158754507,0.0237765467,0.0740942084,0.138375278,12.3037307,3.94290912
2.24808431,right_stick_up,up,0,1,51,0,55.656738,31.223145,-138.383789,60.974121,104.106445,14.919434,222.757902,230.765313,154.799559,119.716203,-2.77140314,131.550545,222.684506,230.774171,154.67051,114.887063,-2.46635908,135.725578,7.18656962,6.284179,0.14872453,0.0733960965,-0.00885840344,0.129048547,7.37662129,3.86908279
2.27368402,right_stick_up,up,0,1,52,0,55.678711,31.157227,-138.361816,61.062012,104.326172,14.941406,222.767827,230.795016,154.794547,119.455253,-2.72883431,131.749102,222.684506,230.774171,154.67051,114.887063,-2.46635908,135.725578,7.43176143,6.503906,0.150870772,0.0833206122,0.0208449436,0.124036905,9.71076155,1.23891789
2.29879403,right_stick_up,up,0,1,53,0,55.700684,31.113281,-138.361816,61.105957,104.458008,15.007324,222.698072,230.818227,154.759823,119.339138,-2.72528295,131.888672,222.684506,230.774171,154.67051,114.887063,-2.46635908,135.725578,7.59001816,6.635742,0.100507018,0.0135658682,0.0440556688,0.0893125181,6.43032896,3.23788902
2.32397079,right_stick_up,up,0,1,54,0,55.700684,31.069336,-138.339844,61.149902,104.611816,15.05127,222.754056,230.820922,154.770612,119.17402,-2.73523551,132.049551,222.684506,230.774171,154.67051,114.887063,-2.46635908,135.725578,7.76123168,6.78955,0.130550368,0.0695504098,0.046751015,0.100102356,6.87190285,2.26711004
2.34919596,right_stick_up,up,0,1,55,0,55.722656,31.025391,-138.339844,61.237793,104.765625,15.073242,222.744965,230.796792,154.762526,118.978505,-2.71257915,132.173175,222.684506,230.774171,154.67051,114.887063,-2.46635908,135.725578,7.94259046,6.943359,0.112400658,0.060459399,0.0226202657,0.0920157187,7.33970209,1.07133813
2.37682438,right_stick_up,up,0,1,56,0,55.744629,30.959473,-138.339844,61.325684,105.05127,15.13916,222.705404,230.789032,154.807335,118.676412,-2.67083205,132.448085,222.684506,230.774171,154.67051,114.887063,-2.46635908,135.725578,8.2552589,7.229004,0.139206716,0.0208978382,0.0148605706,0.136824536,11.359059,2.18165558
2.40207291,right_stick_up,up,0,1,57,0,55.744629,30.893555,-138.339844,61.391602,105.183105,15.183105,222.737864,230.676386,154.683371,118.525934,-2.66084454,132.533211,222.684506,230.774171,154.67051,114.887063,-2.46635908,135.725578,8.41902536,7.360839,0.112136248,0.0533581978,-0.0977856533,0.0128610597,6.62763277,6.75745997
2.42730331,right_stick_up,up,0,1,58,0,55.766602,30.871582,-138.317871,61.435547,105.336914,15.249023,222.719342,230.78883,154.784306,118.375515,-2.69108137,132.739555,222.684506,230.774171,154.67051,114.887063,-2.46635908,135.725578,8.59195439,7.514648,0.119908352,0.0348356851,0.0146584342,0.113796389,7.02127508,6.03368681
2.45238709,right_stick_up,up,0,1,59,0,55.788574,30.783691,-138.295898,61.567383,105.622559,15.314941,222.76329,230.761836,154.762503,118.035405,-2.68120306,132.99749,222.684506,230.774171,154.67051,114.887063,-2.46635908,135.725578,8.92533522,7.800293,0.121745188,0.0787842322,-0.0123354912,0.091993322,13.3424083,2.23234769
2.47747993,right_stick_up,up,0,1,60,0,55.788574,30.739746,-138.295898,61.611328,105.776367,15.336914,222.776226,230.707324,154.751324,117.865059,-2.64386379,133.123289,222.684506,230.774171,154.67051,114.887063,-2.46635908,135.725578,9.09041424,7.954101,0.139326695,0.0917199824,-0.0668470379,0.0808136516,6.66875884,2.27674175
2.50263619,right_stick_up,up,0,1,61,0,55.810547,30.695801,-138.295898,61.655273,105.908203,15.380859,222.702902,230.731565,154.716271,117.737972,-2.61401881,133.249668,222.684506,230.774171,154.67051,114.887063,-2.46635908,135.725578,9.24333454,8.085937,0.0651749752,0.0183961633,-0.042606267,0.0457609504,6.11412155,3.37131694
2.52786279,right_stick_up,up,0,1,62,0,55.810547,30.651855,-138.273926,61.721191,106.040039,15.424805,222.788659,230.70119,154.703904,117.57513,-2.64493349,133.37644,222.684506,230.774171,154.67051,114.887063,-2.46635908,135.725578,9.40262789,8.217773,0.131488705,0.104153236,-0.0729809961,0.0333939686,6.40061608,3.63957871
2.55614161,right_stick_up,up,0,1,63,0,55.83252,30.585938,-138.251953,61.787109,106.303711,15.512695,222.752687,230.773535,154.743783,117.316014,-2.63250252,133.666474,222.684506,230.774171,154.67051,114.887063,-2.46635908,135.725578,9.6949718,8.481445,0.100090041,0.0681814226,-0.000636755105,0.0732728083,10.4245441,3.18612384
2.5812943,right_stick_up,up,0,1,64,0,55.854492,30.563965,-138.251953,61.875,106.435547,15.534668,222.757391,230.767707,154.80207,117.135172,-2.63444114,133.784715,222.684506,230.774171,154.67051,114.887063,-2.46635908,135.725578,9.85174098,8.613281,0.150539505,0.0728853273,-0.00646445949,0.131560185,6.47858661,2.33639279
2.60642147,right_stick_up,up,0,1,65,0,55.876465,30.52002,-138.251953,61.896973,106.54541,15.578613,222.653735,230.812658,154.7415,117.048585,-2.59371896,133.894481,222.684506,230.774171,154.67051,114.887063,-2.46635908,135.725578,9.97817434,8.723144,0.0864154235,-0.0307709466,0.0384865514,0.0709898558,5.17334988,5.10185103
2.63509941,right_stick_up,up,0,1,66,0,55.876465,30.454102,-138.22998,62.006836,106.787109,15.644531,222.769734,230.738993,154.760215,116.752547,-2.62005599,134.117649,222.684506,230.774171,154.67051,114.887063,-2.46635908,135.725578,10.2587592,8.964843,0.128640398,0.0852282959,-0.0351781084,0.0897050175,9.84183734,4.83582562
2.66021585,right_stick_up,up,0,1,67,0,55.898438,30.410156,-138.22998,62.006836,106.875,15.688477,222.636867,230.80436,154.674245,116.706838,-2.56944217,134.211196,222.684506,230.774171,154.67051,114.887063,-2.46635908,135.725578,10.3587733,9.052734,0.0565220285,-0.0476384998,0.0301888338,0.00373461618,4.37419412,6.81716931
2.68533897,right_stick_up,up,0,1,68,0,55.898438,30.388184,-138.22998,62.072754,106.984863,15.710449,222.700079,230.733758,154.707136,116.555433,-2.58287907,134.299932,222.684506,230.774171,154.67051,114.887063,-2.46635908,135.725578,10.4872653,9.162597,0.0567206644,0.0155730018,-0.0404135705,0.0366259294,5.24757687,3.99276362
2.71293712,right_stick_up,up,0,1,69,0,55.92041,30.322266,-138.208008,62.138672,107.182617,15.754395,222.668698,230.786337,154.674944,116.34188,-2.54436515,134.490205,222.684506,230.774171,154.67051,114.887063,-2.46635908,135.725578,10.7113483,9.360351,0.0204346745,-0.0158083144,0.012166115,0.00443382026,8.15826038,2.50665634
2.73805523,right_stick_up,up,0,1,70,0,55.92041,30.300293,-138.208008,62.20459,107.29248,15.79834,222.731189,230.715896,154.707769,116.20032,-2.57965767,134.591435,222.684506,230.774171,154.67051,114.887063,-2.46635908,135.725578,10.8452136,9.470214,0.0834482618,0.046683315,-0.0582757173,0.0372588415,5.46294785,3.97017508
2.76315618,right_stick_up,up,0,1,71,0,55.942383,30.27832,-138.186035,62.226562,107.380371,15.820312,222.684138,230.835823,154.734635,116.113178,-2.56637685,134.705782,222.684506,230.774171,154.67051,114.887063,-2.46635908,135.725578,10.9426469,9.558105,0.0889554347,-0.000367766982,0.0616512451,0.0641253311,4.01146733,5.24275889
2.79346442,right_stick_up,up,0,1,72,0,55.942383,30.234375,-138.186035,62.248535,107.512207,15.842285,222.663856,230.80296,154.697447,115.982741,-2.51594908,134.813733,222.684506,230.774171,154.67051,114.887063,-2.46635908,135.725578,11.0812351,9.689941,0.0445061447,-0.0206496804,0.0287886071,0.0269370325,4.69836335,1.76890135
2.81859398,right_stick_up,up,0,1,73,0,55.942383,30.19043,-138.186035,62.336426,107.62207,15.908203,222.740863,230.681598,154.641331,115.838611,-2.56754985,134.898409,222.684506,230.774171,154.67051,114.887063,-2.46635908,135.725578,11.233121,9.799804,0.112237924,0.0563570467,-0.0925734167,-0.0291787154,6.42531546,6.14008505
2.84381795,right_stick_up,up,0,1,74,0,55.964355,30.19043,-138.186035,62.380371,107.709961,15.908203,222.701958,230.740873,154.739244,115.722481,-2.5480249,134.991353,222.684506,230.774171,154.67051,114.887063,-2.46635908,135.725578,11.3261952,9.887695,0.0783437632,0.0174525096,-0.03329783,0.0687343412,3.99189369,4.79261958
2.8741684,right_stick_up,up,0,1,75,0,55.964355,30.124512,-138.164062,62.380371,107.841797,15.952148,222.672135,230.769,154.630692,115.620701,-2.50281318,135.120286,222.684506,230.774171,154.67051,114.887063,-2.46635908,135.725578,11.4691157,10.019531,0.0420153109,-0.0123711846,-0.00517080955,-0.0398183735,5.11920534,3.8231944
2.89932561,right_stick_up,up,0,1,76,0,55.964355,30.124512,-138.14209,62.446289,107.907715,15.974121,222.794918,230.766109,154.727316,115.500744,-2.57360083,135.201472,222.684506,230.774171,154.67051,114.887063,-2.46635908,135.725578,11.5547968,10.085449,0.124429674,0.11041222,-0.00806198662,0.0568057193,3.90602398,6.21174059
2.92454934,right_stick_up,up,0,1,77,0,55.986328,30.102539,-138.14209,62.468262,107.973633,15.974121,222.71136,230.821687,154.709411,115.432025,-2.52303502,135.257551,222.684506,230.774171,154.67051,114.887063,-2.46635908,135.725578,11.6267744,10.151367,0.0670236503,0.0268536255,0.0475157113,0.0389012811,3.01762795,4.04137853
2.94999194,right_stick_up,up,0,1,78,0,55.986328,30.058594,-138.14209,62.490234,108.083496,16.018066,222.693139,230.782153,154.648317,115.333841,-2.50154346,135.353926,222.684506,230.774171,154.67051,114.887063,-2.46635908,135.725578,11.751468,10.26123,0.0251149549,0.00863274872,0.00798184254,-0.0221929449,5.03568551,2.94844898
2.97509599,right_stick_up,up,0,1,79,0,55.986328,30.036621,-138.14209,62.53418,108.149414,16.018066,222.729241,230.725174,154.632029,115.235311,-2.48913775,135.388582,222.684506,230.774171,154.67051,114.887063,-2.46635908,135.725578,11.8290256,10.327148,0.0766992027,0.044735552,-0.0489968156,-0.0384812959,3.27495562,2.76418761
3.00016975,right_stick_up,up,0,1,80,0,55.986328,30.036621,-138.14209,62.53418,108.193359,16.062012,222.722228,230.739443,154.67928,115.210417,-2.51828995,135.462721,222.684506,230.774171,154.67051,114.887063,-2.46635908,135.725578,11.8780647,10.371093,0.0520184007,0.0377224982,-0.0347278445,0.00876949068,2.4786193,1.988294
3.02540064,right_stick_up,up,0,1,81,0,56.008301,30.014648,-138.120117,62.578125,108.237305,16.040039,222.711906,230.81813,154.66008,115.128841,-2.49139911,135.494061,222.684506,230.774171,154.67051,114.887063,-2.46635908,135.725578,11.9337823,10.415039,0.0528388171,0.0274001511,0.0439588366,-0.0104303881,3.01678395,3.23612721
3.05478072,right_stick_up,up,0,1,82,0,56.008301,29.992676,-138.14209,62.578125,108.325195,16.083984,222.642879,230.765418,154.64339,115.071859,-2.46080607,135.574672,222.684506,230.774171,154.67051,114.887063,-2.46635908,135.725578,12.0256282,10.502929,0.0504475066,-0.0416273856,-0.00875285691,-0.0271200883,3.50782399,3.01024792
3.080055,right_stick_up,up,0,1,83,0,56.008301,29.992676,-138.120117,62.62207,108.347168,16.105957,222.740639,230.775498,154.690993,115.015335,-2.53010603,135.615748,222.684506,230.774171,154.67051,114.887063,-2.46635908,135.725578,12.0656891,10.524902,0.0597677061,0.0561327495,0.00132695007,0.0204824881,2.30013853,4.32060055
3.10527444,right_stick_up,up,0,1,84,0,56.008301,29.992676,-138.14209,62.600098,108.369141,16.083984,222.667073,230.752538,154.692255,115.008052,-2.46161426,135.614332,222.684506,230.774171,154.67051,114.887063,-2.46635908,135.725578,12.0712902,10.546875,0.0352807389,-0.0174329596,-0.0216328242,0.021744962,1.74252478,3.05620057
3.1338861,right_stick_up,up,0,1,85,0,56.008301,29.970703,-138.120117,62.62207,108.435059,16.105957,222.710113,230.780194,154.694958,114.931743,-2.47688144,135.691019,222.684506,230.774171,154.67051,114.887063,-2.46635908,135.725578,12.147819,10.612793,0.0359121393,0.0256071002,0.00602306088,0.0244475134,2.76892948,1.79055796
3.15905857,right_stick_up,up,0,1,86,0,56.008301,29.94873,-138.120117,62.644043,108.457031,16.12793,222.721671,230.736202,154.629766,114.906992,-2.48557983,135.698903,222.684506,230.774171,154.67051,114.887063,-2.46635908,135.725578,12.1850411,10.634765,0.0669550535,0.0371647876,-0.0379690383,-0.0407444461,1.7457761,3.15786869
3.18417335,right_stick_up,up,0,1,87,0,56.008301,29.94873,-138.120117,62.62207,108.479004,16.12793,222.686727,230.770581,154.651707,114.903247,-2.46146773,135.731313,222.684506,230.774171,154.67051,114.887063,-2.46635908,135.725578,12.1969618,10.656738,0.0192711165,0.002220646,-0.00359027546,-0.0188030472,1.23730015,2.13845326
3.21271276,right_stick_up,up,0,1,88,0,56.030273,29.94873,-138.098145,62.666016,108.479004,16.105957,222.699479,230.858869,154.675691,114.860103,-2.47214595,135.735248,222.684506,230.774171,154.67051,114.887063,-2.46635908,135.725578,12.2088904,10.656738,0.0861670962,0.0149726016,0.0846979639,0.0051811746,2.03698391,3.23666168
3.23790598,right_stick_up,up,0,1,89,0,56.030273,29.94873,-138.120117,62.644043,108.500977,16.149902,222.625916,230.835945,154.676957,114.88296,-2.47043435,135.773035,222.684506,230.774171,154.67051,114.887063,-2.46635908,135.725578,12.2304826,10.678711,0.0853837302,-0.0585900998,0.0617739781,0.00644648905,2.30752451,3.05884708
3.26304293,right_stick_up,up,0,1,90,0,56.030273,29.94873,-138.120117,62.666016,108.500977,16.149902,222.657241,230.808746,154.678616,114.864169,-2.48674289,135.764623,222.684506,230.774171,154.67051,114.887063,-2.46635908,135.725578,12.2377637,10.678711,0.0447718821,-0.0272653324,0.0345749193,0.0081054326,0.87413159,1.65169032
3.28867292,right_stick_up,up,0,1,91,0,56.030273,29.94873,-138.120117,62.644043,108.500977,16.149902,222.625916,230.835945,154.676957,114.88296,-2.47043435,135.773035,222.684506,230.774171,154.67051,114.887063,-2.46635908,135.725578,12.2304826,10.678711,0.0853837302,-0.0585900998,0.0617739781,0.00644648905,0.857315738,1.61991641
3.31440401,right_stick_up,up,0,1,92,0,56.030273,29.926758,-138.120117,62.666016,108.500977,16.149902,222.641092,230.784777,154.588185,114.870695,-2.46463629,135.743862,222.684506,230.774171,154.67051,114.887063,-2.46635908,135.725578,12.2431869,10.678711,0.0936735732,-0.0434143886,0.0106056504,-0.0823252656,1.20763681,4.02550123
3.33952355,right_stick_up,up,0,1,93,0,56.030273,29.94873,-138.120117,62.666016,108.500977,16.149902,222.657241,230.808746,154.678616,114.864169,-2.48674289,135.764623,222.684506,230.774171,154.67051,114.887063,-2.46635908,135.725578,12.2377637,10.678711,0.0447718821,-0.0272653324,0.0345749193,0.0081054326,0.874697439,3.77940689
3.36467052,right_stick_up,up,0,1,94,0,56.030273,29.926758,-138.120117,62.666016,108.500977,16.12793,222.641092,230.784777,154.588185,114.86065,-2.44238713,135.730792,222.684506,230.774171,154.67051,114.887063,-2.46635908,135.725578,12.2378426,10.678711,0.0936735732,-0.0434143886,0.0106056504,-0.0823252656,1.23566025,3.77528614
3.39287639,right_stick_up,up,0,1,95,0,56.008301,29.94873,-138.120117,62.666016,108.500977,16.12793,222.745736,230.723344,154.678616,114.843139,-2.48628761,135.73848,222.684506,230.774171,154.67051,114.887063,-2.46635908,135.725578,12.2307001,10.678711,0.0799887903,0.0612296954,-0.0508274821,0.0081054326,1.10165361,5.36535384
3.39947486,return_center_after_up,center,0,0,0,0,56.008301,29.94873,-138.120117,62.666016,108.500977,16.12793,222.745736,230.723344,154.678616,114.843139,-2.48628761,135.73848,222.684506,230.774171,154.67051,126.38039,-2.75156937,125.296408,12.2307001,10.678711,0.0799887903,0.0612296954,-0.0508274821,0.0081054326,0,0
3.42464352,return_center_after_up,center,0,0,1,0,56.030273,29.94873,-138.120117,62.644043,108.500977,16.12793,222.625916,230.835945,154.676957,114.872913,-2.44818225,135.759967,222.684506,230.774171,154.67051,126.38039,-2.75156937,125.296408,12.2251328,10.678711,0.0853837302,-0.0585900998,0.0617739781,0.00644648905,1.23462317,6.53329469
3.45176888,return_center_after_up,center,0,0,2,0,56.030273,29.94873,-138.120117,62.644043,108.500977,16.149902,222.625916,230.835945,154.676957,114.88296,-2.47043435,135.773035,222.684506,230.774171,154.67051,126.38039,-2.75156937,125.296408,12.2304826,10.678711,0.0853837302,-0.0585900998,0.0617739781,0.00644648905,0.810016942,0
3.47691584,return_center_after_up,center,0,0,3,0,56.030273,29.926758,-138.120117,62.644043,108.500977,16.12793,222.609766,230.811975,154.586524,114.879439,-2.42607918,135.739201,222.684506,230.774171,154.67051,126.38039,-2.75156937,125.296408,12.2305616,10.678711,0.118612072,-0.0747395117,0.0378041813,-0.0839861473,1.23566025,3.77536726
3.502002,return_center_after_up,center,0,0,4,0,56.008301,29.94873,-138.120117,62.687988,108.500977,16.149902,222.777038,230.696123,154.680279,114.834383,-2.52483682,135.743136,222.684506,230.774171,154.67051,126.38039,-2.75156937,125.296408,12.2433644,10.678711,0.12144666,0.0925325239,-0.0780486095,0.00976922482,2.31734125,8.93063696
3.52711105,return_center_after_up,center,0,0,5,0,56.008301,29.926758,-138.120117,62.666016,108.479004,16.12793,222.733201,230.692194,154.564592,114.872196,-2.47199136,135.693728,222.684506,230.774171,154.67051,126.38039,-2.75156937,125.296408,12.2169549,10.656738,0.142513513,0.048695537,-0.0819774889,-0.105917597,1.75014568,4.92954651
3.55234742,return_center_after_up,center,0,0,6,0,56.008301,29.94873,-138.120117,62.644043,108.479004,16.12793,222.718051,230.743378,154.653362,114.884461,-2.47778112,135.722903,222.684506,230.774171,154.67051,126.38039,-2.75156937,125.296408,12.2042233,10.656738,0.04865715,0.0335447833,-0.0307929438,-0.0171481887,1.23131059,4.10450778
3.57747078,return_center_after_up,center,0,0,7,0,56.030273,29.94873,-138.120117,62.666016,108.457031,16.12793,222.664495,230.794391,154.631426,114.899196,-2.48009234,135.703561,222.684506,230.774171,154.67051,126.38039,-2.75156937,125.296408,12.1940717,10.634765,0.0483404867,-0.0200109512,0.0202192778,-0.0390838239,1.51483633,3.07072186
3.60262799,return_center_after_up,center,0,0,8,0,56.008301,29.94873,-138.120117,62.644043,108.435059,16.12793,222.725281,230.729027,154.606169,114.929517,-2.49337779,135.674901,222.684506,230.774171,154.67051,126.38039,-2.75156937,125.296408,12.1658693,10.612793,0.0885461599,0.040775209,-0.0451443686,-0.0643412057,1.51277478,3.68740168
3.63211155,return_center_after_up,center,0,0,9,0,56.008301,29.94873,-138.098145,62.62207,108.369141,16.12793,222.743387,230.792045,154.554374,115.009354,-2.52251817,135.632035,222.684506,230.774171,154.67051,126.38039,-2.75156937,125.296408,12.1020676,10.546875,0.131431014,0.0588815326,0.0178735896,-0.116136176,2.47171639,2.83403025
3.65822673,return_center_after_up,center,0,0,10,0,56.008301,29.94873,-138.120117,62.600098,108.347168,16.083984,222.676975,230.754756,154.508448,115.03706,-2.44731167,135.569525,222.684506,230.774171,154.67051,126.38039,-2.75156937,125.296408,12.0639286,10.524902,0.163394323,-0.00753045377,-0.0194148162,-0.162061908,2.22607463,3.40564481
3.68335938,return_center_after_up,center,0,0,11,0,56.008301,29.970703,-138.120117,62.556152,108.28125,16.062012,222.641137,230.811669,154.524763,115.125596,-2.43767563,135.521947,222.684506,230.774171,154.67051,126.38039,-2.75156937,125.296408,11.9810627,10.458984,0.156617757,-0.0433685868,0.037497518,-0.145747122,3.38603409,2.75365369
3.70856404,return_center_after_up,center,0,0,12,0,56.008301,29.970703,-138.120117,62.53418,108.259277,16.083984,222.613319,230.831701,154.499506,115.176929,-2.45136208,135.519295,222.684506,230.774171,154.67051,126.38039,-2.75156937,125.296408,11.9599889,10.437011,0.193957713,-0.0711871671,0.0575299113,-0.171003774,1.50992713,1.68937595
3.73379827,return_center_after_up,center,0,0,13,0,56.008301,29.970703,-138.120117,62.578125,108.215332,16.062012,222.683084,230.763007,154.455562,115.174303,-2.47733909,135.441449,222.684506,230.774171,154.67051,126.38039,-2.75156937,125.296408,11.9308688,10.393066,0.21524241,-0.00142218071,-0.0111640898,-0.214947984,2.61221972,4.25286778
3.7590313,return_center_after_up,center,0,0,14,0,56.008301,29.992676,-138.14209,62.53418,108.127441,16.062012,222.61187,230.755441,154.427539,115.301768,-2.47557844,135.361911,222.684506,230.774171,154.67051,126.38039,-2.75156937,125.296408,11.8332286,10.305175,0.254286919,-0.0726357289,-0.0187301469,-0.242971335,4.0843777,3.04767337
3.78426957,return_center_after_up,center,0,0,15,0,55.986328,30.014648,-138.14209,62.490234,108.083496,16.018066,222.66077,230.734189,154.467427,115.346714,-2.45747709,135.312265,222.684506,230.774171,154.67051,126.38039,-2.75156937,125.296408,11.7623915,10.26123,0.208337546,-0.0237360007,-0.0399821099,-0.203082658,3.25753778,2.63836591
3.81143498,return_center_after_up,center,0,0,16,0,55.986328,30.058594,-138.164062,62.468262,107.95166,15.996094,222.643679,230.709212,154.484118,115.483752,-2.48706195,135.183912,222.684506,230.774171,154.67051,126.38039,-2.75156937,125.296408,11.6228909,10.129394,0.201564911,-0.0408267167,-0.0649593774,-0.186391717,5.30396169,1.27228605
3.83659029,return_center_after_up,center,0,0,17,0,55.986328,30.080566,-138.14209,62.424316,107.907715,15.974121,222.642672,230.83081,154.544754,115.54332,-2.49117772,135.181065,222.684506,230.774171,154.67051,126.38039,-2.75156937,125.296408,11.5601021,10.085449,0.144127344,-0.0418338017,0.0566390963,-0.12575626,2.89700276,5.40171499
3.86181712,return_center_after_up,center,0,0,18,0,55.986328,30.102539,-138.164062,62.402344,107.819824,15.952148,222.602227,230.796134,154.5182,115.641787,-2.48306795,135.079935,222.684506,230.774171,154.67051,126.38039,-2.75156937,125.296408,11.4644,9.997558,0.174501115,-0.0822789869,0.0219627664,-0.152310355,3.89525343,2.35964249
3.89132738,return_center_after_up,center,0,0,19,0,55.964355,30.146484,-138.164062,62.336426,107.687988,15.908203,222.64893,230.797773,154.552274,115.788733,-2.50062613,134.962909,222.684506,230.774171,154.67051,126.38039,-2.75156937,125.296408,11.3041784,9.865722,0.125708321,-0.0355763996,0.0236019095,-0.118236423,5.47149808,1.95981636
3.91648293,return_center_after_up,center,0,0,20,0,55.964355,30.168457,-138.164062,62.314453,107.600098,15.88623,222.646904,230.820673,154.546431,115.88073,-2.51420511,134.882522,222.684506,230.774171,154.67051,126.38039,-2.75156937,125.296408,11.2094145,9.777832,0.137738424,-0.03760182,0.0465014495,-0.124078974,3.80736151,0.942923448
3.94170713,return_center_after_up,center,0,0,21,0,55.964355,30.19043,-138.186035,62.29248,107.512207,15.864258,222.605874,230.786076,154.519717,115.979005,-2.50572981,134.781172,222.684506,230.774171,154.67051,126.38039,-2.75156937,125.296408,11.1137333,9.689941,0.170479359,-0.0786315502,0.0119051104,-0.150793101,3.89566729,2.37668093
3.97088575,return_center_after_up,center,0,0,22,0,55.942383,30.234375,-138.186035,62.20459,107.336426,15.79834,222.626687,230.801055,154.504699,116.17915,-2.49859631,134.610853,222.684506,230.774171,154.67051,126.38039,-2.75156937,125.296408,10.9025565,9.51416,0.177648662,-0.0578191938,0.0268836751,-0.165810904,7.30096982,1.01841999
3.99619269,return_center_after_up,center,0,0,23,0,55.942383,30.27832,-138.186035,62.182617,107.248535,15.776367,222.640293,230.848105,154.589226,116.264744,-2.53358839,134.551213,222.684506,230.774171,154.67051,126.38039,-2.75156937,125.296408,10.8023258,9.426269,0.118440016,-0.0442132961,0.0739335445,-0.0812837798,4.07244914,3.86026846
4.02124047,return_center_after_up,center,0,0,24,0,55.92041,30.300293,-138.208008,62.138672,107.138672,15.776367,222.65873,230.748396,154.537032,116.402882,-2.56017119,134.433566,222.684506,230.774171,154.67051,126.38039,-2.75156937,125.296408,10.6837731,9.316406,0.138365515,-0.0257757777,-0.0257749744,-0.133477623,4.96235362,4.55303983
4.04634714,return_center_after_up,center,0,0,25,0,55.898438,30.366211,-138.208008,62.050781,106.940918,15.688477,222.697485,230.780715,154.588622,116.608706,-2.5585971,134.246742,222.684506,230.774171,154.67051,126.38039,-2.75156937,125.296408,10.4426072,9.118652,0.0831679652,0.0129792437,0.00654350021,-0.081887925,9.70612575,2.87437602
4.07147503,return_center_after_up,center,0,0,26,0,55.898438,30.388184,-138.22998,62.050781,106.831055,15.666504,222.689703,230.712182,154.539377,116.710194,-2.57362918,134.112458,222.684506,230.774171,154.67051,126.38039,-2.75156937,125.296408,10.3350694,9.008789,0.145139824,0.00519728182,-0.0619896977,-0.131132888,4.62705459,3.37271428
4.09671259,return_center_after_up,center,0,0,27,0,55.898438,30.432129,-138.22998,61.984863,106.721191,15.644531,222.642395,230.806847,154.596904,116.855332,-2.58175094,134.044578,222.684506,230.774171,154.67051,126.38039,-2.75156937,125.296408,10.2010873,8.898925,0.0908779549,-0.0421107405,0.0326752308,-0.0736058252,5.43712381,4.77275657
4.12186289,return_center_after_up,center,0,0,28,0,55.876465,30.454102,-138.22998,61.918945,106.611328,15.600586,222.667111,230.792225,154.563961,116.98541,-2.56730422,133.930056,222.684506,230.774171,154.67051,126.38039,-2.75156937,125.296408,10.0654907,8.789062,0.109459123,-0.0173947552,0.0180540002,-0.106549402,5.52546441,1.73766743
4.15033841,return_center_after_up,center,0,0,29,0,55.876465,30.52002,-138.251953,61.831055,106.369629,15.534668,222.581785,230.838917,154.546669,117.262433,-2.55712211,133.698298,222.684506,230.774171,154.67051,126.38039,-2.75156937,125.296408,9.79221451,8.547363,0.173436607,-0.102721021,0.0647460775,-0.123841002,9.6376821,3.46934106
4.17549944,return_center_after_up,center,0,0,30,0,55.854492,30.563965,-138.251953,61.809082,106.237793,15.512695,222.6879,230.787291,154.583371,117.381216,-2.62772423,133.576718,222.684506,230.774171,154.67051,126.38039,-2.75156937,125.296408,9.65184989,8.415527,0.0881863889,0.00339393978,0.0131192399,-0.0871390034,5.72649346,4.91168233
4.20073271,return_center_after_up,center,0,0,31,0,55.854492,30.60791,-138.273926,61.765137,106.105957,15.46875,222.634349,230.790428,154.597342,117.525594,-2.61437285,133.442019,222.684506,230.774171,154.67051,126.38039,-2.75156937,125.296408,9.49981355,8.283691,0.0901865192,-0.0501568987,0.0162565262,-0.0731684297,6.09546191,2.19678422
4.2267375,return_center_after_up,center,0,0,32,0,55.810547,30.673828,-138.273926,61.655273,105.820312,15.380859,222.736473,230.738293,154.551676,117.826671,-2.6434071,133.151715,222.684506,230.774171,154.67051,126.38039,-2.75156937,125.296408,9.17286589,7.998046,0.134570995,0.0519666477,-0.0358787458,-0.118834069,12.6177688,4.74607333
4.25196981,return_center_after_up,center,0,0,33,0,55.810547,30.717773,-138.295898,61.589355,105.666504,15.336914,222.65266,230.761986,154.540113,118.011442,-2.61931792,133.000133,222.684506,230.774171,154.67051,126.38039,-2.75156937,125.296408,8.99436099,7.844238,0.134781883,-0.0318462485,-0.012184924,-0.13039747,7.12789188,3.4821175
4.27706003,return_center_after_up,center,0,0,34,0,55.788574,30.761719,-138.295898,61.523438,105.534668,15.314941,222.693745,230.765111,154.573627,118.167023,-2.65443076,132.89409,222.684506,230.774171,154.67051,126.38039,-2.75156937,125.296408,8.83942751,7.712402,0.0977436742,0.00923876003,-0.00906062215,-0.0968833128,6.25407435,2.11686097
4.30219078,return_center_after_up,center,0,0,35,0,55.788574,30.805664,-138.317871,61.479492,105.380859,15.270996,222.640667,230.761828,154.563364,118.332931,-2.64677295,132.734162,222.684506,230.774171,154.67051,126.38039,-2.75156937,125.296408,8.66823301,7.558593,0.11642357,-0.0438388138,-0.0123438018,-0.107145866,6.88452584,2.15513706
4.32948518,return_center_after_up,center,0,0,36,0,55.766602,30.871582,-138.317871,61.347656,105.095215,15.205078,222.618512,230.823288,154.515835,118.672513,-2.65561015,132.475491,222.684506,230.774171,154.67051,126.38039,-2.75156937,125.296408,8.34119163,7.272949,0.175190919,-0.0659936491,0.0491166908,-0.154674649,12.0484851,2.95999118
4.35466743,return_center_after_up,center,0,0,37,0,55.766602,30.9375,-138.339844,61.325684,104.941406,15.161133,222.612092,230.817089,154.597281,118.813684,-2.68577629,132.328452,222.684506,230.774171,154.67051,126.38039,-2.75156937,125.296408,8.1718488,7.11914,0.111571713,-0.0724142383,0.0429178889,-0.0732289571,6.98037387,3.25360969
4.37989783,return_center_after_up,center,0,0,38,0,55.744629,30.959473,-138.339844,61.237793,104.80957,15.117188,222.603223,230.823874,154.538705,118.98296,-2.65733145,132.195857,222.684506,230.774171,154.67051,126.38039,-2.75156937,125.296408,8.00971829,6.987304,0.162633612,-0.0812826264,0.0497026311,-0.131804685,6.6324342,2.36343795
4.40964746,return_center_after_up,center,0,0,39,0,55.722656,31.047363,-138.361816,61.149902,104.501953,15.05127,222.620183,230.791086,154.538803,119.306505,-2.70536175,131.89553,222.684506,230.774171,154.67051,126.38039,-2.75156937,125.296408,7.67176126,6.679687,0.147547833,-0.0643226169,0.0169151801,-0.131707405,11.4182513,1.24083343
4.43478942,return_center_after_up,center,0,0,40,0,55.700684,31.091309,-138.361816,61.083984,104.348145,15.007324,222.660262,230.78837,154.548158,119.473147,-2.72184782,131.75128,222.684506,230.774171,154.67051,126.38039,-2.75156937,125.296408,7.49228898,6.525879,0.125536678,-0.0242437269,0.0141988774,-0.122352324,7.15352909,1.64051553
4.46001363,return_center_after_up,center,0,0,41,0,55.700684,31.135254,-138.383789,61.040039,104.194336,14.963379,222.603458,230.785792,154.537241,119.637924,-2.71141413,131.590041,222.684506,230.774171,154.67051,126.38039,-2.75156937,125.296408,7.32118194,6.37207,0.156411331,-0.081047544,0.0116210092,-0.133269472,6.8590074,2.29544581
4.48917842,return_center_after_up,center,0,0,42,0,55.656738,31.223145,-138.383789,60.930176,103.908691,14.853516,222.711343,230.760432,154.581099,119.920106,-2.72977773,131.305724,222.684506,230.774171,154.67051,126.38039,-2.75156937,125.296408,6.98329526,6.086425,0.0943577605,0.0268365798,-0.0137391242,-0.0894115285,11.6472434,4.08668843
4.51441312,return_center_after_up,center,0,0,43,0,55.656738,31.26709,-138.383789,60.88623,103.754883,14.831543,222.693065,230.816524,154.591687,120.08907,-2.76286424,131.177794,222.684506,230.774171,154.67051,126.38039,-2.75156937,125.296408,6.81839488,5.932617,0.0898892231,0.00855872115,0.0423524299,-0.0788231717,6.63128024,2.37518579
4.53961563,return_center_after_up,center,0,0,44,0,55.634766,31.289062,-138.405762,60.79834,103.601074,14.787598,222.642762,230.759132,154.48724,120.284497,-2.71705181,130.997656,222.684506,230.774171,154.67051,126.38039,-2.75156937,125.296408,6.6362512,5.778808,0.188564681,-0.0417436399,-0.0150392573,-0.183270096,7.39783471,5.13271168
4.56895447,return_center_after_up,center,0,0,45,0,55.634766,31.398926,-138.427734,60.710449,103.31543,14.72168,222.578655,230.843769,154.600967,120.589863,-2.75121254,130.753616,222.684506,230.774171,154.67051,126.38039,-2.75156937,125.296408,6.31399475,5.493164,0.144514695,-0.105850668,0.0695981431,-0.0695430207,11.1083818,5.30307818
4.59407115,return_center_after_up,center,0,0,46,0,55.612793,31.420898,-138.427734,60.666504,103.161621,14.655762,222.630829,230.791058,154.520797,120.732386,-2.73785154,130.56701,222.684506,230.774171,154.67051,126.38039,-2.75156937,125.296408,6.14189765,5.339355,0.159938388,-0.05367679,0.0168868555,-0.149712806,6.99859558,4.34828185
4.61932015,return_center_after_up,center,0,0,47,0,55.59082,31.464844,-138.427734,60.578613,103.029785,14.633789,222.633414,230.822817,154.552646,120.904594,-2.74943796,130.466363,222.684506,230.774171,154.67051,126.38039,-2.75156937,125.296408,5.97955,5.207519,0.137363642,-0.0510921753,0.0486456664,-0.117864155,6.62755961,1.78428874
4.64619446,return_center_after_up,center,0,0,48,0,55.568848,31.552734,-138.449707,60.490723,102.744141,14.567871,222.63828,230.798915,154.575461,121.203346,-2.78271661,130.187624,222.684506,230.774171,154.67051,126.38039,-2.75156937,125.296408,5.66084901,4.921875,0.108551624,-0.0462260041,0.0247441054,-0.0950491492,11.9045268,1.24278318
4.67131448,return_center_after_up,center,0,0,49,0,55.546875,31.59668,-138.449707,60.446777,102.568359,14.523926,222.706511,230.764149,154.56171,121.371842,-2.81945956,130.009211,222.684506,230.774171,154.67051,126.38039,-2.75156937,125.296408,5.46960197,4.746093,0.111454625,0.0220045855,-0.0100218087,-0.108800253,7.67556084,3.09721701
4.69646525,return_center_after_up,center,0,0,50,0,55.546875,31.640625,-138.47168,60.380859,102.436523,14.47998,222.610785,230.795964,154.572761,121.531559,-2.78000893,129.878782,222.684506,230.774171,154.67051,126.38039,-2.75156937,125.296408,5.31034046,4.614257,0.124356948,-0.0737211355,0.0217930896,-0.0977491996,6.41990536,4.03477484
4.72676158,return_center_after_up,center,0,0,51,0,55.50293,31.728516,-138.47168,60.270996,102.150879,14.39209,222.70906,230.773068,154.616072,121.82118,-2.81320484,129.604278,222.684506,230.774171,154.67051,126.38039,-2.75156937,125.296408,4.97771568,4.328613,0.0597292607,0.0245538978,-0.00110364153,-0.0544377871,10.9990624,3.62451463
4.75186443,return_center_after_up,center,0,0,52,0,55.50293,31.750488,-138.493652,60.183105,101.99707,14.348145,222.564731,230.801829,154.511091,122.025551,-2.74012546,129.433991,222.684506,230.774171,154.67051,126.38039,-2.75156937,125.296408,4.79759194,4.174804,0.201309484,-0.119775084,0.0276581743,-0.159419143,7.37546335,7.20132636
4.77706599,return_center_after_up,center,0,0,53,0,55.480957,31.794434,-138.493652,60.161133,101.843262,14.304199,222.661569,230.74707,154.522453,122.153423,-2.78655984,129.272674,222.684506,230.774171,154.67051,126.38039,-2.75156937,125.296408,4.6326883,4.020996,0.15225511,-0.0229369516,-0.0271017283,-0.148057459,6.69700438,4.43731917
4.80847096,return_center_after_up,center,0,0,54,0,55.458984,31.882324,-138.493652,60.05127,101.557617,14.238281,222.668127,230.810387,154.565643,122.463413,-2.81744787,129.021106,222.684506,230.774171,154.67051,126.38039,-2.75156937,125.296408,4.30748094,3.735351,0.112146359,-0.0163786922,0.0362151988,-0.1048666,10.3775713,2.44946092
4.83363628,return_center_after_up,center,0,0,55,0,55.437012,31.92627,-138.515625,59.985352,101.425781,14.194336,222.657978,230.757182,154.57643,122.610966,-2.79871586,128.877848,222.684506,230.774171,154.67051,126.38039,-2.75156937,125.296408,4.14625778,3.603515,0.0992137704,-0.0265279975,-0.0169896232,-0.0940797018,6.47532818,2.19460275
4.85886431,return_center_after_up,center,0,0,56,0,55.415039,31.948242,-138.515625,59.941406,101.271973,14.150391,222.704635,230.705963,154.495871,122.761671,-2.80470783,128.701785,222.684506,230.774171,154.67051,126.38039,-2.75156937,125.296408,3.97959927,3.449707,0.188563576,0.0201288957,-0.0682083289,-0.174638694,6.68996883,4.21175615
4.88396931,return_center_after_up,center,0,0,57,0,55.393066,32.058105,-138.537598,59.831543,100.986328,14.0625,222.683825,230.73487,154.607256,123.060626,-2.80906749,128.437502,222.684506,230.774171,154.67051,126.38039,-2.75156937,125.296408,3.64269228,3.164062,0.0744724744,-0.000681341637,-0.0393010799,-0.0632543306,13.4740133,4.65807173
4.90905833,return_center_after_up,center,0,0,58,0,55.371094,32.080078,-138.537598,59.787598,100.83252,14.018555,222.729211,230.683997,154.52663,123.210898,-2.81412693,128.261105,222.684506,230.774171,154.67051,126.38039,-2.75156937,125.296408,3.47605784,3.010254,0.175588314,0.0447054546,-0.0901739457,-0.143879595,6.72702216,4.20846108
4.93412066,return_center_after_up,center,0,0,59,0,55.371094,32.145996,-138.55957,59.699707,100.634766,13.952637,222.614481,230.748742,154.554297,123.436367,-2.76807006,128.07022,222.684506,230.774171,154.67051,126.38039,-2.75156937,125.296408,3.24132065,2.8125,0.138042444,-0.0700252756,-0.0254297159,-0.116213195,9.44257753,5.37108962
4.9592464,return_center_after_up,center,0,0,60,0,55.349121,32.189941,-138.537598,59.633789,100.480957,13.930664,222.683839,230.807892,154.585693,123.604863,-2.81908573,127.956331,222.684506,230.774171,154.67051,126.38039,-2.75156937,125.296408,3.06784203,2.658691,0.0912771959,-0.000666807712,0.0337204448,-0.0848175304,7.05051851,3.83712915
4.98433042,return_center_after_up,center,0,0,61,0,55.327148,32.255859,-138.55957,59.567871,100.283203,13.842773,222.688475,230.760614,154.614402,123.790458,-2.78990703,127.734467,222.684506,230.774171,154.67051,126.38039,-2.75156937,125.296408,2.83310914,2.460937,0.0578586296,0.00396910862,-0.0135575291,-0.0561075806,9.4749898,2.21281902
5.00945258,return_center_after_up,center,0,0,62,0,55.327148,32.277832,-138.55957,59.501953,100.129395,13.820801,222.61102,230.822527,154.532626,123.979445,-2.77511632,127.58795,222.684506,230.774171,154.67051,126.38039,-2.75156937,125.296408,2.66648847,2.307129,0.163555594,-0.0734863298,0.0483557413,-0.137883697,6.77484978,5.11619444
5.0346899,return_center_after_up,center,0,0,63,0,55.305176,32.321777,-138.581543,59.47998,100.019531,13.776855,222.661079,230.722168,154.569406,124.068066,-2.78439538,127.454714,222.684506,230.774171,154.67051,126.38039,-2.75156937,125.296408,2.53924368,2.197265,0.116082716,-0.023426657,-0.0520034751,-0.101104042,5.22387706,4.67673743
5.06507754,return_center_after_up,center,0,0,64,0,55.283203,32.387695,-138.581543,59.348145,99.777832,13.710938,222.608298,230.802831,154.569074,124.355295,-2.7544052,127.236468,222.684506,230.774171,154.67051,126.38039,-2.75156937,125.296408,2.25013298,1.955566,0.13007052,-0.0762082915,0.028659598,-0.101436009,9.59269737,3.17227118
5.09020329,return_center_after_up,center,0,0,65,0,55.26123,32.409668,-138.581543,59.304199,99.645996,13.710938,222.649973,230.758867,154.512532,124.503293,-2.79872652,127.107698,222.684506,230.774171,154.67051,126.38039,-2.75156937,125.296408,2.11360463,1.82373,0.162431123,-0.0345333944,-0.0153043342,-0.157978136,5.66747298,3.29801886
5.11529613,return_center_after_up,center,0,0,66,0,55.26123,32.475586,-138.581543,59.238281,99.492188,13.64502,222.603543,230.868739,154.612184,124.661981,-2.77524762,126.981467,222.684506,230.774171,154.67051,126.38039,-2.75156937,125.296408,1.92496023,1.669922,0.137477021,-0.0809628174,0.0945674586,-0.0583262324,7.63376048,6.19413555
5.14044523,return_center_after_up,center,0,0,67,0,55.239258,32.497559,-138.603516,59.194336,99.382324,13.601074,222.603255,230.771604,154.557062,124.772811,-2.74398557,126.833034,222.684506,230.774171,154.67051,126.38039,-2.75156937,125.296408,1.79571792,1.560058,0.139566204,-0.0812507066,-0.00256700746,-0.113448043,5.24220072,4.44092423
5.16554046,return_center_after_up,center,0,0,68,0,55.217285,32.519531,-138.581543,59.194336,99.272461,13.601074,222.749925,230.739575,154.549532,124.858622,-2.84003279,126.737474,222.684506,230.774171,154.67051,126.38039,-2.75156937,125.296408,1.69389058,1.450195,0.141817675,0.0654187926,-0.0345961588,-0.120978263,4.63307706,5.98977359
5.19628382,return_center_after_up,center,0,0,69,0,55.195312,32.585449,-138.603516,59.084473,99.074707,13.535156,222.684843,230.746676,154.575947,125.088817,-2.79292925,126.540251,222.684506,230.774171,154.67051,126.38039,-2.75156937,125.296408,1.44936244,1.252441,0.0984800841,0.000337474109,-0.0274955411,-0.0945632502,8.02262597,2.29629021
5.22152281,return_center_after_up,center,0,0,70,0,55.195312,32.607422,-138.603516,59.084473,98.964844,13.513184,222.701255,230.740915,154.545583,125.180132,-2.82024051,126.422411,222.684506,230.774171,154.67051,126.38039,-2.75156937,125.296408,1.34374964,1.142578,0.130358468,0.0167487749,-0.0332566468,-0.124927196,4.52367296,1.38645473
5.24674821,return_center_after_up,center,0,0,71,0,55.195312,32.651367,-138.625488,59.018555,98.898926,13.491211,222.595388,230.791586,154.628519,125.282934,-2.77759747,126.377159,222.684506,230.774171,154.67051,126.38039,-2.75156937,125.296408,1.24683929,1.07666,0.100042294,-0.0891174866,0.0174147241,-0.0419912075,4.26726376,5.69718251
5.27600884,return_center_after_up,center,0,0,72,0,55.151367,32.695312,-138.603516,58.974609,98.701172,13.425293,222.780834,230.72832,154.61296,125.443029,-2.83084296,126.169186,222.684506,230.774171,154.67051,126.38039,-2.75156937,125.296408,1.02990573,0.878906,0.121216106,0.0963276678,-0.0458515083,-0.057549665,7.62109718,6.71744911
5.30109382,return_center_after_up,center,0,0,73,0,55.151367,32.717285,-138.625488,58.930664,98.635254,13.40332,222.690512,230.728532,154.606115,125.532207,-2.78656294,126.094581,222.684506,230.774171,154.67051,126.38039,-2.75156937,125.296408,0.945845301,0.812988,0.0791563875,0.0060063142,-0.0456389165,-0.0643952418,3.50371125,3.61095272
5.32620549,return_center_after_up,center,0,0,74,0,55.151367,32.717285,-138.625488,58.908691,98.569336,13.381348,222.657452,230.737711,154.532467,125.603398,-2.76143798,126.012899,222.684506,230.774171,154.67051,126.38039,-2.75156937,125.296408,0.876155026,0.74707,0.145317197,-0.0270537516,-0.0364603853,-0.138042828,2.90203619,3.23545314
5.35471749,return_center_after_up,center,0,0,75,0,55.129395,32.76123,-138.625488,58.842773,98.4375,13.359375,222.680107,230.744931,154.565699,125.753662,-2.78063632,125.900899,222.684506,230.774171,154.67051,126.38039,-2.75156937,125.296408,0.721091233,0.615234,0.108902365,-0.00439930716,-0.0292403642,-0.104811127,5.50351012,1.43314897
5.38497686,return_center_after_up,center,0,0,76,0,55.107422,32.805176,-138.647461,58.820801,98.327637,13.293457,222.726308,230.645087,154.602024,125.831033,-2.76302413,125.755842,222.684506,230.774171,154.67051,126.38039,-2.75156937,125.296408,0.588768713,0.505371,0.151988213,0.0418025305,-0.129084019,-0.0684856284,4.64958982,3.82880632
5.41645288,return_center_after_up,center,0,0,77,0,55.107422,32.827148,-138.647461,58.776855,98.239746,13.293457,222.676532,230.698985,154.593934,125.946788,-2.76903544,125.6887,222.684506,230.774171,154.67051,126.38039,-2.75156937,125.296408,0.491814127,0.41748,0.107612544,-0.0079738473,-0.0751866958,-0.0765757022,3.19900172,2.34499034
5.44159889,return_center_after_up,center,0,0,78,0,55.107422,32.849121,-138.647461,58.754883,98.173828,13.249512,222.659511,230.732002,154.611026,126.003238,-2.73943209,125.617854,222.684506,230.774171,154.67051,126.38039,-2.75156937,125.296408,0.411070454,0.351562,0.0770796562,-0.0249947909,-0.0421689853,-0.0594836995,3.38421571,1.6261158
5.46671629,return_center_after_up,center,0,0,79,0,55.107422,32.871094,-138.625488,58.710938,98.10791,13.249512,222.651363,230.851273,154.650333,126.093488,-2.75942788,125.598751,222.684506,230.774171,154.67051,126.38039,-2.75156937,125.296408,0.33395516,0.285644,0.0863145239,-0.0331426015,0.077101461,-0.0201774557,3.38808082,5.01024746
5.4918952,return_center_after_up,center,0,0,80,0,55.085449,32.871094,-138.647461,58.710938,98.063965,13.227539,222.697558,230.694766,154.578718,126.118605,-2.75078207,125.50222,222.684506,230.774171,154.67051,126.38039,-2.75156937,125.296408,0.288168542,0.241699,0.122071028,0.0130521489,-0.0794048222,-0.0917924367,2.30885051,7.07753427
5.51712751,return_center_after_up,center,0,0,81,0,55.085449,32.893066,-138.647461,58.688965,98.02002,13.205566,222.680734,230.733609,154.620063,126.16409,-2.73931768,125.468473,222.684506,230.774171,154.67051,126.38039,-2.75156937,125.296408,0.231496408,0.197754,0.0648415047,-0.00377206153,-0.0405623468,-0.0504468859,2.30394871,2.34506155
5.54539943,return_center_after_up,center,0,0,82,0,55.085449,32.915039,-138.647461,58.64502,97.954102,13.205566,222.630844,230.793352,154.63627,126.258618,-2.73882039,125.426982,222.684506,230.774171,154.67051,126.38039,-2.75156937,125.296408,0.153808571,0.131836,0.0664821118,-0.0536616836,0.0191807917,-0.0342402122,2.90797796,2.81211669
5.57505059,return_center_after_up,center,0,0,83,0,55.063477,32.915039,-138.625488,58.64502,97.888184,13.183594,222.759629,230.750276,154.586689,126.296069,-2.77668552,125.349167,222.684506,230.774171,154.67051,126.38039,-2.75156937,125.296408,0.0957769394,0.065918,0.115067319,0.0751230303,-0.0238952426,-0.0838214504,2.56702431,4.87556096
5.60028458,return_center_after_up,center,0,0,84,0,55.063477,32.937012,-138.647461,58.623047,97.888184,13.183594,222.701962,230.741057,154.653389,126.313908,-2.75722501,125.356099,222.684506,230.774171,154.67051,126.38039,-2.75156937,125.296408,0.0761155501,0.065918,0.0411624847,0.0174556469,-0.0331139382,-0.0171206785,1.50821814,3.51327187
5.62551212,return_center_after_up,center,0,0,85,0,55.063477,32.937012,-138.647461,58.623047,97.866211,13.161621,222.701504,230.73531,154.629138,126.324792,-2.73878776,125.318984,222.684506,230.774171,154.67051,126.38039,-2.75156937,125.296408,0.0538214134,0.043945,0.0592523427,0.0169984157,-0.0388616983,-0.0413722417,1.23176918,0.988109463
5.65179038,return_center_after_up,center,0,0,86,0,55.063477,32.958984,-138.647461,58.601074,97.822266,13.161621,222.684506,230.774171,154.67051,126.38039,-2.75156937,125.296408,222.684506,230.774171,154.67051,126.38039,-2.75156937,125.296408,0,0,0,0,0,0,2.0481348,2.25480487
5.67699194,return_center_after_up,center,0,0,87,0,55.063477,32.958984,-138.647461,58.579102,97.822266,13.161621,222.651889,230.800818,154.669621,126.398218,-2.73208422,125.303331,222.684506,230.774171,154.67051,126.38039,-2.75156937,125.296408,0.021972,0.021972,0.0421269392,-0.0326165716,0.0266467155,-0.000889276407,0.871850822,1.67160052
5.70222974,return_center_after_up,center,0,0,88,0,55.063477,32.958984,-138.647461,58.601074,97.800293,13.139648,222.684025,230.768434,154.646257,126.391265,-2.73310714,125.259294,222.684506,230.774171,154.67051,126.38039,-2.75156937,125.296408,0.0310745146,0.021973,0.0249275776,-0.000480494501,-0.00573752478,-0.0242535371,1.5079673,2.03099063
5.73247194,return_center_after_up,center,0,0,89,0,55.063477,32.958984,-138.647461,58.601074,97.800293,13.161621,222.684025,230.768434,154.646257,126.40142,-2.75757572,125.270483,222.684506,230.774171,154.67051,126.38039,-2.75156937,125.296408,0.021973,0.021973,0.0249275776,-0.000480494501,-0.00573752478,-0.0242535371,0.7265674,0
5.75763202,return_center_after_up,center,0,0,90,0,55.063477,32.958984,-138.647461,58.601074,97.800293,13.161621,222.684025,230.768434,154.646257,126.40142,-2.75757572,125.270483,222.684506,230.774171,154.67051,126.38039,-2.75156937,125.296408,0.021973,0.021973,0.0249275776,-0.000480494501,-0.00573752478,-0.0242535371,0,0
5.78275394,return_center_after_up,center,0,0,91,0,55.063477,32.958984,-138.647461,58.601074,97.800293,13.139648,222.684025,230.768434,154.646257,126.391265,-2.73310714,125.259294,222.684506,230.774171,154.67051,126.38039,-2.75156937,125.296408,0.0310745146,0.021973,0.0249275776,-0.000480494501,-0.00573752478,-0.0242535371,0.874654232,0
5.80790019,return_center_after_up,center,0,0,92,0,55.063477,32.958984,-138.647461,58.601074,97.800293,13.161621,222.684025,230.768434,154.646257,126.40142,-2.75757572,125.270483,222.684506,230.774171,154.67051,126.38039,-2.75156937,125.296408,0.021973,0.021973,0.0249275776,-0.000480494501,-0.00573752478,-0.0242535371,0.873808362,0
5.83312654,return_center_after_up,center,0,0,93,0,55.063477,32.958984,-138.647461,58.623047,97.800293,13.161621,222.716634,230.741773,154.647151,126.383591,-2.77706234,125.263562,222.684506,230.774171,154.67051,126.38039,-2.75156937,125.296408,0.0310745146,0.021973,0.051259411,0.0321275882,-0.0323987039,-0.023359565,0.871033502,1.67006366
5.86367321,return_center_after_up,center,0,0,94,0,55.063477,32.958984,-138.647461,58.579102,97.800293,13.139648,222.651409,230.795082,154.645367,126.409086,-2.71361585,125.266215,222.684506,230.774171,154.67051,126.38039,-2.75156937,125.296408,0.0380577751,0.021973,0.0465277904,-0.0330970099,0.0209104536,-0.0251431133,1.60843179,2.75831475
5.87043953,right_stick_down,down,0,-1,0,0,55.063477,32.958984,-138.647461,58.579102,97.800293,13.139648,222.651409,230.795082,154.645367,126.409086,-2.71361585,125.266215,222.684506,230.774171,154.67051,136.941089,-3.01653346,113.905747,0.0380577751,0.021973,0.0465277904,-0.0330970099,0.0209104536,-0.0251431133,0,0
5.89556551,right_stick_down,down,0,-1,1,0,55.063477,32.958984,-138.647461,58.601074,97.800293,13.139648,222.684025,230.768434,154.646257,126.391265,-2.73310714,125.259294,222.684506,230.774171,154.67051,136.941089,-3.01653346,113.905747,0.0310745146,0.021973,0.0249275776,-0.000480494501,-0.00573752478,-0.0242535371,0.874473341,1.67665899
5.92072845,right_stick_down,down,0,-1,2,0,55.063477,32.958984,-138.647461,58.623047,97.800293,13.139648,222.716634,230.741773,154.647151,126.373441,-2.75259555,125.252369,222.684506,230.774171,154.67051,136.941089,-3.01653346,113.905747,0.0380583524,0.021973,0.051259411,0.0321275882,-0.0323987039,-0.023359565,0.87322881,1.6742728
5.94586158,right_stick_down,down,0,-1,3,0,55.063477,32.958984,-138.647461,58.601074,97.800293,13.161621,222.684025,230.768434,154.646257,126.40142,-2.75757572,125.270483,222.684506,230.774171,154.67051,136.941089,-3.01653346,113.905747,0.021973,0.021973,0.0249275776,-0.000480494501,-0.00573752478,-0.0242535371,1.23639638,1.67625812
5.97108507,right_stick_down,down,0,-1,4,0,55.041504,32.958984,-138.647461,58.601074,97.800293,13.139648,222.772509,230.683017,154.646257,126.380059,-2.7571097,125.248102,222.684506,230.774171,154.67051,136.941089,-3.01653346,113.905747,0.0380583524,0.021973,0.12900328,0.0880030984,-0.0911540828,-0.0242535371,1.23196711,4.87581543
5.99775696,right_stick_down,down,0,-1,5,0,55.063477,32.958984,-138.647461,58.601074,97.800293,13.139648,222.684025,230.768434,154.646257,126.391265,-2.73310714,125.259294,222.684506,230.774171,154.67051,136.941089,-3.01653346,113.905747,0.0310745146,0.021973,0.0249275776,-0.000480494501,-0.00573752478,-0.0242535371,0.823826243,4.61103864
6.02445102,right_stick_down,down,0,-1,6,0,55.063477,32.958984,-138.647461,58.579102,97.77832,13.139648,222.650919,230.789346,154.621113,126.430113,-2.71961305,125.240285,222.684506,230.774171,154.67051,136.941089,-3.01653346,113.905747,0.0538222299,0.043946,0.0616312107,-0.0335869971,0.0151746357,-0.0493968642,1.16407202,1.74328772
6.04959083,right_stick_down,down,0,-1,7,0,55.063477,32.958984,-138.647461,58.601074,97.756348,13.161621,222.683036,230.75696,154.597751,126.443463,-2.76958721,125.218623,222.684506,230.774171,154.67051,136.941089,-3.01653346,113.905747,0.065918,0.065918,0.0747815947,-0.00147010716,-0.0172109699,-0.0727592483,1.51382209,2.03842891
6.0748167,right_stick_down,down,0,-1,8,0,55.063477,32.958984,-138.647461,58.601074,97.756348,13.139648,222.683036,230.75696,154.597751,126.433311,-2.74510964,125.207441,222.684506,230.774171,154.67051,136.941089,-3.01653346,113.905747,0.0694837783,0.065918,0.0747815947,-0.00147010716,-0.0172109699,-0.0727592483,0.871049967,0
6.09996772,right_stick_down,down,0,-1,9,0,55.063477,32.980957,-138.669434,58.557129,97.69043,13.139648,222.591137,230.757122,154.59078,126.531985,-2.7240806,125.143428,222.684506,230.774171,154.67051,136.941089,-3.01653346,113.905747,0.144084462,0.131836,0.123956514,-0.0933685022,-0.017049194,-0.0797299517,3.38355229,3.66436632
6.12518978,right_stick_down,down,0,-1,10,0,55.041504,32.980957,-138.647461,58.557129,97.668457,13.139648,222.72077,230.725645,154.589734,126.537515,-2.77431084,125.128668,222.684506,230.774171,154.67051,136.941089,-3.01653346,113.905747,0.164428737,0.153809,0.10096856,0.0362637395,-0.0485268033,-0.080775867,1.50893098,5.2891527
6.15043354,right_stick_down,down,0,-1,11,0,55.041504,33.00293,-138.647461,58.557129,97.624512,13.117676,222.736243,230.7379,154.632005,126.56511,-2.78199013,125.087961,222.684506,230.774171,154.67051,136.941089,-3.01653346,113.905747,0.213032942,0.197754,0.0739932496,0.05173734,-0.0362714143,-0.0385049755,2.13206809,1.84808028
6.17561197,right_stick_down,down,0,-1,12,0,55.041504,33.00293,-138.647461,58.535156,97.580566,13.095703,222.702491,230.75312,154.58261,126.614761,-2.74989781,125.031787,222.684506,230.774171,154.67051,136.941089,-3.01653346,113.905747,0.26367275,0.2417,0.0921581348,0.017985403,-0.0210513344,-0.0879004461,2.13764849,2.45175413
6.20268607,right_stick_down,down,0,-1,13,0,55.041504,33.046875,-138.669434,58.491211,97.492676,13.07373,222.626272,230.77128,154.642126,126.719911,-2.73029244,124.952905,222.684506,230.774171,154.67051,136.941089,-3.01653346,113.905747,0.370290059,0.32959,0.0648476017,-0.0582342183,-0.00289108734,-0.0283836024,4.13821358,3.63426732
6.22781038,right_stick_down,down,0,-1,14,0,55.041504,33.046875,-138.669434,58.513184,97.44873,13.07373,222.657689,230.733243,154.594482,126.744066,-2.76179152,124.89407,222.684506,230.774171,154.67051,136.941089,-3.01653346,113.905747,0.40456035,0.373536,0.0904133904,-0.0268170993,-0.0409280433,-0.0760284133,1.95560072,2.72981769
6.25303364,right_stick_down,down,0,-1,15,0,55.041504,33.068848,-138.647461,58.491211,97.382812,13.051758,222.681446,230.826193,154.6349,126.806204,-2.77584559,124.856617,222.684506,230.774171,154.67051,136.941089,-3.01653346,113.905747,0.479387617,0.439454,0.0631164065,-0.00305988163,0.0520212159,-0.0356105461,3.14089789,4.12728927
6.28233194,right_stick_down,down,0,-1,16,0,55.019531,33.112793,-138.669434,58.447266,97.272949,13.051758,222.692685,230.753307,154.670119,126.931145,-2.81054121,124.751607,222.684506,230.774171,154.67051,136.941089,-3.01653346,113.905747,0.602948769,0.549317,0.0224134878,0.00817867803,-0.0208643424,-0.000390997353,4.43683184,2.78942108
6.30766201,right_stick_down,down,0,-1,17,0,55.019531,33.112793,-138.647461,58.425293,97.207031,13.007812,222.699716,230.822656,154.619811,126.987284,-2.77964745,124.680623,222.684506,230.774171,154.67051,136.941089,-3.01653346,113.905747,0.677243481,0.615235,0.0717808919,0.0152102239,0.0484844796,-0.05069912,3.35965513,3.3937074
6.3328414,right_stick_down,down,0,-1,18,0,55.019531,33.134766,-138.669434,58.425293,97.141113,13.007812,222.672314,230.769615,154.614463,127.050086,-2.797398,124.602543,222.684506,230.774171,154.67051,136.941089,-3.01653346,113.905747,0.742858636,0.681153,0.0575381934,-0.012191732,-0.00455642302,-0.0560468052,2.89424419,2.38051828
6.36094451,right_stick_down,down,0,-1,19,0,54.997559,33.178711,-138.669434,58.359375,96.987305,12.963867,222.69056,230.771885,154.623633,127.209985,-2.79475953,124.452358,222.684506,230.774171,154.67051,136.941089,-3.01653346,113.905747,0.920756685,0.834961,0.0473213207,0.00605438418,-0.00228649357,-0.0468766869,6.39976121,0.731116145
6.39126134,right_stick_down,down,0,-1,20,0,54.997559,33.222656,-138.669434,58.337402,96.855469,12.941895,222.686103,230.812063,154.658785,127.334757,-2.82583351,124.336601,222.684506,230.774171,154.67051,136.941089,-3.01653346,113.905747,1.06153182,0.966797,0.0396967874,0.00159746888,0.0378919794,-0.0117252257,4.6970281,1.767022
6.41641426,right_stick_down,down,0,-1,21,0,54.975586,33.244629,-138.691406,58.31543,96.789551,12.919922,222.714005,230.700261,154.6525,127.393765,-2.82320633,124.243102,222.684506,230.774171,154.67051,136.941089,-3.01653346,113.905747,1.1391928,1.032715,0.0815922146,0.0294991937,-0.0739101747,-0.0180103619,3.26857065,4.58803454
6.44164228,right_stick_down,down,0,-1,22,0,54.975586,33.266602,-138.691406,58.271484,96.679688,12.897949,222.660705,230.749073,154.620275,127.519324,-2.80829074,124.137631,222.684506,230.774171,154.67051,136.941089,-3.01653346,113.905747,1.26012769,1.142578,0.0609912208,-0.0238005358,-0.0250984715,-0.0502347513,4.84931727,3.13666595
6.46798754,right_stick_down,down,0,-1,23,0,54.953613,33.310547,-138.691406,58.227539,96.503906,12.854004,222.709347,230.719441,154.606041,127.681915,-2.83020581,123.954194,222.684506,230.774171,154.67051,136.941089,-3.01653346,113.905747,1.45252453,1.31836,0.0881406994,0.0248409473,-0.0547306808,-0.0644690841,7.31857786,2.22842478
6.49310756,right_stick_down,down,0,-1,24,0,54.953613,33.354492,-138.691406,58.183594,96.394043,12.854004,222.672061,230.79205,154.664655,127.813403,-2.85955459,123.881947,222.684506,230.774171,154.67051,136.941089,-3.01653346,113.905747,1.57453693,1.428223,0.0225569169,-0.0124449697,0.0178790111,-0.005854758,5.02479052,4.00035651
6.52200794,right_stick_down,down,0,-1,25,0,54.931641,33.398438,-138.713379,58.139648,96.240234,12.788086,222.678832,230.708276,154.651168,127.948769,-2.83030701,123.691001,222.684506,230.774171,154.67051,136.941089,-3.01653346,113.905747,1.75217389,1.582032,0.0689089131,-0.00567353689,-0.0658950118,-0.0193415794,6.26952954,2.94537469
6.54713321,right_stick_down,down,0,-1,26,0,54.931641,33.42041,-138.691406,58.139648,96.130371,12.766113,222.732002,230.764167,154.644176,128.034674,-2.87433716,123.59422,222.684506,230.774171,154.67051,136.941089,-3.01653346,113.905747,1.86120259,1.691895,0.0552220989,0.0474963998,-0.0100041462,-0.0263341846,4.62753757,3.08286929
6.57227921,right_stick_down,down,0,-1,27,0,54.931641,33.464355,-138.713379,58.07373,95.998535,12.722168,222.617921,230.797996,154.654138,128.188028,-2.81928914,123.457846,222.684506,230.774171,154.67051,136.941089,-3.01653346,113.905747,2.01849725,1.823731,0.072589762,-0.0665853378,0.023824822,-0.0163720552,6.42111192,4.7485894
6.60067868,right_stick_down,down,0,-1,28,0,54.909668,33.530273,-138.713379,58.029785,95.778809,12.678223,222.678529,230.781568,154.682225,128.387571,-2.87097284,123.243969,222.684506,230.774171,154.67051,136.941089,-3.01653346,113.905747,2.2561327,2.043457,0.0150888428,-0.00597703957,0.00739641289,0.0117150011,8.40450791,2.42224824
6.63087034,right_stick_down,down,0,-1,29,0,54.887695,33.574219,-138.735352,57.963867,95.603027,12.634277,222.649313,230.719126,154.643589,128.570741,-2.85091094,123.043904,222.684506,230.774171,154.67051,136.941089,-3.01653346,113.905747,2.45484917,2.219239,0.070663171,-0.0351925153,-0.0550454901,-0.0269214528,6.6303566,2.61752018
6.65605831,right_stick_down,down,0,-1,30,0,54.887695,33.618164,-138.713379,57.919922,95.471191,12.612305,222.651067,230.846728,154.701775,128.708498,-2.87938157,122.95644,222.684506,230.774171,154.67051,136.941089,-3.01653346,113.905747,2.60058311,2.351075,0.0857909724,-0.0334386447,0.0725567482,0.031264457,5.91654011,5.56826822
6.68122673,right_stick_down,down,0,-1,31,0,54.865723,33.662109,-138.735352,57.897949,95.317383,12.568359,222.687888,230.736884,154.68891,128.835501,-2.89327837,122.769158,222.684506,230.774171,154.67051,136.941089,-3.01653346,113.905747,2.76803173,2.504883,0.0417176076,0.00338222363,-0.0372875679,0.0183999084,6.76240445,4.63133932
6.70821428,right_stick_down,down,0,-1,32,0,54.84375,33.728027,-138.735352,57.832031,95.031738,12.502441,222.708426,230.731408,154.643478,129.103621,-2.91484656,122.471425,222.684506,230.774171,154.67051,136.941089,-3.01653346,113.905747,3.0757802,2.790528,0.0559609334,0.0239201824,-0.0427636132,-0.027031913,11.4275425,1.85856801
6.7334466,right_stick_down,down,0,-1,33,0,54.821777,33.771973,-138.735352,57.788086,94.899902,12.480469,222.755093,230.713856,154.677994,129.233577,-2.94696908,122.350222,222.684506,230.774171,154.67051,136.941089,-3.01653346,113.905747,3.22369721,2.922364,0.0931478133,0.0705873569,-0.0603152312,0.00748418686,5.90615347,2.40327916
6.76085997,right_stick_down,down,0,-1,34,0,54.821777,33.837891,-138.735352,57.722168,94.680176,12.436523,222.690101,230.810422,154.705542,129.460712,-2.95089619,122.152517,222.684506,230.774171,154.67051,136.941089,-3.01653346,113.905747,3.46548607,3.14209,0.0507212434,0.00559484903,0.0362504656,0.0350320702,8.85318254,4.36339696
6.7860744,right_stick_down,down,0,-1,35,0,54.799805,33.881836,-138.735352,57.65625,94.526367,12.392578,222.701321,230.814177,154.715149,129.618348,-2.94241589,122.000514,222.684506,230.774171,154.67051,136.941089,-3.01653346,113.905747,3.64362091,3.295899,0.0622564947,0.016815272,0.0400059364,0.0446390279,7.1329807,0.604464497
6.81129694,right_stick_down,down,0,-1,36,0,54.777832,33.903809,-138.757324,57.634277,94.372559,12.348633,222.718684,230.681217,154.611294,129.748038,-2.93516486,121.789945,222.684506,230.774171,154.67051,136.941089,-3.01653346,113.905747,3.80558557,3.449707,0.115391227,0.034178487,-0.0929538749,-0.0592160741,6.57702729,6.72432144
6.83652663,right_stick_down,down,0,-1,37,0,54.777832,33.969727,-138.757324,57.568359,94.152832,12.282715,222.65159,230.77824,154.638944,129.964389,-2.91229146,121.580993,222.684506,230.774171,154.67051,136.941089,-3.01653346,113.905747,4.05203483,3.669434,0.0457866775,-0.0329157503,0.0040684281,-0.0315661387,9.81461323,4.80223515
6.86163998,right_stick_down,down,0,-1,38,0,54.755859,34.013672,-138.757324,57.502441,94.020996,12.260742,222.663214,230.787561,154.672941,130.111132,-2.92227255,121.465692,222.684506,230.774171,154.67051,136.941089,-3.01653346,113.905747,4.20562677,3.80127,0.0252695469,-0.0212919045,0.0133901252,0.00243091495,6.24832062,1.47805203
6.89053249,right_stick_down,down,0,-1,39,0,54.733887,34.101562,-138.757324,57.436523,93.713379,12.194824,222.691801,230.80209,154.694498,130.394108,-2.9641007,121.162386,222.684506,230.774171,154.67051,136.941089,-3.01653346,113.905747,4.53872359,4.108887,0.0375248561,0.00729467593,0.0279189726,0.023988195,11.5585324,1.33734663
6.91570759,right_stick_down,down,0,-1,40,0,54.711914,34.145508,-138.757324,57.392578,93.55957,12.128906,222.733253,230.780004,154.705004,130.523365,-2.94874007,120.992838,222.684506,230.774171,154.67051,136.941089,-3.01653346,113.905747,4.71604131,4.262696,0.060001585,0.0487474835,0.00583254695,0.0344942669,7.14414139,1.91182087
6.94084501,right_stick_down,down,0,-1,41,0,54.711914,34.189453,-138.757324,57.370605,93.405762,12.128906,222.718766,230.817061,154.716189,130.676657,-3.00481339,120.858673,222.684506,230.774171,154.67051,136.941089,-3.01653346,113.905747,4.87193824,4.416504,0.0714131725,0.0342604184,0.0428897106,0.0456786346,6.42328273,1.64417633
6.96605062,right_stick_down,down,0,-1,42,0,54.689941,34.255371,-138.779297,57.304688,93.186035,12.062988,222.693535,230.769028,154.719862,130.884034,-2.98410822,120.615433,222.684506,230.774171,154.67051,136.941089,-3.01653346,113.905747,5.12052518,4.636231,0.0504340176,0.00902866349,-0.00514366689,0.049351961,9.90103341,2.15751284
6.99127936,right_stick_down,down,0,-1,43,0,54.667969,34.277344,-138.779297,57.23877,93.032227,12.019043,222.683796,230.750045,154.63894,131.043504,-2.95271619,120.439506,222.684506,230.774171,154.67051,136.941089,-3.01653346,113.905747,5.29317586,4.790039,0.0397402018,-0.000710441639,-0.0241265568,-0.0315703686,6.96747572,3.31715574
7.01640701,right_stick_down,down,0,-1,44,0,54.645996,34.365234,-138.80127,57.150879,92.746582,11.953125,222.633384,230.736692,154.660116,131.325099,-2.94524342,120.144952,222.684506,230.774171,154.67051,136.941089,-3.01653346,113.905747,5.61262709,5.075684,0.0642353329,-0.0511217436,-0.0374795728,-0.010393601,12.7320747,2.23998285
7.04152417,right_stick_down,down,0,-1,45,0,54.645996,34.40918,-138.80127,57.128906,92.592773,11.90918,222.616692,230.774264,154.671402,131.45756,-2.94914758,119.989336,222.684506,230.774171,154.67051,136.941089,-3.01653346,113.905747,5.77793217,5.229493,0.0678194884,-0.0678135633,9.30395602e-05,0.000891620433,6.66234913,1.69741297
7.06677198,right_stick_down,down,0,-1,46,0,54.624023,34.453125,-138.779297,57.062988,92.460938,11.887207,222.667561,230.844924,154.730338,131.599851,-2.97526694,119.895884,222.684506,230.774171,154.67051,136.941089,-3.01653346,113.905747,5.93098941,5.361328,0.0941932575,-0.0169453358,0.0707523148,0.0598275463,6.27564738,4.16419567
7.09194493,right_stick_down,down,0,-1,47,0,54.602051,34.49707,-138.80127,56.99707,92.219238,11.821289,222.618971,230.76887,154.61896,131.829128,-2.93762251,119.601907,222.684506,230.774171,154.67051,136.941089,-3.01653346,113.905747,6.19399073,5.603028,0.0835482791,-0.0655345072,-0.00530161818,-0.0515503263,10.5107459,5.69473195
7.11699939,right_stick_down,down,0,-1,48,0,54.580078,34.541016,-138.80127,56.975098,92.06543,11.799316,222.689389,230.721435,154.630375,131.96005,-2.99108218,119.445963,222.684506,230.774171,154.67051,136.941089,-3.01653346,113.905747,6.35617736,5.756836,0.0664510131,0.00488302835,-0.052736122,-0.0401347059,6.56282234,3.41926556
7.14211822,right_stick_down,down,0,-1,49,0,54.580078,34.584961,-138.80127,56.931152,91.911621,11.733398,222.6378,230.785749,154.641267,132.099106,-2.9469803,119.285937,222.684506,230.774171,154.67051,136.941089,-3.01653346,113.905747,6.53186939,5.910645,0.0563089434,-0.0467061139,0.0115780478,-0.0292435436,7.10650825,3.31085166
7.16808248,right_stick_down,down,0,-1,50,0,54.558105,34.672852,-138.80127,56.865234,91.625977,11.689453,222.65784,230.808046,154.688005,132.368682,-3.00121352,119.016842,222.684506,230.774171,154.67051,136.941089,-3.01653346,113.905747,6.84038143,6.196289,0.0465259062,-0.0266658165,0.033875023,0.0174950561,11.938028,2.13859968
7.19324136,right_stick_down,down,0,-1,51,0,54.536133,34.716797,-138.80127,56.799316,91.472168,11.645508,222.660418,230.813445,154.698514,132.523344,-2.98556974,118.86273,222.684506,230.774171,154.67051,136.941089,-3.01653346,113.905747,7.01857041,6.350098,0.053915608,-0.0240875356,0.0392739762,0.0280042534,7.14873052,0.480663274
7.21847987,right_stick_down,down,0,-1,52,0,54.51416,34.760742,-138.823242,56.755371,91.318359,11.601562,222.652312,230.731815,154.684827,132.663681,-2.97174416,118.679298,222.684506,230.774171,154.67051,136.941089,-3.01653346,113.905747,7.19167504,6.503907,0.0550948894,-0.0321941036,-0.0423558165,0.0143168203,6.91018842,3.29517853
7.24365377,right_stick_down,down,0,-1,53,0,54.492188,34.804688,-138.80127,56.711426,91.120605,11.535645,222.724602,230.762212,154.672279,132.82808,-2.98023171,118.478003,222.684506,230.774171,154.67051,136.941089,-3.01653346,113.905747,7.4083385,6.701661,0.0418792352,0.0400964271,-0.0119589955,0.00176898425,8.72833681,3.15480433
7.26887727,right_stick_down,down,0,-1,54,0,54.470215,34.870605,-138.80127,56.645508,90.944824,11.535645,222.739474,230.786439,154.749737,133.019472,-3.03893181,118.339817,222.684506,230.774171,154.67051,136.941089,-3.01653346,113.905747,7.60244412,6.877442,0.0972052545,0.0549682321,0.0122681725,0.0792265543,7.93624936,3.27113299
7.296211,right_stick_down,down,0,-1,55,0,54.448242,34.936523,-138.80127,56.57959,90.65918,11.447754,222.737956,230.786351,154.70611,133.270366,-3.01919862,118.026302,222.684506,230.774171,154.67051,136.941089,-3.01653346,113.905747,7.91494602,7.163086,0.0653652262,0.0534499165,0.0121800272,0.0356000866,11.4814879,1.59703631
7.32137203,right_stick_down,down,0,-1,56,0,54.448242,34.980469,-138.80127,56.535645,90.505371,11.425781,222.682567,230.851517,154.717508,133.428335,-3.02329716,117.885457,222.684506,230.774171,154.67051,136.941089,-3.01653346,113.905747,8.08113005,7.316895,0.0905253773,-0.00193922711,0.0773452398,0.0469978427,6.65073312,3.42914323
7.34652519,right_stick_down,down,0,-1,57,0,54.42627,35.024414,-138.823242,56.469727,90.351562,11.381836,222.638349,230.796379,154.703456,133.584595,-2.98608694,117.70741,222.684506,230.774171,154.67051,136.941089,-3.01653346,113.905747,8.25981996,7.470704,0.0609020105,-0.0461566334,0.0222074387,0.0329461643,7.20351677,2.86489352
7.37677789,right_stick_down,down,0,-1,58,0,54.404297,35.090332,-138.823242,56.425781,90.131836,11.315918,222.677267,230.785292,154.733262,133.767944,-2.99688282,117.478448,222.684506,230.774171,154.67051,136.941089,-3.01653346,113.905747,8.50231112,7.69043,0.0641397524,-0.00723932565,0.0111205081,0.0627521657,8.05509097,1.66127612
7.40199399,right_stick_down,down,0,-1,59,0,54.382324,35.134277,-138.823242,56.381836,89.912109,11.271973,222.698553,230.750935,154.672177,133.963737,-3.01416152,117.235989,222.684506,230.774171,154.67051,136.941089,-3.01653346,113.905747,8.73459436,7.910157,0.0272036941,0.0140470224,-0.0232366735,0.00166707564,9.26284331,2.90471394
7.42710805,right_stick_down,down,0,-1,60,0,54.360352,35.178223,-138.823242,56.315918,89.758301,11.228027,222.696341,230.757148,154.683392,134.116669,-2.99454885,117.080774,222.684506,230.774171,154.67051,136.941089,-3.01653346,113.905747,8.91283124,8.063965,0.0244093329,0.0118354118,-0.0170231623,0.0128821779,7.16147473,0.518063087
7.45226908,right_stick_down,down,0,-1,61,0,54.338379,35.244141,-138.823242,56.25,89.538574,11.184082,222.699727,230.772612,154.71309,134.326219,-3.00789334,116.867164,222.684506,230.774171,154.67051,136.941089,-3.01653346,113.905747,9.15622035,8.283692,0.0452458432,0.0152213717,-0.00155972477,0.0425800826,9.68517396,1.33751901
7.47749925,right_stick_down,down,0,-1,62,0,54.316406,35.288086,-138.823242,56.228027,89.384766,11.162109,222.763106,230.726959,154.725307,134.455156,-3.05708306,116.709647,222.684506,230.774171,154.67051,136.941089,-3.01653346,113.905747,9.31850507,8.4375,0.106816226,0.0786000497,-0.0472121176,0.0547973935,6.51711053,3.13349419
7.50820088,right_stick_down,down,0,-1,63,0,54.294434,35.354004,-138.823242,56.140137,89.121094,11.074219,222.724227,230.759311,154.706458,134.700474,-3.00500521,116.427604,222.684506,230.774171,154.67051,136.941089,-3.01653346,113.905747,9.61677176,8.701172,0.0555949343,0.0397208858,-0.014860151,0.0359475154,9.76061237,1.75812693
7.53336382,right_stick_down,down,0,-1,64,0,54.294434,35.397949,-138.823242,56.096191,88.989258,11.052246,222.668488,230.829985,154.742628,134.837319,-3.00116361,116.312713,222.684506,230.774171,154.67051,136.941089,-3.01653346,113.905747,9.76303275,8.833008,0.092589438,-0.016018286,0.055813657,0.0721183349,5.857714,3.85507502
7.55859113,right_stick_down,down,0,-1,65,0,54.272461,35.419922,-138.823242,56.074219,88.857422,11.030273,222.717462,230.765927,154.688195,134.948581,-3.02604826,116.158809,222.684506,230.774171,154.67051,136.941089,-3.01653346,113.905747,9.89994392,8.964844,0.0382991448,0.0329561208,-0.00824464719,0.0176845804,5.50860984,3.85646348
7.58771372,right_stick_down,down,0,-1,66,0,54.250488,35.48584,-138.845215,56.008301,88.59375,10.986328,222.665301,230.711419,154.644662,135.198609,-3.02772986,115.866251,222.684506,230.774171,154.67051,136.941089,-3.01653346,113.905747,10.1835621,9.228516,0.0705322444,-0.0192050513,-0.0627521527,-0.0258482268,9.77929162,2.99091399
7.61290407,right_stick_down,down,0,-1,67,0,54.228516,35.529785,-138.823242,55.964355,88.483887,10.942383,222.745063,230.762942,154.73066,135.291946,-3.03635109,115.782473,222.684506,230.774171,154.67051,136.941089,-3.01653346,113.905747,10.3159926,9.338379,0.0860883117,0.0605569369,-0.011229009,0.060149515,5.44728123,5.08568449
7.63813448,right_stick_down,down,0,-1,68,0,54.228516,35.551758,-138.823242,55.92041,88.374023,10.92041,222.675033,230.815075,154.700197,135.411017,-3.00806664,115.671071,222.684506,230.774171,154.67051,136.941089,-3.01653346,113.905747,10.4368969,9.448243,0.0514211191,-0.00947282774,0.04090324,0.0296870675,4.84888039,3.66485039
7.66758251,right_stick_down,down,0,-1,69,0,54.206543,35.617676,-138.823242,55.854492,88.154297,10.854492,222.673113,230.83157,154.730797,135.608795,-2.99115648,115.446536,222.684506,230.774171,154.67051,136.941089,-3.01653346,113.905747,10.685039,9.667969,0.0840170394,-0.0113930471,0.057398617,0.060286484,8.44171124,1.18226424
7.69272232,right_stick_down,down,0,-1,70,0,54.18457,35.617676,-138.823242,55.854492,88.044434,10.83252,222.740872,230.723252,154.610054,135.685442,-3.01405295,115.290383,222.684506,230.774171,154.67051,136.941089,-3.01653346,113.905747,10.7910353,9.777832,0.097082197,0.0563665012,-0.0509193199,-0.0604565412,4.54151986,6.99259577
7.71798468,right_stick_down,down,0,-1,71,0,54.18457,35.661621,-138.845215,55.810547,87.93457,10.83252,222.64251,230.737464,154.645179,135.814103,-3.01139245,115.188201,222.684506,230.774171,154.67051,136.941089,-3.01653346,113.905747,10.913025,9.887696,0.0612595508,-0.0419956272,-0.0367073147,-0.0253312635,5.07165537,4.17253774
7.74730873,right_stick_down,down,0,-1,72,0,54.162598,35.705566,-138.823242,55.788574,87.758789,10.766602,222.741839,230.749819,154.659514,135.939138,-3.02860376,115.006751,222.684506,230.774171,154.67051,136.941089,-3.01653346,113.905747,11.1043251,10.063477,0.0632530412,0.0573325944,-0.0243518562,-0.0109958148,6.70197674,3.44819549
7.77246356,right_stick_down,down,0,-1,73,0,54.162598,35.727539,-138.823242,55.722656,87.670898,10.744629,222.641248,230.832538,154.65312,136.05468,-2.97227773,114.928067,222.684506,230.774171,154.67051,136.941089,-3.01653346,113.905747,11.2109229,10.151368,0.0747013632,-0.0432575234,0.0583667918,-0.0173895931,4.53883864,5.18350917
7.79769397,right_stick_down,down,0,-1,74,0,54.140625,35.749512,-138.823242,55.722656,87.583008,10.722656,222.729381,230.752442,154.647688,136.109343,-3.00866573,114.822711,222.684506,230.774171,154.67051,136.941089,-3.01653346,113.905747,11.3024708,10.239258,0.0548342715,0.0448748165,-0.0217297555,-0.0228224868,3.79606435,4.72506349
7.82673192,right_stick_down,down,0,-1,75,0,54.140625,35.793457,-138.845215,55.700684,87.429199,10.700684,222.654671,230.731875,154.63494,136.249998,-3.01055506,114.650003,222.684506,230.774171,154.67051,136.941089,-3.01653346,113.905747,11.4633902,10.393067,0.0628039791,-0.0298346865,-0.0422963284,-0.0355703792,5.66253666,2.70440091
7.85619545,right_stick_down,down,0,-1,76,0,54.118652,35.81543,-138.845215,55.656738,87.319336,10.678711,222.671037,230.69894,154.60483,136.357045,-3.00659662,114.528455,222.684506,230.774171,154.67051,136.941089,-3.01653346,113.905747,11.5860511,10.50293,0.100771893,-0.0134686472,-0.0752313533,-0.0656796272,4.21864904,1.61319115
7.88135171,right_stick_down,down,0,-1,77,0,54.118652,35.837402,-138.823242,55.634766,87.253418,10.678711,222.685712,230.796259,154.649048,136.427665,-3.03459566,114.498606,222.684506,230.774171,154.67051,136.941089,-3.01653346,113.905747,11.6564684,10.568848,0.0308210954,0.00120593182,0.0220879199,-0.0214618137,3.02569869,4.28904157
7.90657926,right_stick_down,down,0,-1,78,0,54.09668,35.859375,-138.845215,55.59082,87.1875,10.656738,222.666147,230.710717,154.641434,136.497834,-3.00293145,114.408508,222.684506,230.774171,154.67051,136.941089,-3.01653346,113.905747,11.7396928,10.634766,0.072172632,-0.0183592199,-0.0634538789,-0.0290763323,3.59115497,3.49144157
7.9366374,right_stick_down,down,0,-1,79,0,54.09668,35.881348,-138.823242,55.568848,87.077637,10.634766,222.671667,230.79912,154.637533,136.59724,-3.01343889,114.314114,222.684506,230.774171,154.67051,136.941089,-3.01653346,113.905747,11.8546299,10.744629,0.0432988179,-0.0128390749,0.0249491256,-0.0329770666,3.93657013,2.94965083
7.96182442,right_stick_down,down,0,-1,80,0,54.09668,35.90332,-138.823242,55.546875,87.033691,10.612793,222.646034,230.839325,154.680147,136.640497,-2.99189309,114.278823,222.684506,230.774171,154.67051,136.941089,-3.01653346,113.905747,11.9101938,10.788575,0.0762759854,-0.038472285,0.0651539035,0.00963732766,2.30812243,2.53896621
7.98701143,right_stick_down,down,0,-1,81,0,54.074707,35.925293,-138.845215,55.546875,86.967773,10.59082,222.693152,230.702294,154.673079,136.677564,-3.00502306,114.177378,222.684506,230.774171,154.67051,136.941089,-3.01653346,113.905747,11.9821922,10.854493,0.072441248,0.00864588961,-0.0718775632,0.00256883296,3.14542809,5.76004272
8.01659203,right_stick_down,down,0,-1,82,0,54.074707,35.925293,-138.823242,55.50293,86.901855,10.59082,222.657064,230.802042,154.62613,136.766578,-2.99182473,114.129477,222.684506,230.774171,154.67051,136.941089,-3.01653346,113.905747,12.0528189,10.920411,0.0591559913,-0.0274424455,0.0278704475,-0.044379969,2.77932566,3.92152258
8.04171205,right_stick_down,down,0,-1,83,0,54.074707,35.947266,-138.823242,55.524902,86.85791,10.568848,222.698326,230.790837,154.669312,136.776884,-3.0152111,114.082909,222.684506,230.774171,154.67051,136.941089,-3.01653346,113.905747,12.0971403,10.964356,0.0216837595,0.0138203878,0.016665707,-0.00119854801,2.31423311,2.41912369
8.06697536,right_stick_down,down,0,-1,84,0,54.052734,35.947266,-138.845215,55.50293,86.835938,10.568848,222.70398,230.665029,154.619069,136.803576,-3.00491517,114.028017,222.684506,230.774171,154.67051,136.941089,-3.01653346,113.905747,12.1248055,10.986328,0.122218782,0.0194742753,-0.109141918,-0.0514414711,1.73947915,5.36695932
8.09325314,right_stick_down,down,0,-1,85,0,54.052734,35.969238,-138.845215,55.480957,86.77002,10.568848,222.673525,230.700815,154.637618,136.876065,-3.01414787,113.974421,222.684506,230.774171,154.67051,136.941089,-3.01653346,113.905747,12.1955763,11.052246,0.0811395428,-0.0109810477,-0.0733565552,-0.0328916069,2.77325516,1.92251645
8.11842155,right_stick_down,down,0,-1,86,0,54.052734,35.969238,-138.845215,55.50293,86.748047,10.524902,222.702385,230.670663,154.613796,136.85906,-2.98827075,113.922551,222.684506,230.774171,154.67051,136.941089,-3.01653346,113.905747,12.2193063,11.074219,0.119373719,0.0178792161,-0.103507975,-0.0567143501,2.13849898,1.90944598
8.14365077,right_stick_down,down,0,-1,87,0,54.052734,35.969238,-138.823242,55.480957,86.748047,10.524902,222.713609,230.758071,154.639442,136.87352,-2.98394269,113.951768,222.684506,230.774171,154.67051,136.941089,-3.01653346,113.905747,12.2245602,11.074219,0.0455129553,0.0291034936,-0.0160999949,-0.0310677635,1.2316877,3.6379147
8.17390609,right_stick_down,down,0,-1,88,0,54.052734,35.991211,-138.823242,55.458984,86.704102,10.524902,222.687731,230.798308,154.682122,136.926652,-2.98858336,113.925771,222.684506,230.774171,154.67051,136.941089,-3.01653346,113.905747,12.2754018,11.118164,0.0269783672,0.00322476229,0.0241369146,0.0116121729,1.77892105,2.11901854
8.19906211,right_stick_down,down,0,-1,89,0,54.052734,35.991211,-138.845215,55.480957,86.704102,10.524902,222.676511,230.710907,154.656447,136.912192,-2.99293503,113.896552,222.684506,230.774171,154.67051,136.941089,-3.01653346,113.905747,12.2701303,11.118164,0.0653001001,-0.00799499693,-0.0632645404,-0.0140634644,1.23527145,3.64855356
8.22428703,right_stick_down,down,0,-1,90,0,54.052734,35.991211,-138.845215,55.480957,86.704102,10.546875,222.676511,230.710907,154.656447,136.922141,-3.01942007,113.905866,222.684506,230.774171,154.67051,136.941089,-3.01653346,113.905747,12.2654273,11.118164,0.0653001001,-0.00799499693,-0.0632645404,-0.0140634644,0.871082899,0
8.25456786,right_stick_down,down,0,-1,91,0,54.052734,35.991211,-138.845215,55.480957,86.682129,10.524902,222.671835,230.706477,154.632365,136.93152,-2.99743094,113.868938,222.684506,230.774171,154.67051,136.941089,-3.01653346,113.905747,12.2900439,11.140137,0.0787277171,-0.0126705416,-0.067694158,-0.0381446167,1.02621085,0.823213197
8.27975202,right_stick_down,down,0,-1,92,0,54.052734,35.991211,-138.823242,55.480957,86.682129,10.546875,222.716583,230.768187,154.658295,136.939507,-3.04215609,113.901851,222.684506,230.774171,154.67051,136.941089,-3.01653346,113.905747,12.2850145,11.140137,0.034842065,0.0320772261,-0.00598478116,-0.0122148865,1.23389152,3.19707353
8.30498743,right_stick_down,down,0,-1,93,0,54.052734,35.991211,-138.845215,55.458984,86.682129,10.546875,222.638313,230.732176,154.632109,136.957901,-3.00133075,113.883852,222.684506,230.774171,154.67051,136.941089,-3.01653346,113.905747,12.2909474,11.140137,0.0732944926,-0.0461931933,-0.0419952249,-0.0384014665,1.23138515,3.56834181
8.33323359,right_stick_down,down,0,-1,94,0,54.052734,35.991211,-138.823242,55.480957,86.682129,10.524902,222.716583,230.768187,154.658295,136.929561,-3.01566596,113.89254,222.684506,230.774171,154.67051,136.941089,-3.01653346,113.905747,12.2897099,11.140137,0.034842065,0.0320772261,-0.00598478116,-0.0122148865,1.34738126,3.18799337
8.3368392,return_center_after_down,center,0,0,0,0,54.052734,35.991211,-138.823242,55.480957,86.682129,10.524902,222.716583,230.768187,154.658295,136.929561,-3.01566596,113.89254,222.684506,230.774171,154.67051,126.38039,-2.75156937,125.296408,12.2897099,11.140137,0.034842065,0.0320772261,-0.00598478116,-0.0122148865,0,0
8.36309457,return_center_after_down,center,0,0,1,0,54.052734,35.991211,-138.845215,55.480957,86.682129,10.524902,222.671835,230.706477,154.632365,136.93152,-2.99743094,113.868938,222.684506,230.774171,154.67051,126.38039,-2.75156937,125.296408,12.2900439,11.140137,0.0787277171,-0.0126705416,-0.067694158,-0.0381446167,0.836895488,3.06663346
8.39549112,return_center_after_down,center,0,0,2,0,54.052734,35.991211,-138.823242,55.480957,86.682129,10.524902,222.716583,230.768187,154.658295,136.929561,-3.01566596,113.89254,222.684506,230.774171,154.67051,126.38039,-2.75156937,125.296408,12.2897099,11.140137,0.034842065,0.0320772261,-0.00598478116,-0.0122148865,0.67825113,2.48531345
8.42370725,return_center_after_down,center,0,0,3,0,54.052734,35.991211,-138.823242,55.458984,86.682129,10.524902,222.683061,230.793886,154.658039,136.945986,-2.99307172,113.898153,222.684506,230.774171,154.67051,126.38039,-2.75156937,125.296408,12.2953068,11.140137,0.0233724936,-0.00144536772,0.0197142316,-0.0124713046,0.778739147,1.4970381
8.44886446,return_center_after_down,center,0,0,4,0,54.052734,35.991211,-138.823242,55.458984,86.682129,10.546875,222.683061,230.793886,154.658039,136.955939,-3.01956328,113.90746,222.684506,230.774171,154.67051,126.38039,-2.75156937,125.296408,12.2906135,11.140137,0.0233724936,-0.00144536772,0.0197142316,-0.0124713046,0.873427427,0
8.47447872,return_center_after_down,center,0,0,5,0,54.052734,35.991211,-138.845215,55.480957,86.704102,10.546875,222.676511,230.710907,154.656447,136.922141,-3.01942007,113.905866,222.684506,230.774171,154.67051,126.38039,-2.75156937,125.296408,12.2654273,11.118164,0.0653001001,-0.00799499693,-0.0632645404,-0.0140634644,1.48582664,3.25022379
8.49963427,return_center_after_down,center,0,0,6,0,54.052734,35.991211,-138.845215,55.480957,86.704102,10.546875,222.676511,230.710907,154.656447,136.922141,-3.01942007,113.905866,222.684506,230.774171,154.67051,126.38039,-2.75156937,125.296408,12.2654273,11.118164,0.0653001001,-0.00799499693,-0.0632645404,-0.0140634644,0,0
8.52489614,return_center_after_down,center,0,0,7,0,54.052734,35.991211,-138.845215,55.480957,86.726074,10.546875,222.681177,230.715337,154.680528,136.90281,-3.01492013,113.933479,222.684506,230.774171,154.67051,126.38039,-2.75156937,125.296408,12.245514,11.096192,0.0597743161,-0.003329054,-0.0588346778,0.0100183309,0.869769031,0.98672166
8.55005741,return_center_after_down,center,0,0,8,0,54.052734,35.991211,-138.823242,55.50293,86.77002,10.546875,222.76872,230.760164,154.754899,136.845707,-3.0467413,114.006668,222.684506,230.774171,154.67051,126.38039,-2.75156937,125.296408,12.1997719,11.052246,0.120040625,0.0842141001,-0.0140074249,0.084389153,2.13910689,4.90061743
8.57528543,return_center_after_down,center,0,0,9,0,54.052734,35.991211,-138.823242,55.480957,86.791992,10.546875,222.739839,230.790301,154.778728,136.842789,-3.01967173,114.0399,222.684506,230.774171,154.67051,126.38039,-2.75156937,125.296408,12.1854779,11.030274,0.122609711,0.0553335129,0.0161299746,0.108218148,1.23171787,1.90519286
8.60044551,return_center_after_down,center,0,0,10,0,54.052734,35.991211,-138.823242,55.480957,86.835938,10.568848,222.749076,230.79915,154.826914,136.814019,-3.03714222,114.10443,222.684506,230.774171,154.67051,126.38039,-2.75156937,125.296408,12.141001,10.986328,0.171042724,0.0645704533,0.0249791465,0.156404323,1.95282101,1.98151857
8.62557817,return_center_after_down,center,0,0,11,0,54.052734,35.969238,-138.845215,55.50293,86.85791,10.568848,222.725555,230.692857,154.734231,136.782225,-3.01866086,114.079201,222.684506,230.774171,154.67051,126.38039,-2.75156937,125.296408,12.110343,10.964356,0.111163787,0.0410488244,-0.0813143885,0.0637208897,1.74854181,5.68880692
8.65072155,return_center_after_down,center,0,0,12,0,54.052734,35.969238,-138.823242,55.546875,86.923828,10.59082,222.851033,230.716343,154.832973,136.699131,-3.09490739,114.183596,222.684506,230.774171,154.67051,126.38039,-2.75156937,125.296408,12.0344185,10.898438,0.239728647,0.16652726,-0.0578285639,0.16246339,3.38456871,6.41875749
8.67589808,return_center_after_down,center,0,0,13,0,54.074707,35.969238,-138.823242,55.546875,86.967773,10.59082,222.771668,230.810659,154.881175,136.671484,-3.05989262,114.248101,222.684506,230.774171,154.67051,126.38039,-2.75156937,125.296408,11.9928046,10.854493,0.230885798,0.0871622801,0.0364878304,0.210664727,1.95150947,5.25706548
8.70106864,return_center_after_down,center,0,0,14,0,54.074707,35.947266,-138.823242,55.568848,87.055664,10.612793,222.806422,230.779348,154.886747,136.589413,-3.07243341,114.338499,222.684506,230.774171,154.67051,126.38039,-2.75156937,125.296408,11.897438,10.766602,0.248291887,0.121916035,0.00517655091,0.216237243,3.80511684,1.87159712
8.73156333,return_center_after_down,center,0,0,15,0,54.09668,35.925293,-138.823242,55.59082,87.143555,10.634766,222.752528,230.833502,154.89234,136.518426,-3.0589272,114.438244,222.684506,230.774171,154.67051,126.38039,-2.75156937,125.296408,11.8002576,10.678711,0.239490075,0.0680218715,0.0593307723,0.221829621,3.2223684,2.51212147
8.76187086,return_center_after_down,center,0,0,16,0,54.09668,35.881348,-138.823242,55.612793,87.253418,10.656738,222.774578,230.783377,154.83096,136.418918,-3.04837255,114.532563,222.684506,230.774171,154.67051,126.38039,-2.75156937,125.296408,11.6794956,10.568848,0.184233064,0.0900719419,0.00920526652,0.160449774,4.03655943,2.71408657
8.7921319,return_center_after_down,center,0,0,17,0,54.118652,35.859375,-138.823242,55.634766,87.363281,10.700684,222.72481,230.842065,154.860725,136.338361,-3.05648713,114.66921,222.684506,230.774171,154.67051,126.38039,-2.75156937,125.296408,11.557743,10.458985,0.20595096,0.0403038784,0.0678934785,0.190215328,4.10746342,2.72645893
8.81729627,return_center_after_down,center,0,0,18,0,54.118652,35.837402,-138.845215,55.678711,87.429199,10.722656,222.743523,230.719049,154.816767,136.261145,-3.0771772,114.702735,222.684506,230.774171,154.67051,126.38039,-2.75156937,125.296408,11.477007,10.393067,0.167070519,0.0590172537,-0.0551224044,0.14625677,3.49265707,5.24422595
8.84252119,return_center_after_down,center,0,0,19,0,54.118652,35.81543,-138.823242,55.678711,87.51709,10.722656,222.788651,230.775239,154.847972,136.183287,-3.05881201,114.81275,222.684506,230.774171,154.67051,126.38039,-2.75156937,125.296408,11.3915884,10.305176,0.205766904,0.10414532,0.00106797311,0.177461631,3.69564503,3.11336323
8.87296271,return_center_after_down,center,0,0,20,0,54.140625,35.771484,-138.823242,55.744629,87.692871,10.766602,222.80131,230.772619,154.859734,136.013115,-3.07900327,114.996811,222.684506,230.774171,154.67051,126.38039,-2.75156937,125.296408,11.1934243,10.129395,0.222376738,0.116803915,-0.00155275959,0.189224333,6.53617096,0.57413958
8.8980608,return_center_after_down,center,0,0,21,0,54.162598,35.727539,-138.823242,55.766602,87.758789,10.810547,222.725309,230.799058,154.750275,135.973478,-3.07735948,115.05495,222.684506,230.774171,154.67051,126.38039,-2.75156937,125.296408,11.1059772,10.063477,0.092987941,0.040803099,0.0248870087,0.0797652874,3.81608713,5.41294612
8.92328525,return_center_after_down,center,0,0,22,0,54.162598,35.705566,-138.823242,55.766602,87.868652,10.810547,222.729664,230.798374,154.779884,135.878113,-3.03572823,115.168756,222.684506,230.774171,154.67051,126.38039,-2.75156937,125.296408,11.0010184,9.953614,0.1207798,0.045157803,0.0242027034,0.109374413,4.44167492,1.18676393
8.94844246,return_center_after_down,center,0,0,23,0,54.18457,35.661621,-138.823242,55.83252,88.000488,10.83252,222.732908,230.786813,154.743559,135.736674,-3.03813271,115.288215,222.684506,230.774171,154.67051,126.38039,-2.75156937,125.296408,10.8473291,9.821778,0.0885366354,0.048401605,0.0126418159,0.0730493321,6.23741927,1.52076358
8.97366619,return_center_after_down,center,0,0,24,0,54.18457,35.639648,-138.845215,55.876465,88.110352,10.898438,222.759305,230.673077,154.748286,135.640089,-3.10097077,115.395498,222.684506,230.774171,154.67051,126.38039,-2.75156937,125.296408,10.7174768,9.711914,0.147865034,0.0747987972,-0.101094341,0.0777762319,5.50940967,4.63273654
9.0024457,return_center_after_down,center,0,0,25,0,54.228516,35.57373,-138.823242,55.92041,88.330078,10.92041,222.683806,230.829282,154.742934,135.447903,-3.03602549,115.639737,222.684506,230.774171,154.67051,126.38039,-2.75156937,125.296408,10.4821551,9.492188,0.0910103047,-0.000700330234,0.0551108147,0.072423637,8.32859705,6.03125528
9.03188777,return_center_after_down,center,0,0,26,0,54.228516,35.529785,-138.845215,55.986328,88.505859,10.964355,222.738212,230.68026,154.729679,135.267963,-3.06131735,115.790222,222.684506,230.774171,154.67051,126.38039,-2.75156937,125.296408,10.2861848,9.316407,0.123307334,0.0537065359,-0.093911395,0.0591688807,6.75803506,5.40709743
9.05706,return_center_after_down,center,0,0,27,0,54.250488,35.48584,-138.823242,55.986328,88.615723,11.008301,222.680075,230.803365,154.693924,135.203332,-3.04567447,115.932437,222.684506,230.774171,154.67051,126.38039,-2.75156937,125.296408,10.1642004,9.206543,0.0376844149,-0.00443098123,0.0291938475,0.0234136883,5.16412929,5.59186546
9.08290768,return_center_after_down,center,0,0,28,0,54.272461,35.441895,-138.823242,56.052246,88.791504,11.030273,222.689332,230.80132,154.706326,135.021915,-3.03699341,116.106105,222.684506,230.774171,154.67051,126.38039,-2.75156937,125.296408,9.97072129,9.030762,0.0452006926,0.00482558721,0.027148892,0.0358155551,7.55568664,0.603922952
9.10811949,return_center_after_down,center,0,0,29,0,54.272461,35.419922,-138.80127,56.096191,88.92334,11.074219,222.806467,230.815288,154.786546,134.890367,-3.10456823,116.27756,222.684506,230.774171,154.67051,126.38039,-2.75156937,125.296408,9.82487401,8.898926,0.17329024,0.121961013,0.0411170807,0.116036219,5.91095676,5.6583614
9.13361716,return_center_after_down,center,0,0,30,0,54.294434,35.354004,-138.823242,56.140137,89.121094,11.118164,222.724227,230.759311,154.706458,134.720481,-3.057142,116.447045,222.684506,230.774171,154.67051,126.38039,-2.75156937,125.296408,9.6073289,8.701172,0.0555949343,0.0397208858,-0.014860151,0.0359475154,8.61751907,5.00888321
9.1588397,return_center_after_down,center,0,0,31,0,54.316406,35.310059,-138.823242,56.206055,89.274902,11.162109,222.728191,230.752809,154.694941,134.56818,-3.07817776,116.602704,222.684506,230.774171,154.67051,126.38039,-2.75156937,125.296408,9.42911254,8.547364,0.054420783,0.0436852229,-0.0213619935,0.0244312945,7.13065434,0.547378515
9.18406153,return_center_after_down,center,0,0,32,0,54.338379,35.266113,-138.823242,56.25,89.472656,11.206055,222.70569,230.781842,154.731497,134.393008,-3.06724656,116.818618,222.684506,230.774171,154.67051,126.38039,-2.75156937,125.296408,9.21668513,8.34961,0.0650153673,0.0211845047,0.00767085694,0.06098666,8.44638129,2.05463528
9.20915413,return_center_after_down,center,0,0,33,0,54.338379,35.222168,-138.823242,56.271973,89.604492,11.228027,222.726995,230.737383,154.695105,134.272622,-3.04828938,116.939129,222.684506,230.774171,154.67051,126.38039,-2.75156937,125.296408,9.07601094,8.217774,0.0613485953,0.0424895492,-0.0367880822,0.0245952305,5.67493965,2.442024
9.23438978,return_center_after_down,center,0,0,34,0,54.360352,35.178223,-138.823242,56.315918,89.758301,11.293945,222.696341,230.757148,154.683392,134.146721,-3.07242629,117.11025,222.684506,230.774171,154.67051,126.38039,-2.75156937,125.296408,8.89876332,8.063965,0.0244093329,0.0118354118,-0.0170231623,0.0128821779,7.12698782,1.51802188
9.25951552,return_center_after_down,center,0,0,35,0,54.382324,35.090332,-138.823242,56.403809,90.065918,11.337891,222.72229,230.711517,154.660154,133.843276,-3.04137096,117.40308,222.684506,230.774171,154.67051,126.38039,-2.75156937,125.296408,8.56460224,7.756348,0.0738944241,0.0377837965,-0.0626539923,-0.0103560557,13.3487844,2.28476855
9.28467679,return_center_after_down,center,0,0,36,0,54.404297,35.068359,-138.823242,56.469727,90.197754,11.403809,222.737098,230.724107,154.715846,133.717243,-3.10994551,117.564149,222.684506,230.774171,154.67051,126.38039,-2.75156937,125.296408,8.40717589,7.624512,0.0856020059,0.052591692,-0.0500645885,0.0453360157,6.53498389,2.3443262
9.30979919,return_center_after_down,center,0,0,37,0,54.42627,35.002441,-138.80127,56.513672,90.351562,11.425781,222.731715,230.781771,154.638422,133.570762,-3.08095995,117.71523,222.684506,230.774171,154.67051,126.38039,-2.75156937,125.296408,8.233299,7.470704,0.0575857128,0.047208995,0.00759948835,-0.0320885164,7.05141577,3.84869848
9.34009695,return_center_after_down,center,0,0,38,0,54.448242,34.936523,-138.823242,56.57959,90.65918,11.491699,222.69435,230.725335,154.681153,133.293206,-3.05181997,118.023099,222.684506,230.774171,154.67051,126.38039,-2.75156937,125.296408,7.90600478,7.163086,0.0509428812,0.00984398781,-0.0488365646,0.0106425098,10.8783809,2.64192635
9.37071061,return_center_after_down,center,0,0,39,0,54.470215,34.870605,-138.823242,56.645508,90.878906,11.557617,222.686646,230.710748,154.652115,133.092292,-3.06083846,118.245698,222.684506,230.774171,154.67051,126.38039,-2.75156937,125.296408,7.65796767,6.94336,0.0660713418,0.00214047507,-0.0634228324,-0.0183952414,8.12028941,1.09088627
9.39589286,return_center_after_down,center,0,0,40,0,54.492188,34.82666,-138.823242,56.711426,91.010742,11.57959,222.682686,230.700129,154.617173,132.948189,-3.05706827,118.363249,222.684506,230.774171,154.67051,126.38039,-2.75156937,125.296408,7.50439435,6.811524,0.0912713091,-0.00181974117,-0.0740424943,-0.05333713,6.23122414,1.45873111
9.42121053,return_center_after_down,center,0,0,41,0,54.51416,34.760742,-138.80127,56.755371,91.252441,11.623535,222.68686,230.777859,154.636863,132.73095,-3.03183148,118.631647,222.684506,230.774171,154.67051,126.38039,-2.75156937,125.296408,7.24614842,6.569825,0.0339305336,0.00235423207,0.0036876293,-0.0336472895,10.2688586,3.17145058
9.44643998,return_center_after_down,center,0,0,42,0,54.536133,34.73877,-138.823242,56.799316,91.40625,11.66748,222.625105,230.761163,154.691944,132.593591,-3.02660392,118.792076,222.684506,230.774171,154.67051,126.38039,-2.75156937,125.296408,7.07959599,6.416016,0.0644749916,-0.059400447,-0.0130078186,0.0214338073,6.74606529,3.34598792
9.471596,return_center_after_down,center,0,0,43,0,54.558105,34.650879,-138.80127,56.865234,91.625977,11.733398,222.641082,230.784502,154.597062,132.391755,-3.03331061,119.014076,222.684506,230.774171,154.67051,126.38039,-2.75156937,125.296408,6.82557877,6.196289,0.0859478581,-0.0434240769,0.0103303389,-0.0734484033,10.1861661,3.93575029
9.49674201,return_center_after_down,center,0,0,44,0,54.558105,34.628906,-138.80127,56.887207,91.757812,11.755371,222.674294,230.764766,154.652209,132.267074,-3.02996293,119.156339,222.684506,230.774171,154.67051,126.38039,-2.75156937,125.296408,6.69030485,6.064454,0.0229710508,-0.0102120805,-0.00940578492,-0.0183006501,5.45686859,2.67770902
9.52196598,return_center_after_down,center,0,0,45,0,54.580078,34.584961,-138.80127,56.931152,91.911621,11.777344,222.6378,230.785749,154.641267,132.119235,-2.99812287,119.306318,222.684506,230.774171,154.67051,126.38039,-2.75156937,125.296408,6.52240137,5.910645,0.0563089434,-0.0467061139,0.0115780478,-0.0292435436,6.69107477,1.72438266
9.55044675,return_center_after_down,center,0,0,46,0,54.602051,34.49707,-138.80127,57.041016,92.219238,11.865234,222.685156,230.716334,154.620104,131.814878,-3.03077612,119.609938,222.684506,230.774171,154.67051,126.38039,-2.75156937,125.296408,6.17337855,5.603028,0.0767224215,0.000650207429,-0.0578368481,-0.0504064102,12.2955439,3.04254437
9.57560277,return_center_after_down,center,0,0,47,0,54.624023,34.453125,-138.80127,57.062988,92.373047,11.887207,222.614336,230.763868,154.608739,131.683847,-2.97699899,119.765815,222.684506,230.774171,154.67051,126.38039,-2.75156937,125.296408,6.01107824,5.449219,0.0940509879,-0.0701695779,-0.0103037581,-0.0617709577,6.53634648,3.42051066
9.60083866,return_center_after_down,center,0,0,48,0,54.624023,34.40918,-138.80127,57.106934,92.526855,11.953125,222.664674,230.699843,154.597996,131.544411,-3.01992173,119.925641,222.684506,230.774171,154.67051,126.38039,-2.75156937,125.296408,5.83559252,5.295411,0.10571737,-0.0198316448,-0.0743278262,-0.07251374,7.07350864,3.25522968
9.63016582,return_center_after_down,center,0,0,49,0,54.667969,34.343262,-138.779297,57.216797,92.8125,11.99707,222.677494,230.795604,154.668274,131.243886,-3.01792346,120.237229,222.684506,230.774171,154.67051,126.38039,-2.75156937,125.296408,5.51907511,5.009766,0.0226616533,-0.00701213981,0.0214331818,-0.00223587596,10.9089039,4.07375722
9.65540075,return_center_after_down,center,0,0,50,0,54.667969,34.299316,-138.779297,57.23877,92.966309,12.041016,222.69357,230.758143,154.657006,131.111224,-3.013512,120.392725,222.684506,230.774171,154.67051,126.38039,-2.75156937,125.296408,5.35371304,4.855957,0.0228342809,0.00906377673,-0.016027951,-0.0135039669,6.63126441,1.67599048
9.68062663,return_center_after_down,center,0,0,51,0,54.689941,34.255371,-138.779297,57.282715,93.120117,12.084961,222.653767,230.779851,154.646395,130.972399,-3.00474846,120.552195,222.684506,230.774171,154.67051,126.38039,-2.75156937,125.296408,5.18121622,4.702149,0.0394798352,-0.0307386702,0.00568016578,-0.0241148763,6.85851333,1.84582368
9.70987844,return_center_after_down,center,0,0,52,0,54.711914,34.16748,-138.779297,57.392578,93.427734,12.128906,222.694388,230.711798,154.625948,130.645643,-2.98118203,120.833227,222.684506,230.774171,154.67051,126.38039,-2.75156937,125.296408,4.84151982,4.394532,0.0772909561,0.00988204422,-0.062373402,-0.0445622689,11.6852286,2.79811789
9.7350719,return_center_after_down,center,0,0,53,0,54.733887,34.123535,-138.757324,57.414551,93.581543,12.172852,222.663128,230.820667,154.639036,130.520405,-2.97026269,121.021622,222.684506,230.774171,154.67051,126.38039,-2.75156937,125.296408,4.67398235,4.240723,0.0600791671,-0.0213775472,0.0464959959,-0.0314742619,6.75572585,4.52585619
9.7601912,return_center_after_down,center,0,0,54,0,54.733887,34.07959,-138.757324,57.458496,93.735352,12.23877,222.71012,230.75735,154.628553,130.379907,-3.01026099,121.180731,222.684506,230.774171,154.67051,126.38039,-2.75156937,125.296408,4.4984955,4.086914,0.0519559732,0.0256137423,-0.0168215094,-0.0419570754,7.10636355,3.16663045
9.78957987,return_center_after_down,center,0,0,55,0,54.755859,33.991699,-138.757324,57.524414,94.020996,12.304688,222.67948,230.737546,154.58274,130.117394,-2.97363455,121.457555,222.684506,230.774171,154.67051,126.38039,-2.75156937,125.296408,4.18525788,3.80127,0.095237838,-0.00502599474,-0.036625182,-0.0877700473,10.6786709,1.99275995
9.81471181,return_center_after_down,center,0,0,56,0,54.777832,33.947754,-138.735352,57.590332,94.174805,12.32666,222.712332,230.793859,154.597116,129.946677,-2.97762395,121.622177,222.684506,230.774171,154.67051,126.38039,-2.75156937,125.296408,4.0111987,3.647461,0.0809234666,0.0278258795,0.019687294,-0.0733944026,7.04877454,2.65641104
9.83997226,return_center_after_down,center,0,0,57,0,54.799805,33.925781,-138.757324,57.634277,94.328613,12.348633,222.64326,230.779583,154.653574,129.79673,-2.9412191,121.770341,222.684506,230.774171,154.67051,126.38039,-2.75156937,125.296408,3.84935663,3.493653,0.0449151553,-0.0412462238,0.00541136545,-0.0169362723,6.56715709,3.57655277
9.86539388,return_center_after_down,center,0,0,58,0,54.821777,33.837891,-138.735352,57.722168,94.63623,12.414551,222.686743,230.799716,154.656966,129.491725,-2.93696556,122.08901,222.684506,230.774171,154.67051,126.38039,-2.75156937,125.296408,3.50999088,3.186036,0.0289993497,0.00223669105,0.0255444327,-0.0135440561,13.3621979,1.88963588
9.89051676,return_center_after_down,center,0,0,59,0,54.821777,33.793945,-138.735352,57.744141,94.768066,12.480469,222.696314,230.758173,154.621679,129.388423,-2.95963759,122.227597,222.684506,230.774171,154.67051,126.38039,-2.75156937,125.296408,3.36002135,3.0542,0.0527241761,0.0118078279,-0.0159980495,-0.0488311003,6.18442017,2.2027888
9.91566777,return_center_after_down,center,0,0,60,0,54.84375,33.75,-138.735352,57.788086,94.921875,12.480469,222.651544,230.781027,154.61143,129.227879,-2.8970887,122.364633,222.684506,230.774171,154.67051,126.38039,-2.75156937,125.296408,3.19670089,2.900391,0.0679999048,-0.0329620077,0.00685528267,-0.0590804384,6.65337059,2.03966828
9.94090271,return_center_after_down,center,0,0,61,0,54.84375,33.706055,-138.735352,57.854004,95.075684,12.524414,222.727694,230.692088,154.601953,129.058665,-2.92907939,122.505646,222.684506,230.774171,154.67051,126.38039,-2.75156937,125.296408,3.02026139,2.746582,0.115338105,0.0431878142,-0.082083224,-0.0685568047,7.07380035,4.654962
9.96599841,return_center_after_down,center,0,0,62,0,54.865723,33.662109,-138.735352,57.897949,95.273438,12.568359,222.685005,230.726014,154.640341,128.876799,-2.90459506,122.71651,222.684506,230.774171,154.67051,126.38039,-2.75156937,125.296408,2.80786128,2.548828,0.056829056,0.000499154256,-0.0481571205,-0.0301692591,8.48882204,2.65723297
9.99118423,return_center_after_down,center,0,0,63,0,54.887695,33.618164,-138.713379,57.941895,95.427246,12.634277,222.681135,230.809323,154.653961,128.742391,-2.93581643,122.907994,222.684506,230.774171,154.67051,126.38039,-2.75156937,125.296408,2.63030269,2.39502,0.0389988528,-0.00337106994,0.0351519697,-0.0165494846,7.19415532,3.35521037
10.0163491,return_center_after_down,center,0,0,64,0,54.909668,33.552246,-138.713379,58.007812,95.668945,12.678223,222.655963,230.804321,154.650866,128.504919,-2.89935997,123.141906,222.684506,230.774171,154.67051,126.38039,-2.75156937,125.296408,2.36693619,2.153321,0.0459297025,-0.0285425249,0.0301494812,-0.0196435899,10.477776,1.02720988
10.041503,return_center_after_down,center,0,0,65,0,54.909668,33.508301,-138.713379,58.029785,95.800781,12.700195,222.66317,230.763417,154.615684,128.380826,-2.87021567,123.25849,222.684506,230.774171,154.67051,126.38039,-2.75156937,125.296408,2.22608136,2.021485,0.0598061362,-0.0213359918,-0.0107543094,-0.0548260359,5.66111579,2.16396667
10.0667431,return_center_after_down,center,0,0,66,0,54.909668,33.464355,-138.691406,58.07373,95.932617,12.744141,222.745,230.756051,154.604938,128.245288,-2.90562665,123.401734,222.684506,230.774171,154.67051,126.38039,-2.75156937,125.296408,2.07464281,1.889649,0.0910365675,0.0604944588,-0.0181206814,-0.0655722349,6.0938148,3.2829053
10.1000519,return_center_after_down,center,0,0,67,0,54.931641,33.42041,-138.691406,58.161621,96.174316,12.788086,222.766974,230.74866,154.693536,127.985577,-2.90751898,123.65079,222.684506,230.774171,154.67051,126.38039,-2.75156937,125.296408,1.81124609,1.64795,0.0893417213,0.082467714,-0.0255109981,0.0230262523,7.97077375,2.74946689
10.1251934,return_center_after_down,center,0,0,68,0,54.953613,33.376465,-138.691406,58.161621,96.28418,12.832031,222.650696,230.814483,154.633282,127.921005,-2.86389265,123.769412,222.684506,230.774171,154.67051,126.38039,-2.75156937,125.296408,1.68989606,1.538086,0.0644520788,-0.0338096073,0.0403119932,-0.0372280019,5.09603266,5.82992952
10.1504331,return_center_after_down,center,0,0,69,0,54.953613,33.354492,-138.691406,58.205566,96.37207,12.832031,222.703773,230.759914,154.641189,127.806402,-2.86050667,123.838107,222.684506,230.774171,154.67051,126.38039,-2.75156937,125.296408,1.59328354,1.450196,0.037871183,0.0192670893,-0.0142570722,-0.0293213517,3.98937901,3.03228069
10.1798391,return_center_after_down,center,0,0,70,0,54.975586,33.288574,-138.691406,58.271484,96.569824,12.897949,222.672613,230.744753,154.589706,127.619519,-2.85755528,124.029516,222.684506,230.774171,154.67051,126.38039,-2.75156937,125.296408,1.36566797,1.252442,0.0868114964,-0.0118932629,-0.0294178435,-0.0808045586,7.8011581,2.1104194
10.2050686,return_center_after_down,center,0,0,71,0,54.975586,33.266602,-138.669434,58.271484,96.679688,12.897949,222.702646,230.808916,154.643746,127.515275,-2.82832916,124.160103,222.684506,230.774171,154.67051,126.38039,-2.75156937,125.296408,1.25955288,1.142578,0.0474615521,0.0181401185,0.0347447023,-0.0267645416,4.52541343,3.53166431
10.2302916,return_center_after_down,center,0,0,72,0,54.997559,33.244629,-138.669434,58.31543,96.767578,12.941895,222.66654,230.839874,154.651677,127.431932,-2.84960625,124.261495,222.684506,230.774171,154.67051,126.38039,-2.75156937,125.296408,1.15267508,1.054688,0.0706709865,-0.0179663064,0.0657031302,-0.0188334504,4.44194237,1.91167688
10.2583168,return_center_after_down,center,0,0,73,0,54.997559,33.200684,-138.669434,58.359375,96.943359,12.963867,222.70553,230.784289,154.6659,127.24768,-2.82662504,124.422673,222.684506,230.774171,154.67051,126.38039,-2.75156937,125.296408,0.966048369,0.878907,0.0237831656,0.0210242836,0.0101175024,-0.00461027253,6.69876872,2.47531008
10.2834439,return_center_after_down,center,0,0,74,0,54.997559,33.178711,-138.669434,58.359375,97.009277,12.98584,222.691352,230.777523,154.647901,127.199224,-2.81349466,124.489466,222.684506,230.774171,154.67051,126.38039,-2.75156937,125.296408,0.896312686,0.812989,0.0238595347,0.00684609378,0.00335165089,-0.0226091758,2.90025836,0.950785411
10.308538,return_center_after_down,center,0,0,75,0,55.019531,33.156738,-138.669434,58.40332,97.119141,13.007812,222.655466,230.814253,154.680134,127.084628,-2.80374997,124.605756,222.684506,230.774171,154.67051,126.38039,-2.75156937,125.296408,0.773737247,0.703125,0.0504226666,-0.0290396379,0.0400815208,0.0096237428,4.95322816,2.41605749
10.3337634,return_center_after_down,center,0,0,76,0,55.019531,33.112793,-138.669434,58.447266,97.207031,13.029785,222.690582,230.736294,154.597329,126.983823,-2.80375651,124.662462,222.684506,230.774171,154.67051,126.38039,-2.75156937,125.296408,0.667550005,0.615235,0.08262639,0.00607641561,-0.0378774554,-0.0731812535,4.35525288,4.71853414
10.358973,return_center_after_down,center,0,0,77,0,55.019531,33.09082,-138.669434,58.447266,97.294922,13.051758,222.6768,230.735302,154.603598,126.914379,-2.78446232,124.755219,222.684506,230.774171,154.67051,126.38039,-2.75156937,125.296408,0.577592649,0.527344,0.0777650433,-0.00770633678,-0.0388691689,-0.0669118976,3.69789126,0.601915013
10.3842101,return_center_after_down,center,0,0,78,0,55.019531,33.068848,-138.647461,58.491211,97.36084,13.07373,222.769303,230.735093,154.610638,126.826093,-2.83042661,124.830625,222.684506,230.774171,154.67051,126.38039,-2.75156937,125.296408,0.496699114,0.461426,0.110915425,0.0847969752,-0.0390779244,-0.0598716998,3.48258349,3.67598206
10.4093146,return_center_after_down,center,0,0,79,0,55.041504,33.068848,-138.647461,58.491211,97.44873,13.095703,222.683329,230.843247,154.707686,126.76358,-2.80708939,124.95683,222.684506,230.774171,154.67051,126.38039,-2.75156937,125.296408,0.410484002,0.373536,0.0784532723,-0.00117698796,0.0690758724,0.0371759933,3.71334119,6.72549025
10.4345486,return_center_after_down,center,0,0,80,0,55.041504,33.046875,-138.647461,58.513184,97.492676,13.095703,222.700638,230.804323,154.666278,126.708043,-2.79457964,124.979538,222.684506,230.774171,154.67051,126.38039,-2.75156937,125.296408,0.35903627,0.32959,0.0344575241,0.0161324306,0.0301521453,-0.00423246766,2.13294255,2.35429296
10.4597211,return_center_after_down,center,0,0,81,0,55.041504,33.024902,-138.647461,58.513184,97.580566,13.117676,222.686418,230.803446,154.672519,126.638472,-2.775051,125.072194,222.684506,230.774171,154.67051,126.38039,-2.75156937,125.296408,0.270005001,0.2417,0.0294061976,0.0019119587,0.0292751604,0.00200844627,3.70331758,0.61791382
10.4848914,return_center_after_down,center,0,0,82,0,55.041504,33.00293,-138.647461,58.557129,97.602539,13.139648,222.735685,230.732184,154.607748,126.596253,-2.81248255,125.073163,222.684506,230.774171,154.67051,126.38039,-2.75156937,125.296408,0.230451717,0.219727,0.0912212591,0.0511794805,-0.0419869543,-0.0627620471,2.3096078,4.29752915
10.5100601,return_center_after_down,center,0,0,83,0,55.041504,33.00293,-138.647461,58.557129,97.668457,13.139648,222.73733,230.749332,154.680518,126.533247,-2.79451846,125.151023,222.684506,230.774171,154.67051,126.38039,-2.75156937,125.296408,0.168775732,0.153809,0.0592247587,0.0528243892,-0.0248392429,0.0100083946,2.61905112,2.97121908
10.5352929,return_center_after_down,center,0,0,84,0,55.063477,32.980957,-138.647461,58.579102,97.69043,13.139648,222.66543,230.790122,154.614875,126.509902,-2.76381191,125.158881,222.684506,230.774171,154.67051,126.38039,-2.75156937,125.296408,0.137219259,0.131836,0.0609391227,-0.0190764072,0.0159508881,-0.05563485,1.74162257,4.18338528
10.5604522,return_center_after_down,center,0,0,85,0,55.063477,32.980957,-138.647461,58.601074,97.734375,13.161621,222.699082,230.774923,154.664274,126.460204,-2.79581657,125.215028,222.684506,230.774171,154.67051,126.38039,-2.75156937,125.296408,0.0905960298,0.087891,0.0158716628,0.0145758833,0.000751865877,-0.0062360247,2.13922038,2.45134997
10.5856228,return_center_after_down,center,0,0,86,0,55.063477,32.980957,-138.647461,58.601074,97.756348,13.139648,222.699586,230.780652,154.688529,126.429033,-2.76533573,125.22978,222.684506,230.774171,154.67051,126.38039,-2.75156937,125.296408,0.072875292,0.065918,0.0243738225,0.0150796972,0.00648042038,0.0180191595,1.23455771,0.990346381
10.6108165,return_center_after_down,center,0,0,87,0,55.063477,32.958984,-138.647461,58.601074,97.800293,13.161621,222.684025,230.768434,154.646257,126.40142,-2.75757572,125.270483,222.684506,230.774171,154.67051,126.38039,-2.75156937,125.296408,0.021973,0.021973,0.0249275776,-0.000480494501,-0.00573752478,-0.0242535371,2.13632139,1.85257108
10.6360517,return_center_after_down,center,0,0,88,0,55.063477,32.958984,-138.625488,58.579102,97.800293,13.161621,222.693047,230.854687,154.668585,126.414951,-2.7583162,125.299745,222.684506,230.774171,154.67051,126.38039,-2.75156937,125.296408,0.0380577751,0.021973,0.0809904769,0.00854081622,0.0805158707,-0.00192519417,1.23136876,3.54870311
10.6661792,return_center_after_down,center,0,0,89,0,55.063477,32.958984,-138.647461,58.601074,97.822266,13.183594,222.684506,230.774171,154.67051,126.390545,-2.77603752,125.307599,222.684506,230.774171,154.67051,126.38039,-2.75156937,125.296408,0.021973,0.021973,0,0,0,0,1.45864951,2.68825521
10.6913419,return_center_after_down,center,0,0,90,0,55.063477,32.958984,-138.625488,58.623047,97.822266,13.161621,222.758746,230.807109,154.694621,126.358263,-2.79129107,125.311813,222.684506,230.774171,154.67051,126.38039,-2.75156937,125.296408,0.0310745146,0.021973,0.0847220425,0.0742402475,0.0329373152,0.0241110639,1.512491,3.36696989
10.7165813,return_center_after_down,center,0,0,91,0,55.063477,32.958984,-138.625488,58.623047,97.822266,13.161621,222.758746,230.807109,154.694621,126.358263,-2.79129107,125.311813,222.684506,230.774171,154.67051,126.38039,-2.75156937,125.296408,0.0310745146,0.021973,0.0847220425,0.0742402475,0.0329373152,0.0241110639,0,0
10.746912,return_center_after_down,center,0,0,92,0,55.063477,32.958984,-138.647461,58.579102,97.822266,13.183594,222.651889,230.800818,154.669621,126.408379,-2.75655416,125.314518,222.684506,230.774171,154.67051,126.38039,-2.75156937,125.296408,0.0310738075,0.021973,0.0421269392,-0.0326165716,0.0266467155,-0.000889276407,1.77450228,3.62414019
10.7720575,return_center_after_down,center,0,0,93,0,55.063477,32.958984,-138.647461,58.601074,97.822266,13.161621,222.684506,230.774171,154.67051,126.38039,-2.75156937,125.296408,222.684506,230.774171,154.67051,126.38039,-2.75156937,125.296408,0,0,0,0,0,0,1.23575867,1.67532512
10.7972822,return_center_after_down,center,0,0,94,0,55.063477,32.958984,-138.647461,58.623047,97.822266,13.161621,222.717114,230.747511,154.671404,126.362561,-2.77105165,125.289483,222.684506,230.774171,154.67051,126.38039,-2.75156937,125.296408,0.021973,0.021973,0.0421288565,0.0326081395,-0.0266599163,0.000893672202,0.871091132,1.67014396
10.8040698,right_stick_left,left,-1,0,0,0,55.063477,32.958984,-138.647461,58.623047,97.822266,13.161621,222.717114,230.747511,154.671404,126.362561,-2.77105165,125.289483,222.684506,230.774171,154.67051,121.053812,-13.2516767,119.981796,0.021973,0.021973,0.0421288565,0.0326081395,-0.0266599163,0.000893672202,0,0
10.8329017,right_stick_left,left,-1,0,1,0,55.063477,32.958984,-138.647461,58.579102,97.844238,13.161621,222.65236,230.806554,154.693874,126.377183,-2.72608218,125.329256,222.684506,230.774171,154.67051,121.053812,-13.2516767,119.981796,0.0310731004,0.021972,0.0512627569,-0.0321457037,0.0323831594,0.0233635392,1.70407361,3.13768774
10.8580263,right_stick_left,left,-1,0,2,0,55.063477,32.958984,-138.647461,58.579102,97.844238,13.161621,222.65236,230.806554,154.693874,126.377183,-2.72608218,125.329256,222.684506,230.774171,154.67051,121.053812,-13.2516767,119.981796,0.0310731004,0.021972,0.0512627569,-0.0321457037,0.0323831594,0.0233635392,0,0
10.8841186,right_stick_left,left,-1,0,3,0,55.063477,32.937012,-138.647461,58.601074,97.822266,13.183594,222.667953,230.750475,154.579741,126.394842,-2.75580405,125.285263,222.684506,230.774171,154.67051,121.053812,-13.2516767,119.981796,0.0310738075,0.021973,0.0952601664,-0.0165530073,-0.0236959754,-0.0907689264,1.68419478,4.91018585
10.9114401,right_stick_left,left,-1,0,4,0,55.063477,32.937012,-138.647461,58.623047,97.822266,13.183594,222.700561,230.723816,154.580636,126.377004,-2.77528134,125.278347,222.684506,230.774171,154.67051,121.053812,-13.2516767,119.981796,0.0380577751,0.021973,0.104263144,0.0160553286,-0.0503556105,-0.0898740341,0.804236152,1.54196284
10.9365618,right_stick_left,left,-1,0,5,0,55.063477,32.958984,-138.647461,58.623047,97.844238,13.183594,222.717585,230.75325,154.695656,126.351676,-2.78950278,125.326596,222.684506,230.774171,154.67051,121.053812,-13.2516767,119.981796,0.0380577751,0.021973,0.0465212805,0.0330791207,-0.0209209396,0.0251458864,1.23690332,4.77439172
10.9617305,right_stick_left,left,-1,0,6,0,55.085449,32.958984,-138.647461,58.623047,97.822266,13.161621,222.62861,230.832903,154.671404,126.373771,-2.7470548,125.300676,222.684506,230.774171,154.67051,121.053812,-13.2516767,119.981796,0.0310738075,0.021973,0.0810837139,-0.0558961541,0.0587315074,0.000893672202,1.51208693,4.84164203
10.9868493,right_stick_left,left,-1,0,7,0,55.085449,32.958984,-138.647461,58.666992,97.822266,13.183594,222.693815,230.779573,154.673204,126.348256,-2.81048019,125.298023,222.684506,230.774171,154.67051,121.053812,-13.2516767,119.981796,0.0728749905,0.065918,0.0110951532,0.00930932827,0.00540194175,0.00269404117,1.95599204,3.35428845
11.0136478,right_stick_left,left,-1,0,8,0,55.107422,32.937012,-138.647461,58.710938,97.822266,13.161621,222.653949,230.787899,154.584259,126.317935,-2.78073009,125.261861,222.684506,230.774171,154.67051,121.053812,-13.2516767,119.981796,0.120349617,0.109864,0.0925278995,-0.0305573994,0.0137273651,-0.0862508955,2.1693283,3.65041935
11.0388739,right_stick_left,left,-1,0,9,0,55.107422,32.958984,-138.647461,58.710938,97.800293,13.161621,222.670006,230.805862,154.65077,126.334697,-2.8070046,125.258258,222.684506,230.774171,154.67051,121.053812,-13.2516767,119.981796,0.1203498,0.109864,0.0400525162,-0.0144999395,0.0316904033,-0.0197401658,1.231811,2.80424853
11.0639904,right_stick_left,left,-1,0,10,0,55.129395,32.937012,-138.647461,58.776855,97.800293,13.183594,222.662681,230.787434,154.562773,126.306793,-2.84564591,125.237597,222.684506,230.774171,154.67051,121.053812,-13.2516767,119.981796,0.191552961,0.175781,0.110722739,-0.0218254209,0.0132630493,-0.107737029,3.03047219,3.59141357
11.0890646,right_stick_left,left,-1,0,11,0,55.151367,32.958984,-138.647461,58.798828,97.77832,13.183594,222.622769,230.864075,154.630208,126.316951,-2.8674423,125.238261,222.684506,230.774171,154.67051,121.053812,-13.2516767,119.981796,0.221912956,0.197754,0.116268774,-0.0617368346,0.0899041082,-0.040301891,1.75259525,4.37140321
11.1141565,right_stick_left,left,-1,0,12,0,55.17334,32.958984,-138.647461,58.864746,97.756348,13.183594,222.631405,230.863524,154.608773,126.295679,-2.90793474,125.2028,222.684506,230.774171,154.67051,121.053812,-13.2516767,119.981796,0.293974145,0.263672,0.120893046,-0.0531009472,0.0893529065,-0.0617371536,2.90432489,0.921256898
11.1392648,right_stick_left,left,-1,0,13,0,55.17334,32.958984,-138.669434,58.930664,97.756348,13.183594,222.687457,230.723552,154.58846,126.246366,-2.94605773,125.159771,222.684506,230.774171,154.67051,121.053812,-13.2516767,119.981796,0.354979232,0.32959,0.0964530967,0.00295153145,-0.050619505,-0.0820497047,2.7673588,6.05936496
11.1643729,right_stick_left,left,-1,0,14,0,55.217285,32.958984,-138.669434,59.018555,97.712402,13.205566,222.639483,230.775652,154.54384,126.249519,-3.01258572,125.113975,222.684506,230.774171,154.67051,121.053812,-13.2516767,119.981796,0.460902767,0.417481,0.134441855,-0.0450234219,0.00148061993,-0.12667009,4.37562398,3.33389687
11.1894674,right_stick_left,left,-1,0,15,0,55.217285,32.958984,-138.669434,59.040527,97.712402,13.205566,222.671972,230.748847,154.544819,126.231669,-3.03204595,125.107058,222.684506,230.774171,154.67051,121.053812,-13.2516767,119.981796,0.48089491,0.439453,0.12882783,-0.0125341245,-0.0253239475,-0.125690903,0.875570026,1.67888226
11.214572,right_stick_left,left,-1,0,16,0,55.26123,32.958984,-138.669434,59.150391,97.69043,13.205566,222.656816,230.779708,154.525538,126.185869,-3.0875319,125.069041,222.684506,230.774171,154.67051,121.053812,-13.2516767,119.981796,0.600541524,0.549317,0.147696618,-0.0276901772,0.00553651168,-0.144972039,4.79394165,1.57018431
11.2397721,right_stick_left,left,-1,0,17,0,55.283203,32.958984,-138.669434,59.216309,97.668457,13.183594,222.665126,230.778742,154.504325,126.154501,-3.10360545,125.022411,222.684506,230.774171,154.67051,121.053812,-13.2516767,119.981796,0.671875326,0.615235,0.167373371,-0.0193800594,0.00457115014,-0.166184726,3.02044293,0.904868726
11.2648892,right_stick_left,left,-1,0,18,0,55.327148,32.958984,-138.669434,59.326172,97.646484,13.227539,222.649686,230.809287,154.485223,126.128737,-3.2080306,125.006909,222.684506,230.774171,154.67051,121.053812,-13.2516767,119.981796,0.794365667,0.725098,0.191772831,-0.0348195831,0.0351152056,-0.185287176,5.10093938,1.56047369
11.2899878,right_stick_left,left,-1,0,19,0,55.349121,32.980957,-138.669434,59.414062,97.624512,13.205566,222.706665,230.805006,154.555864,126.075468,-3.26393044,124.975497,222.684506,230.774171,154.67051,121.053812,-13.2516767,119.981796,0.885745684,0.812988,0.120770209,0.022159526,0.0308345717,-0.114645663,3.91513386,3.62004579
11.3150411,right_stick_left,left,-1,0,20,0,55.393066,32.980957,-138.691406,59.545898,97.580566,13.227539,222.681356,230.742529,154.490684,126.046777,-3.3491554,124.893935,222.684506,230.774171,154.67051,121.053812,-13.2516767,119.981796,1.03271455,0.944824,0.182616398,-0.00314997968,-0.0316427438,-0.179826481,5.94836396,3.74276463
11.3401265,right_stick_left,left,-1,0,21,0,55.415039,32.980957,-138.713379,59.655762,97.558594,13.227539,222.712574,230.627112,154.448845,125.993646,-3.4082108,124.822695,222.684506,230.774171,154.67051,121.053812,-13.2516767,119.981796,1.14658568,1.054688,0.267487313,0.0280682801,-0.147059282,-0.221664616,4.63492012,5.0496506
11.3651927,right_stick_left,left,-1,0,22,0,55.458984,32.980957,-138.691406,59.72168,97.536621,13.249512,222.673248,230.770927,154.45102,125.989463,-3.46977291,124.831983,222.684506,230.774171,154.67051,121.053812,-13.2516767,119.981796,1.22634231,1.120606,0.219802315,-0.011257957,-0.0032438996,-0.219489847,3.50635397,5.9487103
11.3903177,right_stick_left,left,-1,0,23,0,55.50293,33.00293,-138.691406,59.853516,97.492676,13.271484,222.705108,230.791518,154.499977,125.952626,-3.59586759,124.794682,222.684506,230.774171,154.67051,121.053812,-13.2516767,119.981796,1.37342337,1.252442,0.172647036,0.0206024295,0.0173464548,-0.170533396,5.9313738,2.46501956
11.41539,right_stick_left,left,-1,0,24,0,55.546875,33.00293,-138.713379,59.941406,97.470703,13.249512,222.615237,230.78799,154.457279,125.91862,-3.58720265,124.730482,222.684506,230.774171,154.67051,121.053812,-13.2516767,119.981796,1.47233193,1.340332,0.224625766,-0.0692690866,0.0138190772,-0.21323124,4.20289963,3.97095926
11.4404864,right_stick_left,left,-1,0,25,0,55.59082,33.024902,-138.735352,60.13916,97.426758,13.271484,222.702001,230.666419,154.486994,125.831973,-3.75118662,124.650495,222.684506,230.774171,154.67051,121.053812,-13.2516767,119.981796,1.68058491,1.538086,0.213529518,0.0174954099,-0.107752662,-0.18351602,8.39777949,6.06800285
11.4660106,right_stick_left,left,-1,0,26,0,55.634766,33.024902,-138.735352,60.205078,97.404785,13.271484,222.620898,230.749724,154.466394,125.821802,-3.76803706,124.626564,222.684506,230.774171,154.67051,121.053812,-13.2516767,119.981796,1.76000859,1.604004,0.215190517,-0.0636078434,-0.0244471183,-0.204115995,3.22105418,4.62604691
11.4911938,right_stick_left,left,-1,0,27,0,55.700684,33.046875,-138.735352,60.424805,97.36084,13.293457,222.691653,230.745498,154.520868,125.724644,-3.94816922,124.572925,222.684506,230.774171,154.67051,121.053812,-13.2516767,119.981796,1.99443522,1.823731,0.152531906,0.00714743375,-0.0286736833,-0.149641961,9.35667041,3.54981535
11.5185318,right_stick_left,left,-1,0,28,0,55.788574,33.068848,-138.757324,60.644531,97.272949,13.31543,222.6309,230.753969,154.504275,125.684295,-4.09671124,124.457352,222.684506,230.774171,154.67051,121.053812,-13.2516767,119.981796,2.24744934,2.043457,0.175828849,-0.0536060996,-0.0202020417,-0.166234917,9.33858975,2.32445229
11.5436506,right_stick_left,left,-1,0,29,0,55.810547,33.068848,-138.735352,60.732422,97.272949,13.31543,222.711373,230.790062,154.532545,125.620327,-4.17108485,124.462746,222.684506,230.774171,154.67051,121.053812,-13.2516767,119.981796,2.3336579,2.131348,0.141451878,0.026866717,0.0158911422,-0.137964796,3.7112546,3.68712943
11.5692286,right_stick_left,left,-1,0,30,0,55.898438,33.09082,-138.779297,60.996094,97.207031,13.337402,222.673215,230.68787,154.520503,125.526737,-4.33166626,124.337453,222.684506,230.774171,154.67051,121.053812,-13.2516767,119.981796,2.62249027,2.39502,0.17342871,-0.011290738,-0.086301346,-0.150007048,11.3640925,4.29065939
11.5943146,right_stick_left,left,-1,0,31,0,55.92041,33.09082,-138.757324,61.040039,97.185059,13.337402,222.688735,230.772762,154.522031,125.519547,-4.37367847,124.330961,222.684506,230.774171,154.67051,121.053812,-13.2516767,119.981796,2.67381128,2.438965,0.14854628,0.00422905589,-0.00140942584,-0.148479379,2.31737834,3.44067154
11.6199579,right_stick_left,left,-1,0,32,0,56.008301,33.134766,-138.779297,61.325684,97.097168,13.359375,222.737646,230.720003,154.601375,125.42163,-4.60140689,124.216591,222.684506,230.774171,154.67051,121.053812,-13.2516767,119.981796,2.9882011,2.72461,0.102653089,0.0531402324,-0.0541678411,-0.0691347762,12.3280408,4.1766872
11.645031,right_stick_left,left,-1,0,33,0,56.052246,33.112793,-138.779297,61.435547,97.097168,13.359375,222.703453,230.728604,154.518188,125.358202,-4.63025031,124.183048,222.684506,230.774171,154.67051,121.053812,-13.2516767,119.981796,3.10125991,2.834473,0.160117103,0.0189474382,-0.0455674861,-0.152322308,4.79992979,3.60350495
11.6701045,right_stick_left,left,-1,0,34,0,56.162109,33.156738,-138.80127,61.721191,97.009277,13.381348,222.66227,230.759319,154.598499,125.271516,-4.8345687,124.080227,222.684506,230.774171,154.67051,121.053812,-13.2516767,119.981796,3.42258927,3.120117,0.0768151814,-0.0222357811,-0.0148521779,-0.0720107975,12.8793329,3.80235612
11.69519,right_stick_left,left,-1,0,35,0,56.184082,33.156738,-138.80127,61.809082,96.987305,13.40332,222.699756,230.727732,154.580383,125.241505,-4.91924447,124.049663,222.684506,230.774171,154.67051,121.053812,-13.2516767,119.981796,3.51644892,3.208008,0.102528617,0.0152501934,-0.046439646,-0.0901271774,3.81801853,2.08330308
11.7202621,right_stick_left,left,-1,0,36,0,56.293945,33.178711,-138.80127,62.116699,96.899414,13.40332,222.713003,230.765403,154.595764,125.127334,-5.11882213,123.928587,222.684506,230.774171,154.67051,121.053812,-13.2516767,119.981796,3.85430694,3.515625,0.0804728365,0.0284968152,-0.00876801184,-0.0747457752,13.5201088,1.70678455
11.7454574,right_stick_left,left,-1,0,37,0,56.315918,33.178711,-138.80127,62.160645,96.877441,13.425293,222.68687,230.789104,154.574748,125.133105,-5.16487658,123.911991,222.684506,230.774171,154.67051,121.053812,-13.2516767,119.981796,3.90810805,3.559571,0.0969486959,0.00236363878,0.0149330236,-0.0957625587,2.30737299,1.62988917
11.7705717,right_stick_left,left,-1,0,38,0,56.425781,33.200684,-138.823242,62.512207,96.811523,13.425293,222.721673,230.714112,154.595697,124.965395,-5.37605228,123.781321,222.684506,230.774171,154.67051,121.053812,-13.2516767,119.981796,4.28173746,3.911133,0.102885407,0.037166834,-0.0600589534,-0.0748128039,14.9503822,3.3959724
11.7987597,right_stick_left,left,-1,0,39,0,56.513672,33.200684,-138.823242,62.753906,96.745605,13.447266,222.710846,230.729129,154.541731,124.885278,-5.53865307,123.685588,222.684506,230.774171,154.67051,121.053812,-13.2516767,119.981796,4.54743763,4.152832,0.138948726,0.0263399618,-0.0450425242,-0.128779369,9.45098457,2.02403657
11.8238857,right_stick_left,left,-1,0,40,0,56.557617,33.222656,-138.845215,62.885742,96.70166,13.469238,222.696052,230.682426,154.571098,124.851211,-5.6451629,123.627299,222.684506,230.774171,154.67051,121.053812,-13.2516767,119.981796,4.69572676,4.284668,0.135769166,0.011546101,-0.0917456041,-0.0994117609,5.99525554,2.27327375
11.8509119,right_stick_left,left,-1,0,41,0,56.645508,33.244629,-138.845215,63.127441,96.635742,13.491211,222.699809,230.720107,154.608145,124.767859,-5.82884279,123.552936,222.684506,230.774171,154.67051,121.053812,-13.2516767,119.981796,4.96265945,4.526367,0.0839432726,0.0153032858,-0.0540640648,-0.0623647284,9.8907402,1.96018796
11.8759711,right_stick_left,left,-1,0,42,0,56.689453,33.266602,-138.845215,63.28125,96.591797,13.513184,222.75566,230.705274,154.662563,124.712714,-5.97569288,123.508882,222.684506,230.774171,154.67051,121.053812,-13.2516767,119.981796,5.13022722,4.680176,0.0993620891,0.07115397,-0.0688968441,-0.00794746351,6.73506401,3.16753624
11.9010475,right_stick_left,left,-1,0,43,0,56.777344,33.266602,-138.867188,63.522949,96.525879,13.513184,222.701955,230.656189,154.587455,124.625933,-6.09333374,123.380961,222.684506,230.774171,154.67051,121.053812,-13.2516767,119.981796,5.3953052,4.921875,0.145335278,0.0174495401,-0.117982139,-0.083054629,10.6237089,4.17000725
11.9261372,right_stick_left,left,-1,0,44,0,56.821289,33.288574,-138.867188,63.676758,96.503906,13.513184,222.757712,230.646337,154.666548,124.540863,-6.20917242,123.350803,222.684506,230.774171,154.67051,121.053812,-13.2516767,119.981796,5.55617227,5.075684,0.14736472,0.0732058962,-0.127834105,-0.00396221822,6.49483941,3.87688117
11.9512496,right_stick_left,left,-1,0,45,0,56.90918,33.288574,-138.867188,63.918457,96.437988,13.535156,222.742671,230.656837,154.615104,124.4602,-6.37230882,123.255622,222.684506,230.774171,154.67051,121.053812,-13.2516767,119.981796,5.82184207,5.317383,0.142198629,0.058165085,-0.117334571,-0.0554064211,10.6084754,2.17488626
11.976351,right_stick_left,left,-1,0,46,0,56.953125,33.288574,-138.867188,64.072266,96.394043,13.535156,222.7808,230.61589,154.580447,124.398654,-6.47399825,123.179144,222.684506,230.774171,154.67051,121.053812,-13.2516767,119.981796,5.98673286,5.471192,0.206002023,0.096294268,-0.158280954,-0.09006324,6.6087937,2.6219392
12.001466,right_stick_left,left,-1,0,47,0,57.019043,33.310547,-138.867188,64.204102,96.350098,13.535156,222.714949,230.712878,154.634033,124.363931,-6.55422413,123.142101,222.684506,230.774171,154.67051,121.053812,-13.2516767,119.981796,6.13977562,5.603028,0.0775517723,0.0304431182,-0.0612936208,-0.0364771982,6.18634631,5.13226021
12.0273459,right_stick_left,left,-1,0,48,0,57.128906,33.310547,-138.867188,64.533691,96.262207,13.579102,222.731804,230.685947,154.567756,124.252187,-6.80257951,123.017106,222.684506,230.774171,154.67051,121.053812,-13.2516767,119.981796,6.49937631,5.932617,0.143453405,0.0472978157,-0.088223956,-0.102753732,13.9508832,2.839955
12.0524378,right_stick_left,left,-1,0,49,0,57.172852,33.33252,-138.867188,64.6875,96.240234,13.579102,222.785074,230.67379,154.648093,124.167274,-6.91867689,122.986781,222.684506,230.774171,154.67051,121.053812,-13.2516767,119.981796,6.66025293,6.086426,0.143850433,0.100568382,-0.100381278,-0.0224175511,6.49430012,3.87204291
12.0775468,right_stick_left,left,-1,0,50,0,57.216797,33.33252,-138.867188,64.863281,96.174316,13.601074,222.851096,230.596178,154.59241,124.117153,-7.07106691,122.88978,222.684506,230.774171,154.67051,121.053812,-13.2516767,119.981796,6.85191147,6.262207,0.255994859,0.166589791,-0.177993046,-0.0781004795,7.72856258,4.62448064
12.1026294,right_stick_left,left,-1,0,51,0,57.304688,33.354492,-138.867188,65.10498,96.108398,13.601074,222.847214,230.626527,154.633419,124.024691,-7.23155861,122.804095,222.684506,230.774171,154.67051,121.053812,-13.2516767,119.981796,7.11751284,6.503906,0.222818874,0.162707689,-0.147643846,-0.0370911492,10.6210801,2.03988175
12.1277266,right_stick_left,left,-1,0,52,0,57.370605,33.354492,-138.867188,65.236816,96.086426,13.64502,222.764434,230.703145,154.622338,123.989479,-7.33297573,122.795054,222.684506,230.774171,154.67051,121.053812,-13.2516767,119.981796,7.26687231,6.635742,0.117276485,0.0799283733,-0.0710260783,-0.0481718316,6.19074274,4.51597013
12.1528242,right_stick_left,left,-1,0,53,0,57.414551,33.376465,-138.88916,65.390625,96.04248,13.64502,222.77554,230.621731,154.65672,123.927686,-7.43500816,122.718855,222.684506,230.774171,154.67051,121.053812,-13.2516767,119.981796,7.43367832,6.789551,0.178088172,0.0910341751,-0.152440208,-0.0137898189,6.72477867,3.54900123
12.1779499,right_stick_left,left,-1,0,54,0,57.502441,33.376465,-138.867188,65.632324,95.976562,13.64502,222.793444,230.687472,154.631513,123.835246,-7.59583464,122.63323,222.684506,230.774171,154.67051,121.053812,-13.2516767,119.981796,7.69739502,7.03125,0.144585651,0.108937856,-0.0866992253,-0.0389974163,10.6028251,2.89140732
12.203357,right_stick_left,left,-1,0,55,0,57.546387,33.376465,-138.867188,65.786133,95.932617,13.688965,222.827435,230.642435,154.599159,123.790754,-7.74670841,122.58047,222.684506,230.774171,154.67051,121.053812,-13.2516767,119.981796,7.86519868,7.185059,0.207060991,0.14292934,-0.131736588,-0.071350746,6.75450856,2.56001403
12.2305858,right_stick_left,left,-1,0,56,0,57.65625,33.398438,-138.867188,66.115723,95.866699,13.688965,222.852661,230.637839,154.651394,123.637688,-7.96139858,122.478496,222.684506,230.774171,154.67051,121.053812,-13.2516767,119.981796,8.2180384,7.514649,0.217319947,0.168155151,-0.136331836,-0.0191163567,13.0118882,2.13701396
12.2560196,right_stick_left,left,-1,0,57,0,57.744141,33.42041,-138.867188,66.335449,95.800781,13.710938,222.813624,230.692993,154.692438,123.571961,-8.12785084,122.411627,222.684506,230.774171,154.67051,121.053812,-13.2516767,119.981796,8.46497849,7.734375,0.154085541,0.12911839,-0.0811786043,0.0219278231,9.73582719,3.1084369
12.2811091,right_stick_left,left,-1,0,58,0,57.788086,33.42041,-138.88916,66.489258,95.756836,13.710938,222.806863,230.584325,154.638525,123.512067,-8.20878903,122.31542,222.684506,230.774171,154.67051,121.053812,-13.2516767,119.981796,8.63052858,7.888184,0.228114069,0.122357225,-0.189846575,-0.0319846237,6.66967744,4.84245664
12.3064086,right_stick_left,left,-1,0,59,0,57.875977,33.442383,-138.88916,66.730957,95.690918,13.73291,222.796629,230.608714,154.682706,123.428165,-8.39461645,122.241635,222.684506,230.774171,154.67051,121.053812,-13.2516767,119.981796,8.89754248,8.129883,0.200240952,0.112122556,-0.165457663,0.0121956116,10.5657538,2.03530647
12.3315203,right_stick_left,left,-1,0,60,0,57.941895,33.442383,-138.88916,66.906738,95.646973,13.73291,222.769576,230.616962,154.65433,123.359727,-8.49318353,122.170456,222.684506,230.774171,154.67051,121.053812,-13.2516767,119.981796,9.08953841,8.305664,0.179481135,0.0850702542,-0.157209251,-0.0161796468,7.67806152,1.59538077
12.3566134,right_stick_left,left,-1,0,61,0,58.007812,33.442383,-138.88916,67.104492,95.581055,13.754883,222.770898,230.589113,154.604615,123.30215,-8.6424965,122.079008,222.684506,230.774171,154.67051,121.053812,-13.2516767,119.981796,9.30829232,8.503418,0.214598087,0.0863923969,-0.185058315,-0.06589471,8.75645445,2.27150983
12.3816926,right_stick_left,left,-1,0,62,0,58.07373,33.464355,-138.88916,67.280273,95.559082,13.754883,222.759236,230.626885,154.690544,123.211221,-8.75542018,122.052974,222.684506,230.774171,154.67051,121.053812,-13.2516767,119.981796,9.49620441,8.679199,0.16637073,0.0747297273,-0.147286546,0.0200339992,7.58748871,3.77147509
12.4067764,right_stick_left,left,-1,0,63,0,58.139648,33.464355,-138.867188,67.5,95.493164,13.776855,222.8279,230.630453,154.666423,123.133636,-8.9454945,121.974507,222.684506,230.774171,154.67051,121.053812,-13.2516767,119.981796,9.7345067,8.898926,0.203060419,0.143393729,-0.1437187,-0.00408746217,9.59578993,2.90486829
12.4318871,right_stick_left,left,-1,0,64,0,58.205566,33.464355,-138.867188,67.653809,95.449219,13.776855,222.768886,230.666466,154.636537,123.083236,-9.02520936,121.910537,222.684506,230.774171,154.67051,121.053812,-13.2516767,119.981796,9.90647662,9.052735,0.140977066,0.084379993,-0.107705168,-0.0339727323,6.89001156,2.99941576
12.4569767,right_stick_left,left,-1,0,65,0,58.249512,33.464355,-138.867188,67.82959,95.405273,13.820801,222.827667,230.586839,154.609543,123.019436,-9.19560344,121.851392,222.684506,230.774171,154.67051,121.053812,-13.2516767,119.981796,10.0943737,9.228516,0.243527016,0.143161248,-0.187332041,-0.0609669667,7.63480349,4.08889421
12.4820724,right_stick_left,left,-1,0,66,0,58.337402,33.486328,-138.867188,68.049316,95.339355,13.820801,222.782393,230.63639,154.653554,122.94525,-9.33879203,121.772995,222.684506,230.774171,154.67051,121.053812,-13.2516767,119.981796,10.3399032,9.448242,0.169862222,0.0978870772,-0.137781667,-0.0169560288,9.82804855,3.19822809
12.5072517,right_stick_left,left,-1,0,67,0,58.381348,33.486328,-138.867188,68.203125,95.29541,13.820801,222.810467,230.58568,154.624391,122.882995,-9.44151417,121.697339,222.684506,230.774171,154.67051,121.053812,-13.2516767,119.981796,10.5049294,9.602051,0.231348141,0.125960937,-0.188490948,-0.0461190503,6.58834143,2.5769069
12.5350971,right_stick_left,left,-1,0,68,0,58.491211,33.508301,-138.867188,68.48877,95.229492,13.864746,222.763888,230.629332,154.677411,122.782514,-9.66808986,121.633333,222.684506,230.774171,154.67051,121.053812,-13.2516767,119.981796,10.8204798,9.887696,0.165310089,0.0793820227,-0.144838876,0.00690073196,11.3805032,2.98013886
12.5602286,right_stick_left,left,-1,0,69,0,58.557129,33.508301,-138.867188,68.642578,95.163574,13.864746,222.701206,230.657003,154.624659,122.752496,-9.75558825,121.544717,222.684506,230.774171,154.67051,121.053812,-13.2516767,119.981796,10.9977481,10.041504,0.126923911,0.0166997555,-0.117168474,-0.0458513476,7.1565054,3.44080778
12.5853088,right_stick_left,left,-1,0,70,0,58.623047,33.508301,-138.845215,68.90625,95.119629,13.886719,222.82447,230.602139,154.632783,122.617818,-9.97707351,121.477136,222.684506,230.774171,154.67051,121.053812,-13.2516767,119.981796,11.2711162,10.305176,0.2249631,0.13996436,-0.172032036,-0.0377273474,11.0471503,5.38939804
12.6104219,right_stick_left,left,-1,0,71,0,58.688965,33.530273,-138.845215,69.038086,95.075684,13.886719,222.747656,230.68983,154.691105,122.584058,-10.0599493,121.440064,222.684506,230.774171,154.67051,121.053812,-13.2516767,119.981796,11.4241122,10.437012,0.107357138,0.0631503663,-0.0843411044,0.0205952539,6.18681054,5.19059213
12.6355429,right_stick_left,left,-1,0,72,0,58.73291,33.530273,-138.845215,69.213867,95.031738,13.908691,222.802499,230.606595,154.66612,122.511467,-10.2062962,121.36938,222.684506,230.774171,154.67051,121.053812,-13.2516767,119.981796,11.610631,10.612793,0.204996331,0.117993066,-0.167576427,-0.00439014416,7.47320694,4.09070131
12.6606514,right_stick_left,left,-1,0,73,0,58.798828,33.530273,-138.845215,69.345703,94.987793,13.908691,222.709997,230.668988,154.635483,122.479047,-10.2676006,121.312919,222.684506,230.774171,154.67051,121.053812,-13.2516767,119.981796,11.7625562,10.744629,0.11375458,0.0254906911,-0.105182925,-0.0350268681,6.12573857,4.6082898
12.685776,right_stick_left,left,-1,0,74,0,58.908691,33.552246,-138.823242,69.65332,94.921875,13.930664,222.724949,230.740326,154.716091,122.350984,-10.5114461,121.249378,222.684506,230.774171,154.67051,121.053812,-13.2516767,119.981796,12.0964609,11.052246,0.0697046513,0.0404427272,-0.0338452692,0.0455809389,13.3494074,4.32544833
12.7108448,right_stick_left,left,-1,0,75,0,58.952637,33.552246,-138.823242,69.785156,94.87793,13.952637,222.719911,230.716472,154.685904,122.314531,-10.619859,121.192995,222.684506,230.774171,154.67051,121.053812,-13.2516767,119.981796,12.242832,11.184082,0.0694238889,0.0354045873,-0.057699414,0.0153938031,5.87971956,1.54785939
12.7359974,right_stick_left,left,-1,0,76,0,59.018555,33.552246,-138.823242,69.960938,94.833984,13.952637,222.684139,230.716736,154.661992,122.245744,-10.7194717,121.122469,222.684506,230.774171,154.67051,121.053812,-13.2516767,119.981796,12.4349325,11.359864,0.0580648079,-0.000366643158,-0.0574353887,-0.00851842798,7.66558881,1.71068929
12.7611732,right_stick_left,left,-1,0,77,0,59.0625,33.552246,-138.823242,70.092773,94.790039,13.974609,222.678444,230.692261,154.63216,122.209156,-10.8279608,121.066194,222.684506,230.774171,154.67051,121.053812,-13.2516767,119.981796,12.5813171,11.491699,0.0906461663,-0.0060619321,-0.0819099578,-0.0383502185,5.85466514,1.54929783
12.7863452,right_stick_left,left,-1,0,78,0,59.172363,33.574219,-138.80127,70.378418,94.702148,13.974609,222.659035,230.785127,154.687108,122.112088,-11.0366749,120.972884,222.684506,230.774171,154.67051,121.053812,-13.2516767,119.981796,12.8991098,11.777344,0.0323151484,-0.0254707788,0.0109559281,0.0165974662,12.7096444,4.35547004
12.8114519,right_stick_left,left,-1,0,79,0,59.216309,33.574219,-138.80127,70.532227,94.658203,13.996582,222.681193,230.729187,154.660858,122.0572,-11.1643228,120.909578,222.684506,230.774171,154.67051,121.053812,-13.2516767,119.981796,13.0655674,11.931153,0.0461273757,-0.00331317073,-0.0449844926,-0.0096515863,6.66513288,2.61465522
12.8365414,right_stick_left,left,-1,0,80,0,59.282227,33.574219,-138.80127,70.686035,94.63623,14.018555,222.615854,230.764303,154.658962,121.993759,-11.261821,120.883033,222.684506,230.774171,154.67051,121.053812,-13.2516767,119.981796,13.2337246,12.084961,0.0703124537,-0.0686520334,-0.00986858255,-0.0115477504,6.78367492,2.95747921
12.8636687,right_stick_left,left,-1,0,81,0,59.370117,33.574219,-138.779297,70.927734,94.54834,14.018555,222.609707,230.806328,154.619619,121.922188,-11.4336104,120.772911,222.684506,230.774171,154.67051,121.053812,-13.2516767,119.981796,13.5034261,12.32666,0.0960147108,-0.0747986825,0.0321569016,-0.0508912121,10.0516184,2.13419946
12.8887663,right_stick_left,left,-1,0,82,0,59.414062,33.574219,-138.779297,71.081543,94.526367,14.040527,222.631863,230.755186,154.618212,121.846668,-11.5536539,120.734429,222.684506,230.774171,154.67051,121.053812,-13.2516767,119.981796,13.6645899,12.480469,0.0765951315,-0.0526426858,-0.0189853838,-0.052298346,6.49280335,2.22144834
12.9138761,right_stick_left,left,-1,0,83,0,59.458008,33.596191,-138.779297,71.213379,94.482422,14.040527,222.638346,230.75347,154.678487,121.801392,-11.6601403,120.685239,222.684506,230.774171,154.67051,121.053812,-13.2516767,119.981796,13.8105969,12.612305,0.0512146083,-0.0461601988,-0.0207012786,0.00797679202,5.87011116,2.41527541
12.9390059,right_stick_left,left,-1,0,84,0,59.501953,33.596191,-138.757324,71.323242,94.438477,14.0625,222.638587,230.820856,154.668488,121.781891,-11.7720076,120.655169,222.684506,230.774171,154.67051,121.053812,-13.2516767,119.981796,13.9367622,12.722168,0.0655137845,-0.045918917,0.0466842593,-0.00202211669,5.17280998,2.71087619
12.9657485,right_stick_left,left,-1,0,85,0,59.567871,33.596191,-138.757324,71.542969,94.394531,14.0625,222.65519,230.75522,154.653385,121.676518,-11.9101247,120.570662,222.684506,230.774171,154.67051,121.053812,-13.2516767,119.981796,14.1690248,12.941895,0.038882531,-0.0293161154,-0.0189511733,-0.0171251169,8.73408885,2.59386246
12.9908772,right_stick_left,left,-1,0,86,0,59.611816,33.596191,-138.757324,71.652832,94.372559,14.0625,222.618958,230.764825,154.645989,121.629834,-11.968006,120.534446,222.684506,230.774171,154.67051,121.053812,-13.2516767,119.981796,14.2886647,13.051758,0.0706061967,-0.0655483737,-0.00934608388,-0.0245213466,4.78931138,1.52043965
13.0160408,right_stick_left,left,-1,0,87,0,59.655762,33.596191,-138.735352,71.762695,94.328613,14.084473,222.618197,230.831628,154.636299,121.610324,-12.0800474,120.504363,222.684506,230.774171,154.67051,121.053812,-13.2516767,119.981796,14.4148664,13.161621,0.0941734996,-0.0663093179,0.05745694,-0.0342114371,5.16587057,2.68269704
13.0449834,right_stick_left,left,-1,0,88,0,59.72168,33.618164,-138.735352,71.916504,94.284668,14.106445,222.562801,230.882962,154.700551,121.566402,-12.2077494,120.47203,222.684506,230.774171,154.67051,121.053812,-13.2516767,119.981796,14.5893477,13.31543,0.16598187,-0.121704863,0.108790718,0.0300414283,6.07345543,3.42601471
13.0701005,right_stick_left,left,-1,0,89,0,59.765625,33.618164,-138.713379,72.04834,94.240723,14.106445,222.589676,230.918294,154.694463,121.521299,-12.3146196,120.422692,222.684506,230.774171,154.67051,121.053812,-13.2516767,119.981796,14.7342514,13.447266,0.17417771,-0.0948297849,0.144123037,0.0239528068,5.86837789,1.78394063
13.0953333,right_stick_left,left,-1,0,90,0,59.787598,33.618164,-138.713379,72.158203,94.21875,14.106445,222.64099,230.841764,154.68746,121.462552,-12.3949394,120.374418,222.684506,230.774171,154.67051,121.053812,-13.2516767,119.981796,14.8468835,13.557129,0.0821569662,-0.0435161672,0.0675929956,0.0169498445,4.52479191,3.66216233
13.1256573,right_stick_left,left,-1,0,91,0,59.853516,33.618164,-138.713379,72.312012,94.174805,14.128418,222.569959,230.86731,154.66334,121.419143,-12.5007266,120.323523,222.684506,230.774171,154.67051,121.053812,-13.2516767,119.981796,15.0203804,13.710938,0.147807749,-0.114546747,0.0931384067,-0.00717011291,5.75131873,2.61326017
13.1508996,right_stick_left,left,-1,0,92,0,59.875488,33.618164,-138.691406,72.421875,94.130859,14.128418,222.656183,230.847909,154.654105,121.38024,-12.6110732,120.269207,222.684506,230.774171,154.67051,121.053812,-13.2516767,119.981796,15.1382833,13.820801,0.0806757346,-0.028323335,0.0737375505,-0.0164053799,4.846562,3.52029094
13.1759775,right_stick_left,left,-1,0,93,0,59.919434,33.618164,-138.713379,72.509766,94.130859,14.128418,222.554813,230.829899,154.64642,121.331884,-12.6201699,120.246294,222.684506,230.774171,154.67051,121.053812,-13.2516767,119.981796,15.2325992,13.908692,0.143199969,-0.129693402,0.0557272857,-0.0240898776,4.01518408,4.1169425
13.2032709,right_stick_left,left,-1,0,94,0,59.963379,33.618164,-138.691406,72.663574,94.086914,14.128418,222.608216,230.832904,154.644368,121.268611,-12.746185,120.189727,222.684506,230.774171,154.67051,121.053812,-13.2516767,119.981796,15.3976279,14.0625,0.0997651842,-0.076290175,0.0587325042,-0.0261418079,6.13107315,1.96116924
13.2283499,right_stick_left,left,-1,0,95,0,59.985352,33.618164,-138.691406,72.70752,94.086914,14.150391,222.575802,230.855547,154.651431,121.251437,-12.7860775,120.199609,222.684506,230.774171,154.67051,121.053812,-13.2516767,119.981796,15.446153,14.106446,0.13712216,-0.108703511,0.0813758093,-0.0190790724,2.14612275,1.6015377
13.2534177,right_stick_left,left,-1,0,96,0,60.007324,33.618164,-138.691406,72.773438,94.064941,14.172363,222.56988,230.840769,154.637909,121.236323,-12.8528334,120.177815,222.684506,230.774171,154.67051,121.053812,-13.2516767,119.981796,15.5200858,14.172364,0.136517564,-0.114625577,0.0665974091,-0.0326007289,3.03637505,0.833258678
13.2556148,return_center_after_left,center,0,0,0,0,60.007324,33.618164,-138.691406,72.773438,94.064941,14.172363,222.56988,230.840769,154.637909,121.236323,-12.8528334,120.177815,222.684506,230.774171,154.67051,126.38039,-2.75156937,125.296408,15.5200858,14.172364,0.136517564,-0.114625577,0.0665974091,-0.0326007289,0,0
13.282737,return_center_after_left,center,0,0,1,0,60.029297,33.618164,-138.691406,72.883301,94.042969,14.172363,222.619864,230.763099,154.631553,121.177447,-12.9331584,120.12959,222.684506,230.774171,154.67051,126.38039,-2.75156937,125.296408,15.6327384,14.282227,0.0762813597,-0.0646418541,-0.0110726926,-0.0389573103,4.20956601,3.41350555
13.307899,return_center_after_left,center,0,0,2,0,60.05127,33.618164,-138.691406,72.949219,93.999023,14.172363,222.612205,230.742147,154.593985,121.175429,-12.9836282,120.07121,222.684506,230.774171,154.67051,126.38039,-2.75156937,125.296408,15.7105881,14.348145,0.110040675,-0.0723005575,-0.0320240742,-0.0765247562,3.267415,1.73640114
13.3329911,return_center_after_left,center,0,0,3,0,60.073242,33.640137,-138.647461,72.971191,93.999023,14.172363,222.639407,230.948482,154.72938,121.168353,-13.0469274,120.131103,222.684506,230.774171,154.67051,126.38039,-2.75156937,125.296408,15.7385121,14.370117,0.189430251,-0.0450990748,0.174310837,0.0588695641,2.31680584,9.89495299
13.3580978,return_center_after_left,center,0,0,4,0,60.073242,33.640137,-138.669434,73.037109,93.999023,14.194336,222.686556,230.790402,154.718504,121.121006,-13.1057411,120.103377,222.684506,230.774171,154.67051,126.38039,-2.75156937,125.296408,15.800158,14.436035,0.0507060093,0.00204955751,0.0162308299,0.0479943627,2.90262693,6.58468669
13.3831937,return_center_after_left,center,0,0,5,0,60.095215,33.640137,-138.669434,73.103027,93.977051,14.194336,222.680235,230.775338,154.705133,121.098673,-13.1482675,120.069479,222.684506,230.774171,154.67051,126.38039,-2.75156937,125.296408,15.8726702,14.501953,0.0349044719,-0.00427118777,0.00116715901,0.0346224906,2.90385582,0.841210498
13.4082701,return_center_after_left,center,0,0,6,0,60.117188,33.640137,-138.669434,73.146973,93.955078,14.194336,222.645965,230.791725,154.688189,121.094612,-13.1718989,120.042769,222.684506,230.774171,154.67051,126.38039,-2.75156937,125.296408,15.9251144,14.545899,0.0458923812,-0.0385414372,0.0175536152,0.0176787687,2.14634721,1.65868926
13.4333758,return_center_after_left,center,0,0,7,0,60.117188,33.640137,-138.647461,73.146973,93.955078,14.172363,222.682581,230.855446,154.709757,121.087219,-13.169847,120.048896,222.684506,230.774171,154.67051,126.38039,-2.75156937,125.296408,15.9236894,14.545899,0.0902754922,-0.00192541998,0.0812750482,0.0392469588,1.23774666,3.05078109
13.4585543,return_center_after_left,center,0,0,8,0,60.13916,33.618164,-138.669434,73.190918,93.933105,14.194336,222.597267,230.783008,154.582677,121.090804,-13.1733223,119.997818,222.684506,230.774171,154.67051,126.38039,-2.75156937,125.296408,15.9766448,14.589844,0.124109762,-0.0872385272,0.0088362038,-0.0878327607,2.61803431,6.72547215
13.4836028,return_center_after_left,center,0,0,9,0,60.13916,33.640137,-138.647461,73.212891,93.933105,14.194336,222.676119,230.840289,154.696428,121.07201,-13.2366702,120.027128,222.684506,230.774171,154.67051,126.38039,-2.75156937,125.296408,15.9976185,14.611817,0.071509983,-0.00838736862,0.066118105,0.0259176756,1.51938683,5.98011197
13.51086,return_center_after_left,center,0,0,10,0,60.161133,33.640137,-138.647461,73.256836,93.933105,14.194336,222.64329,230.862607,154.703661,121.047634,-13.252323,120.02489,222.684506,230.774171,154.67051,126.38039,-2.75156937,125.296408,16.0447343,14.655762,0.103046275,-0.0412155935,0.0884355561,0.0331505969,1.80254098,1.48032151
13.5359938,return_center_after_left,center,0,0,11,0,60.161133,33.640137,-138.647461,73.256836,93.933105,14.194336,222.64329,230.862607,154.703661,121.047634,-13.252323,120.02489,222.684506,230.774171,154.67051,126.38039,-2.75156937,125.296408,16.0447343,14.655762,0.103046275,-0.0412155935,0.0884355561,0.0331505969,0,0
13.5616286,return_center_after_left,center,0,0,12,0,60.161133,33.640137,-138.647461,73.234863,93.933105,14.194336,222.615438,230.894144,154.700042,121.06591,-13.233416,120.032078,222.684506,230.774171,154.67051,126.38039,-2.75156937,125.296408,16.024666,14.633789,0.141548297,-0.0690680694,0.119972408,0.0295320752,0.857156267,1.64739726
13.5867569,return_center_after_left,center,0,0,13,0,60.161133,33.640137,-138.647461,73.256836,93.911133,14.194336,222.641739,230.85662,154.679514,121.067958,-13.260325,120.000424,222.684506,230.774171,154.67051,126.38039,-2.75156937,125.296408,16.0500744,14.655762,0.0933163551,-0.0427672943,0.0824489972,0.00900352863,1.23660286,1.99818567
13.6118429,return_center_after_left,center,0,0,14,0,60.161133,33.640137,-138.647461,73.278809,93.911133,14.216309,222.669579,230.825073,154.683136,121.056765,-13.303502,120.005376,222.684506,230.774171,154.67051,126.38039,-2.75156937,125.296408,16.071568,14.677735,0.0545269255,-0.0149269517,0.0509013905,0.0126261697,1.23872304,1.683455
13.6369689,return_center_after_left,center,0,0,15,0,60.161133,33.640137,-138.647461,73.256836,93.911133,14.194336,222.641739,230.85662,154.679514,121.067958,-13.260325,120.000424,222.684506,230.774171,154.67051,126.38039,-2.75156937,125.296408,16.0500744,14.655762,0.0933163551,-0.0427672943,0.0824489972,0.00900352863,1.23674834,1.68077134
13.6620438,return_center_after_left,center,0,0,16,0,60.161133,33.640137,-138.647461,73.278809,93.911133,14.194336,222.669579,230.825073,154.683136,121.04968,-13.2792323,119.993238,222.684506,230.774171,154.67051,126.38039,-2.75156937,125.296408,16.070141,14.677735,0.0545269255,-0.0149269517,0.0509013905,0.0126261697,0.876292566,1.68419131
13.6871262,return_center_after_left,center,0,0,17,0,60.161133,33.640137,-138.647461,73.256836,93.911133,14.194336,222.641739,230.85662,154.679514,121.067958,-13.260325,120.000424,222.684506,230.774171,154.67051,126.38039,-2.75156937,125.296408,16.0500744,14.655762,0.0933163551,-0.0427672943,0.0824489972,0.00900352863,0.876034351,1.68369503
13.7122231,return_center_after_left,center,0,0,18,0,60.161133,33.640137,-138.669434,73.278809,93.911133,14.216309,222.633007,230.761314,154.661604,121.057007,-13.281271,119.987155,222.684506,230.774171,154.67051,126.38039,-2.75156937,125.296408,16.0715831,14.677735,0.0538218319,-0.0514991611,-0.0128569575,-0.0089064386,1.51645672,3.87962405
13.7373185,return_center_after_left,center,0,0,19,0,60.161133,33.640137,-138.647461,73.256836,93.911133,14.216309,222.641739,230.85662,154.679514,121.075048,-13.2845968,120.012559,222.684506,230.774171,154.67051,126.38039,-2.75156937,125.296408,16.0515032,14.655762,0.0933163551,-0.0427672943,0.0824489972,0.00900352863,1.2382523,3.8798452
13.7624373,return_center_after_left,center,0,0,20,0,60.161133,33.640137,-138.647461,73.234863,93.911133,14.194336,222.613886,230.888158,154.675895,121.086234,-13.2414139,120.007607,222.684506,230.774171,154.67051,126.38039,-2.75156937,125.296408,16.0300127,14.633789,0.134197779,-0.0706196328,0.113986468,0.00538484477,1.23710051,1.68124993
13.7875969,return_center_after_left,center,0,0,21,0,60.13916,33.640137,-138.669434,73.234863,93.933105,14.172363,222.667376,230.745015,154.678497,121.046894,-13.2090861,119.989566,222.684506,230.774171,154.67051,126.38039,-2.75156937,125.296408,16.016303,14.633789,0.0347465138,-0.0171296928,-0.0291565527,0.00798681948,1.74666944,6.07453327
13.8126864,return_center_after_left,center,0,0,22,0,60.117188,33.640137,-138.647461,73.168945,93.933105,14.194336,222.708909,230.817946,154.68921,121.096387,-13.2210166,120.029367,222.684506,230.774171,154.67051,126.38039,-2.75156937,125.296408,15.9505142,14.567871,0.053492085,0.0244032161,0.0437741979,0.0187004225,3.03376086,3.37228108
13.8378224,return_center_after_left,center,0,0,23,0,60.117188,33.640137,-138.647461,73.125,93.933105,14.172363,222.653146,230.880969,154.682009,121.125819,-13.158915,120.031604,222.684506,230.774171,154.67051,126.38039,-2.75156937,125.296408,15.9089774,14.523926,0.111899401,-0.0313600007,0.106797919,0.0114991703,1.95465623,3.36009635
13.8629246,return_center_after_left,center,0,0,24,0,60.095215,33.640137,-138.647461,73.081055,93.955078,14.194336,222.687434,230.864551,154.698973,121.136984,-13.1595537,120.070453,222.684506,230.774171,154.67051,126.38039,-2.75156937,125.296408,15.857927,14.479981,0.0948011293,0.00292800954,0.0903798704,0.028463308,2.31591175,1.65839813
13.8880069,return_center_after_left,center,0,0,25,0,60.095215,33.640137,-138.669434,73.059082,93.977051,14.194336,222.624422,230.838318,154.697945,121.135224,-13.1104499,120.083838,222.684506,230.774171,154.67051,126.38039,-2.75156937,125.296408,15.8325302,14.458008,0.0920736709,-0.0600840351,0.0641464655,0.0274353887,1.517336,2.72153442
13.9130933,return_center_after_left,center,0,0,26,0,60.073242,33.640137,-138.669434,73.015137,93.977051,14.194336,222.657096,230.815884,154.690774,121.15961,-13.0948092,120.086067,222.684506,230.774171,154.67051,126.38039,-2.75156937,125.296408,15.7854233,14.414063,0.0538694417,-0.027410218,0.0417128358,0.0202641564,1.95852022,1.60554887
13.9381647,return_center_after_left,center,0,0,27,0,60.05127,33.640137,-138.669434,72.927246,93.999023,14.194336,222.635362,230.862313,154.700627,121.200215,-13.0333621,120.127142,222.684506,230.774171,154.67051,126.38039,-2.75156937,125.296408,15.6928462,14.326172,0.10531426,-0.0491444319,0.0881414004,0.0301166351,3.71826841,2.08213878
13.9632738,return_center_after_left,center,0,0,28,0,60.029297,33.640137,-138.647461,72.861328,94.020996,14.150391,222.678203,230.940865,154.735738,121.20784,-12.9644729,120.155172,222.684506,230.774171,154.67051,126.38039,-2.75156937,125.296408,15.6174742,14.260254,0.179111973,-0.00630245404,0.16669328,0.0652282779,3.50036105,3.82801979
13.9894679,return_center_after_left,center,0,0,29,0,59.985352,33.640137,-138.669434,72.751465,94.042969,14.172363,222.680054,230.869438,154.720529,121.262049,-12.9084146,120.185105,222.684506,230.774171,154.67051,126.38039,-2.75156937,125.296408,15.499276,14.150391,0.107691591,-0.00445230171,0.095266867,0.0500187941,4.74518236,2.78884384
14.0145726,return_center_after_left,center,0,0,30,0,59.963379,33.640137,-138.691406,72.685547,94.064941,14.150391,222.649217,230.82055,154.712438,121.27753,-12.8194752,120.188543,222.684506,230.774171,154.67051,126.38039,-2.75156937,125.296408,15.4253842,14.084473,0.0717929592,-0.0352888547,0.0463782119,0.0419283578,3.15570077,2.32484946
14.0396726,return_center_after_left,center,0,0,31,0,59.941406,33.640137,-138.691406,72.619629,94.086914,14.150391,222.655066,230.835227,154.726026,121.299828,-12.7769898,120.222473,222.684506,230.774171,154.67051,126.38039,-2.75156937,125.296408,15.3528661,14.018555,0.0876160332,-0.0294399556,0.0610560829,0.0555158809,2.90339893,0.830245383
14.0647993,return_center_after_left,center,0,0,32,0,59.897461,33.640137,-138.691406,72.509766,94.108887,14.150391,222.693156,230.82709,154.732654,121.346509,-12.7188913,120.258653,222.684506,230.774171,154.67051,126.38039,-2.75156937,125.296408,15.2332487,13.908692,0.082079755,0.0086503787,0.0529186873,0.0621439431,4.78968219,1.57242207
14.0899093,return_center_after_left,center,0,0,33,0,59.875488,33.640137,-138.691406,72.443848,94.108887,14.128418,222.697315,230.835606,154.722189,121.381893,-12.6600421,120.255968,222.684506,230.774171,154.67051,126.38039,-2.75156937,125.296408,15.1646834,13.842774,0.0812955104,0.012808686,0.0614342176,0.0516791494,2.90224108,0.562245635
14.1149728,return_center_after_left,center,0,0,34,0,59.831543,33.618164,-138.713379,72.333984,94.152832,14.128418,222.68516,230.744675,154.642663,121.409151,-12.5498376,120.279727,222.684506,230.774171,154.67051,126.38039,-2.75156937,125.296408,15.0388024,13.73291,0.0405705302,0.000654535334,-0.0294967435,-0.0278474707,5.18652317,4.84413559
14.1400568,return_center_after_left,center,0,0,35,0,59.787598,33.640137,-138.713379,72.202148,94.196777,14.128418,222.710497,230.798288,154.75898,121.45323,-12.4870885,120.366154,222.684506,230.774171,154.67051,126.38039,-2.75156937,125.296408,14.8947546,13.601074,0.0953106469,0.0259913146,0.0241170118,0.088469999,5.876131,5.20494232
14.1651382,return_center_after_left,center,0,0,36,0,59.765625,33.618164,-138.713379,72.13623,94.196777,14.106445,222.699782,230.781569,154.659874,121.489076,-12.4061523,120.344923,222.684506,230.774171,154.67051,126.38039,-2.75156937,125.296408,14.8251938,13.535156,0.0200300763,0.015275775,0.00739768556,-0.0106362072,3.03475287,4.0299273
14.1901991,return_center_after_left,center,0,0,37,0,59.677734,33.618164,-138.713379,71.938477,94.262695,14.106445,222.803756,230.738455,154.701567,121.543806,-12.3012707,120.434783,222.684506,230.774171,154.67051,126.38039,-2.75156937,125.296408,14.6006777,13.337403,0.128299435,0.119250136,-0.0357159785,0.0310567028,9.02688155,4.78962624
14.2153151,return_center_after_left,center,0,0,38,0,59.677734,33.618164,-138.735352,71.850586,94.284668,14.084473,222.654829,230.805557,154.690371,121.589593,-12.17125,120.457289,222.684506,230.774171,154.67051,126.38039,-2.75156937,125.296408,14.5137671,13.249512,0.0475418843,-0.0296767486,0.0313857605,0.0198609012,3.81338852,6.51892341
14.2404118,return_center_after_left,center,0,0,39,0,59.589844,33.618164,-138.735352,71.652832,94.350586,14.084473,222.757795,230.761682,154.732497,121.644295,-12.0665256,120.547231,222.684506,230.774171,154.67051,126.38039,-2.75156937,125.296408,14.2892563,13.051758,0.0967968198,0.0732885683,-0.0124890117,0.0619873751,9.01403757,4.76513088
14.2655826,return_center_after_left,center,0,0,40,0,59.567871,33.618164,-138.735352,71.542969,94.372559,14.0625,222.705587,230.837443,154.739946,121.695539,-11.9619539,120.5835,222.684506,230.774171,154.67051,126.38039,-2.75156937,125.296408,14.1752078,12.941895,0.0962755665,0.0210814226,0.0632712106,0.0694356697,4.61917313,3.6672449
14.2908099,return_center_after_left,center,0,0,41,0,59.523926,33.618164,-138.757324,71.433105,94.394531,14.040527,222.704448,230.764312,154.725639,121.7354,-11.8577474,120.588986,222.684506,230.774171,154.67051,126.38039,-2.75156937,125.296408,14.0543607,12.832031,0.0594485687,0.0199419349,-0.00985978919,0.0551292673,4.92706024,2.95417697
14.318125,return_center_after_left,center,0,0,42,0,59.436035,33.618164,-138.757324,71.169434,94.460449,14.040527,222.720291,230.811978,154.758609,121.844665,-11.6962891,120.700487,222.684506,230.774171,154.67051,126.38039,-2.75156937,125.296408,13.7696701,12.56836,0.102329676,0.0357852436,0.0378062796,0.0880991719,10.4573452,2.19965685
14.3432074,return_center_after_left,center,0,0,43,0,59.39209,33.618164,-138.757324,71.037598,94.504395,14.040527,222.728493,230.838424,154.787395,121.889065,-11.6117313,120.768617,222.684506,230.774171,154.67051,126.38039,-2.75156937,125.296408,13.6246597,12.436524,0.140447129,0.0439869823,0.0642529086,0.116885008,5.81087034,1.59241142
14.3717823,return_center_after_left,center,0,0,44,0,59.304199,33.618164,-138.779297,70.839844,94.54834,14.040527,222.789911,230.723025,154.784729,121.964929,-11.4931879,120.815244,222.684506,230.774171,154.67051,126.38039,-2.75156937,125.296408,13.4057518,12.23877,0.163621705,0.105404687,-0.0511462102,0.114218998,7.766005,4.57577221
14.3968999,return_center_after_left,center,0,0,45,0,59.260254,33.618164,-138.779297,70.708008,94.592285,13.996582,222.797368,230.748853,154.813857,121.994081,-11.3601202,120.859447,222.684506,230.774171,154.67051,126.38039,-2.75156937,125.296408,13.2579268,12.106934,0.184193274,0.112862112,-0.0253182071,0.143346762,6.0607142,1.57807154
14.4221277,return_center_after_left,center,0,0,46,0,59.216309,33.618164,-138.779297,70.576172,94.63623,13.996582,222.804535,230.774418,154.843135,122.038402,-11.2757025,120.927681,222.684506,230.774171,154.67051,126.38039,-2.75156937,125.296408,13.1129276,11.975098,0.210253694,0.120029335,0.000247034464,0.172625356,5.77735938,1.56670543
14.4474139,return_center_after_left,center,0,0,47,0,59.106445,33.596191,-138.80127,70.246582,94.680176,13.952637,222.764669,230.731444,154.73332,122.197093,-10.9953211,120.962014,222.684506,230.774171,154.67051,126.38039,-2.75156937,125.296408,12.7628983,11.645508,0.110439285,0.0801627028,-0.0427275272,0.0628103115,14.0115528,4.92288106
14.4725316,return_center_after_left,center,0,0,48,0,59.0625,33.596191,-138.80127,70.114746,94.746094,13.952637,222.772154,230.762156,154.787219,122.220928,-10.9034114,121.055055,222.684506,230.774171,154.67051,126.38039,-2.75156937,125.296408,12.6124961,11.513672,0.146449829,0.087648253,-0.0120153217,0.116708903,6.12352903,2.48768032
14.4976444,return_center_after_left,center,0,0,49,0,59.018555,33.596191,-138.823242,69.938965,94.790039,13.952637,222.6822,230.784706,154.788918,122.30264,-10.759253,121.118392,222.684506,230.774171,154.67051,126.38039,-2.75156937,125.296408,12.427689,11.337891,0.118898254,-0.00230560814,0.0105342985,0.118408225,7.47560991,3.69343475
14.522814,return_center_after_left,center,0,0,50,0,58.952637,33.596191,-138.823242,69.807129,94.833984,13.930664,222.776115,230.723418,154.818985,122.327177,-10.6733191,121.162841,222.684506,230.774171,154.67051,126.38039,-2.75156937,125.296408,12.27434,11.206055,0.181694742,0.0916088682,-0.0507535395,0.148475159,6.17292691,4.61286596
14.5479696,return_center_after_left,center,0,0,51,0,58.886719,33.596191,-138.80127,69.587402,94.899902,13.908691,222.792499,230.852333,154.883552,122.4026,-10.5255032,121.279898,222.684506,230.774171,154.67051,126.38039,-2.75156937,125.296408,12.0351401,10.986328,0.251313747,0.10799334,0.0781612505,0.213041914,9.56841859,5.76843127
14.5730553,return_center_after_left,center,0,0,52,0,58.820801,33.574219,-138.823242,69.389648,94.921875,13.908691,222.743982,230.787884,154.769559,122.512289,-10.3708239,121.294228,222.684506,230.774171,154.67051,126.38039,-2.75156937,125.296408,11.827536,10.788574,0.116345421,0.0594764772,0.013712341,0.0990493687,8.44691296,5.56688022
14.599515,return_center_after_left,center,0,0,53,0,58.710938,33.574219,-138.845215,69.060059,95.009766,13.908691,222.71469,230.776301,154.800136,122.644558,-10.1464711,121.42105,222.684506,230.774171,154.67051,126.38039,-2.75156937,125.296408,11.4708426,10.458985,0.133111298,0.0301840894,0.00212974505,0.129626396,13.5691446,1.65910366
14.6280518,return_center_after_left,center,0,0,54,0,58.623047,33.552246,-138.845215,68.840332,95.075684,13.864746,222.763937,230.729947,154.754522,122.702469,-9.95380062,121.475727,222.684506,230.774171,154.67051,126.38039,-2.75156937,125.296408,11.2223931,10.239258,0.12378631,0.0794313317,-0.0442239802,0.0840116276,8.77909772,2.85862973
14.6531427,return_center_after_left,center,0,0,55,0,58.579102,33.552246,-138.845215,68.664551,95.119629,13.864746,222.708073,230.81216,154.780115,122.782876,-9.83172389,121.558399,222.684506,230.774171,154.67051,126.38039,-2.75156937,125.296408,11.0373406,10.063477,0.118370977,0.0235667285,0.0379882878,0.109604687,7.43072364,4.09067145
14.680768,return_center_after_left,center,0,0,56,0,58.513184,33.530273,-138.845215,68.422852,95.185547,13.842773,222.637798,230.87996,154.732364,122.878672,-9.621757,121.643912,222.684506,230.774171,154.67051,126.38039,-2.75156937,125.296408,10.7772693,9.821778,0.131143834,-0.0467080752,0.105788446,0.0618535809,9.4446213,3.93477701
14.7058992,return_center_after_left,center,0,0,57,0,58.447266,33.530273,-138.845215,68.269043,95.20752,13.842773,222.697646,230.839705,154.737154,122.949607,-9.54899819,121.682768,222.684506,230.774171,154.67051,126.38039,-2.75156937,125.296408,10.6106548,9.667969,0.0943858401,0.0131396067,0.0655334133,0.066643899,6.71577284,2.87631285
14.7309449,return_center_after_left,center,0,0,58,0,58.359375,33.508301,-138.867188,68.049316,95.273438,13.842773,222.705499,230.728363,154.670525,123.02523,-9.38390671,121.741467,222.684506,230.774171,154.67051,126.38039,-2.75156937,125.296408,10.3654591,9.448242,0.0503899601,0.0209935025,-0.0458085221,1.54172395e-05,9.88674389,5.19022838
14.7561135,return_center_after_left,center,0,0,59,0,58.31543,33.508301,-138.845215,67.873535,95.317383,13.820801,222.685873,230.87093,154.719592,123.09572,-9.25919694,121.832158,222.684506,230.774171,154.67051,126.38039,-2.75156937,125.296408,10.1785826,9.272461,0.108503968,0.00136728687,0.0967587048,0.0490815092,7.50995652,6.04109785
14.7811534,return_center_after_left,center,0,0,60,0,58.227539,33.508301,-138.867188,67.653809,95.383301,13.798828,222.707339,230.782964,154.743097,123.16152,-9.09158093,121.898824,222.684506,230.774171,154.67051,126.38039,-2.75156937,125.296408,9.93317228,9.052735,0.0765997315,0.0228332805,0.00879224059,0.0725868905,9.88897129,3.73599039
14.8062739,return_center_after_left,center,0,0,61,0,58.183594,33.486328,-138.867188,67.5,95.427246,13.776855,222.662723,230.807817,154.683478,123.217067,-8.94300404,121.942917,222.684506,230.774171,154.67051,126.38039,-2.75156937,125.296408,9.76560389,8.898926,0.0421267939,-0.021782737,0.033645205,0.0129683968,6.71863593,3.12503294
14.8313744,return_center_after_left,center,0,0,62,0,58.095703,33.486328,-138.867188,67.258301,95.493164,13.754883,222.691455,230.810651,154.727455,123.299143,-8.77800459,122.036585,222.684506,230.774171,154.67051,126.38039,-2.75156937,125.296408,9.49973797,8.657227,0.0679834575,0.00694879698,0.0364799062,0.0569445445,10.6135137,2.09583512
14.8565273,return_center_after_left,center,0,0,63,0,58.051758,33.464355,-138.867188,67.104492,95.515137,13.754883,222.644663,230.828612,154.644117,123.383598,-8.66113552,122.067355,222.684506,230.774171,154.67051,126.38039,-2.75156937,125.296408,9.33897344,8.503418,0.0724423957,-0.0398429705,0.0544411318,-0.0263932108,6.47853057,3.86628752
14.8815994,return_center_after_left,center,0,0,64,0,57.963867,33.464355,-138.867188,66.884766,95.581055,13.754883,222.701944,230.800496,154.691398,123.455893,-8.53982179,122.16587,222.684506,230.774171,154.67051,126.38039,-2.75156937,125.296408,9.09453032,8.283692,0.0378598985,0.0174382343,0.0263245764,0.0208877136,9.79819905,3.16757095
14.9067171,return_center_after_left,center,0,0,65,0,57.919922,33.464355,-138.867188,66.687012,95.625,13.73291,222.610423,230.906982,154.7174,123.545588,-8.37457357,122.244085,222.684506,230.774171,154.67051,126.38039,-2.75156937,125.296408,8.88817755,8.085938,0.159140356,-0.0740829114,0.132810929,0.046889576,8.29898624,5.68520946
14.9318094,return_center_after_left,center,0,0,66,0,57.854004,33.442383,-138.88916,66.467285,95.690918,13.710938,222.523371,230.876337,154.653274,123.624951,-8.16329001,122.302407,222.684506,230.774171,154.67051,126.38039,-2.75156937,125.296408,8.64874574,7.866211,0.191571127,-0.161135403,0.102165536,-0.0172360572,9.63239098,4.47867275
14.9569733,return_center_after_left,center,0,0,67,0,57.788086,33.442383,-138.867188,66.291504,95.734863,13.710938,222.588332,230.928915,154.704872,123.691239,-8.08606373,122.393879,222.684506,230.774171,154.67051,126.38039,-2.75156937,125.296408,8.4561908,7.69043,0.185407142,-0.0961735221,0.154744114,0.0343616269,7.71172076,3.90315267
14.9820509,return_center_after_left,center,0,0,68,0,57.722168,33.442383,-138.88916,66.159668,95.778809,13.710938,222.635326,230.798527,154.716402,123.725502,-8.00458936,122.43091,222.684506,230.774171,154.67051,126.38039,-2.75156937,125.296408,8.30485038,7.558594,0.0715398213,-0.0491800113,0.0243556832,0.0458919734,6.19558592,5.54587976
15.0071425,return_center_after_left,center,0,0,69,0,57.634277,33.42041,-138.88916,65.830078,95.844727,13.666992,222.521844,230.888739,154.6641,123.872847,-7.71770122,122.521063,222.684506,230.774171,154.67051,126.38039,-2.75156937,125.296408,7.95643791,7.229004,0.199062828,-0.16266244,0.114568118,-0.00640985797,13.9837581,6.14216032
15.0322065,return_center_after_left,center,0,0,70,0,57.568359,33.42041,-138.88916,65.67627,95.910645,13.666992,222.577511,230.85449,154.720591,123.902402,-7.63152755,122.610684,222.684506,230.774171,154.67051,126.38039,-2.75156937,125.296408,7.77906545,7.075196,0.14285316,-0.106994582,0.0803184307,0.0500812791,7.17577077,3.44677003
15.0573311,return_center_after_left,center,0,0,71,0,57.524414,33.398438,-138.88916,65.522461,95.932617,13.64502,222.526701,230.8689,154.639103,123.978404,-7.49065642,122.629453,222.684506,230.774171,154.67051,126.38039,-2.75156937,125.296408,7.61694132,6.921387,0.18671491,-0.157805193,0.094728803,-0.0314075255,6.54452866,3.8650312
15.0824282,return_center_after_left,center,0,0,72,0,57.436523,33.376465,-138.867188,65.280762,95.998535,13.64502,222.571677,230.901842,154.619909,124.068497,-7.35092273,122.73549,222.684506,230.774171,154.67051,126.38039,-2.75156937,125.296408,7.3506339,6.679688,0.177738203,-0.112829322,0.127671056,-0.0506015245,10.6509704,2.3493228
15.1075575,return_center_after_left,center,0,0,73,0,57.392578,33.376465,-138.867188,65.148926,96.04248,13.64502,222.567107,230.916719,154.655135,124.112207,-7.2680102,122.804685,222.684506,230.774171,154.67051,126.38039,-2.75156937,125.296408,7.20575884,6.547852,0.185307221,-0.117398694,0.14254795,-0.0153751355,5.79999742,1.53251402
15.1326392,return_center_after_left,center,0,0,74,0,57.304688,33.376465,-138.88916,64.907227,96.108398,13.601074,222.547352,230.849259,154.68132,124.186953,-7.05850571,122.867048,222.684506,230.774171,154.67051,126.38039,-2.75156937,125.296408,6.93929129,6.306153,0.156736459,-0.137154167,0.0750878814,0.0108102787,10.7650156,2.99071826
15.1577907,return_center_after_left,center,0,0,75,0,57.23877,33.354492,-138.867188,64.775391,96.152344,13.579102,222.654452,230.815273,154.649713,124.210145,-6.97456548,122.913114,222.684506,230.774171,154.67051,126.38039,-2.75156937,125.296408,6.78393149,6.174317,0.0550011599,-0.0300538481,0.0411019281,-0.020797243,6.29971392,4.64084951
15.1852875,return_center_after_left,center,0,0,76,0,57.150879,33.354492,-138.88916,64.467773,96.218262,13.579102,222.540621,230.832654,154.670484,124.356619,-6.75636474,123.019713,222.684506,230.774171,154.67051,126.38039,-2.75156937,125.296408,6.46044646,5.866699,0.155316001,-0.143884598,0.0584831773,-2.57550462e-05,11.9063257,4.25534947
15.2103906,return_center_after_left,center,0,0,77,0,57.128906,33.354492,-138.867188,64.35791,96.262207,13.579102,222.516381,230.964001,154.731415,124.391126,-6.69074686,123.114477,222.684506,230.774171,154.67051,126.38039,-2.75156937,125.296408,6.34191916,5.756836,0.260788772,-0.1681247,0.189830139,0.0609047364,4.87342956,5.8481418
15.2377307,return_center_after_left,center,0,0,78,0,56.99707,33.33252,-138.867188,64.050293,96.328125,13.557129,222.601663,230.845882,154.686013,124.505499,-6.49493361,123.186427,222.684506,230.774171,154.67051,126.38039,-2.75156937,125.296408,6.0007885,5.449219,0.11066075,-0.082843005,0.0717111962,0.0155029796,12.5280716,5.58148347
15.2641306,return_center_after_left,center,0,0,79,0,56.931152,33.310547,-138.867188,63.830566,96.394043,13.535156,222.544076,230.868544,154.649056,124.582422,-6.30641806,123.265191,222.684506,230.774171,154.67051,126.38039,-2.75156937,125.296408,5.76081785,5.229492,0.170549236,-0.140429829,0.0943728736,-0.0214538092,9.11743291,2.7303373
15.2892506,return_center_after_left,center,0,0,80,0,56.865234,33.310547,-138.867188,63.69873,96.437988,13.513184,222.625015,230.795066,154.685968,124.6053,-6.22291189,123.311654,222.684506,230.774171,154.67051,126.38039,-2.75156937,125.296408,5.60750601,5.097656,0.0649211709,-0.0594912101,0.0208949578,0.0154581724,6.18510765,4.59315165
15.3143587,return_center_after_left,center,0,0,81,0,56.821289,33.288574,-138.867188,63.500977,96.481934,13.513184,222.507923,230.867612,154.627314,124.705533,-6.06163813,123.381124,222.684506,230.774171,154.67051,126.38039,-2.75156937,125.296408,5.4014765,4.899903,0.204397717,-0.176582706,0.0934403121,-0.0431958653,8.30210904,5.96267892
15.3395331,return_center_after_left,center,0,0,82,0,56.777344,33.288574,-138.845215,63.391113,96.503906,13.491211,222.570035,230.905721,154.665078,124.739705,-6.00178386,123.427852,222.684506,230.774171,154.67051,126.38039,-2.75156937,125.296408,5.27979664,4.790039,0.174466469,-0.114471373,0.131549782,-0.00543215713,4.93742636,3.26024494
15.3689094,return_center_after_left,center,0,0,83,0,56.645508,33.266602,-138.845215,63.061523,96.591797,13.491211,222.620233,230.817113,154.644588,124.86037,-5.80515322,123.543994,222.684506,230.774171,154.67051,126.38039,-2.75156937,125.296408,4.91475802,4.460449,0.0815286668,-0.064272686,0.0429418849,-0.0259218029,12.4712098,3.5361941
15.3940566,return_center_after_left,center,0,0,84,0,56.601562,33.266602,-138.845215,62.885742,96.635742,13.469238,222.548437,230.883679,154.678923,124.930398,-5.65983261,123.616155,222.684506,230.774171,154.67051,126.38039,-2.75156937,125.296408,4.72866664,4.284668,0.174864794,-0.136069365,0.109508172,0.00841334687,7.46541778,4.12583701
15.4192936,return_center_after_left,center,0,0,85,0,56.535645,33.244629,-138.823242,62.753906,96.70166,13.469238,222.652636,230.850939,154.673822,124.94146,-5.59450403,123.699986,222.684506,230.774171,154.67051,126.38039,-2.75156937,125.296408,4.56904479,4.152832,0.0831856822,-0.0318695626,0.0767672954,0.00331225894,6.51533564,4.33257662
15.4494307,return_center_after_left,center,0,0,86,0,56.447754,33.222656,-138.845215,62.446289,96.767578,13.425293,222.512831,230.834967,154.609671,125.072288,-5.30768034,123.762571,222.684506,230.774171,154.67051,126.38039,-2.75156937,125.296408,4.24174734,3.845215,0.192015164,-0.171674989,0.0607958058,-0.060839059,10.9848592,5.13149251
15.4745114,return_center_after_left,center,0,0,87,0,56.381836,33.222656,-138.823242,62.29248,96.789551,13.425293,222.599067,230.841464,154.645296,125.139717,-5.2571618,123.823729,222.684506,230.774171,154.67051,126.38039,-2.75156937,125.296408,4.07443171,3.691406,0.111641918,-0.0854391426,0.067292719,-0.0252142963,6.78609694,3.72918513
15.4997497,return_center_after_left,center,0,0,88,0,56.337891,33.200684,-138.823242,62.138672,96.855469,13.40332,222.541581,230.859801,154.616338,125.173846,-5.10405929,123.893368,222.684506,230.774171,154.67051,126.38039,-2.75156937,125.296408,3.90143094,3.537598,0.17519846,-0.142924917,0.0856293883,-0.0541717324,6.96484293,2.65185219
15.5261407,return_center_after_left,center,0,0,89,0,56.228027,33.178711,-138.80127,61.809082,96.921387,13.40332,222.536606,230.90487,154.598113,125.323463,-4.91216545,124.017141,222.684506,230.774171,154.67051,126.38039,-2.75156937,125.296408,3.54815876,3.208008,0.210233242,-0.147900154,0.130699159,-0.0723967547,13.4507629,1.85173137
15.5512781,return_center_after_left,center,0,0,90,0,56.184082,33.178711,-138.80127,61.655273,96.965332,13.381348,222.493255,230.940152,154.635931,125.375008,-4.78645243,124.082728,222.684506,230.774171,154.67051,126.38039,-2.75156937,125.296408,3.3820763,3.054199,0.255582189,-0.191250698,0.165980965,-0.0345795492,6.65696232,2.68464001
15.5765042,return_center_after_left,center,0,0,91,0,56.118164,33.178711,-138.80127,61.54541,97.009277,13.381348,222.601628,230.834355,154.676916,125.388806,-4.7476227,124.134503,222.684506,230.774171,154.67051,126.38039,-2.75156937,125.296408,3.25002267,2.944336,0.102624886,-0.0828782701,0.0601833001,0.00640546234,5.36936541,6.21973074
15.6059868,return_center_after_left,center,0,0,92,0,56.008301,33.156738,-138.80127,61.237793,97.097168,13.337402,222.585735,230.793917,154.663092,125.483689,-4.49946481,124.232975,222.684506,230.774171,154.67051,126.38039,-2.75156937,125.296408,2.90936581,2.636719,0.100997591,-0.0987704923,0.0197452882,-0.00741800696,11.5937612,1.54649772
15.6312327,return_center_after_left,center,0,0,93,0,55.964355,33.134766,-138.779297,61.083984,97.119141,13.359375,222.56502,230.858428,154.610062,125.575147,-4.42919605,124.295809,222.684506,230.774171,154.67051,126.38039,-2.75156937,125.296408,2.74921711,2.48291,0.158209267,-0.11948587,0.084257187,-0.0604485379,6.57098748,3.40813906
15.6564548,return_center_after_left,center,0,0,94,0,55.92041,33.134766,-138.757324,60.930176,97.163086,13.31543,222.560876,230.952283,154.671949,125.61313,-4.29981474,124.372012,222.684506,230.774171,154.67051,126.38039,-2.75156937,125.296408,2.58073535,2.329102,0.216818101,-0.123629934,0.178111361,0.00143929958,6.85955568,4.46031601
15.6883519,return_center_after_left,center,0,0,95,0,55.810547,33.112793,-138.757324,60.666504,97.250977,13.31543,222.60627,230.853968,154.662381,125.691262,-4.1397556,124.479619,222.684506,230.774171,154.67051,126.38039,-2.75156937,125.296408,2.28251398,2.06543,0.112046644,-0.0782356048,0.0797969886,-0.00812902719,9.39482024,3.4081574
15.7135062,return_center_after_left,center,0,0,96,0,55.766602,33.112793,-138.757324,60.578613,97.272949,13.293457,222.655848,230.798514,154.681426,125.709543,-4.07888585,124.499095,222.684506,230.774171,154.67051,126.38039,-2.75156937,125.296408,2.18172002,1.977539,0.0391540743,-0.0286582972,0.0243429887,0.0109161548,4.0971444,3.0525114
15.7197409,right_stick_right,right,1,0,0,0,55.766602,33.112793,-138.757324,60.578613,97.272949,13.293457,222.655848,230.798514,154.681426,125.709543,-4.07888585,124.499095,222.684506,230.774171,154.67051,-124.106441,-8.14034017,-123.076404,2.18172002,1.977539,0.0391540743,-0.0286582972,0.0243429887,0.0109161548,0,0
15.7485225,right_stick_right,right,1,0,1,0,55.700684,33.09082,-138.757324,60.336914,97.338867,13.271484,222.554181,230.836393,154.649677,125.803563,-3.87285532,124.585451,222.684506,230.774171,154.67051,-124.106441,-8.14034017,-123.076404,1.92207397,1.73584,0.145911253,-0.130324588,0.0622219663,-0.0208332085,9.06517471,3.92762995
15.773679,right_stick_right,right,1,0,2,0,55.656738,33.09082,-138.735352,60.205078,97.36084,13.271484,222.580127,230.895087,154.689647,125.863531,-3.81813828,124.652073,222.684506,230.774171,154.67051,-124.106441,-8.14034017,-123.076404,1.78181841,1.604004,0.160878066,-0.104378477,0.12091587,0.019137346,5.66053787,3.00530877
15.7987926,right_stick_right,right,1,0,3,0,55.612793,33.068848,-138.735352,60.095215,97.404785,13.271484,222.581246,230.848111,154.641522,125.89228,-3.73568673,124.693744,222.684506,230.774171,154.67051,-124.106441,-8.14034017,-123.076404,1.65540345,1.494141,0.130268859,-0.103259798,0.0739397779,-0.0289879096,5.10165895,2.67827263
15.8238585,right_stick_right,right,1,0,4,0,55.524902,33.068848,-138.713379,59.897461,97.44873,13.271484,222.687802,230.822582,154.702579,125.962236,-3.66413977,124.784505,222.684506,230.774171,154.67051,-124.106441,-8.14034017,-123.076404,1.43580869,1.296387,0.058162542,0.00329632026,0.0484104685,0.0320693328,8.85318956,5.00420907
15.8490252,right_stick_right,right,1,0,5,0,55.50293,33.046875,-138.735352,59.80957,97.492676,13.249512,222.590874,230.773351,154.63274,125.978472,-3.53255103,124.797253,222.684506,230.774171,154.67051,-124.106441,-8.14034017,-123.076404,1.33618321,1.208496,0.100965872,-0.0936315813,-0.000820294692,-0.0377698487,4.27723292,5.13430485
15.8742492,right_stick_right,right,1,0,6,0,55.458984,33.046875,-138.713379,59.72168,97.514648,13.227539,222.680606,230.776645,154.675592,125.992578,-3.49230225,124.838983,222.684506,230.774171,154.67051,-124.106441,-8.14034017,-123.076404,1.23419108,1.120606,0.00686650652,-0.00389949505,0.00247380283,0.00508164832,4.17765037,3.94440135
15.8994544,right_stick_right,right,1,0,7,0,55.437012,33.046875,-138.713379,59.633789,97.536621,13.227539,222.640467,230.805195,154.695403,126.031786,-3.43223317,124.881257,222.684506,230.774171,154.67051,-124.106441,-8.14034017,-123.076404,1.14194436,1.032715,0.0593424391,-0.0440390203,0.0310233651,0.024892581,3.69854651,2.10638553
15.9246821,right_stick_right,right,1,0,8,0,55.393066,33.024902,-138.713379,59.47998,97.580566,13.227539,222.575815,230.811159,154.645645,126.096345,-3.31119368,124.936796,222.684506,230.774171,154.67051,-124.106441,-8.14034017,-123.076404,0.975991344,0.878906,0.117473194,-0.108690449,0.0369876947,-0.024864595,6.63313409,3.24243655
15.958127,right_stick_right,right,1,0,9,0,55.327148,33.024902,-138.691406,59.304199,97.624512,13.205566,222.624697,230.841913,154.708879,126.149405,-3.21092041,125.021037,222.684506,230.774171,154.67051,-124.106441,-8.14034017,-123.076404,0.781806444,0.703125,0.0981748232,-0.0598088943,0.0677420135,0.0383694107,5.8393766,2.56055494
15.9832542,right_stick_right,right,1,0,10,0,55.305176,33.00293,-138.691406,59.282227,97.624512,13.227539,222.66435,230.759673,154.617161,126.17011,-3.21950333,125.005806,222.684506,230.774171,154.67051,-124.106441,-8.14034017,-123.076404,0.7547861,0.681153,0.0588434683,-0.0201556798,-0.0144982815,-0.0533488722,1.74888361,5.15037656
16.0083897,right_stick_right,right,1,0,11,0,55.283203,33.00293,-138.691406,59.194336,97.646484,13.205566,222.623663,230.78758,154.637323,126.199268,-3.13502371,125.036882,222.684506,230.774171,154.67051,-124.106441,-8.14034017,-123.076404,0.661008475,0.593262,0.0705900682,-0.0608424468,0.0134085354,-0.0331868284,3.81042248,2.12043877
16.0363231,right_stick_right,right,1,0,12,0,55.239258,33.00293,-138.669434,59.040527,97.69043,13.205566,222.615914,230.87596,154.702024,126.255581,-3.05477414,125.13684,222.684506,230.774171,154.67051,-124.106441,-8.14034017,-123.076404,0.495725586,0.439453,0.126724252,-0.0685919985,0.10178907,0.0315144239,5.99065617,3.93100999
16.0614796,right_stick_right,right,1,0,13,0,55.195312,32.980957,-138.669434,59.018555,97.712402,13.205566,222.744476,230.713999,154.634562,126.234114,-3.0568337,125.124982,222.684506,230.774171,154.67051,-124.106441,-8.14034017,-123.076404,0.45457424,0.417481,0.0922461887,0.0599699972,-0.0601724635,-0.0359476482,2.31090741,8.64629844
16.0867069,right_stick_right,right,1,0,14,0,55.195312,32.980957,-138.669434,58.952637,97.712402,13.183594,222.646977,230.794382,154.631655,126.277572,-2.97396867,125.134534,222.684506,230.774171,154.67051,-124.106441,-8.14034017,-123.076404,0.393059215,0.351563,0.0576769126,-0.0375292373,0.0202103467,-0.0388551731,2.75429552,5.01028511
16.1173673,right_stick_right,right,1,0,15,0,55.151367,32.980957,-138.669434,58.864746,97.756348,13.183594,222.694882,230.74216,154.676338,126.284455,-2.93190438,125.19159,222.684506,230.774171,154.67051,-124.106441,-8.14034017,-123.076404,0.288168695,0.263672,0.0341515246,0.0103757806,-0.0320109341,0.00582837068,3.5108506,2.7324152
16.1425295,right_stick_right,right,1,0,16,0,55.129395,32.980957,-138.647461,58.820801,97.756348,13.183594,222.759862,230.769912,154.697658,126.304673,-2.93719884,125.216509,222.684506,230.774171,154.67051,-124.106441,-8.14034017,-123.076404,0.240698869,0.219727,0.0802100896,0.0753557352,-0.00425975702,0.0271482249,2.13897714,2.93313508
16.1677599,right_stick_right,right,1,0,17,0,55.129395,32.980957,-138.669434,58.776855,97.77832,13.161621,222.653669,230.769449,154.696845,126.313446,-2.84748081,125.222776,222.684506,230.774171,154.67051,-124.106441,-8.14034017,-123.076404,0.195297258,0.175781,0.0408255546,-0.0308369899,-0.00472216732,0.0263345229,2.30415284,4.20908177
16.1956313,right_stick_right,right,1,0,18,0,55.107422,32.958984,-138.647461,58.688965,97.800293,13.161621,222.637417,230.832546,154.649859,126.352527,-2.78752293,125.265183,222.684506,230.774171,154.67051,-124.106441,-8.14034017,-123.076404,0.100691626,0.087891,0.0777908956,-0.0470887815,0.0583745083,-0.0206515583,3.52564131,2.88219004
16.2208529,right_stick_right,right,1,0,19,0,55.085449,32.958984,-138.647461,58.688965,97.800293,13.161621,222.725925,230.747147,154.649859,126.341314,-2.81151347,125.253984,222.684506,230.774171,154.67051,-124.106441,-8.14034017,-123.076404,0.0932223653,0.087891,0.0535944029,0.0414194018,-0.0270241801,-0.0206515583,0.871198179,4.87639368
16.2460792,right_stick_right,right,1,0,20,0,55.085449,32.958984,-138.647461,58.666992,97.800293,13.161621,222.693337,230.773832,154.648951,126.359144,-2.79203308,125.26091,222.684506,230.774171,154.67051,-124.106441,-8.14034017,-123.076404,0.0728749905,0.065918,0.0232996247,0.00883086377,-0.000339555487,-0.0215585959,0.871033502,1.67006366
16.2754526,right_stick_right,right,1,0,21,0,55.063477,32.958984,-138.647461,58.623047,97.822266,13.161621,222.717114,230.747511,154.671404,126.362561,-2.77105165,125.289483,222.684506,230.774171,154.67051,-124.106441,-8.14034017,-123.076404,0.021973,0.021973,0.0421288565,0.0326081395,-0.0266599163,0.000893672202,1.83231767,1.42914501
16.3005452,right_stick_right,right,1,0,22,0,55.063477,32.958984,-138.647461,58.601074,97.822266,13.161621,222.684506,230.774171,154.67051,126.38039,-2.75156937,125.296408,222.684506,230.774171,154.67051,-124.106441,-8.14034017,-123.076404,0,0,0,0,0,0,0.875676432,1.67893536
16.3257079,right_stick_right,right,1,0,23,0,55.063477,32.958984,-138.647461,58.601074,97.822266,13.161621,222.684506,230.774171,154.67051,126.38039,-2.75156937,125.296408,222.684506,230.774171,154.67051,-124.106441,-8.14034017,-123.076404,0,0,0,0,0,0,0,0
16.3508956,right_stick_right,right,1,0,24,0,55.063477,32.958984,-138.647461,58.601074,97.822266,13.161621,222.684506,230.774171,154.67051,126.38039,-2.75156937,125.296408,222.684506,230.774171,154.67051,-124.106441,-8.14034017,-123.076404,0,0,0,0,0,0,0,0
16.3761237,right_stick_right,right,1,0,25,0,55.063477,32.958984,-138.647461,58.579102,97.822266,13.161621,222.651889,230.800818,154.669621,126.398218,-2.73208422,125.303331,222.684506,230.774171,154.67051,-124.106441,-8.14034017,-123.076404,0.021972,0.021972,0.0421269392,-0.0326165716,0.0266467155,-0.000889276407,0.870936242,1.66984699
16.4063978,right_stick_right,right,1,0,26,0,55.063477,32.958984,-138.647461,58.579102,97.822266,13.183594,222.651889,230.800818,154.669621,126.408379,-2.75655416,125.314518,222.684506,230.774171,154.67051,-124.106441,-8.14034017,-123.076404,0.0310738075,0.021973,0.0421269392,-0.0326165716,0.0266467155,-0.000889276407,0.725800658,0
16.4315488,right_stick_right,right,1,0,27,0,55.063477,32.958984,-138.647461,58.601074,97.822266,13.139648,222.684506,230.774171,154.67051,126.370233,-2.72710528,125.285215,222.684506,230.774171,154.67051,-124.106441,-8.14034017,-123.076404,0.021973,0.021973,0,0,0,0,1.95350668,1.67495985
16.456717,right_stick_right,right,1,0,28,0,55.041504,32.958984,-138.647461,58.601074,97.844238,13.139648,222.773465,230.694492,154.694763,126.337992,-2.7450988,125.299933,222.684506,230.774171,154.67051,-124.106441,-8.14034017,-123.076404,0.0380577751,0.021973,0.121863246,0.0889589179,-0.0796792135,0.0242525149,1.23464656,4.84195692
16.485126,right_stick_right,right,1,0,29,0,55.063477,32.958984,-138.647461,58.579102,97.822266,13.161621,222.651889,230.800818,154.669621,126.398218,-2.73208422,125.303331,222.684506,230.774171,154.67051,-124.106441,-8.14034017,-123.076404,0.021972,0.021972,0.0421269392,-0.0326165716,0.0266467155,-0.000889276407,1.54686872,5.75367399
16.5102775,right_stick_right,right,1,0,30,0,55.041504,32.958984,-138.625488,58.579102,97.844238,13.161621,222.782508,230.780724,154.717095,126.361656,-2.77031601,125.340403,222.684506,230.774171,154.67051,-124.106441,-8.14034017,-123.076404,0.043945,0.021973,0.1087089,0.0980025333,0.00655294029,0.0465852706,1.5131419,5.58313433
16.5355246,right_stick_right,right,1,0,31,0,55.041504,32.958984,-138.625488,58.579102,97.822266,13.139648,222.782041,230.774996,154.692841,126.372543,-2.75185189,125.303291,222.684506,230.774171,154.67051,-124.106441,-8.14034017,-123.076404,0.0439455,0.021973,0.100061827,0.097534795,0.000824300449,0.0223305499,1.23078735,0.987299377
16.5607021,right_stick_right,right,1,0,32,0,55.041504,32.958984,-138.625488,58.535156,97.844238,13.161621,222.717263,230.834007,154.715333,126.397308,-2.73134506,125.354269,222.684506,230.774171,154.67051,-124.106441,-8.14034017,-123.076404,0.0761155501,0.065918,0.0816238526,0.0327573957,0.0598358639,0.0448227145,2.13771324,3.59319249
16.5859628,right_stick_right,right,1,0,33,0,55.041504,32.958984,-138.647461,58.513184,97.844238,13.161621,222.642977,230.801054,154.691233,126.419457,-2.69163086,125.338838,222.684506,230.774171,154.67051,-124.106441,-8.14034017,-123.076404,0.0932214225,0.08789,0.0536358092,-0.0415291536,0.0268830922,0.0207226634,1.2301252,3.35562903
16.6142535,right_stick_right,right,1,0,34,0,55.019531,32.958984,-138.647461,58.469238,97.844238,13.139648,222.666188,230.768889,154.689494,126.43372,-2.65219503,125.330317,222.684506,230.774171,154.67051,-124.106441,-8.14034017,-123.076404,0.142399309,0.131836,0.0269039505,-0.0183175856,-0.00528230444,0.0189838318,1.90248193,1.40342946
16.6394057,right_stick_right,right,1,0,35,0,55.019531,32.937012,-138.647461,58.447266,97.844238,13.117676,222.616966,230.77181,154.597852,126.44568,-2.58802703,125.303682,222.684506,230.774171,154.67051,-124.106441,-8.14034017,-123.076404,0.168774561,0.153808,0.0992295303,-0.06754041,-0.00236138843,-0.0726582173,1.51305296,4.13744078
16.6646361,right_stick_right,right,1,0,36,0,54.997559,32.937012,-138.625488,58.40332,97.866211,13.139648,222.682292,230.804889,154.643597,126.454939,-2.61175499,125.365847,222.684506,230.774171,154.67051,-124.106441,-8.14034017,-123.076404,0.216405602,0.197754,0.040900056,-0.00221359878,0.0307177231,-0.0269134919,2.46323099,3.42201628
16.6897976,right_stick_right,right,1,0,37,0,54.953613,32.937012,-138.603516,58.31543,97.866211,13.117676,222.77031,230.799852,154.663461,126.489228,-2.57754118,125.382426,222.684506,230.774171,154.67051,-124.106441,-8.14034017,-123.076404,0.316131066,0.285644,0.0898413873,0.085803829,0.0256806222,-0.00704864757,4.0959543,3.59166689
16.7150152,right_stick_right,right,1,0,38,0,54.953613,32.937012,-138.625488,58.31543,97.888184,13.117676,222.729036,230.74607,154.664482,126.472559,-2.55139636,125.385965,222.684506,230.774171,154.67051,-124.106441,-8.14034017,-123.076404,0.317654719,0.285644,0.0529989236,0.0445295588,-0.0281011035,-0.00602762692,1.23223026,2.68867631
16.7408538,right_stick_right,right,1,0,39,0,54.909668,32.915039,-138.625488,58.183594,97.910156,13.07373,222.693593,230.716509,154.592996,126.519927,-2.40742003,125.386359,222.684506,230.774171,154.67051,-124.106441,-8.14034017,-123.076404,0.46455378,0.41748,0.0970354635,0.00908712507,-0.0576619393,-0.077513909,5.76756663,3.29313098
16.7659509,right_stick_right,right,1,0,40,0,54.909668,32.915039,-138.625488,58.117676,97.910156,13.07373,222.59536,230.795978,154.59059,126.573326,-2.34888343,125.407114,222.684506,230.774171,154.67051,-124.106441,-8.14034017,-123.076404,0.52458964,0.483398,0.121695126,-0.0891456267,0.0218068562,-0.0799200966,2.62651528,5.03545365
16.7911777,right_stick_right,right,1,0,41,0,54.887695,32.915039,-138.625488,58.051758,97.932129,13.051758,222.586018,230.795708,154.612483,126.584223,-2.28401789,125.43153,222.684506,230.774171,154.67051,-124.106441,-8.14034017,-123.076404,0.599333891,0.549316,0.116322319,-0.0984880008,0.0215363641,-0.058027413,3.01724576,0.943608726
16.8163164,right_stick_right,right,1,0,42,0,54.84375,32.915039,-138.603516,57.98584,97.932129,13.051758,222.706493,230.763692,154.633387,126.610822,-2.2937434,125.45248,222.684506,230.774171,154.67051,-124.106441,-8.14034017,-123.076404,0.67438484,0.615234,0.0444001089,0.0219868205,-0.0104791947,-0.0371232525,3.27041999,5.02799527
16.843555,right_stick_right,right,1,0,43,0,54.799805,32.915039,-138.603516,57.875977,97.954102,13.007812,222.719909,230.730662,154.653865,126.63576,-2.18944575,125.468512,222.684506,230.774171,154.67051,-124.106441,-8.14034017,-123.076404,0.800118022,0.725097,0.0585109485,0.0354031778,-0.0435097799,-0.0166446735,4.70367101,1.50941481
16.8687468,right_stick_right,right,1,0,44,0,54.777832,32.915039,-138.603516,57.810059,97.976074,13.007812,222.710356,230.730105,154.675911,126.656862,-2.1490707,125.504144,222.684506,230.774171,154.67051,-124.106441,-8.14034017,-123.076404,0.870904261,0.791015,0.051373539,0.0258497904,-0.0440664973,0.00540117179,2.89280786,0.954010888
16.89397,right_stick_right,right,1,0,45,0,54.755859,32.893066,-138.603516,57.722168,97.998047,12.963867,222.651201,230.732218,154.606417,126.679575,-2.02014834,125.501883,222.684506,230.774171,154.67051,-124.106441,-8.14034017,-123.076404,0.971280876,0.878906,0.0835298051,-0.0333045242,-0.041953315,-0.0640933411,4.17779364,3.6191318
16.9192114,right_stick_right,right,1,0,46,0,54.711914,32.893066,-138.581543,57.590332,97.998047,12.963867,222.672827,230.778636,154.625456,126.759335,-1.9711814,125.543758,222.684506,230.774171,154.67051,-124.106441,-8.14034017,-123.076404,1.10629648,1.010742,0.0467564751,-0.0116789516,0.00446461139,-0.0450537157,5.57393021,2.16443408
16.9443421,right_stick_right,right,1,0,47,0,54.667969,32.893066,-138.55957,57.502441,98.02002,12.963867,222.760589,230.777873,154.670295,126.782427,-1.95546312,125.597865,222.684506,230.774171,154.67051,-124.106441,-8.14034017,-123.076404,1.20569662,1.098633,0.0761730312,0.0760827447,0.00370141241,-0.000214914905,4.10100102,3.92171557
16.9738767,right_stick_right,right,1,0,48,0,54.602051,32.871094,-138.55957,57.282715,98.063965,12.897949,222.680645,230.771625,154.621431,126.857719,-1.72722331,125.629921,222.684506,230.774171,154.67051,-124.106441,-8.14034017,-123.076404,1.44719564,1.318359,0.0492962938,-0.00386078581,-0.00254671821,-0.0490788462,8.25093684,3.17941093
16.9990597,right_stick_right,right,1,0,49,0,54.580078,32.871094,-138.55957,57.194824,98.085938,12.897949,222.637545,230.796538,154.643233,126.896448,-1.66732503,125.672574,222.684506,230.774171,154.67051,-124.106441,-8.14034017,-123.076404,1.53808614,1.40625,0.0587332016,-0.0469608824,0.0223663313,-0.0272765782,3.70181234,2.15809367
17.0242863,right_stick_right,right,1,0,50,0,54.536133,32.871094,-138.55957,57.084961,98.10791,12.875977,222.649791,230.762045,154.664518,126.931329,-1.58757088,125.699991,222.684506,230.774171,154.67051,-124.106441,-8.14034017,-123.076404,1.6599171,1.516113,0.0372571933,-0.0347153797,-0.0121258549,-0.0059920371,4.84956378,1.67839661
17.0542033,right_stick_right,right,1,0,51,0,54.448242,32.849121,-138.537598,56.887207,98.151855,12.832031,222.732266,230.70197,154.640319,126.983233,-1.44770444,125.748007,222.684506,230.774171,154.67051,-124.106441,-8.14034017,-123.076404,1.88606798,1.713867,0.0916822306,0.0477604668,-0.0722015993,-0.0301910296,7.59725839,3.50524267
17.0793519,right_stick_right,right,1,0,52,0,54.404297,32.849121,-138.515625,56.733398,98.173828,12.810059,222.720022,230.777898,154.684209,127.04857,-1.3487044,125.812216,222.684506,230.774171,154.67051,-124.106441,-8.14034017,-123.076404,2.04923747,1.867676,0.0382485529,0.0355163591,0.00372694,0.0136985384,6.53827278,3.52112333
17.1045749,right_stick_right,right,1,0,53,0,54.338379,32.827148,-138.515625,56.557617,98.195801,12.766113,222.703717,230.711422,154.613507,127.119496,-1.19001394,125.81564,222.684506,230.774171,154.67051,-124.106441,-8.14034017,-123.076404,2.24325657,2.043457,0.0869250425,0.019211462,-0.0627494054,-0.0570034636,7.7428192,3.90143384
17.1296904,right_stick_right,right,1,0,54,0,54.316406,32.827148,-138.493652,56.425781,98.217773,12.744141,222.635635,230.845929,154.658327,127.177916,-1.08626283,125.884126,222.684506,230.774171,154.67051,-124.106441,-8.14034017,-123.076404,2.37944699,2.175293,0.0876697444,-0.0488708777,0.0717579604,-0.0121826316,5.53312879,6.26218792
17.1548834,right_stick_right,right,1,0,55,0,54.250488,32.827148,-138.493652,56.293945,98.261719,12.722168,222.702391,230.755995,154.704262,127.197888,-1.00561412,125.93385,222.684506,230.774171,154.67051,-124.106441,-8.14034017,-123.076404,2.53200931,2.307129,0.0423017051,0.0178849198,-0.018176794,0.0337515638,6.1672131,4.80514751
17.1822212,right_stick_right,right,1,0,56,0,54.162598,32.805176,-138.47168,56.030273,98.305664,12.65625,222.68298,230.770236,154.680357,127.291322,-0.782487402,125.992222,222.684506,230.774171,154.67051,-124.106441,-8.14034017,-123.076404,2.82209675,2.570801,0.0107131547,-0.00152565411,-0.00393536966,0.00984667093,10.6325607,1.24102459
17.2074513,right_stick_right,right,1,0,57,0,54.09668,32.783203,-138.449707,55.92041,98.327637,12.634277,222.80759,230.683447,154.635136,127.314634,-0.727185875,126.009042,222.684506,230.774171,154.67051,-124.106441,-8.14034017,-123.076404,2.95366773,2.680664,0.156945481,0.123083857,-0.0907244206,-0.035374112,5.3685157,6.27997799
17.2326829,right_stick_right,right,1,0,58,0,54.052734,32.783203,-138.449707,55.744629,98.349609,12.612305,222.717795,230.723446,154.656756,127.401781,-0.588527445,126.057718,222.684506,230.774171,154.67051,-124.106441,-8.14034017,-123.076404,3.1353985,2.856445,0.0622125269,0.0332894626,-0.0507250882,-0.0137541121,7.28595101,3.98904192
17.2586284,right_stick_right,right,1,0,59,0,53.942871,32.76123,-138.427734,55.458984,98.415527,12.524414,222.751906,230.680747,154.658193,127.46915,-0.340202298,126.127679,222.684506,230.774171,154.67051,-124.106441,-8.14034017,-123.076404,3.46032735,3.14209,0.115855594,0.067400325,-0.0934238217,-0.0123168331,12.5897913,2.10711157
17.2837625,right_stick_right,right,1,0,60,0,53.898926,32.76123,-138.405762,55.283203,98.4375,12.502441,222.703733,230.777913,154.703976,127.550739,-0.221144843,126.199714,222.684506,230.774171,154.67051,-124.106441,-8.14034017,-123.076404,3.64348778,3.317871,0.0387765908,0.0192270935,0.00374124205,0.0334655939,7.36627463,4.68363567
17.3089466,right_stick_right,right,1,0,61,0,53.833008,32.739258,-138.383789,55.151367,98.481445,12.458496,222.794156,230.720453,154.683598,127.559197,-0.11641307,126.239084,222.684506,230.774171,154.67051,-124.106441,-8.14034017,-123.076404,3.80279325,3.449707,0.122801069,0.109650296,-0.0537180051,0.0130878167,6.47047462,4.33033525
17.3341696,right_stick_right,right,1,0,62,0,53.789062,32.739258,-138.383789,54.997559,98.503418,12.458496,222.736259,230.732763,154.706636,127.639085,-0.0218566413,126.292076,222.684506,230.774171,154.67051,-124.106441,-8.14034017,-123.076404,3.96050618,3.603515,0.0754858773,0.0517531255,-0.0414080183,0.0361262742,6.40149663,2.5182094
17.3619361,right_stick_right,right,1,0,63,0,53.679199,32.695312,-138.339844,54.689941,98.547363,12.392578,222.759538,230.740935,154.617848,127.754972,0.216238214,126.354434,222.684506,230.774171,154.67051,-124.106441,-8.14034017,-123.076404,4.30052681,3.911133,0.0975074909,0.0750318434,-0.033236425,-0.0526618772,12.3103519,3.31882708
17.3870215,right_stick_right,right,1,0,64,0,53.613281,32.695312,-138.339844,54.536133,98.591309,12.348633,222.789488,230.672076,154.665857,127.780548,0.340527734,126.401092,222.684506,230.774171,154.67051,-124.106441,-8.14034017,-123.076404,4.47697906,4.064941,0.146513866,0.10498176,-0.102095523,-0.00465266693,7.11592979,3.55289929
17.4121096,right_stick_right,right,1,0,65,0,53.547363,32.67334,-138.317871,54.294434,98.635254,12.32666,222.709758,230.738225,154.646174,127.887102,0.519387114,126.486553,222.684506,230.774171,154.67051,-124.106441,-8.14034017,-123.076404,4.73223849,4.30664,0.0502195038,0.0252521438,-0.0359458255,-0.0243356821,10.2512103,4.2032518
17.4372594,right_stick_right,right,1,0,66,0,53.481445,32.67334,-138.295898,54.162598,98.657227,12.304688,222.815542,230.695971,154.693892,127.921709,0.574618735,126.534511,222.684506,230.774171,154.67051,-124.106441,-8.14034017,-123.076404,4.88257898,4.438476,0.154377614,0.131035874,-0.0782004924,0.0233822672,6.05296923,4.91063702
17.4625013,right_stick_right,right,1,0,67,0,53.4375,32.651367,-138.273926,53.986816,98.679199,12.23877,222.747723,230.765534,154.650569,127.985351,0.762486747,126.562122,222.684506,230.774171,154.67051,-124.106441,-8.14034017,-123.076404,5.07497023,4.614258,0.0668482911,0.0632172716,-0.00863773055,-0.0199414192,7.78587549,4.21416453
17.4913101,right_stick_right,right,1,0,68,0,53.327637,32.629395,-138.251953,53.701172,98.745117,12.172852,222.775724,230.713497,154.656593,-127.905036,-0.984687546,-126.490589,222.684506,230.774171,154.67051,-124.106441,-8.14034017,-123.076404,5.3959757,4.899902,0.110434835,0.0912183825,-0.0606743284,-0.0139170868,11.1574003,2.06180992
17.5164325,right_stick_right,right,1,0,69,0,53.283691,32.607422,-138.22998,53.547363,98.76709,12.150879,222.740966,230.756725,154.613859,-127.860709,-1.10269949,-126.422071,222.684506,230.774171,154.67051,-124.106441,-8.14034017,-123.076404,5.56055852,5.053711,0.0818628607,0.0564603161,-0.0174464543,-0.0566514069,6.60329549,2.78720878
17.5415413,right_stick_right,right,1,0,70,0,53.195801,32.607422,-138.208008,53.305664,98.811035,12.128906,222.7642,230.756108,154.687669,-127.759609,-1.23550815,-126.332894,222.684506,230.774171,154.67051,-124.106441,-8.14034017,-123.076404,5.82155133,5.29541,0.0834979263,0.0796944117,-0.0180632113,0.0171588123,10.4646226,3.0819118
17.5667858,right_stick_right,right,1,0,71,0,53.151855,32.585449,-138.186035,53.129883,98.85498,12.084961,222.694839,230.828177,154.670025,-127.692012,-1.40212475,-126.279279,222.684506,230.774171,154.67051,-124.106441,-8.14034017,-123.076404,6.01384793,5.471191,0.054987304,0.0103326335,0.0540056022,-0.000484988869,7.68711236,4.02341748
17.5920146,right_stick_right,right,1,0,72,0,53.085938,32.585449,-138.186035,52.998047,98.876953,12.041016,222.755705,230.725026,154.695697,-127.676309,-1.50020778,-126.250181,222.684506,230.774171,154.67051,-124.106441,-8.14034017,-123.076404,6.16645235,5.603027,0.0901054808,0.071199447,-0.0491449875,0.0251874299,6.1584428,4.85519124
17.6171486,right_stick_right,right,1,0,73,0,53.02002,32.563477,-138.164062,52.77832,98.920898,11.99707,222.705781,230.759702,154.679093,-127.604516,-1.68090297,-126.172429,222.684506,230.774171,154.67051,-124.106441,-8.14034017,-123.076404,6.40573589,5.822754,0.0271226247,0.021274757,-0.014468968,0.00858314942,9.53660401,2.50706234
17.6423726,right_stick_right,right,1,0,74,0,52.954102,32.541504,-138.14209,52.602539,98.942871,11.975098,222.723639,230.73925,154.637928,-127.562898,-1.79292204,-126.097351,222.684506,230.774171,154.67051,-124.106441,-8.14034017,-123.076404,6.5973606,5.998535,0.0617451308,0.0391332098,-0.034920846,-0.0325820132,7.64387939,1.95500639
17.6705353,right_stick_right,right,1,0,75,0,52.844238,32.519531,-138.098145,52.272949,99.008789,11.90918,222.721771,230.786017,154.671813,-127.436282,-2.03133555,-125.992709,222.684506,230.774171,154.67051,-124.106441,-8.14034017,-123.076404,6.95999282,6.328125,0.039124438,0.0372654571,0.0118452635,0.00130272209,12.8910931,2.05171138
17.695689,right_stick_right,right,1,0,76,0,52.800293,32.497559,-138.076172,52.119141,99.030762,11.887207,222.684535,230.825,154.631021,-127.39035,-2.14765411,-125.924267,222.684506,230.774171,154.67051,-124.106441,-8.14034017,-123.076404,7.12469894,6.481933,0.0643655754,2.86764511e-05,0.050828558,-0.0394890385,6.59504364,2.6876261
17.7207739,right_stick_right,right,1,0,77,0,52.734375,32.497559,-138.076172,51.965332,99.052734,11.843262,222.709352,230.743684,154.658357,-127.365946,-2.26417413,-125.87781,222.684506,230.774171,154.67051,-124.106441,-8.14034017,-123.076404,7.29720454,6.635742,0.0411642959,0.0248461723,-0.0304872506,-0.0121529637,6.95247969,3.56011004
17.7516019,right_stick_right,right,1,0,78,0,52.624512,32.475586,-138.032227,51.679688,99.118652,11.777344,222.774188,230.738126,154.693159,-127.25291,-2.46250463,-125.808604,222.684506,230.774171,154.67051,-124.106441,-8.14034017,-123.076404,7.61991866,6.921386,0.0992732529,0.0896823237,-0.0360455216,0.02264906,10.4994446,2.3937874
17.7767818,right_stick_right,right,1,0,79,0,52.580566,32.453613,-138.010254,51.525879,99.140625,11.733398,222.735953,230.775336,154.653166,-127.216617,-2.60275556,-125.751246,222.684506,230.774171,154.67051,-124.106441,-8.14034017,-123.076404,7.78861704,7.075195,0.0543046982,0.0514471499,0.0011650976,-0.0173445543,6.75938225,2.64809588
17.8020208,right_stick_right,right,1,0,80,0,52.514648,32.453613,-137.988281,51.350098,99.162598,11.733398,222.768956,230.773559,154.705464,-127.139688,-2.66958255,-125.672134,222.684506,230.774171,154.67051,-124.106441,-8.14034017,-123.076404,7.9749239,7.250976,0.0913996011,0.0844495722,-0.000612101145,0.0349540009,7.53947121,2.45122505
17.8270929,right_stick_right,right,1,0,81,0,52.426758,32.409668,-137.944336,51.020508,99.228516,11.689453,222.656539,230.874544,154.651568,-127.011791,-2.92356338,-125.539224,222.684506,230.774171,154.67051,-124.106441,-8.14034017,-123.076404,8.32815817,7.580566,0.105903959,-0.0279666588,0.100372957,-0.0189415941,14.1854262,6.39903762
17.8522224,right_stick_right,right,1,0,82,0,52.36084,32.409668,-137.944336,50.888672,99.250488,11.645508,222.714062,230.766388,154.679792,-126.993762,-3.01979318,-125.510563,222.684506,230.774171,154.67051,-124.106441,-8.14034017,-123.076404,8.48056253,7.712402,0.0319413855,0.0295555815,-0.00778281171,0.00928157067,6.18276039,5.00247923
17.8774424,right_stick_right,right,1,0,83,0,52.316895,32.387695,-137.922363,50.734863,99.294434,11.601562,222.674539,230.806399,154.665242,-126.930345,-3.16346366,-125.474599,222.684506,230.774171,154.67051,-124.106441,-8.14034017,-123.076404,8.65298729,7.866211,0.0341422921,-0.00996736029,0.0322272619,-0.00526796236,6.91529884,2.30337569
17.9076869,right_stick_right,right,1,0,84,0,52.229004,32.365723,-137.878418,50.493164,99.338379,11.557617,222.716697,230.82662,154.677366,-126.834764,-3.31614567,-125.397666,222.684506,230.774171,154.67051,-124.106441,-8.14034017,-123.076404,8.92116892,8.10791,0.0619201683,0.0321910917,0.0524483948,0.00685614665,8.897747,1.59709396
17.9328766,right_stick_right,right,1,0,85,0,52.141113,32.34375,-137.856445,50.273438,99.382324,11.513672,222.748992,230.765195,154.66565,-126.770116,-3.46831543,-125.331298,222.684506,230.774171,154.67051,-124.106441,-8.14034017,-123.076404,9.1675225,8.327636,0.065289048,0.0644862091,-0.00897583781,-0.00486034576,9.7914085,2.79396165
17.9580994,right_stick_right,right,1,0,86,0,52.097168,32.321777,-137.834473,50.097656,99.404297,11.491699,222.673482,230.821604,154.628336,-126.714114,-3.60130104,-125.24545,222.684506,230.774171,154.67051,-124.106441,-8.14034017,-123.076404,9.35230189,8.503418,0.0644212033,-0.0110242165,0.0474328111,-0.042174477,7.39192353,4.01903077
17.9883785,right_stick_right,right,1,0,87,0,51.987305,32.299805,-137.790527,49.790039,99.470215,11.425781,222.697728,230.828393,154.668809,-126.589023,-3.81460159,-125.159665,222.684506,230.774171,154.67051,-124.106441,-8.14034017,-123.076404,9.69509676,8.811035,0.0558367007,0.0132215853,0.0542220845,-0.00170070146,11.3353101,1.57422918
18.0135281,right_stick_right,right,1,0,88,0,51.943359,32.299805,-137.768555,49.63623,99.492188,11.403809,222.674122,230.882563,154.723002,-126.516789,-3.90923589,-125.098762,222.684506,230.774171,154.67051,-124.106441,-8.14034017,-123.076404,9.8584532,8.964844,0.120879864,-0.0103841205,0.108391648,0.052491545,6.53803016,3.1880098
18.0387607,right_stick_right,right,1,0,89,0,51.877441,32.277832,-137.746582,49.482422,99.51416,11.359863,222.721011,230.828113,154.685726,-126.489288,-4.02316656,-125.052904,222.684506,230.774171,154.67051,-124.106441,-8.14034017,-123.076404,10.0341929,9.118652,0.0668869503,0.0365048015,0.0539419349,0.0152161511,7.0206485,3.20813151
18.0639946,right_stick_right,right,1,0,90,0,51.833496,32.255859,-137.724609,49.350586,99.536133,11.359863,222.714196,230.83542,154.647692,-126.438362,-4.09277554,-124.991099,222.684506,230.774171,154.67051,-124.106441,-8.14034017,-123.076404,10.1751667,9.250488,0.0717882952,0.0296899842,0.0612488339,-0.0228176359,5.70993711,1.55838695
18.0892184,right_stick_right,right,1,0,91,0,51.745605,32.233887,-137.702637,49.086914,99.602051,11.293945,222.673387,230.820252,154.664598,-126.339687,-4.3093039,-124.92219,222.684506,230.774171,154.67051,-124.106441,-8.14034017,-123.076404,10.4690889,9.51416,0.0477706722,-0.0111184644,0.0460810221,-0.00591238275,11.6871785,1.85155393
18.1143675,right_stick_right,right,1,0,92,0,51.679688,32.211914,-137.680664,48.867188,99.645996,11.25,222.613693,230.838153,154.655595,-126.261347,-4.48293866,-124.844855,222.684506,230.774171,154.67051,-124.106441,-8.14034017,-123.076404,10.7084855,9.733886,0.0965944737,-0.0708125928,0.0639812117,-0.0149155488,9.53085722,2.50375316
18.1399524,right_stick_right,right,1,0,93,0,51.591797,32.189941,-137.636719,48.647461,99.667969,11.184082,222.686622,230.821,154.646166,-126.206344,-4.6344989,-124.776503,222.684506,230.774171,154.67051,-124.106441,-8.14034017,-123.076404,10.9570653,9.953613,0.052820358,0.00211592761,0.046828397,-0.0243436706,9.82957593,2.95132469
18.1685846,right_stick_right,right,1,0,94,0,51.503906,32.167969,-137.592773,48.427734,99.711914,11.140137,222.759075,230.807747,154.661588,-126.115132,-4.76506062,-124.718243,222.684506,230.774171,154.67051,-124.106441,-8.14034017,-123.076404,11.2054733,10.17334,0.0822649405,0.0745691876,0.0335759798,-0.00892245934,8.71613729,2.62824506
18.1747768,return_center_after_right,center,0,0,0,0,51.503906,32.167969,-137.592773,48.427734,99.711914,11.140137,222.759075,230.807747,154.661588,-126.115132,-4.76506062,-124.718243,222.684506,230.774171,154.67051,126.38039,-2.75156937,125.296408,11.2054733,10.17334,0.0822649405,0.0745691876,0.0335759798,-0.00892245934,0,0
18.1998858,return_center_after_right,center,0,0,1,0,51.459961,32.145996,-137.570801,48.251953,99.755859,11.096191,222.680029,230.862642,154.651481,-126.040406,-4.92395294,-124.664964,222.684506,230.774171,154.67051,126.38039,-2.75156937,125.296408,11.3980069,10.349121,0.0906046643,-0.00447665914,0.0884706163,-0.0190293137,7.72856709,3.85386144
18.2250752,return_center_after_right,center,0,0,2,0,51.37207,32.145996,-137.548828,48.010254,99.799805,11.052246,222.689503,230.836646,154.737061,-125.940376,-5.07256702,-124.589364,222.684506,230.774171,154.67051,126.38039,-2.75156937,125.296408,11.6627622,10.59082,0.0914168806,0.00499668873,0.0624742428,0.0665510942,10.5400142,3.57062865
18.2503126,return_center_after_right,center,0,0,3,0,51.328125,32.124023,-137.504883,47.878418,99.821777,11.030273,222.725447,230.89593,154.724276,-125.874298,-5.14684019,-124.546788,222.684506,230.774171,154.67051,126.38039,-2.75156937,125.296408,11.8098069,10.722656,0.139255931,0.0409411299,0.121758954,0.0537661178,5.96881158,2.79344964
18.2780609,return_center_after_right,center,0,0,4,0,51.218262,32.080078,-137.460938,47.548828,99.887695,10.964355,222.689131,230.888267,154.68024,-125.759389,-5.39217762,-124.436924,222.684506,230.774171,154.67051,126.38039,-2.75156937,125.296408,12.1742395,11.052246,0.1146031,0.00462555245,0.114095619,0.00972956752,13.1552767,2.07548828
18.3032317,return_center_after_right,center,0,0,5,0,51.152344,32.080078,-137.438965,47.39502,99.909668,10.942383,222.750753,230.849759,154.737521,-125.696191,-5.46099856,-124.388302,222.684506,230.774171,154.67051,126.38039,-2.75156937,125.296408,12.3445458,11.206054,0.120800085,0.0662470769,0.0755875783,0.0670112177,6.81787604,3.67597033
18.3284631,return_center_after_right,center,0,0,6,0,51.108398,32.058105,-137.416992,47.241211,99.931641,10.92041,222.705501,230.873683,154.703157,-125.644932,-5.57168506,-124.320386,222.684506,230.774171,154.67051,126.38039,-2.75156937,125.296408,12.509487,11.359863,0.106813716,0.0209946845,0.0995116926,0.0326468405,6.5747803,2.44349391
18.3577054,return_center_after_right,center,0,0,7,0,50.998535,32.036133,-137.373047,46.911621,99.997559,10.854492,222.685111,230.884162,154.752768,-125.504886,-5.79711746,-124.218841,222.684506,230.774171,154.67051,126.38039,-2.75156937,125.296408,12.8723577,11.689453,0.137348849,0.000605531622,0.109990707,0.0822580328,12.4151704,1.86892432
18.3872259,return_center_after_right,center,0,0,8,0,50.932617,32.01416,-137.351074,46.691895,100.041504,10.810547,222.620296,230.89235,154.74787,-125.422999,-5.96695579,-124.141986,222.684506,230.774171,154.67051,126.38039,-2.75156937,125.296408,13.1117667,11.909179,0.155156714,-0.0642095433,0.118178549,0.0773600091,8.11953485,2.21925526
18.4123781,return_center_after_right,center,0,0,9,0,50.866699,31.992188,-137.329102,46.538086,100.063477,10.788574,222.662432,230.828687,154.71442,-125.382627,-6.05326264,-124.0855,222.684506,230.774171,154.67051,126.38039,-2.75156937,125.296408,13.2836655,12.062988,0.0733978353,-0.0220735788,0.054515524,0.0439096458,6.87864751,3.3138543
18.4377782,return_center_after_right,center,0,0,10,0,50.800781,31.948242,-137.285156,46.318359,100.107422,10.744629,222.62365,230.868285,154.6419,-125.300171,-6.22242105,-124.008659,222.684506,230.774171,154.67051,126.38039,-2.75156937,125.296408,13.5268964,12.282715,0.115668992,-0.0608554917,0.0941138468,-0.0286095911,9.67168247,3.59347632
18.4629943,return_center_after_right,center,0,0,11,0,50.734863,31.948242,-137.263184,46.120605,100.151367,10.700684,222.611552,230.874321,154.728427,-125.202086,-6.35469546,-123.957792,222.684506,230.774171,154.67051,126.38039,-2.75156937,125.296408,13.7447354,12.480469,0.136772286,-0.0729542635,0.100149726,0.0579168897,8.67005799,3.47303884
18.4881382,return_center_after_right,center,0,0,12,0,50.690918,31.92627,-137.219238,45.98877,100.17334,10.678711,222.645415,230.927689,154.717666,-125.13424,-6.42745769,-123.915988,222.684506,230.774171,154.67051,126.38039,-2.75156937,125.296408,13.8920191,12.612304,0.165286314,-0.039091155,0.153517858,0.0471562776,5.99097453,2.54990331
18.5132289,return_center_after_right,center,0,0,13,0,50.603027,31.882324,-137.175293,45.725098,100.239258,10.612793,222.621878,230.927339,154.673869,-125.02872,-6.63643802,-123.847914,222.684506,230.774171,154.67051,126.38039,-2.75156937,125.296408,14.1898281,12.875976,0.165511111,-0.0626274523,0.153168038,0.0033588963,11.9433668,1.98169607
18.5383949,return_center_after_right,center,0,0,14,0,50.559082,31.882324,-137.15332,45.593262,100.239258,10.59082,222.628542,230.941864,154.707415,-124.986526,-6.70578362,-123.785412,222.684506,230.774171,154.67051,126.38039,-2.75156937,125.296408,14.3295244,13.007812,0.180595544,-0.055963521,0.167692761,0.0369049147,5.65838666,1.47651066
18.5634844,return_center_after_right,center,0,0,15,0,50.471191,31.860352,-137.131348,45.351562,100.283203,10.546875,222.613192,230.880247,154.70667,-124.905706,-6.86813307,-123.702707,222.684506,230.774171,154.67051,126.38039,-2.75156937,125.296408,14.5957993,13.249512,0.132836237,-0.0713144157,0.106076179,0.0361602605,10.6181827,2.53111401
18.5886292,return_center_after_right,center,0,0,16,0,50.427246,31.838379,-137.109375,45.241699,100.305176,10.524902,222.636832,230.854635,154.671408,-124.869426,-6.94003263,-123.670148,222.684506,230.774171,154.67051,126.38039,-2.75156937,125.296408,14.7209419,13.359375,0.0935303798,-0.0476736429,0.0804633459,0.000897602255,5.01984938,1.97185124
18.621079,return_center_after_right,center,0,0,17,0,50.383301,31.816406,-137.06543,45.043945,100.349121,10.50293,222.561181,230.974155,154.691346,-124.749059,-7.0696453,-123.596848,222.684506,230.774171,154.67051,126.38039,-2.75156937,125.296408,14.9319033,13.557129,0.235874329,-0.123324926,0.199983792,0.0208361372,6.59983534,4.40215992
18.6462915,return_center_after_right,center,0,0,18,0,50.339355,31.816406,-137.06543,44.956055,100.349121,10.458984,222.593826,230.889075,154.698495,-124.756127,-7.14469808,-123.572583,222.684506,230.774171,154.67051,126.38039,-2.75156937,125.296408,15.0333437,13.645019,0.149026602,-0.0906801954,0.114903814,0.0279847041,4.2694509,3.62549087
18.6746635,return_center_after_right,center,0,0,19,0,50.273438,31.794434,-137.021484,44.736328,100.393066,10.437012,222.570045,230.943255,154.720737,-124.63847,-7.26873095,-123.493362,222.684506,230.774171,154.67051,126.38039,-2.75156937,125.296408,15.2711539,13.864746,0.210269775,-0.114461125,0.169083743,0.0502266563,8.44822528,2.22795198
18.7017231,return_center_after_right,center,0,0,20,0,50.20752,31.772461,-136.999512,44.560547,100.415039,10.415039,222.572957,230.894515,154.691593,-124.587576,-7.37119216,-123.419736,222.684506,230.774171,154.67051,126.38039,-2.75156937,125.296408,15.4630681,14.040527,0.165439269,-0.111548959,0.120343209,0.0210830193,7.12536112,2.10142504
18.7268527,return_center_after_right,center,0,0,21,0,50.185547,31.750488,-136.977539,44.472656,100.437012,10.371094,222.543438,230.931159,154.655129,-124.556514,-7.47213849,-123.404848,222.684506,230.774171,154.67051,126.38039,-2.75156937,125.296408,15.565328,14.128418,0.211616928,-0.141067748,0.156987357,-0.0153813022,4.28356349,2.36891638
18.7520559,return_center_after_right,center,0,0,22,0,50.141602,31.750488,-136.977539,44.406738,100.458984,10.349121,222.611488,230.828571,154.685307,-124.536898,-7.5071712,-123.407533,222.684506,230.774171,154.67051,126.38039,-2.75156937,125.296408,15.6465833,14.194336,0.0922491888,-0.073018375,0.0543994044,0.014796437,3.37653232,5.0291394
18.7771289,return_center_after_right,center,0,0,23,0,50.119629,31.728516,-136.955566,44.296875,100.480957,10.349121,222.545564,230.886036,154.65087,-124.479318,-7.57704163,-123.352011,222.684506,230.774171,154.67051,126.38039,-2.75156937,125.296408,15.7609358,14.304199,0.179455285,-0.138941856,0.111864287,-0.0196402911,4.7192574,3.7486221
18.8022146,return_center_after_right,center,0,0,24,0,50.075684,31.728516,-136.933594,44.165039,100.50293,10.327148,222.550283,230.901098,154.71046,-124.409809,-7.6483813,-123.310961,222.684506,230.774171,154.67051,126.38039,-2.75156937,125.296408,15.9043634,14.436035,0.189002883,-0.134222628,0.126926614,0.0399501033,5.74368585,2.45739475
18.8273644,return_center_after_right,center,0,0,25,0,50.031738,31.706543,-136.911621,44.077148,100.524902,10.305176,222.60897,230.851582,154.674264,-124.381358,-7.7012877,-123.296128,222.684506,230.774171,154.67051,126.38039,-2.75156937,125.296408,16.009625,14.523926,0.10822254,-0.075535918,0.077410288,0.00375373215,4.28011182,3.37533936
18.8524477,return_center_after_right,center,0,0,26,0,49.987793,31.706543,-136.867676,43.92334,100.546875,10.26123,222.622858,230.941463,154.759599,-124.287923,-7.79729004,-123.258234,222.684506,230.774171,154.67051,126.38039,-2.75156937,125.296408,16.1793216,14.677734,0.199308109,-0.0616480582,0.167291288,0.0890890787,6.89751254,4.97199367
18.8775446,return_center_after_right,center,0,0,27,0,49.987793,31.706543,-136.867676,43.92334,100.546875,10.26123,222.622858,230.941463,154.759599,-124.287923,-7.79729004,-123.258234,222.684506,230.774171,154.67051,126.38039,-2.75156937,125.296408,16.1793216,14.677734,0.199308109,-0.0616480582,0.167291288,0.0890890787,0,0
18.902647,return_center_after_right,center,0,0,28,0,49.943848,31.68457,-136.845703,43.791504,100.568848,10.26123,222.608612,230.933252,154.727566,-124.233091,-7.86157438,-123.196776,222.684506,230.774171,154.67051,126.38039,-2.75156937,125.296408,16.3205517,14.80957,0.185261556,-0.0758938534,0.159080564,0.0570555969,5.73987324,1.43440521
18.9277747,return_center_after_right,center,0,0,29,0,49.943848,31.68457,-136.845703,43.791504,100.568848,10.26123,222.608612,230.933252,154.727566,-124.233091,-7.86157438,-123.196776,222.684506,230.774171,154.67051,126.38039,-2.75156937,125.296408,16.3205517,14.80957,0.185261556,-0.0758938534,0.159080564,0.0570555969,0,0
18.9535615,return_center_after_right,center,0,0,30,0,49.87793,31.662598,-136.82373,43.659668,100.59082,10.239258,222.682732,230.839286,154.695672,-124.198687,-7.92703776,-123.158506,222.684506,230.774171,154.67051,126.38039,-2.75156937,125.296408,16.4726203,14.941406,0.0698300432,-0.00177409712,0.0651149814,0.0251620095,5.96460093,4.80308851
18.9820492,return_center_after_right,center,0,0,31,0,49.855957,31.640625,-136.82373,43.59375,100.612793,10.217285,222.643027,230.798862,154.634276,-124.190726,-8.00244331,-123.140609,222.684506,230.774171,154.67051,126.38039,-2.75156937,125.296408,16.5486634,15.007324,0.0603574336,-0.041478577,0.0246908701,-0.0362340774,2.78098952,2.93272709
19.0071363,return_center_after_right,center,0,0,32,0,49.855957,31.640625,-136.82373,43.59375,100.612793,10.217285,222.643027,230.798862,154.634276,-124.190726,-8.00244331,-123.140609,222.684506,230.774171,154.67051,126.38039,-2.75156937,125.296408,16.5486634,15.007324,0.0603574336,-0.041478577,0.0246908701,-0.0362340774,0,0
19.0322297,return_center_after_right,center,0,0,33,0,49.833984,31.640625,-136.801758,43.483887,100.634766,10.17334,222.594875,230.876403,154.692557,-124.126271,-8.10293627,-123.117437,222.684506,230.774171,154.67051,126.38039,-2.75156937,125.296408,16.6691814,15.117187,0.137735457,-0.0896309726,0.102231524,0.0220467749,4.95334117,4.31570138
19.0573392,return_center_after_right,center,0,0,34,0,49.833984,31.640625,-136.801758,43.483887,100.634766,10.17334,222.594875,230.876403,154.692557,-124.126271,-8.10293627,-123.117437,222.684506,230.774171,154.67051,126.38039,-2.75156937,125.296408,16.6691814,15.117187,0.137735457,-0.0896309726,0.102231524,0.0220467749,0,0
19.082432,return_center_after_right,center,0,0,35,0,49.790039,31.640625,-136.801758,43.417969,100.634766,10.17334,222.66254,230.767983,154.698778,-124.123495,-8.11045776,-123.087978,222.684506,230.774171,154.67051,126.38039,-2.75156937,125.296408,16.7427744,15.183105,0.0363299068,-0.0219654576,-0.00618878596,0.0282679983,3.15721101,5.09923331
19.1100655,return_center_after_right,center,0,0,36,0,49.790039,31.618652,-136.779785,43.395996,100.656738,10.151367,222.652977,230.82547,154.656808,-124.0974,-8.15540496,-123.102715,222.684506,230.774171,154.67051,126.38039,-2.75156937,125.296408,16.7745077,15.205078,0.0617525412,-0.0315286642,0.0512987943,-0.0137023129,1.77801587,2.59894324
19.1351526,return_center_after_right,center,0,0,37,0,49.790039,31.618652,-136.779785,43.352051,100.656738,10.17334,222.580027,230.866954,154.660985,-124.071155,-8.16676432,-123.05597,222.684506,230.774171,154.67051,126.38039,-2.75156937,125.296408,16.8104316,15.249023,0.140054175,-0.104478837,0.0927826158,-0.00952526475,1.95846438,3.34930059
19.1603618,return_center_after_right,center,0,0,38,0,49.790039,31.618652,-136.779785,43.352051,100.656738,10.17334,222.580027,230.866954,154.660985,-124.071155,-8.16676432,-123.05597,222.684506,230.774171,154.67051,126.38039,-2.75156937,125.296408,16.8104316,15.249023,0.140054175,-0.104478837,0.0927826158,-0.00952526475,0,0
19.1854894,return_center_after_right,center,0,0,39,0,49.768066,31.618652,-136.779785,43.330078,100.656738,10.151367,222.632069,230.802313,154.66308,-124.082807,-8.18602073,-123.061647,222.684506,230.774171,154.67051,126.38039,-2.75156937,125.296408,16.8411775,15.270996,0.0599731823,-0.0524366925,0.0281418499,-0.00743048797,1.51460059,3.30366204
19.2106831,return_center_after_right,center,0,0,40,0,49.768066,31.618652,-136.757812,43.352051,100.656738,10.17334,222.714477,230.835865,154.68446,-124.059138,-8.12609665,-123.076775,222.684506,230.774171,154.67051,126.38039,-2.75156937,125.296408,16.8197919,15.249023,0.0699927993,0.0299711557,0.061693701,0.0139502344,1.51063026,3.63222282
19.235781,return_center_after_right,center,0,0,41,0,49.768066,31.618652,-136.779785,43.330078,100.656738,10.151367,222.632069,230.802313,154.66308,-124.082807,-8.18602073,-123.061647,222.684506,230.774171,154.67051,126.38039,-2.75156937,125.296408,16.8411775,15.270996,0.0599731823,-0.0524366925,0.0281418499,-0.00743048797,1.51639909,3.64609364
19.2608895,return_center_after_right,center,0,0,42,0,49.768066,31.618652,-136.757812,43.330078,100.656738,10.151367,222.677997,230.8566,154.686552,-124.059005,-8.16847186,-123.070841,222.684506,230.774171,154.67051,126.38039,-2.75156937,125.296408,16.8436285,15.270996,0.08422737,-0.00650860112,0.0824290041,0.0160420463,0.875119328,2.98236239
19.2859883,return_center_after_right,center,0,0,43,0,49.768066,31.618652,-136.757812,43.308105,100.656738,10.151367,222.64151,230.877322,154.688648,-124.050205,-8.18638348,-123.053283,222.684506,230.774171,154.67051,126.38039,-2.75156937,125.296408,16.8635525,15.292969,0.113215244,-0.0429958713,0.103150666,0.0181379887,0.875460158,1.67390893
19.311059,return_center_after_right,center,0,0,44,0,49.768066,31.618652,-136.779785,43.352051,100.656738,10.151367,222.668548,230.781577,154.660985,-124.091604,-8.16811035,-123.079209,222.684506,230.774171,154.67051,126.38039,-2.75156937,125.296408,16.8212557,15.249023,0.0200054711,-0.0159574542,0.00740593396,-0.00952526475,1.95978516,4.11890388
19.3361452,return_center_after_right,center,0,0,45,0,49.768066,31.618652,-136.757812,43.330078,100.656738,10.151367,222.677997,230.8566,154.686552,-124.059005,-8.16847186,-123.070841,222.684506,230.774171,154.67051,126.38039,-2.75156937,125.296408,16.8436285,15.270996,0.08422737,-0.00650860112,0.0824290041,0.0160420463,1.23871127,3.18188272
19.3612287,return_center_after_right,center,0,0,46,0,49.768066,31.618652,-136.779785,43.352051,100.656738,10.151367,222.668548,230.781577,154.660985,-124.091604,-8.16811035,-123.079209,222.684506,230.774171,154.67051,126.38039,-2.75156937,125.296408,16.8212557,15.249023,0.0200054711,-0.0159574542,0.00740593396,-0.00952526475,1.23884078,3.1822154
19.386342,return_center_after_right,center,0,0,47,0,49.768066,31.618652,-136.779785,43.352051,100.656738,10.151367,222.668548,230.781577,154.660985,-124.091604,-8.16811035,-123.079209,222.684506,230.774171,154.67051,126.38039,-2.75156937,125.296408,16.8212557,15.249023,0.0200054711,-0.0159574542,0.00740593396,-0.00952526475,0,0
19.4114344,return_center_after_right,center,0,0,48,0,49.768066,31.618652,-136.779785,43.395996,100.656738,10.151367,222.741483,230.740065,154.656808,-124.109193,-8.13227945,-123.11433,222.684506,230.774171,154.67051,126.38039,-2.75156937,125.296408,16.7814284,15.205078,0.0678035351,0.0569768044,-0.0341058609,-0.0137023129,1.75132965,3.34860047
19.436573,return_center_after_right,center,0,0,49,0,49.768066,31.618652,-136.779785,43.395996,100.656738,10.151367,222.741483,230.740065,154.656808,-124.109193,-8.13227945,-123.11433,222.684506,230.774171,154.67051,126.38039,-2.75156937,125.296408,16.7814284,15.205078,0.0678035351,0.0569768044,-0.0341058609,-0.0137023129,0,0
19.4616725,return_center_after_right,center,0,0,50,0,49.790039,31.618652,-136.779785,43.461914,100.634766,10.17334,222.762712,230.758668,154.626054,-124.141062,-8.07459834,-123.123096,222.684506,230.774171,154.67051,126.38039,-2.75156937,125.296408,16.7071241,15.13916,0.0912848645,0.0782063999,-0.0155038008,-0.0444557945,3.03255052,1.66311457
19.4867697,return_center_after_right,center,0,0,51,0,49.790039,31.618652,-136.779785,43.483887,100.634766,10.17334,222.799155,230.737862,154.623985,-124.149842,-8.05666274,-123.140655,222.684506,230.774171,154.67051,126.38039,-2.75156937,125.296408,16.6872159,15.117187,0.128946851,0.114648654,-0.0363092411,-0.0465254289,0.875518375,1.67406128
19.5118909,return_center_after_right,center,0,0,52,0,49.812012,31.618652,-136.801758,43.527832,100.634766,10.17334,222.737623,230.727324,154.596387,-124.179411,-8.06151941,-123.155017,222.684506,230.774171,154.67051,126.38039,-2.75156937,125.296408,16.6380167,15.073242,0.102519655,0.0531172602,-0.0468472218,-0.074122697,2.14248507,2.71703404
19.5369592,return_center_after_right,center,0,0,53,0,49.833984,31.618652,-136.801758,43.571777,100.612793,10.17334,222.722342,230.766582,154.567754,-124.211155,-8.04619197,-123.157838,222.684506,230.774171,154.67051,126.38039,-2.75156937,125.296408,16.5875658,15.029297,0.109763062,0.0378360602,-0.00758958578,-0.102755829,2.1469924,2.03191266
19.5621288,return_center_after_right,center,0,0,54,0,49.855957,31.618652,-136.82373,43.637695,100.59082,10.195312,222.697554,230.730541,154.513642,-124.266736,-8.00601602,-123.157501,222.684506,230.774171,154.67051,126.38039,-2.75156937,125.296408,16.510825,14.963379,0.163344594,0.0130483177,-0.0436301409,-0.156868125,3.14758109,2.76447846
19.5908806,return_center_after_right,center,0,0,55,0,49.87793,31.640625,-136.845703,43.747559,100.568848,10.239258,222.764159,230.674669,154.547536,-124.307239,-7.88774593,-123.189851,222.684506,230.774171,154.67051,126.38039,-2.75156937,125.296408,16.3885669,14.853515,0.177110467,0.0796528641,-0.099502746,-0.12297456,4.39012551,3.24534356
19.6196313,return_center_after_right,center,0,0,56,0,49.921875,31.640625,-136.845703,43.835449,100.568848,10.217285,222.732687,230.761758,154.539478,-124.327405,-7.88667906,-123.248524,222.684506,230.774171,154.67051,126.38039,-2.75156937,125.296408,16.2989872,14.765625,0.140159853,0.0481808658,-0.0124132468,-0.131031675,3.50220692,3.23302227
19.6447392,return_center_after_right,center,0,0,57,0,49.921875,31.640625,-136.867676,43.901367,100.568848,10.26123,222.795909,230.644365,154.510018,-124.359856,-7.8013918,-123.269017,222.684506,230.774171,154.67051,126.38039,-2.75156937,125.296408,16.22896,14.699707,0.234559035,0.111403128,-0.129806232,-0.160491826,3.27443675,5.43855998
19.6698067,return_center_after_right,center,0,0,58,0,49.96582,31.640625,-136.889648,43.989258,100.546875,10.283203,222.718833,230.672142,154.454115,-124.412183,-7.7662928,-123.274829,222.684506,230.774171,154.67051,126.38039,-2.75156937,125.296408,16.1253848,14.611816,0.241692034,0.0343269813,-0.102029621,-0.216394672,4.20373238,3.95665316
19.694901,return_center_after_right,center,0,0,59,0,49.987793,31.662598,-136.911621,44.077148,100.524902,10.283203,222.748773,230.636473,154.490271,-124.461239,-7.71474584,-123.312809,222.684506,230.774171,154.67051,126.38039,-2.75156937,125.296408,16.0309165,14.523926,0.235748804,0.0642672558,-0.137698681,-0.18023954,3.91581232,2.34940981
19.7200267,return_center_after_right,center,0,0,60,0,50.009766,31.662598,-136.911621,44.143066,100.524902,10.283203,222.76921,230.658668,154.484394,-124.475575,-7.68390199,-123.353967,222.684506,230.774171,154.67051,126.38039,-2.75156937,125.296408,15.96425,14.458008,0.234851105,0.0847041057,-0.115503298,-0.186116212,2.76544185,1.22337367
19.7451184,return_center_after_right,center,0,0,61,0,50.053711,31.662598,-136.933594,44.230957,100.50293,10.305176,222.691959,230.685906,154.42867,-124.52776,-7.64871487,-123.359883,222.684506,230.774171,154.67051,126.38039,-2.75156937,125.296408,15.8606813,14.370117,0.257551322,0.00745264554,-0.0882650208,-0.241839673,4.19969808,3.94831589
19.7702212,return_center_after_right,center,0,0,62,0,50.097656,31.68457,-136.955566,44.406738,100.458984,10.349121,222.778511,230.645852,154.432835,-124.607926,-7.49617924,-123.412779,222.684506,230.774171,154.67051,126.38039,-2.75156937,125.296408,15.6680449,14.194336,0.285993356,0.0940050584,-0.12831963,-0.237674823,7.73047106,3.80284383
19.7996688,return_center_after_right,center,0,0,63,0,50.141602,31.706543,-136.977539,44.560547,100.437012,10.371094,222.828244,230.631008,154.463635,-124.662099,-7.38878553,-123.48041,222.684506,230.774171,154.67051,126.38039,-2.75156937,125.296408,15.5029816,14.040527,0.289747009,0.143737962,-0.143162914,-0.206874618,5.63342261,2.04946655
19.824791,return_center_after_right,center,0,0,64,0,50.185547,31.706543,-136.999512,44.648438,100.415039,10.393066,222.750683,230.657373,154.408212,-124.714016,-7.35339156,-123.486497,222.684506,230.774171,154.67051,126.38039,-2.75156937,125.296408,15.3994145,13.952636,0.294654706,0.0661771272,-0.116798479,-0.26229773,4.19459643,3.93701964
19.8505945,return_center_after_right,center,0,0,65,0,50.229492,31.728516,-137.043457,44.780273,100.393066,10.437012,222.718284,230.608273,154.417693,-124.774151,-7.25719524,-123.516302,222.684506,230.774171,154.67051,126.38039,-2.75156937,125.296408,15.2479946,13.820801,0.304268637,0.033778148,-0.165898157,-0.252816616,6.02123993,2.3091742
19.8757138,return_center_after_right,center,0,0,66,0,50.273438,31.750488,-137.043457,44.912109,100.371094,10.458984,222.776966,230.668459,154.474207,-124.795582,-7.1497048,-123.575241,222.684506,230.774171,154.67051,126.38039,-2.75156937,125.296408,15.1051746,13.688965,0.241368699,0.0924605138,-0.105712233,-0.196302894,5.73599911,4.03237694
19.9008455,return_center_after_right,center,0,0,67,0,50.29541,31.772461,-137.06543,45,100.349121,10.458984,222.806113,230.630916,154.510989,-124.844219,-7.09744397,-123.613201,222.684506,230.774171,154.67051,126.38039,-2.75156937,125.296408,15.0107821,13.601074,0.246489539,0.121606741,-0.143255276,-0.159520593,3.91000672,2.39137218
19.927489,return_center_after_right,center,0,0,68,0,50.383301,31.794434,-137.109375,45.263672,100.305176,10.524902,222.812982,230.617691,154.485777,-124.948843,-6.91093787,-123.693322,222.684506,230.774171,154.67051,126.38039,-2.75156937,125.296408,14.7183339,13.337402,0.274077024,0.128475616,-0.156480061,-0.184732839,11.0027512,1.09922027
19.9525783,return_center_after_right,center,0,0,69,0,50.427246,31.816406,-137.131348,45.395508,100.283203,10.546875,222.825397,230.621662,154.519348,-124.993611,-6.82080457,-123.743504,222.684506,230.774171,154.67051,126.38039,-2.75156937,125.296408,14.5732221,13.205566,0.256825367,0.140890641,-0.152509168,-0.151162331,5.80926297,1.43536364
19.9776821,return_center_after_right,center,0,0,70,0,50.471191,31.838379,-137.15332,45.505371,100.26123,10.568848,222.801655,230.646931,154.554757,-125.029757,-6.74879145,-123.776125,222.684506,230.774171,154.67051,126.38039,-2.75156937,125.296408,14.4480365,13.095703,0.20811681,0.117149121,-0.127239805,-0.11575285,5.02804255,1.97413752
20.0027869,return_center_after_right,center,0,0,71,0,50.515137,31.860352,-137.15332,45.65918,100.239258,10.612793,222.895099,230.68363,154.610455,-125.049943,-6.59758932,-123.840998,222.684506,230.774171,154.67051,126.38039,-2.75156937,125.296408,14.2813809,12.941894,0.236968354,0.210593296,-0.0905417458,-0.0600554472,6.72285235,4.57313655
20.027895,return_center_after_right,center,0,0,72,0,50.625,31.882324,-137.219238,45.922852,100.195312,10.634766,222.766432,230.696965,154.563124,-125.183616,-6.50045913,-123.924389,222.684506,230.774171,154.67051,126.38039,-2.75156937,125.296408,13.9875928,12.678222,0.155577452,0.0819259286,-0.0772059851,-0.107385854,11.8707395,5.48602296
20.0529773,return_center_after_right,center,0,0,73,0,50.668945,31.904297,-137.241211,46.054688,100.151367,10.678711,222.778163,230.69434,154.57293,-125.244661,-6.38194088,-123.94232,222.684506,230.774171,154.67051,126.38039,-2.75156937,125.296408,13.8348535,12.546386,0.157055558,0.0936566722,-0.079831257,-0.0975799491,6.19439681,0.618489144
20.0780525,return_center_after_right,center,0,0,74,0,50.712891,31.904297,-137.285156,46.208496,100.129395,10.700684,222.76172,230.596409,154.490385,-125.344567,-6.30889135,-123.993343,222.684506,230.774171,154.67051,126.38039,-2.75156937,125.296408,13.669341,12.392578,0.264587335,0.0772141071,-0.177762342,-0.180124927,6.73074232,5.1497059
20.1031284,return_center_after_right,center,0,0,75,0,50.756836,31.92627,-137.307129,46.384277,100.085449,10.722656,222.844637,230.548864,154.497424,-125.431338,-6.17778446,-124.057867,222.684506,230.774171,154.67051,126.38039,-2.75156937,125.296408,13.4807574,12.216797,0.326134883,0.160131278,-0.225307168,-0.173085574,7.58850329,3.82199754
20.1282034,return_center_after_right,center,0,0,76,0,50.866699,31.970215,-137.329102,46.669922,100.041504,10.810547,222.858775,230.668904,154.589164,-125.473177,-5.93294409,-124.150284,222.684506,230.774171,154.67051,126.38039,-2.75156937,125.296408,13.1580255,11.931152,0.219244148,0.174268978,-0.105267115,-0.0813458912,12.9677571,6.05153849
20.1532862,return_center_after_right,center,0,0,77,0,50.932617,31.992188,-137.373047,46.801758,100.019531,10.810547,222.73569,230.698832,154.600695,-125.538114,-5.90777049,-124.192389,222.684506,230.774171,154.67051,126.38039,-2.75156937,125.296408,13.007775,11.799316,0.11476032,0.0511840547,-0.0753391885,-0.0698149714,6.25592278,5.07099526
20.1784003,return_center_after_right,center,0,0,78,0,50.976562,31.992188,-137.39502,46.955566,99.997559,10.876465,222.763485,230.653766,154.542652,-125.594756,-5.7667803,-124.229463,222.684506,230.774171,154.67051,126.38039,-2.75156937,125.296408,12.8365833,11.645508,0.192568597,0.0789786431,-0.120405216,-0.127857821,6.99929159,3.12832718
20.207644,return_center_after_right,center,0,0,79,0,51.086426,32.036133,-137.438965,47.263184,99.931641,10.92041,222.766455,230.687681,154.586384,-125.712109,-5.56615834,-124.333121,222.684506,230.774171,154.67051,126.38039,-2.75156937,125.296408,12.495971,11.33789,0.145854276,0.0819487409,-0.086490607,-0.0841263847,11.6885029,1.89513455
20.2327485,return_center_after_right,center,0,0,80,0,51.130371,32.058105,-137.460938,47.438965,99.887695,10.942383,222.847371,230.636296,154.594993,-125.797638,-5.43337168,-124.397641,222.684506,230.774171,154.67051,126.38039,-2.75156937,125.296408,12.3074138,11.162109,0.226356622,0.162864856,-0.137874897,-0.075517361,7.57985509,3.8335185
20.2578459,return_center_after_right,center,0,0,81,0,51.196289,32.080078,-137.504883,47.592773,99.865723,10.986328,222.758961,230.641275,154.606052,-125.851261,-5.3399516,-124.435046,222.684506,230.774171,154.67051,126.38039,-2.75156937,125.296408,12.1294439,11.008301,0.165407839,0.0744549516,-0.13289605,-0.0644581526,7.21950077,3.55566811
20.2829492,return_center_after_right,center,0,0,82,0,51.240234,32.080078,-137.526855,47.724609,99.821777,11.008301,222.750239,230.611231,154.525918,-125.943647,-5.26231177,-124.456512,222.684506,230.774171,154.67051,126.38039,-2.75156937,125.296408,11.982393,10.876465,0.227546006,0.0657326968,-0.162940404,-0.144591916,5.93650012,3.42680379
20.3080297,return_center_after_right,center,0,0,83,0,51.350098,32.124023,-137.570801,48.032227,99.777832,11.074219,222.75065,230.645044,154.596066,-126.023816,-5.03885092,-124.570148,222.684506,230.774171,154.67051,126.38039,-2.75156937,125.296408,11.6416302,10.568847,0.163067105,0.0661441014,-0.129127572,-0.0744439982,13.6287584,3.10493008
20.3331048,return_center_after_right,center,0,0,84,0,51.394043,32.124023,-137.592773,48.208008,99.755859,11.118164,222.812001,230.573169,154.538514,-126.096339,-4.90250468,-124.636754,222.684506,230.774171,154.67051,126.38039,-2.75156937,125.296408,11.4544573,10.393066,0.272176042,0.12749514,-0.201002347,-0.131995619,7.53794757,4.41249268
20.358165,return_center_after_right,center,0,0,85,0,51.481934,32.167969,-137.614746,48.427734,99.711914,11.162109,222.802872,230.666149,154.638002,-126.140574,-4.73523897,-124.710517,222.684506,230.774171,154.67051,126.38039,-2.75156937,125.296408,11.2064856,10.17334,0.163511681,0.118365679,-0.10802239,-0.0325084491,9.95847242,5.44602157
20.3832726,return_center_after_right,center,0,0,86,0,51.525879,32.167969,-137.636719,48.581543,99.689941,11.184082,222.82827,230.615781,154.58216,-126.214157,-4.64177292,-124.770942,222.684506,230.774171,154.67051,126.38039,-2.75156937,125.296408,11.0431778,10.019531,0.231432982,0.143763611,-0.158390111,-0.0883505623,6.54895698,3.16136882
20.4083798,return_center_after_right,center,0,0,87,0,51.61377,32.189941,-137.680664,48.80127,99.624023,11.228027,222.755619,230.623216,154.542651,-126.331142,-4.50714572,-124.80824,222.684506,230.774171,154.67051,126.38039,-2.75156937,125.296408,10.7911016,9.799804,0.210220268,0.0711125576,-0.150955619,-0.127859166,10.1306713,3.30712172
20.4334817,return_center_after_right,center,0,0,88,0,51.679688,32.211914,-137.702637,48.933105,99.602051,11.271973,222.674799,230.702737,154.580069,-126.351417,-4.4127607,-124.836482,222.684506,230.774171,154.67051,126.38039,-2.75156937,125.296408,10.6352651,9.667969,0.115657755,-0.00970707754,-0.0714347393,-0.0904409584,6.31213194,4.75646954
20.4585841,return_center_after_right,center,0,0,89,0,51.745605,32.233887,-137.746582,49.196777,99.558105,11.315918,222.760076,230.581747,154.563671,-126.469173,-4.21989676,-124.941471,222.684506,230.774171,154.67051,126.38039,-2.75156937,125.296408,10.3540418,9.404297,0.232706952,0.0755696675,-0.192424417,-0.106839106,11.2777288,5.93282132
20.4836764,return_center_after_right,center,0,0,90,0,51.789551,32.255859,-137.746582,49.328613,99.536133,11.337891,222.811643,230.631256,154.625072,-126.48675,-4.10716292,-124.99962,222.684506,230.774171,154.67051,126.38039,-2.75156937,125.296408,10.2110932,9.272461,0.196604778,0.127137232,-0.142915759,-0.0454384055,5.74216385,3.75555294
20.5087748,return_center_after_right,center,0,0,91,0,51.877441,32.277832,-137.790527,49.570312,99.492188,11.403809,222.772363,230.616857,154.610486,-126.574444,-3.93174251,-125.064841,222.684506,230.774171,154.67051,126.38039,-2.75156937,125.296408,9.93893023,9.030762,0.189919906,0.0878571892,-0.157314303,-0.0600241201,10.8994093,1.76527977
20.5338602,return_center_after_right,center,0,0,92,0,51.943359,32.299805,-137.8125,49.724121,99.470215,11.425781,222.725457,230.670964,154.64787,-126.611722,-3.84234426,-125.121967,222.684506,230.774171,154.67051,126.38039,-2.75156937,125.296408,9.76708678,8.876953,0.113319142,0.0409510622,-0.103206814,-0.0226404972,6.89695797,3.22017672
20.5589733,return_center_after_right,center,0,0,93,0,52.009277,32.299805,-137.834473,49.943848,99.42627,11.469727,222.765272,230.626453,154.566898,-126.71216,-3.68592979,-125.192159,222.684506,230.774171,154.67051,126.38039,-2.75156937,125.296408,9.52924447,8.657226,0.197685514,0.080766473,-0.147718644,-0.103612458,9.50438611,4.00640456
20.5840476,return_center_after_right,center,0,0,94,0,52.075195,32.321777,-137.856445,50.075684,99.404297,11.491699,222.682859,230.702903,154.605593,-126.741206,-3.61516456,-125.231801,222.684506,230.774171,154.67051,126.38039,-2.75156937,125.296408,9.37738261,8.52539,0.096416322,-0.00164735049,-0.071268293,-0.0649170531,6.13412039,4.74138418
20.609128,return_center_after_right,center,0,0,95,0,52.119141,32.34375,-137.878418,50.251465,99.360352,11.535645,222.758381,230.641361,154.618474,-126.813255,-3.45337913,-125.285323,222.684506,230.774171,154.67051,126.38039,-2.75156937,125.296408,9.18501668,8.349609,0.160635526,0.0738750777,-0.132809873,-0.0520363576,7.7373969,3.91817676
20.6344919,return_center_after_right,center,0,0,96,0,52.229004,32.365723,-137.922363,50.559082,99.294434,11.57959,222.732718,230.63149,154.579301,-126.947283,-3.26356618,-125.38252,222.684506,230.774171,154.67051,126.38039,-2.75156937,125.296408,8.84622512,8.041992,0.176072192,0.0482118598,-0.142681463,-0.0912087358,13.3925939,1.88690935
