t,segment,target,sample,alarm,j0,j1,j2,j3,j4,j5,x,y,z,a,b,c,q_speed_norm_deg_s,tcp_speed_norm_mm_s,joint_target_error_norm_deg,joint_target_error_max_deg,sigma_min,sigma_max,condition,manip_6d,manip_trans
9.77516174e-06,baseline_default,Default,0,0,55.041504,32.958984,-138.647461,58.601074,97.822266,13.161621,222.772992,230.688755,154.67051,126.369178,-2.77556821,125.285215,,,0,0,0.116273115,1.75000812,15.0508406,0.00724618789,14063091.9
0.0251188278,baseline_default,Default,1,0,55.041504,32.958984,-138.647461,58.579102,97.822266,13.183594,222.740385,230.715414,154.669621,126.397161,-2.78055789,125.303331,1.23755396,1.677759,0.0310738075,0.021973,0.116271514,1.75000957,15.0510603,0.00724556266,14063565.8
0.0502707958,baseline_default,Default,2,0,55.041504,32.958984,-138.647461,58.579102,97.822266,13.161621,222.740385,230.715414,154.669621,126.387007,-2.7560881,125.292141,0.873609572,0,0.021972,0.021972,0.116271514,1.75000957,15.0510603,0.00724556266,14063565.8
0.0753440857,baseline_default,Default,3,0,55.041504,32.958984,-138.669434,58.601074,97.822266,13.161621,222.731331,230.629166,154.647319,126.37348,-2.75533734,125.262878,1.23931912,3.57127427,0.021973,0.021973,0.116261921,1.75000145,15.0522323,0.00724259772,14058788.2
0.100456715,baseline_default,Default,4,0,55.041504,32.958984,-138.669434,58.601074,97.822266,13.161621,222.731331,230.629166,154.647319,126.37348,-2.75533734,125.262878,0,0,0.021973,0.021973,0.116261921,1.75000145,15.0522323,0.00724259772,14058788.2
0.125530005,baseline_default,Default,5,0,55.041504,32.980957,-138.647461,58.623047,97.822266,13.161621,222.822132,230.685744,154.762187,126.347043,-2.81528228,125.300616,1.51788427,6.26055149,0.0310745146,0.021973,0.116279146,1.75000689,15.0500493,0.00724760858,14063770.9
0.150630951,baseline_default,Default,6,0,55.041504,32.980957,-138.647461,58.601074,97.822266,13.161621,222.789535,230.712417,154.761294,126.364871,-2.79580186,125.307551,0.875385319,1.67837721,0.021973,0.021973,0.116277544,1.75000834,15.0502692,0.00724698351,14064246.1
0.175730467,baseline_default,Default,7,0,55.041504,32.958984,-138.647461,58.579102,97.822266,13.161621,222.740385,230.715414,154.669621,126.387007,-2.7560881,125.292141,1.23802418,4.14592772,0.021972,0.021972,0.116271514,1.75000957,15.0510603,0.00724556266,14063565.8
0.200829029,baseline_default,Default,8,0,55.041504,32.958984,-138.647461,58.601074,97.822266,13.161621,222.772992,230.688755,154.67051,126.369178,-2.77556821,125.285215,0.875428632,1.67846025,0,0,0.116273115,1.75000812,15.0508406,0.00724618789,14063091.9
0.225946188,baseline_default,Default,9,0,55.041504,32.958984,-138.647461,58.579102,97.822266,13.161621,222.740385,230.715414,154.669621,126.387007,-2.7560881,125.292141,0.874780468,1.67721753,0.021972,0.021972,0.116271514,1.75000957,15.0510603,0.00724556266,14063565.8
0.251058578,baseline_default,Default,10,0,55.041504,32.958984,-138.647461,58.601074,97.822266,13.183594,222.772992,230.688755,154.67051,126.379325,-2.8000362,125.296408,1.23738947,1.677536,0.021973,0.021973,0.116273115,1.75000812,15.0508406,0.00724618789,14063091.9
0.276149511,baseline_default,Default,11,0,55.041504,32.980957,-138.647461,58.623047,97.822266,13.161621,222.822132,230.685744,154.762187,126.347043,-2.81528228,125.300616,1.51681696,4.14731046,0.0310745146,0.021973,0.116279146,1.75000689,15.0500493,0.00724760858,14063770.9
0.301246405,baseline_default,Default,12,0,55.041504,32.980957,-138.647461,58.601074,97.822266,13.161621,222.789535,230.712417,154.761294,126.364871,-2.79580186,125.307551,0.875526693,1.67864827,0.021973,0.021973,0.116277544,1.75000834,15.0502692,0.00724698351,14064246.1
0.326341629,baseline_default,Default,13,0,55.041504,32.958984,-138.647461,58.601074,97.822266,13.161621,222.772992,230.688755,154.67051,126.369178,-2.77556821,125.285215,0.875584919,3.79612075,0,0,0.116273115,1.75000812,15.0508406,0.00724618789,14063091.9
0.351430893,baseline_default,Default,14,0,55.041504,32.980957,-138.647461,58.601074,97.822266,13.161621,222.789535,230.712417,154.761294,126.364871,-2.79580186,125.307551,0.875792932,3.79702259,0.021973,0.021973,0.116277544,1.75000834,15.0502692,0.00724698351,14064246.1
0.376512766,baseline_default,Default,15,0,55.041504,32.958984,-138.647461,58.579102,97.822266,13.161621,222.740385,230.715414,154.669621,126.387007,-2.7560881,125.292141,1.23889502,4.14884403,0.021972,0.021972,0.116271514,1.75000957,15.0510603,0.00724556266,14063565.8
0.401614666,baseline_default,Default,16,0,55.041504,32.980957,-138.647461,58.579102,97.822266,13.161621,222.756928,230.739076,154.760406,126.382697,-2.77631857,125.314483,0.875352061,3.7951614,0.0310738075,0.021973,0.116275943,1.75000979,15.050489,0.00724635823,14064720.1
0.426701784,baseline_default,Default,17,0,55.041504,32.958984,-138.647461,58.601074,97.822266,13.161621,222.772992,230.688755,154.67051,126.369178,-2.77556821,125.285215,1.23863599,4.156196,0,0,0.116273115,1.75000812,15.0508406,0.00724618789,14063091.9
0.455097198,baseline_default,Default,18,0,55.041504,32.958984,-138.647461,58.601074,97.822266,13.183594,222.772992,230.688755,154.67051,126.379325,-2.8000362,125.296408,0.773822129,0,0.021973,0.021973,0.116273115,1.75000812,15.0508406,0.00724618789,14063091.9
0.480209112,baseline_default,Default,19,0,55.041504,32.958984,-138.647461,58.623047,97.822266,13.161621,222.80559,230.662082,154.671404,126.351347,-2.79504545,125.278286,1.23744112,1.6776442,0.021973,0.021973,0.116274715,1.75000666,15.0506209,0.00724681291,14062616.8
0.505307436,baseline_default,Default,20,0,55.041504,32.958984,-138.647461,58.601074,97.822266,13.183594,222.772992,230.688755,154.67051,126.379325,-2.8000362,125.296408,1.23811115,1.67855259,0.021973,0.021973,0.116273115,1.75000812,15.0508406,0.00724618789,14063091.9
0.530401945,baseline_default,Default,21,0,55.041504,32.958984,-138.647461,58.623047,97.822266,13.161621,222.80559,230.662082,154.671404,126.351347,-2.79504545,125.278286,1.23829936,1.67880775,0.021973,0.021973,0.116274715,1.75000666,15.0506209,0.00724681291,14062616.8
0.555495501,baseline_default,Default,22,0,55.041504,32.958984,-138.647461,58.623047,97.822266,13.161621,222.80559,230.662082,154.671404,126.351347,-2.79504545,125.278286,0,0,0.021973,0.021973,0.116274715,1.75000666,15.0506209,0.00724681291,14062616.8
0.580585957,baseline_default,Default,23,0,55.041504,32.958984,-138.647461,58.601074,97.822266,13.183594,222.772992,230.688755,154.67051,126.379325,-2.8000362,125.296408,1.2384994,1.67907895,0.021973,0.021973,0.116273115,1.75000812,15.0508406,0.00724618789,14063091.9
0.605664253,baseline_default,Default,24,0,55.041504,32.958984,-138.647461,58.601074,97.822266,13.161621,222.772992,230.688755,154.67051,126.369178,-2.77556821,125.285215,0.876175934,0,0,0,0.116273115,1.75000812,15.0508406,0.00724618789,14063091.9
0.630740404,baseline_default,Default,25,0,55.041504,32.958984,-138.647461,58.579102,97.822266,13.161621,222.740385,230.715414,154.669621,126.387007,-2.7560881,125.292141,0.87621103,1.67996035,0.021972,0.021972,0.116271514,1.75000957,15.0510603,0.00724556266,14063565.8
0.6558671,baseline_default,Default,26,0,55.041504,32.958984,-138.647461,58.579102,97.822266,13.139648,222.740385,230.715414,154.669621,126.37685,-2.73162237,125.280949,0.874488246,0,0.0310738075,0.021973,0.116271514,1.75000957,15.0510603,0.00724556266,14063565.8
0.680966377,baseline_default,Default,27,0,55.041504,32.958984,-138.647461,58.579102,97.822266,13.183594,222.740385,230.715414,154.669621,126.397161,-2.78055789,125.303331,1.75088705,0,0.0310738075,0.021973,0.116271514,1.75000957,15.0510603,0.00724556266,14063565.8
0.706049442,baseline_default,Default,28,0,55.041504,32.958984,-138.647461,58.579102,97.822266,13.161621,222.740385,230.715414,154.669621,126.387007,-2.7560881,125.292141,0.87600937,0,0.021972,0.021972,0.116271514,1.75000957,15.0510603,0.00724556266,14063565.8
0.732941628,baseline_default,Default,29,0,55.041504,32.958984,-138.647461,58.601074,97.822266,13.161621,222.772992,230.688755,154.67051,126.369178,-2.77556821,125.285215,0.817040334,1.56651231,0,0,0.116273115,1.75000812,15.0508406,0.00724618789,14063091.9
0.758035421,baseline_default,Default,30,0,55.041504,32.958984,-138.647461,58.601074,97.822266,13.161621,222.772992,230.688755,154.67051,126.369178,-2.77556821,125.285215,0,0,0,0,0.116273115,1.75000812,15.0508406,0.00724618789,14063091.9
0.783137321,baseline_default,Default,31,0,55.041504,32.958984,-138.647461,58.623047,97.822266,13.183594,222.80559,230.662082,154.671404,126.361489,-2.81951164,125.289483,1.23793476,1.67831345,0.0310745146,0.021973,0.116274715,1.75000666,15.0506209,0.00724681291,14062616.8
0.80822444,baseline_default,Default,32,0,55.041504,32.958984,-138.647461,58.601074,97.822266,13.161621,222.772992,230.688755,154.67051,126.369178,-2.77556821,125.285215,1.23866418,1.67930235,0,0,0.116273115,1.75000812,15.0508406,0.00724618789,14063091.9
0.833319426,baseline_default,Default,33,0,55.041504,32.958984,-138.647461,58.601074,97.822266,13.161621,222.772992,230.688755,154.67051,126.369178,-2.77556821,125.285215,0,0,0,0,0.116273115,1.75000812,15.0508406,0.00724618789,14063091.9
0.858394146,baseline_default,Default,34,0,55.041504,32.958984,-138.647461,58.601074,97.822266,13.161621,222.772992,230.688755,154.67051,126.369178,-2.77556821,125.285215,0,0,0,0,0.116273115,1.75000812,15.0508406,0.00724618789,14063091.9
0.883470774,baseline_default,Default,35,0,55.041504,32.958984,-138.647461,58.579102,97.822266,13.161621,222.740385,230.715414,154.669621,126.387007,-2.7560881,125.292141,0.876194369,1.6799284,0.021972,0.021972,0.116271514,1.75000957,15.0510603,0.00724556266,14063565.8
0.908565283,baseline_default,Default,36,0,55.041504,32.958984,-138.647461,58.579102,97.822266,13.161621,222.740385,230.715414,154.669621,126.387007,-2.7560881,125.292141,0,0,0.021972,0.021972,0.116271514,1.75000957,15.0510603,0.00724556266,14063565.8
0.933649063,baseline_default,Default,37,0,55.041504,32.958984,-138.647461,58.579102,97.822266,13.161621,222.740385,230.715414,154.669621,126.387007,-2.7560881,125.292141,0,0,0.021972,0.021972,0.116271514,1.75000957,15.0510603,0.00724556266,14063565.8
0.958743334,baseline_default,Default,38,0,55.041504,32.958984,-138.647461,58.601074,97.822266,13.183594,222.772992,230.688755,154.67051,126.379325,-2.8000362,125.296408,1.23828295,1.6787473,0.021973,0.021973,0.116273115,1.75000812,15.0508406,0.00724618789,14063091.9
0.983854771,baseline_default,Default,39,0,55.041504,32.958984,-138.647461,58.579102,97.822266,13.183594,222.740385,230.715414,154.669621,126.397161,-2.78055789,125.303331,0.874979801,1.67759971,0.0310738075,0.021973,0.116271514,1.75000957,15.0510603,0.00724556266,14063565.8
1.00895119,baseline_default,Default,40,0,55.041504,32.958984,-138.647461,58.601074,97.822266,13.161621,222.772992,230.688755,154.67051,126.369178,-2.77556821,125.285215,1.23817707,1.67860376,0,0,0.116273115,1.75000812,15.0508406,0.00724618789,14063091.9
1.03404117,baseline_default,Default,41,0,55.041504,32.958984,-138.647461,58.601074,97.822266,13.161621,222.772992,230.688755,154.67051,126.369178,-2.77556821,125.285215,0,0,0,0,0.116273115,1.75000812,15.0508406,0.00724618789,14063091.9
1.06278062,baseline_default,Default,42,0,55.041504,32.958984,-138.647461,58.601074,97.822266,13.161621,222.772992,230.688755,154.67051,126.369178,-2.77556821,125.285215,0,0,0,0,0.116273115,1.75000812,15.0508406,0.00724618789,14063091.9
1.08787918,baseline_default,Default,43,0,55.041504,32.958984,-138.647461,58.601074,97.822266,13.161621,222.772992,230.688755,154.67051,126.369178,-2.77556821,125.285215,0,0,0,0,0.116273115,1.75000812,15.0508406,0.00724618789,14063091.9
1.1129787,baseline_default,Default,44,0,55.041504,32.958984,-138.647461,58.623047,97.822266,13.161621,222.80559,230.662082,154.671404,126.351347,-2.79504545,125.278286,0.875435211,1.67847287,0.021973,0.021973,0.116274715,1.75000666,15.0506209,0.00724681291,14062616.8
1.1183579,cycle1_default_to_reload,Reload,0,0,55.041504,32.958984,-138.647461,58.623047,97.822266,13.161621,222.80559,230.662082,154.671404,126.351347,-2.79504545,125.278286,0,0,194.642586,168.422266,0.116274715,1.75000666,15.0506209,0.00724681291,14062616.8
1.14362359,cycle1_default_to_reload,Reload,1,0,55.041504,32.958984,-138.647461,58.623047,97.822266,13.161621,222.80559,230.662082,154.671404,126.351347,-2.79504545,125.278286,0,0,194.642586,168.422266,0.116274715,1.75000666,15.0506209,0.00724681291,14062616.8
1.1687336,cycle1_default_to_reload,Reload,2,0,55.041504,32.958984,-138.647461,58.601074,97.822266,13.161621,222.772992,230.688755,154.67051,126.369178,-2.77556821,125.285215,0.875069473,1.67777164,194.635962,168.422266,0.116273115,1.75000812,15.0508406,0.00724618789,14063091.9
1.19383478,cycle1_default_to_reload,Reload,3,0,55.041504,32.958984,-138.647461,58.601074,97.822266,13.161621,222.772992,230.688755,154.67051,126.369178,-2.77556821,125.285215,0,0,194.635962,168.422266,0.116273115,1.75000812,15.0508406,0.00724618789,14063091.9
1.22177243,cycle1_default_to_reload,Reload,4,0,55.041504,32.958984,-138.647461,58.579102,97.822266,13.161621,222.740385,230.715414,154.669621,126.387007,-2.7560881,125.292141,0.786465557,1.50789126,194.62934,168.422266,0.116271514,1.75000957,15.0510603,0.00724556266,14063565.8
1.24687195,cycle1_default_to_reload,Reload,5,0,55.041504,32.958984,-138.647461,58.579102,97.822266,13.161621,222.740385,230.715414,154.669621,126.387007,-2.7560881,125.292141,0,0,194.62934,168.422266,0.116271514,1.75000957,15.0510603,0.00724556266,14063565.8
1.27291727,cycle1_default_to_reload,Reload,6,0,55.041504,32.958984,-138.647461,58.579102,97.800293,13.161621,222.739903,230.709678,154.645367,126.408036,-2.76209368,125.266215,0.843644768,0.957084624,194.610326,168.400293,0.116299619,1.75001138,15.0474387,0.00724667347,14064574
1.29801726,cycle1_default_to_reload,Reload,7,0,55.041504,32.958984,-138.625488,58.601074,97.77832,13.161621,222.813683,230.736877,154.645218,126.406938,-2.80781526,125.255707,1.51624646,3.13282783,194.593573,168.37832,0.116340447,1.7500184,15.0422182,0.00725199929,14069411.9
1.32312965,cycle1_default_to_reload,Reload,8,0,55.041504,32.958984,-138.647461,58.579102,97.756348,13.161621,222.738909,230.698207,154.596861,126.450078,-2.77410364,125.214353,1.51547491,3.8658981,194.5723,168.356348,0.1163558,1.75001499,15.0402042,0.00724889184,14066588.9
1.35199857,cycle1_default_to_reload,Reload,9,0,55.019531,32.980957,-138.647461,58.557129,97.712402,13.161621,222.810301,230.651663,154.638244,126.49443,-2.81083814,125.180559,2.01376104,3.28175338,194.516899,168.312402,0.116414752,1.75002026,15.0326332,0.007251276,14070231.2
1.37709928,cycle1_default_to_reload,Reload,10,0,55.019531,32.980957,-138.625488,58.557129,97.69043,13.161621,222.851479,230.705543,154.637227,126.511155,-2.83704711,125.17697,1.23796538,2.70196837,194.493522,168.29043,0.116453887,1.75002872,15.0276541,0.00725597452,14075545.1
1.40219998,cycle1_default_to_reload,Reload,11,0,54.997559,33.00293,-138.603516,58.557129,97.624512,13.161621,222.996621,230.686195,154.678551,126.554389,-2.91946477,125.132671,3.032395,6.06141295,194.421369,168.224512,0.11655335,1.75004095,15.0149349,0.00726367476,14084028.7
1.42729449,cycle1_default_to_reload,Reload,12,0,54.997559,33.00293,-138.581543,58.535156,97.580566,13.161621,223.004642,230.761077,154.652463,126.609947,-2.93210834,125.110029,2.14479741,3.1760288,194.372357,168.180566,0.116618651,1.75005264,15.0066273,0.00726884837,14090822.5
1.45238733,cycle1_default_to_reload,Reload,13,0,54.975586,33.024902,-138.581543,58.513184,97.536621,13.161621,223.075959,230.7145,154.693931,126.65424,-2.96875087,125.076224,2.31673981,3.77544671,194.316954,168.136621,0.116677311,1.75005785,14.9991274,0.00727121703,14094462.4
1.47747445,cycle1_default_to_reload,Reload,14,0,54.953613,33.046875,-138.581543,58.513184,97.492676,13.161621,223.179831,230.641219,154.736279,126.680703,-3.02493356,125.035516,2.14539675,5.34091604,194.268177,168.092676,0.116737525,1.75006159,14.9914228,0.00727420545,14097629.8
1.50256538,cycle1_default_to_reload,Reload,15,0,54.931641,33.068848,-138.55957,58.447266,97.382812,13.161621,223.225797,230.690578,154.726649,126.819276,-3.06044903,124.959928,5.32682712,2.71542676,194.138125,167.982812,0.11688726,1.75008164,14.97239,0.00728219236,14109530.4
1.52765679,cycle1_default_to_reload,Reload,16,0,54.909668,33.09082,-138.55957,58.447266,97.338867,13.139648,223.329559,230.617276,154.769022,126.835598,-3.09200893,124.908104,2.31688695,5.33741132,194.088579,167.938867,0.116947262,1.75008533,14.9647397,0.007285165,14112694.6
1.5527482,cycle1_default_to_reload,Reload,17,0,54.887695,33.112793,-138.515625,58.40332,97.250977,13.139648,223.450494,230.705222,154.808156,126.931043,-3.1610818,124.873972,4.46522519,6.16018595,193.979801,167.850977,0.117080839,1.75010871,14.9478662,0.0072962619,14127433.3
1.57784677,cycle1_default_to_reload,Reload,18,0,54.887695,33.134766,-138.493652,58.381348,97.163086,13.139648,223.473615,230.792652,154.824751,127.024234,-3.20545612,124.821601,3.81603291,3.66335322,193.887355,167.763086,0.117204994,1.75012394,14.9321618,0.0073043684,14137387.8
1.60293984,cycle1_default_to_reload,Reload,19,0,54.84375,33.156738,-138.47168,58.337402,97.119141,13.139648,223.642457,230.746508,154.889153,127.070598,-3.26639891,124.806003,3.27635502,7.43260556,193.815624,167.719141,0.117271841,1.75013713,14.9237628,0.00730967612,14145797
1.62803936,cycle1_default_to_reload,Reload,20,0,54.821777,33.178711,-138.47168,58.293457,97.009277,13.117676,223.67861,230.709784,154.857132,127.185313,-3.27616037,124.689856,4.95215305,2.41726166,193.695791,167.609277,0.117411058,1.75014886,14.9061671,0.00731460316,14152887.7
1.65315557,cycle1_default_to_reload,Reload,21,0,54.799805,33.200684,-138.449707,58.293457,96.921387,13.117676,223.822612,230.684884,154.874732,127.249319,-3.36408442,124.619472,3.81331578,5.86055262,193.604622,167.521387,0.117535978,1.75016247,14.8904404,0.00732329437,14162375.7
1.67826152,cycle1_default_to_reload,Reload,22,0,54.755859,33.244629,-138.405762,58.227539,96.811523,13.117676,224.014996,230.731725,154.980587,127.367694,-3.46289575,124.577485,5.9358976,8.94304963,193.459457,167.411523,0.117697448,1.75018893,14.8702369,0.00733556164,14179724
1.70337009,cycle1_default_to_reload,Reload,23,0,54.733887,33.266602,-138.405762,58.205566,96.723633,13.139648,224.08411,230.67397,154.97376,127.463634,-3.53559046,124.50245,3.91356356,3.59745435,193.366799,167.323633,0.117809815,1.75019731,14.8561247,0.00733997983,14185337.2
1.72845745,cycle1_default_to_reload,Reload,24,0,54.689941,33.310547,-138.361816,58.161621,96.569824,13.117676,224.307185,230.683103,155.032217,127.595927,-3.64083273,124.390363,7.11542313,9.19936268,193.18946,167.169824,0.118026468,1.75022549,14.8290933,0.00735494615,14204220.5
1.75357389,cycle1_default_to_reload,Reload,25,0,54.667969,33.33252,-138.339844,58.139648,96.481934,13.095703,224.418177,230.684959,155.049411,127.667498,-3.68386177,124.315772,4.00895744,4.47243626,193.090901,167.081934,0.118147998,1.75024036,14.8139655,0.00736293884,14214159.6
1.77868772,cycle1_default_to_reload,Reload,26,0,54.624023,33.376465,-138.317871,58.095703,96.350098,13.095703,224.599626,230.640015,155.108581,127.792952,-3.78758632,124.218249,6.12446486,7.80738315,192.937709,166.950098,0.118325991,1.75026009,14.7918481,0.00737316643,14227698.6
1.80379772,cycle1_default_to_reload,Reload,27,0,54.602051,33.398438,-138.295898,58.07373,96.240234,13.117676,224.709405,230.636514,155.101642,127.905311,-3.88588327,124.139325,4.79290927,4.38288051,192.821676,166.840234,0.118473831,1.75027648,14.7735282,0.00738216259,14238628.3
1.82889771,cycle1_default_to_reload,Reload,28,0,54.558105,33.442383,-138.251953,58.007812,96.064453,13.117676,224.898069,230.667127,155.135859,128.085854,-4.00098267,124.018651,8.07082655,7.73584594,192.619472,166.664453,0.118712363,1.75030738,14.7441035,0.00739739489,14258936.4
1.85399175,cycle1_default_to_reload,Reload,29,0,54.51416,33.486328,-138.208008,57.941895,95.976562,13.095703,225.090862,230.71913,155.267715,128.172824,-4.06761022,123.991884,5.39762091,9.53573254,192.492549,166.576562,0.118841727,1.75033169,14.7282587,0.00740846031,14275259.2
1.87909079,cycle1_default_to_reload,Reload,30,0,54.470215,33.530273,-138.164062,57.875977,95.800781,13.095703,225.279129,230.749803,155.302619,128.353119,-4.18199093,123.871115,8.07113321,7.72603772,192.290346,166.400781,0.119077838,1.75036236,14.6993125,0.00742360574,14295549.5
1.90422797,cycle1_default_to_reload,Reload,31,0,54.448242,33.574219,-138.164062,57.854004,95.668945,13.07373,225.361204,230.705068,155.338991,128.466138,-4.23559841,123.743944,5.731937,3.99018987,192.152712,166.268945,0.119244645,1.75037353,14.6788439,0.00743063628,14304253.5
1.92932987,cycle1_default_to_reload,Reload,32,0,54.382324,33.618164,-138.098145,57.810059,95.493164,13.051758,225.712572,230.682206,155.39961,128.602925,-4.3885892,123.617222,8.35016777,14.23359,191.946658,166.093164,0.119488876,1.75040899,14.6491376,0.0074499402,14328448.3
1.9544313,cycle1_default_to_reload,Reload,33,0,54.360352,33.662109,-138.076172,57.744141,95.361328,13.051758,225.771412,230.750589,155.459405,128.756883,-4.44638172,123.536953,6.25128244,4.31171992,191.792184,165.961328,0.119659461,1.7504296,14.6284262,0.00745927184,14342366.1
1.97952008,cycle1_default_to_reload,Reload,34,0,54.294434,33.706055,-138.032227,57.678223,95.163574,13.051758,226.045658,230.68977,155.471074,128.945826,-4.58945512,123.378762,9.05930984,11.2062437,191.565622,165.763574,0.119917005,1.75046133,14.5972737,0.00747519341,14363600.5
2.00461483,cycle1_default_to_reload,Reload,35,0,54.250488,33.75,-137.988281,57.634277,95.031738,13.029785,226.267914,230.704334,155.556798,129.056344,-4.68586608,123.292774,6.37439892,9.51034046,191.4073,165.631738,0.120095596,1.75048679,14.5757784,0.00748871146,14381436.6
2.02971745,cycle1_default_to_reload,Reload,36,0,54.18457,33.815918,-137.944336,57.546387,94.812012,13.029785,226.524044,230.68829,155.636002,129.279192,-4.83333017,123.137532,10.2825755,10.6991449,191.149693,165.412012,0.120378063,1.75052134,14.5418634,0.00750561776,14405211.9
2.05481005,cycle1_default_to_reload,Reload,37,0,54.140625,33.859863,-137.900391,57.502441,94.658203,13.051758,226.744396,230.697746,155.698095,129.429892,-4.98512215,123.04643,7.11393086,9.13131674,190.973895,165.258203,0.120580146,1.75054811,14.5177144,0.00752001248,14424016.9
2.07991576,cycle1_default_to_reload,Reload,38,0,54.09668,33.925781,-137.856445,57.414551,94.416504,13.029785,226.909533,230.763805,155.753823,129.674931,-5.08753368,122.864439,10.896207,7.42403278,190.701849,165.016504,0.120884641,1.75058386,14.4814415,0.00753770286,14448730.5
2.10501599,cycle1_default_to_reload,Reload,39,0,54.052734,33.969727,-137.8125,57.348633,94.284668,13.007812,227.098274,230.805088,155.840415,129.802579,-5.16205612,122.785158,6.66683701,8.43500723,190.536903,164.884668,0.121056109,1.75061051,14.4611497,0.00755039565,14466948.8
2.13011837,cycle1_default_to_reload,Reload,40,0,53.964844,34.035645,-137.768555,57.260742,94.042969,12.98584,227.439347,230.697123,155.897052,130.023652,-5.31206337,122.581839,11.3116356,14.4292696,190.254172,164.642969,0.121356395,1.75064597,14.425659,0.00756789241,14491610.5
2.15846014,cycle1_default_to_reload,Reload,41,0,53.876953,34.123535,-137.680664,57.150879,93.713379,13.007812,227.843101,230.738186,155.999552,130.35206,-5.57243843,122.368409,13.4057537,14.7690403,189.876168,164.313379,0.121770637,1.75070168,14.3770429,0.00759644501,14530506.5
2.18354654,cycle1_default_to_reload,Reload,42,0,53.85498,34.16748,-137.680664,57.128906,93.625488,12.98584,227.92492,230.704086,156.086071,130.422722,-5.61205136,122.293603,4.20057618,4.93753542,189.776561,164.225488,0.121876781,1.75070893,14.3645813,0.00760100528,14537115.3
2.20865083,cycle1_default_to_reload,Reload,43,0,53.745117,34.255371,-137.592773,57.019043,93.295898,12.98584,228.415747,230.657804,156.190193,130.728807,-5.8699802,122.058903,15.3357164,20.071479,189.392446,163.895898,0.122283989,1.75076426,14.3171994,0.00762926431,14575953.5
2.23376679,cycle1_default_to_reload,Reload,44,0,53.745117,34.277344,-137.548828,56.99707,93.208008,12.963867,228.478935,230.807267,156.236423,130.807321,-5.90399397,122.017375,4.19560679,6.71796051,189.294869,163.808008,0.122397519,1.75078455,14.3040853,0.00764036436,14590220.9
2.25942588,cycle1_default_to_reload,Reload,45,0,53.635254,34.387207,-137.48291,56.865234,92.834473,12.963867,228.904753,230.741883,156.35961,131.171369,-6.15024327,121.735692,16.7805721,17.4626553,188.865055,163.434473,0.122842023,1.75083734,14.2527557,0.00766652418,14628060.1
2.28451777,cycle1_default_to_reload,Reload,46,0,53.591309,34.40918,-137.460938,56.843262,92.746582,12.941895,229.100927,230.656605,156.380339,131.229783,-6.21346642,121.65054,4.28996995,8.56491627,188.761154,163.346582,0.122947477,1.75085099,14.2406418,0.00767384879,14637891.6
2.30968356,cycle1_default_to_reload,Reload,47,0,53.503418,34.519043,-137.351074,56.711426,92.373047,12.941895,229.523966,230.797858,156.557991,131.597086,-6.4717855,121.424691,17.2647516,19.0765859,188.327963,162.973047,0.123393803,1.75091658,14.1896638,0.00770702176,14684507.2
2.33824921,cycle1_default_to_reload,Reload,48,0,53.415527,34.606934,-137.285156,56.57959,92.087402,12.919922,229.850486,230.815981,156.68914,131.883633,-6.62327674,121.226388,12.0889281,12.3344069,187.984188,162.687402,0.123723731,1.75096353,14.1522044,0.00772837256,14717179.8
2.36337066,cycle1_default_to_reload,Reload,49,0,53.349609,34.672852,-137.263184,56.491699,91.867676,12.919922,230.055415,230.740944,156.748859,132.106652,-6.74324864,121.046289,10.162582,9.00657852,187.730943,162.467676,0.123969845,1.75098996,14.1243216,0.00774014672,14736131.1
2.38843727,cycle1_default_to_reload,Reload,50,0,53.261719,34.760742,-137.175293,56.403809,91.560059,12.897949,230.487425,230.760473,156.884976,132.374361,-6.95940579,120.830738,14.1614105,18.086474,187.377039,162.160059,0.124323732,1.75104132,14.0845299,0.00776695921,14773383
2.41352391,cycle1_default_to_reload,Reload,51,0,53.195801,34.82666,-137.131348,56.359863,91.362305,12.875977,230.803213,230.695578,156.997894,132.528322,-7.10851036,120.677164,9.10232053,13.6164605,187.150927,161.962305,0.12454827,1.75106952,14.0593644,0.00778263059,14795053.7
2.43861341,cycle1_default_to_reload,Reload,52,0,53.129883,34.914551,-137.043457,56.228027,91.032715,12.875977,231.077168,230.85288,157.111045,132.872098,-7.28643229,120.467671,15.2192891,13.3743819,186.770872,161.632715,0.124912766,1.75112543,14.0187868,0.00780862483,14833895.3
2.4637146,cycle1_default_to_reload,Reload,53,0,53.063965,34.958496,-136.999512,56.162109,90.812988,12.875977,231.339624,230.788169,157.107121,133.076498,-7.42506677,120.280286,9.82594054,10.7701721,186.525294,161.412988,0.12515052,1.75115658,13.9924035,0.00782348871,14855650.3
2.4888134,cycle1_default_to_reload,Reload,54,0,52.954102,35.068359,-136.933594,56.030273,90.483398,12.854004,231.760934,230.731375,157.288395,133.385362,-7.62428519,120.040393,15.6849136,18.4134665,186.132741,161.083398,0.125504715,1.75120576,13.9533065,0.00784605043,14891050.9
2.51391101,cycle1_default_to_reload,Reload,55,0,52.910156,35.134277,-136.867676,55.964355,90.263672,12.854004,231.99503,230.837062,157.40682,133.593939,-7.77464894,119.909103,10.0204049,11.2693556,185.882741,160.863672,0.125740927,1.75124346,13.9273942,0.00786507729,14918379.9
2.53899622,cycle1_default_to_reload,Reload,56,0,52.800293,35.222168,-136.801758,55.83252,89.912109,12.832031,232.394521,230.753857,157.472325,133.92588,-7.95744684,119.618479,16.2222853,16.4753678,185.476579,160.512109,0.126105545,1.75129392,13.887525,0.00788723255,14953427.2
2.56409907,cycle1_default_to_reload,Reload,57,0,52.734375,35.288086,-136.73584,55.744629,89.67041,12.832031,232.680054,230.793303,157.567772,134.158987,-8.11453894,119.456408,11.2093728,12.0957254,185.195598,160.27041,0.126354804,1.75133465,13.8604516,0.00790605626,14981942.2
2.58919501,cycle1_default_to_reload,Reload,58,0,52.646484,35.397949,-136.625977,55.612793,89.318848,12.832031,233.095677,230.939682,157.785814,134.500509,-8.35252782,119.254901,16.566094,19.5904955,184.781428,159.918848,0.12671266,1.75139854,13.8218118,0.0079359029,15027023.1
2.61429834,cycle1_default_to_reload,Reload,59,0,52.558594,35.463867,-136.604004,55.524902,89.077148,12.810059,233.378072,230.771513,157.826582,134.718395,-8.46875762,119.026319,11.2091848,13.1932297,184.50305,159.677148,0.126951814,1.75142595,13.7959899,0.00794688497,15046410.4
2.63939762,cycle1_default_to_reload,Reload,60,0,52.44873,35.57373,-136.516113,55.415039,88.703613,12.788086,233.86434,230.738743,157.994902,-134.986329,8.70689551,-118.697372,17.0877085,20.543144,184.07473,159.303613,0.127320073,1.75148272,13.7565325,0.00797378189,15087446.8
2.6645062,cycle1_default_to_reload,Reload,61,0,52.382812,35.639648,-136.450195,55.327148,88.439941,12.788086,234.143552,230.774474,158.069868,-135.130667,8.85797881,-118.41327,11.9668992,11.601622,183.774734,159.039941,0.127573525,1.75152489,13.7295327,0.00799256352,15116692
2.68961143,cycle1_default_to_reload,Reload,62,0,52.272949,35.749512,-136.362305,55.17334,88.044434,12.766113,234.558113,230.791282,158.216406,-135.355537,9.04692119,-117.986716,18.3587757,17.5269992,183.314155,158.644434,0.127945735,1.75158671,13.690075,0.00801823763,15159065.1
2.71469665,cycle1_default_to_reload,Reload,63,0,52.207031,35.837402,-136.296387,55.085449,87.780762,12.744141,234.852402,230.848902,158.387938,-135.485765,9.18703526,-117.717377,12.2315675,13.7718456,183.007984,158.380762,0.128190998,1.75162911,13.6642131,0.00803726467,15189346.5
2.73979831,cycle1_default_to_reload,Reload,64,0,52.141113,35.90332,-136.230469,55.019531,87.51709,12.744141,235.162023,230.858285,158.466102,-135.633625,9.35803384,-117.447187,11.7440137,12.7271622,182.714612,158.11709,0.12843231,1.75166971,13.6388555,0.0080560857,15218154.4
2.76488686,cycle1_default_to_reload,Reload,65,0,52.009277,36.013184,-136.142578,54.887695,87.121582,12.744141,235.694129,230.758194,158.617285,-135.85662,9.61695332,-117.034325,18.3083058,22.4065823,182.256082,157.721582,0.128785965,1.75173016,13.6018716,0.00808147944,15259988.8
2.7899878,cycle1_default_to_reload,Reload,66,0,51.943359,36.101074,-136.07666,54.755859,86.835938,12.722168,235.916267,230.865479,158.7676,-135.993279,9.70961504,-116.712256,13.561177,11.5086147,181.917648,157.435938,0.129033663,1.75177788,13.5761307,0.00809917556,15291516.4
2.81545901,cycle1_default_to_reload,Reload,67,0,51.789551,36.254883,-135.944824,54.580078,86.264648,12.700195,236.561109,230.861962,158.97696,-136.311581,10.0226233,-116.118429,25.5174631,26.6177057,181.268109,156.864648,0.129520689,1.75186615,13.525763,0.0081358449,15352195.9
2.84055638,cycle1_default_to_reload,Reload,68,0,51.70166,36.342773,-135.900879,54.492188,85.979004,12.65625,236.888526,230.766674,159.100436,-136.504615,10.1444558,-115.83693,13.1324145,14.4504409,180.941174,156.579004,0.129761296,1.75190363,13.500972,0.00815040249,15378426.6
2.8656559,cycle1_default_to_reload,Reload,69,0,51.61377,36.408691,-135.834961,54.382324,85.693359,12.65625,237.211649,230.73523,159.159815,-136.664295,10.2914693,-115.522889,13.2185945,13.1490868,180.610196,156.293359,0.129991816,1.75194992,13.4773864,0.00816723997,15408269.6
2.89074683,cycle1_default_to_reload,Reload,70,0,51.547852,36.496582,-135.74707,54.272461,85.385742,12.65625,237.504447,230.871708,159.321593,-136.788705,10.4476036,-115.186878,14.17478,14.3991348,180.255781,155.985742,0.130233507,1.75200473,13.4527954,0.00818878594,15444677.5
2.91582489,cycle1_default_to_reload,Reload,71,0,51.37207,36.672363,-135.615234,54.052734,84.79248,12.634277,238.175529,230.847764,159.61214,-137.089279,10.746417,-114.555394,27.623721,29.1757048,179.563231,155.39248,0.130691247,1.75209981,13.4064052,0.00822307958,15507167.1
2.94092369,cycle1_default_to_reload,Reload,72,0,51.28418,36.760254,-135.549316,53.964844,84.484863,12.634277,238.540203,230.807726,159.74696,-137.249938,10.9334408,-114.23607,13.9248133,15.5726124,179.214458,155.084863,0.130923351,1.75214631,13.3829931,0.00824073916,15538518.3
2.96601939,cycle1_default_to_reload,Reload,73,0,51.196289,36.848145,-135.461426,53.85498,84.155273,12.612305,238.913169,230.849774,159.889892,-137.413708,11.0892789,-113.893856,15.1397674,16.0036837,178.834918,154.755273,0.13116104,1.75220323,13.3591746,0.00826171627,15575486.7
2.99113035,cycle1_default_to_reload,Reload,74,0,51.086426,36.97998,-135.373535,53.679199,83.693848,12.590332,239.278642,230.90455,160.080519,-137.653026,11.254264,-113.385175,21.1277244,16.5594533,178.305264,154.293848,0.131491826,1.75227407,13.3261064,0.00828410864,15620298.9
3.01623011,cycle1_default_to_reload,Reload,75,0,50.998535,37.067871,-135.285645,53.591309,83.342285,12.590332,239.676881,230.917584,160.202615,-137.830597,11.4608676,-113.021998,15.6598807,16.603328,177.914107,153.942285,0.131733299,1.75233085,13.3021101,0.00830541093,15657711.2
3.04135895,cycle1_default_to_reload,Reload,76,0,50.910645,37.155762,-135.219727,53.481445,83.012695,12.568359,239.998631,230.901003,160.318675,-138.014097,11.5949955,-112.673361,14.9417645,13.6275387,177.538927,153.612695,0.131957053,1.75238151,13.2799382,0.0083215613,15689704.8
3.06639194,cycle1_default_to_reload,Reload,77,0,50.756836,37.287598,-135.109863,53.305664,82.529297,12.546387,240.577508,230.827331,160.523238,-138.261417,11.8262465,-112.163989,22.5326492,24.7018687,176.97521,153.129297,0.132270561,1.75246197,13.2490704,0.00834662256,15739508.2
3.09395385,cycle1_default_to_reload,Reload,78,0,50.581055,37.485352,-134.978027,53.063965,81.826172,12.502441,241.186482,230.835431,160.810894,-138.633926,12.0830269,-111.410101,29.073623,24.4374934,176.174795,152.426172,0.132716151,1.75256958,13.2053979,0.00837763182,15805782.7
3.11905217,cycle1_default_to_reload,Reload,79,0,50.471191,37.573242,-134.890137,52.954102,81.474609,12.502441,241.633485,230.781799,160.941144,-138.804296,12.2821791,-111.042554,16.0952044,18.6734354,175.771668,152.074609,0.132922454,1.7526299,13.1853562,0.00839645276,15842800
3.14467788,cycle1_default_to_reload,Reload,80,0,50.339355,37.727051,-134.758301,52.77832,80.969238,12.480469,242.175118,230.875531,161.260526,-139.006889,12.5083883,-110.51244,22.9276707,24.808429,175.184515,151.569238,0.133205184,1.75272123,13.1580557,0.00842400779,15898533
3.16978192,cycle1_default_to_reload,Reload,81,0,50.251465,37.814941,-134.692383,52.668457,80.617676,12.458496,242.482303,230.855947,161.361707,-139.202945,12.6346613,-110.138311,15.7303812,12.9067467,174.790328,151.217676,0.133404775,1.75277493,13.138772,0.00843816217,15930557.2
3.19490004,cycle1_default_to_reload,Reload,82,0,50.141602,37.902832,-134.626465,52.558594,80.244141,12.458496,242.870501,230.741218,161.440063,-139.414965,12.8167737,-109.73871,16.6896043,16.414874,174.372557,150.844141,0.13361258,1.75283008,13.1187503,0.00845217006,15963239.6
3.21999311,cycle1_default_to_reload,Reload,83,0,50.009766,38.056641,-134.494629,52.382812,79.716797,12.436523,243.399627,230.831915,161.743875,-139.632052,13.0368792,-109.183737,24.171662,24.5824196,173.766395,150.316797,0.13387775,1.75292425,13.0934695,0.00847807563,16019151.8
3.24510121,cycle1_default_to_reload,Reload,84,0,49.899902,38.166504,-134.428711,52.250977,79.387207,12.414551,243.780363,230.766323,161.971332,-139.776768,13.1691274,-108.838655,15.6791005,17.8559324,173.373828,149.987207,0.134043198,1.75298028,13.0777265,0.00849065753,16051177.5
3.27021599,cycle1_default_to_reload,Reload,85,0,49.790039,38.254395,-134.34082,52.141113,79.013672,12.414551,244.212277,230.708758,162.088788,-139.95824,13.3594003,-108.445763,16.8515698,17.9689837,172.951696,149.613672,0.134219788,1.75304391,13.0609944,0.00850712152,16088155.2
3.29532099,cycle1_default_to_reload,Reload,86,0,49.614258,38.452148,-134.187012,51.855469,78.33252,12.370605,244.782929,230.824676,162.464367,-140.240395,13.536081,-107.702578,31.8948767,27.6009551,172.152671,148.93252,0.134525596,1.75316766,13.0322237,0.00853323991,16155964.5
3.32042384,cycle1_default_to_reload,Reload,87,0,49.504395,38.562012,-134.099121,51.767578,77.980957,12.370605,245.267437,230.76171,162.708264,-140.377121,13.7573124,-107.354044,16.0923173,21.753503,171.750762,148.580957,0.134672503,1.75322944,13.0184663,0.00854963034,16192892.9
3.34551597,cycle1_default_to_reload,Reload,88,0,49.394531,38.649902,-134.033203,51.61377,77.629395,12.348633,245.585036,230.697898,162.821919,-140.554676,13.8431394,-106.966282,16.5222608,13.6818122,171.337972,148.229395,0.134823017,1.75328952,13.0043783,0.00855932415,16223860.9
3.3733573,cycle1_default_to_reload,Reload,89,0,49.21875,38.847656,-133.879395,51.37207,76.948242,12.32666,246.211815,230.759278,163.209709,-140.826556,14.0830678,-106.239493,28.2025521,26.564623,170.552976,147.548242,0.135087304,1.75341111,12.9798364,0.00858387203,16290475.2
3.3984468,cycle1_default_to_reload,Reload,90,0,49.130859,38.935547,-133.791504,51.262207,76.59668,12.304688,246.552953,230.795168,163.36261,-140.981036,14.2024024,-105.87326,15.9091564,14.9686265,170.154428,147.19668,0.13521134,1.75347532,12.9684043,0.00859759399,16325787
3.42386842,cycle1_default_to_reload,Reload,91,0,48.977051,39.089355,-133.659668,51.086426,76.069336,12.304688,247.151006,230.785732,163.693503,-141.169911,14.4450776,-105.322081,24.0463813,26.8887095,169.543687,146.669336,0.135386618,1.75357381,12.9523422,0.00861758575,16379635.9
3.44896984,cycle1_default_to_reload,Reload,92,0,48.867188,39.199219,-133.59375,50.976562,75.717773,12.282715,247.544155,230.687552,163.91314,-141.328061,14.5878032,-104.96472,16.1644982,18.3622468,169.138742,146.317773,0.135508295,1.75363152,12.9411378,0.00862701781,16410905.7
3.47408366,cycle1_default_to_reload,Reload,93,0,48.735352,39.331055,-133.483887,50.800781,75.212402,12.260742,247.989488,230.695822,164.139587,-141.54595,14.7391254,-104.425376,22.9989846,19.8961381,168.561364,145.812402,0.135665644,1.75372093,12.9267874,0.00864139432,16457567.2
3.49918318,cycle1_default_to_reload,Reload,94,0,48.625488,39.440918,-133.395996,50.668945,74.882812,12.260742,248.403937,230.679955,164.42331,-141.635023,14.8861018,-104.083551,15.8303851,20.0207812,168.165205,145.482812,0.135753402,1.75378771,12.9189227,0.00865306804,16492601.8
3.52426243,cycle1_default_to_reload,Reload,95,0,48.47168,39.572754,-133.286133,50.471191,74.377441,12.23877,248.899973,230.616316,164.655536,-141.848703,15.0317588,-103.543598,23.525315,21.9858881,167.575851,144.977441,0.135892615,1.75387976,12.9063655,0.00866540187,16538671.6
3.54938436,cycle1_default_to_reload,Reload,96,0,48.383789,39.682617,-133.198242,50.361328,74.025879,12.194824,249.248613,230.667903,164.91968,-141.980757,15.123935,-103.195261,16.1749255,17.5319309,167.171119,144.625879,0.135976231,1.75394601,12.8989162,0.00867668638,16574082.7
3.57446504,cycle1_default_to_reload,Reload,97,0,48.22998,39.836426,-133.088379,50.163574,73.520508,12.194824,249.756536,230.620626,165.256601,-142.151901,15.3017172,-102.656383,23.7189417,24.3749425,166.577123,144.120508,0.136096743,1.75403923,12.8881793,0.00868802796,16620692.1
3.59955478,cycle1_default_to_reload,Reload,98,0,48.14209,39.924316,-133.000488,50.053711,73.190918,12.172852,250.093583,230.65304,165.449623,-142.272195,15.3993772,-102.31899,15.1433433,15.5344035,166.197583,143.790918,0.136160099,1.75410363,12.8826554,0.00869812249,16653979.9
3.62742829,cycle1_default_to_reload,Reload,99,0,47.988281,40.078125,-132.890625,49.855957,72.663574,12.128906,250.588718,230.602545,165.768836,-142.485013,15.5208796,-101.77198,22.0723794,21.2127728,165.58304,143.263574,0.136269053,1.75419833,12.8730499,0.00870780839,16700646
3.65251899,cycle1_default_to_reload,Reload,100,0,47.900391,40.166016,-132.802734,49.746094,72.333984,12.128906,250.922949,230.633586,165.965905,-142.589619,15.6403299,-101.427319,15.1174349,15.513449,165.204267,142.933984,0.136320098,1.75426283,12.8687028,0.00871696674,16733584
3.67999983,cycle1_default_to_reload,Reload,101,0,47.746582,40.319824,-132.714844,49.570312,71.828613,12.106934,251.403432,230.499663,166.276148,-142.795964,15.793799,-100.901189,21.2749799,21.3752567,164.620495,142.428613,0.136414488,1.75434623,12.8604099,0.00872241041,16774227.1
3.70508814,cycle1_default_to_reload,Reload,102,0,47.658691,40.429688,-132.60498,49.460449,71.499023,12.084961,251.802796,230.603878,166.61515,-142.860173,15.9069912,-100.582289,15.5934209,21.289239,164.231179,142.099023,0.13644171,1.75441946,12.8583807,0.0087347548,16812851.6
3.73304367,cycle1_default_to_reload,Reload,103,0,47.460938,40.627441,-132.451172,49.21875,70.817871,12.084961,252.473589,230.550046,167.060352,-143.080951,16.13534,-99.8688617,28.2626935,28.8632262,163.441608,141.417871,0.136522478,1.75454448,12.8516894,0.00874565468,16874208
3.75814962,cycle1_default_to_reload,Reload,104,0,47.416992,40.671387,-132.429199,49.152832,70.64209,12.062988,252.564917,230.519693,167.112683,-143.175104,16.1396331,-99.679466,7.97343131,4.36341643,163.242997,141.24209,0.136549168,1.75457036,12.8493669,0.00874497962,16885561.1
3.78327441,cycle1_default_to_reload,Reload,105,0,47.219238,40.869141,-132.275391,48.933105,69.98291,12.041016,253.271548,230.438193,167.58857,-143.388801,16.3584789,-99.0116843,30.4460975,34.0630027,162.478294,140.58291,0.136598404,1.75469152,12.8456224,0.00875503345,16945718.1
3.80839872,cycle1_default_to_reload,Reload,106,0,47.175293,40.913086,-132.231445,48.867188,69.807129,12.019043,253.413157,230.463453,167.681719,-143.456391,16.3723831,-98.8313552,8.11029402,6.82091444,162.27532,140.407129,0.136607326,1.75472518,12.8450298,0.00875758489,16961821.1
3.83347154,cycle1_default_to_reload,Reload,107,0,46.977539,41.11084,-132.055664,48.603516,69.147949,11.99707,254.099341,230.482838,168.205297,-143.627064,16.5374422,-98.1576448,31.2429795,34.433366,161.493005,139.747949,0.136625289,1.75485768,12.8443108,0.00876799325,17025757.8
3.85856485,cycle1_default_to_reload,Reload,108,0,46.933594,41.154785,-132.033691,48.55957,68.972168,11.99707,254.220587,230.426894,168.260645,-143.711989,16.5924868,-97.9696241,7.68368332,5.76037738,161.301787,139.572168,0.1366357,1.75488108,12.8435034,0.00876705778,17036895.9
3.88365674,cycle1_default_to_reload,Reload,109,0,46.73584,41.352539,-131.85791,48.317871,68.291016,11.953125,254.925204,230.417789,168.769202,-143.916073,16.7530804,-97.28842,31.7187419,34.6335439,160.506316,138.891016,0.136628506,1.7550116,12.845135,0.00877571475,17100812.4
3.91077518,cycle1_default_to_reload,Reload,110,0,46.604004,41.506348,-131.77002,48.120117,67.763672,11.931152,255.250662,230.392921,169.082163,-144.109685,16.8213653,-96.727055,22.322297,16.675043,159.902251,138.363672,0.136628771,1.75509555,12.8457245,0.00877287827,17138750.6
3.93587756,cycle1_default_to_reload,Reload,111,0,46.494141,41.594238,-131.660156,48.010254,67.434082,11.931152,255.709715,230.372003,169.343044,-144.17955,16.9557988,-96.4062038,15.560061,21.0505272,159.513771,138.034082,0.136599555,1.75516584,12.8489865,0.00878014524,17174560
3.96157861,cycle1_default_to_reload,Reload,112,0,46.362305,41.748047,-131.550293,47.8125,66.906738,11.90918,256.082859,230.399915,169.702315,-144.344067,17.0283819,-95.8561974,23.6925922,20.1836107,158.905342,137.506738,0.13656971,1.75525641,12.8524576,0.0087793943,17216818.8
3.98667932,cycle1_default_to_reload,Reload,113,0,46.252441,41.85791,-131.462402,47.702637,66.577148,11.887207,256.502225,230.337623,170.027846,-144.423835,17.1317443,-95.5447511,15.5857078,21.29526,158.51505,137.177148,0.136536074,1.75531854,12.8560789,0.00878224247,17248269.4
4.0117662,cycle1_default_to_reload,Reload,114,0,46.098633,42.011719,-131.374512,47.504883,66.049805,11.865234,256.905362,230.208452,170.351619,-144.615481,17.2157315,-94.9954793,24.3357108,21.2441023,157.905645,136.649805,0.136490243,1.7553997,12.8609904,0.00877623852,17284767.1
4.03686404,cycle1_default_to_reload,Reload,115,0,46.010742,42.099609,-131.286621,47.416992,65.698242,11.865234,257.241001,230.20265,170.557153,-144.72471,17.3331988,-94.6407389,15.6610798,15.6831628,157.514477,136.298242,0.136436355,1.7554592,12.8665061,0.00877786838,17315561.4
4.06195283,cycle1_default_to_reload,Reload,116,0,45.878906,42.253418,-131.176758,47.219238,65.192871,11.843262,257.613914,230.223829,170.950698,-144.862185,17.3904239,-94.1222827,23.5163829,21.6262899,156.925064,135.792871,0.136364377,1.75554533,12.8739291,0.00877459887,17355918.7
4.08705664,cycle1_default_to_reload,Reload,117,0,45.769043,42.341309,-131.088867,47.087402,64.841309,11.821289,257.967556,230.164188,171.160064,-144.975383,17.4477074,-93.769808,16.374825,16.542307,156.514542,135.441309,0.136303924,1.75560763,12.8800961,0.00877366657,17385574.6
4.11215258,cycle1_default_to_reload,Reload,118,0,45.637207,42.495117,-130.957031,46.889648,64.313965,11.799316,258.378928,230.237318,171.578878,-145.103403,17.5103799,-93.236707,24.437002,23.5731892,155.901753,134.913965,0.136203155,1.75570046,12.8903068,0.00877164152,17430735.1
4.1372447,cycle1_default_to_reload,Reload,119,0,45.527344,42.583008,-130.891113,46.779785,63.984375,11.777344,258.719689,230.096304,171.772708,-145.225807,17.5805694,-92.9101024,15.1924704,16.6036857,155.52123,134.584375,0.136132951,1.75575055,12.8973224,0.00876755832,17454775.9
4.16231561,cycle1_default_to_reload,Reload,120,0,45.373535,42.736816,-130.78125,46.604004,63.457031,11.777344,259.194158,229.988599,172.155128,-145.374231,17.7117784,-92.3763819,24.208888,24.6836595,154.91485,134.057031,0.136008215,1.75583132,12.9097447,0.00876105858,17494526.4
4.18740702,cycle1_default_to_reload,Reload,121,0,45.285645,42.84668,-130.693359,46.450195,63.105469,11.755371,259.435,230.061768,172.474169,-145.446148,17.7117505,-92.0229187,16.6844038,16.1960647,154.497647,133.705469,0.135925371,1.75589282,12.9180654,0.0087573414,17523817
4.2124815,cycle1_default_to_reload,Reload,122,0,45.131836,43.000488,-130.561523,46.274414,62.578125,11.755371,259.958382,230.004586,172.9057,-145.565904,17.846071,-91.5019655,24.3792955,27.1490304,153.886903,133.178125,0.135778275,1.75597843,12.9326907,0.00875270849,17567930
4.23758888,cycle1_default_to_reload,Reload,123,0,45.043945,43.088379,-130.495605,46.142578,62.226562,11.711426,260.159849,229.982065,173.083757,-145.703556,17.8248159,-91.1443121,16.0655903,10.7464645,153.48532,132.826562,0.135676629,1.75602817,12.9427462,0.00874488457,17590988.9
4.26267767,cycle1_default_to_reload,Reload,124,0,44.890137,43.242188,-130.385742,45.966797,61.699219,11.711426,260.623798,229.866636,173.477776,-145.844789,17.9433137,-90.6154784,24.1915991,24.6936939,152.878941,132.299219,0.135506866,1.75610331,12.9595154,0.00873501695,17629232.5
4.28777719,cycle1_default_to_reload,Reload,125,0,44.802246,43.330078,-130.319824,45.834961,61.325684,11.66748,260.810538,229.842907,173.636879,-145.998607,17.9195571,-90.2318425,16.8390653,9.81981187,152.45835,131.925684,0.135379296,1.75615196,12.9720867,0.00872511962,17652125.3
4.31286693,cycle1_default_to_reload,Reload,126,0,44.648438,43.483887,-130.187988,45.681152,60.79834,11.645508,261.357385,229.755406,174.080968,-146.128766,18.043961,-89.7293559,24.1431188,28.2931757,151.853451,131.39834,0.135182946,1.75622927,12.9915002,0.00871782402,17695254.1
4.33799601,cycle1_default_to_reload,Reload,127,0,44.560547,43.571777,-130.12207,45.549316,60.446777,11.66748,261.551683,229.728375,174.265877,-146.225139,18.095469,-89.3519127,15.9801044,10.7278081,151.454181,131.046777,0.135050729,1.75627496,13.0045574,0.00870777333,17717253.7
4.36307597,cycle1_default_to_reload,Reload,128,0,44.406738,43.725586,-129.990234,45.351562,59.897461,11.623535,262.014562,229.682429,174.69297,-146.371692,18.1283269,-88.8202851,25.4522838,25.1789755,150.816263,130.497461,0.134836439,1.75635328,13.0258059,0.00869613151,17758932.6
4.38842106,cycle1_default_to_reload,Reload,129,0,44.296875,43.813477,-129.902344,45.219727,59.523926,11.623535,262.336756,229.607203,174.90397,-146.476485,18.1881815,-88.4429623,16.9441545,15.4828618,150.3875,130.123926,0.134683174,1.75640445,13.0410087,0.00868731256,17785878.5
4.41350508,cycle1_default_to_reload,Reload,130,0,44.165039,43.967285,-129.79248,45.043945,58.996582,11.57959,262.696491,229.58036,175.315133,-146.626344,18.2050363,-87.9288609,24.0531197,21.8058148,149.784929,129.596582,0.134448395,1.75646893,13.064261,0.00867225364,17821772.8
4.43859768,cycle1_default_to_reload,Reload,131,0,44.055176,44.077148,-129.70459,44.934082,58.64502,11.57959,263.075633,229.493537,175.655743,-146.690914,18.2981296,-87.5973016,16.3117579,20.6041969,149.376383,129.24502,0.134287007,1.75651449,13.0803011,0.00866422822,17849432.4
4.46369815,cycle1_default_to_reload,Reload,132,0,43.945312,44.165039,-129.638672,44.802246,58.271484,11.557617,263.337453,229.360683,175.827105,-146.8294,18.3164992,-87.2187552,16.9744496,13.5435248,148.95122,128.871484,0.134107487,1.75655475,13.098111,0.00865026384,17870393.6
4.49003363,cycle1_default_to_reload,Reload,133,0,43.769531,44.362793,-129.462891,44.58252,57.568359,11.557617,263.897883,229.368596,176.413417,-146.969126,18.4275954,-86.5330992,30.461852,30.799268,148.150238,128.168359,0.133760912,1.75664031,13.1326879,0.00863177652,17923707.4
4.51513624,cycle1_default_to_reload,Reload,134,0,43.659668,44.472656,-129.396973,44.406738,57.194824,11.513672,264.1023,229.289407,176.690608,-147.082098,18.361868,-86.1653153,17.852961,14.078245,147.705654,127.794824,0.133582231,1.7566804,13.1505545,0.00861481908,17943685
4.54023147,cycle1_default_to_reload,Reload,135,0,43.571777,44.560547,-129.309082,44.318848,56.843262,11.513672,264.405516,229.261963,176.936952,-147.167307,18.4394673,-85.8235754,15.6626808,15.6059699,147.314487,127.443262,0.13338864,1.75671839,13.169925,0.00860516784,17969961.3
4.56535578,cycle1_default_to_reload,Reload,136,0,43.461914,44.67041,-129.221191,44.187012,56.513672,11.513672,264.754697,229.187008,177.308171,-147.204329,18.4913608,-85.5194429,15.8147509,20.5028595,146.918331,127.113672,0.133225506,1.75675797,13.1863487,0.00859477527,17995481.2
4.59046006,cycle1_default_to_reload,Reload,137,0,43.26416,44.868164,-129.067383,43.967285,55.788574,11.469727,265.321288,229.030072,177.842565,-147.407265,18.5541417,-84.8239407,32.7958166,31.6480402,146.095821,126.388574,0.132805749,1.7568242,13.2285252,0.00856692452,18041694.4
4.61554193,cycle1_default_to_reload,Reload,138,0,43.17627,44.956055,-129.001465,43.813477,55.458984,11.447754,265.474284,229.007166,178.066935,-147.494251,18.4986108,-84.4944572,15.5727744,10.8657422,145.707408,126.058984,0.132631962,1.75685623,13.2461,0.0085510335,18059670.7
4.64062643,cycle1_default_to_reload,Reload,139,0,43.088379,45.065918,-128.913574,43.725586,55.085449,11.425781,265.7729,228.989697,178.403362,-147.579941,18.5501064,-84.1470119,16.6890088,17.9464301,145.291052,125.685449,0.132395271,1.75688669,13.2700109,0.00853772418,18086138.6
4.66804814,cycle1_default_to_reload,Reload,140,0,42.868652,45.263672,-128.759766,43.461914,54.404297,11.403809,266.373362,228.759172,178.989922,-147.725372,18.5946407,-83.5040472,29.2880921,31.7444594,144.488741,125.004297,0.131998359,1.75694552,13.3103588,0.00850729545,18128790.8
4.69313049,cycle1_default_to_reload,Reload,141,0,42.824707,45.307617,-128.71582,43.417969,54.228516,11.403809,266.519923,228.741228,179.119143,-147.764924,18.6277443,-83.3355226,7.83535571,7.82282447,144.293159,124.828516,0.131884337,1.75695923,13.3219703,0.00850069776,18141182.1
4.71842051,cycle1_default_to_reload,Reload,142,0,42.626953,45.505371,-128.562012,43.154297,53.547363,11.381836,267.025913,228.60564,179.712372,-147.902595,18.6355364,-82.6893977,31.5301984,31.2934187,143.496198,124.147363,0.131468856,1.75701095,13.3644653,0.00846805598,18182731.3
4.74353051,cycle1_default_to_reload,Reload,143,0,42.539062,45.593262,-128.474121,43.022461,53.195801,11.359863,267.247735,228.607253,179.972161,-147.982679,18.6091205,-82.3536809,16.1589362,13.6045729,143.091024,123.795801,0.13125337,1.75703827,13.3866145,0.00845196277,18205431.9
4.76862597,cycle1_default_to_reload,Reload,144,0,42.429199,45.703125,-128.408203,42.912598,52.844238,11.359863,267.547279,228.445797,180.291072,-148.059312,18.6686739,-82.0225571,16.1445906,18.5837208,142.686849,123.444238,0.131005656,1.75705453,13.4120509,0.00843294662,18224289.5
4.79372048,cycle1_default_to_reload,Reload,145,0,42.341309,45.791016,-128.320312,42.780762,52.514648,11.337891,267.779617,228.442749,180.574704,-148.121145,18.6387923,-81.7164316,15.4164673,14.611051,142.300684,123.114648,0.130804068,1.75707899,13.4329079,0.00841747722,18246412.6
4.81881094,cycle1_default_to_reload,Reload,146,0,42.143555,45.98877,-128.166504,42.539062,51.833496,11.315918,268.306103,228.272565,181.182473,-148.257242,18.6628058,-81.0823452,31.5022143,32.757823,141.510345,122.433496,0.130339729,1.75711347,13.4810275,0.00838123563,18286522.2
4.84390378,cycle1_default_to_reload,Reload,147,0,42.099609,46.054688,-128.144531,42.473145,51.657715,11.315918,268.370914,228.231159,181.371503,-148.29011,18.6598193,-80.9128679,8.16754741,8.13285482,141.307105,122.257715,0.130205706,1.75711587,13.4949221,0.00836884313,18292899.1
4.8689878,cycle1_default_to_reload,Reload,148,0,41.901855,46.252441,-127.96875,42.231445,50.998535,11.271973,268.960927,228.10289,182.055204,-148.393625,18.6557877,-80.3308177,30.9823408,36.3637336,140.530633,121.598535,0.129760081,1.75714812,13.5415153,0.00833521151,18337157.3
4.89408207,cycle1_default_to_reload,Reload,149,0,41.791992,46.340332,-127.902832,42.121582,50.646973,11.271973,269.237306,227.919887,182.278004,-148.490709,18.6995773,-79.9917592,15.9302074,15.915727,140.131872,121.246973,0.129488891,1.75715594,13.5699358,0.00831340835,18353681.1
4.91917634,cycle1_default_to_reload,Reload,150,0,41.660156,46.494141,-127.770996,41.923828,50.119629,11.228027,269.56646,227.915558,182.789951,-148.584514,18.6336457,-79.5157117,24.4856512,24.2544238,139.518311,120.719629,0.129114254,1.75717306,13.6094428,0.00828317469,18385654.9
4.94427514,cycle1_default_to_reload,Reload,151,0,41.550293,46.604004,-127.705078,41.813965,49.812012,11.206055,269.880281,227.736854,183.161854,-148.633909,18.6527976,-79.2547395,14.6751393,20.6540489,139.151394,120.412012,0.128877146,1.75717569,13.6345018,0.0082635888,18402392.3
4.969383,cycle1_default_to_reload,Reload,152,0,41.396484,46.73584,-127.595215,41.616211,49.284668,11.184082,270.220962,227.560475,183.524443,-148.767433,18.6256504,-78.7558333,24.2523426,21.0239876,138.543046,119.884668,0.128477016,1.7571837,13.6770277,0.00822869702,18427249
4.99447465,cycle1_default_to_reload,Reload,153,0,41.308594,46.845703,-127.485352,41.506348,48.955078,11.184082,270.545013,227.584707,183.977978,-148.767898,18.6523346,-78.4809081,15.5667031,22.2358746,138.15448,119.555078,0.128237709,1.75719079,13.702606,0.00821248449,18454265.5
5.01956582,cycle1_default_to_reload,Reload,154,0,41.154785,46.999512,-127.375488,41.330566,48.449707,11.162109,270.941817,227.39288,184.472783,-148.862569,18.6573734,-78.0292594,23.4488515,26.4089874,137.566346,119.049707,0.127829565,1.75718793,13.7463343,0.00817842224,18480041.1
5.04465342,cycle1_default_to_reload,Reload,155,0,41.066895,47.087402,-127.287598,41.220703,48.098145,11.140137,271.178014,227.353454,184.754715,-148.938133,18.6405807,-77.7088239,15.9103396,14.7445208,137.167784,118.698145,0.127543947,1.75718727,13.7771122,0.00815636484,18500301.8
5.06975126,cycle1_default_to_reload,Reload,156,0,40.913086,47.241211,-127.199707,41.022949,47.592773,11.118164,271.478049,227.124579,185.201318,-149.051632,18.6036057,-77.2441829,23.5730563,23.2962904,136.577412,118.192773,0.12712052,1.75717533,13.8229086,0.00811680712,18518858
5.09484911,cycle1_default_to_reload,Reload,157,0,40.825195,47.351074,-127.089844,40.913086,47.263184,11.118164,271.795807,227.140282,185.662316,-149.05019,18.623093,-76.9740236,15.5628336,22.3175125,136.18885,117.863184,0.126862274,1.75717209,13.8510216,0.00809833809,18544836.3
5.1199348,cycle1_default_to_reload,Reload,158,0,40.671387,47.48291,-126.97998,40.715332,46.757812,11.096191,272.135529,226.944008,186.058302,-149.162198,18.581362,-76.5126349,23.5193212,22.2214512,135.599514,117.357812,0.126445637,1.75716085,13.8965716,0.00806036168,18567104.7
5.14504313,cycle1_default_to_reload,Reload,159,0,40.583496,47.592773,-126.914062,40.649414,46.428223,11.074219,272.4024,226.81963,186.426373,-149.225982,18.6207574,-76.2284681,14.773593,18.7724564,135.232155,117.028223,0.12611352,1.75713964,13.9329997,0.00803661068,18583740.9
5.17012787,cycle1_default_to_reload,Reload,160,0,40.473633,47.680664,-126.848145,40.473633,46.098633,11.074219,272.572513,226.669631,186.677058,-149.289744,18.55427,-75.9210127,16.1277123,13.4765201,134.832571,116.698633,0.125863484,1.75713205,13.9606182,0.00800829474,18594233.4
5.19696712,cycle1_default_to_reload,Reload,161,0,40.297852,47.900391,-126.672363,40.253906,45.41748,11.030273,273.064922,226.587293,187.490478,-149.369701,18.5126857,-75.3481629,29.4382422,35.5602082,134.043638,116.01748,0.125248184,1.75709505,14.0289064,0.00795909869,18633131.7
5.22223926,cycle1_default_to_reload,Reload,162,0,40.187988,47.988281,-126.584473,40.144043,45.065918,11.008301,273.376164,226.429546,187.783867,-149.444846,18.5137873,-75.0418461,16.0081033,18.0391089,133.63973,115.665918,0.124925364,1.75707632,14.0650086,0.00793302557,18651408.9
5.24731898,cycle1_default_to_reload,Reload,163,0,40.03418,48.14209,-126.496582,39.968262,44.538574,11.008301,273.675994,226.163679,188.226949,-149.560761,18.5189737,-74.5546496,24.0572254,23.8206359,133.037726,115.138574,0.124403361,1.75703444,14.1236894,0.00788665792,18667729.7
5.2724216,cycle1_default_to_reload,Reload,164,0,39.946289,48.22998,-126.386719,39.858398,44.208984,10.986328,273.970057,226.153304,188.595089,-149.59125,18.4931255,-74.2857666,15.3616971,18.7742913,132.6538,114.808984,0.124114012,1.75701563,14.1564647,0.00786438842,18691023.8
5.2975173,cycle1_default_to_reload,Reload,165,0,39.79248,48.383789,-126.276855,39.638672,43.681641,10.964355,274.254826,225.96494,189.087812,-149.68675,18.408395,-73.8200795,24.7644036,23.8868666,132.033432,114.281641,0.123626301,1.75697419,14.2119774,0.0078174458,18709691.2
5.32260942,cycle1_default_to_reload,Reload,166,0,39.70459,48.493652,-126.188965,39.572754,43.330078,10.964355,274.552237,225.879483,189.499531,-149.726863,18.4694051,-73.520786,15.7135083,20.5260712,131.643454,113.930078,0.123238812,1.75693448,14.2563407,0.00779063192,18729846.7
5.34769678,cycle1_default_to_reload,Reload,167,0,39.550781,48.625488,-126.079102,39.375,42.824707,10.942383,274.868597,225.654891,189.913517,-149.832245,18.4070485,-73.0735032,23.5177239,22.615794,131.054114,113.424707,0.122752495,1.75688929,14.3124528,0.00774532574,18748095.2
5.37278771,cycle1_default_to_reload,Reload,168,0,39.462891,48.735352,-125.991211,39.243164,42.473145,10.92041,275.060761,225.616789,190.318385,-149.873861,18.3427363,-72.779609,16.3832293,17.9257773,130.643529,113.073145,0.122406628,1.75685171,14.3525864,0.00771470848,18764262.9
5.39788413,cycle1_default_to_reload,Reload,169,0,39.353027,48.845215,-125.925293,39.111328,42.121582,10.92041,275.279389,225.4231,190.671658,-149.931954,18.3297578,-72.4719948,16.403065,18.2648999,130.232748,112.721582,0.122040231,1.75680917,14.3953281,0.00768088004,18774666.4
5.42628551,cycle1_default_to_reload,Reload,170,0,39.155273,49.020996,-125.749512,38.869629,41.44043,10.876465,275.768954,225.193385,191.298392,-150.052159,18.2470791,-71.8957099,27.8405509,29.146167,129.442676,112.04043,0.121350933,1.75673258,14.4764654,0.00762106923,18805623.9
5.45138574,cycle1_default_to_reload,Reload,171,0,39.067383,49.130859,-125.661621,38.781738,41.088867,10.876465,276.023119,225.114588,191.71536,-150.087024,18.2685868,-71.6003379,15.8782712,19.7066942,129.046085,111.688867,0.120947699,1.75667944,14.5242899,0.00759042541,18823201.7
5.47647786,cycle1_default_to_reload,Reload,172,0,38.95752,49.240723,-125.595703,38.649902,40.737305,10.854492,276.235608,224.913539,192.072672,-150.154464,18.2229427,-71.3031698,16.4291907,18.4035305,128.634532,111.337305,0.120561599,1.75662761,14.5703742,0.00755484466,18832595.2
5.50157881,cycle1_default_to_reload,Reload,173,0,38.869629,49.328613,-125.529785,38.496094,40.385742,10.83252,276.31513,224.823722,192.320908,-150.239322,18.110462,-70.9841974,16.3063715,10.9837494,128.227112,110.985742,0.120197409,1.75658238,14.6141452,0.00751823941,18839759.3
5.5266614,cycle1_default_to_reload,Reload,174,0,38.671875,49.526367,-125.354004,38.276367,39.682617,10.810547,276.820402,224.571553,193.049237,-150.339747,18.079213,-70.3967465,32.1986714,36.7427282,127.419997,110.282617,0.119399201,1.7564704,14.7109059,0.00745230457,18870069.6
5.55176282,cycle1_default_to_reload,Reload,175,0,38.562012,49.614258,-125.288086,38.166504,39.331055,10.788574,277.049454,224.338244,193.308363,-150.431591,18.0562897,-70.0880309,15.9497077,16.6200327,127.020464,109.931055,0.118980996,1.75641217,14.7621237,0.00741623012,18878975.6
5.57684684,cycle1_default_to_reload,Reload,176,0,38.474121,49.724121,-125.200195,38.056641,38.979492,10.766602,277.260914,224.265259,193.728466,-150.472681,18.0110342,-69.804016,16.1281938,18.9742189,126.616492,109.579492,0.118563873,1.75634669,14.8135064,0.00738197825,18893893.1
5.60193777,cycle1_default_to_reload,Reload,177,0,38.320312,49.87793,-125.090332,37.880859,38.452148,10.766602,277.579877,224.002717,194.251454,-150.55583,17.9906448,-69.3527645,24.1895865,26.5621926,126.010117,109.052148,0.117926929,1.75624712,14.8926724,0.00732691376,18909260.3
5.62702894,cycle1_default_to_reload,Reload,178,0,38.232422,49.96582,-125.002441,37.770996,38.100586,10.766602,277.776897,223.916732,194.568297,-150.609317,17.9664559,-69.0483932,15.8839606,15.2596792,125.612322,108.700586,0.117504008,1.75618165,14.945717,0.00729189497,18922891.9
5.65214133,cycle1_default_to_reload,Reload,179,0,38.078613,50.119629,-124.870605,37.595215,37.55127,10.722656,278.133227,223.696502,195.130794,-150.703359,17.8886289,-68.6011318,25.1621152,27.9279704,124.981022,108.15127,0.116825161,1.75606956,15.031604,0.00723522145,18942589.2
5.67722917,cycle1_default_to_reload,Reload,180,0,37.990723,50.20752,-124.804688,37.441406,37.199707,10.722656,278.200017,223.590152,195.386347,-150.775911,17.7944951,-68.2831406,16.2913791,11.3498536,124.574362,107.799707,0.116414329,1.75600414,15.0840893,0.00719475194,18947345.8
5.7023313,cycle1_default_to_reload,Reload,181,0,37.836914,50.361328,-124.672852,37.265625,36.650391,10.678711,278.550596,223.362483,195.952749,-150.868901,17.7122716,-67.8392291,25.1723793,28.0435412,123.943062,107.250391,0.115712248,1.75588201,15.1745562,0.00713634209,18966046.9
5.72739172,cycle1_default_to_reload,Reload,182,0,37.727051,50.471191,-124.584961,37.177734,36.298828,10.656738,278.870164,223.15361,196.386285,-150.912968,17.7195405,-67.568382,16.1433865,23.0511837,123.540376,106.898828,0.115228939,1.75579235,15.2374253,0.00709962195,18980482.9
5.75248027,cycle1_default_to_reload,Reload,183,0,37.595215,50.603027,-124.49707,36.97998,35.771484,10.634766,278.98318,222.938326,196.753882,-151.044737,17.5901812,-67.0944558,23.9208529,17.5671717,122.941733,106.371484,0.114542483,1.75567517,15.3277206,0.00703672761,18985365.7
5.77756333,cycle1_default_to_reload,Reload,184,0,37.485352,50.712891,-124.387207,36.870117,35.397949,10.634766,279.308018,222.78784,197.221772,-151.067931,17.5934425,-66.8068291,17.2773285,23.4876151,122.509805,105.997949,0.114040687,1.75557801,15.3943128,0.00699777705,19003035.8
5.80267787,cycle1_default_to_reload,Reload,185,0,37.353516,50.844727,-124.277344,36.694336,34.870605,10.634766,279.508771,222.596933,197.653018,-151.167318,17.5238392,-66.3447967,23.7515103,20.4089976,121.914184,105.470605,0.113323405,1.75544766,15.4906012,0.00693661803,19013970
5.82778525,cycle1_default_to_reload,Reload,186,0,37.243652,50.95459,-124.189453,36.5625,34.519043,10.59082,279.753223,222.407374,198.081325,-151.217315,17.4339913,-66.0859747,16.6508055,21.0429291,121.49748,105.119043,0.112849762,1.75535234,15.5547722,0.00689585571,19024359.9
5.85554719,cycle1_default_to_reload,Reload,187,0,37.045898,51.152344,-124.035645,36.342773,33.815918,10.59082,280.150215,222.048453,198.789722,-151.322299,17.3911466,-65.5025757,28.9183474,31.9803539,120.695528,104.415918,0.111837947,1.75515349,15.6937205,0.00681301427,19041020.4
5.88063979,cycle1_default_to_reload,Reload,188,0,36.958008,51.240234,-123.947754,36.210938,33.464355,10.546875,280.295384,221.952733,199.114337,-151.391481,17.2650945,-65.2230857,16.2411205,14.6758147,120.289574,104.064355,0.111355209,1.75505853,15.7609019,0.00677138989,19050035.4
5.90573192,cycle1_default_to_reload,Reload,189,0,36.826172,51.394043,-123.837891,36.035156,32.937012,10.524902,280.493913,221.75395,199.658985,-151.476414,17.1624535,-64.7909767,23.9974353,24.4235149,119.687778,103.537012,0.110573995,1.75489895,15.8708107,0.00670642076,19059504.4
5.93084908,cycle1_default_to_reload,Reload,190,0,36.716309,51.503906,-123.771973,35.925293,32.607422,10.524902,280.720798,221.491778,200.059769,-151.515837,17.1536339,-64.5344989,15.3776926,21.098807,119.302623,103.207422,0.110069426,1.75479085,15.942582,0.00666480307,19064784.6
5.95594525,cycle1_default_to_reload,Reload,191,0,36.606445,51.591797,-123.684082,35.81543,32.255859,10.50293,280.979597,221.267988,200.393285,-151.578761,17.1140087,-64.2568105,16.1203904,19.0387112,118.898724,102.855859,0.109541763,1.75468228,16.0183863,0.00662268814,19074432.9
5.98263216,cycle1_default_to_reload,Reload,192,0,36.430664,51.789551,-123.508301,35.57373,31.574707,10.480957,281.316,221.047389,201.181201,-151.651154,16.9734564,-63.7306658,29.5948065,33.1499794,118.109351,102.174707,0.108515912,1.75445919,16.1677598,0.00653863778,19092560.5
6.00772548,cycle1_default_to_reload,Reload,193,0,36.320801,51.899414,-123.42041,35.463867,31.223145,10.480957,281.57935,220.824077,201.62398,-151.681586,16.9621391,-63.4658581,16.3113015,22.3762191,117.700818,101.823145,0.107955145,1.75433338,16.250577,0.00649482827,19102052.8
6.03367186,cycle1_default_to_reload,Reload,194,0,36.188965,52.053223,-123.310547,35.288086,30.717773,10.458984,281.780837,220.603978,202.194153,-151.751777,16.8520219,-63.0704826,22.4694648,24.8025142,117.118028,101.317773,0.107147964,1.75415477,16.3713309,0.00642885851,19109630.2
6.05877733,cycle1_default_to_reload,Reload,195,0,36.079102,52.141113,-123.244629,35.15625,30.366211,10.437012,281.938363,220.338293,202.468875,-151.835909,16.7728998,-62.7813179,16.2091581,16.4653724,116.711873,100.966211,0.106592903,1.7540389,16.4554941,0.00638148839,19110710.8
6.08384323,cycle1_default_to_reload,Reload,196,0,35.947266,52.294922,-123.112793,34.980469,29.86084,10.415039,282.194481,220.154514,203.098604,-151.88356,16.6621456,-62.4064183,23.4397132,28.0948386,116.12471,100.46084,0.105769974,1.75384942,16.5817326,0.00631620694,19123058.8
6.10893869,cycle1_default_to_reload,Reload,197,0,35.859375,52.382812,-123.046875,34.848633,29.509277,10.393066,282.264055,219.992061,203.374778,-151.964479,16.5511541,-62.1124868,16.001513,13.0652047,115.723898,100.109277,0.105197182,1.75372774,16.6708624,0.00626790577,19123497.5
6.13407493,cycle1_default_to_reload,Reload,198,0,35.749512,52.492676,-122.958984,34.73877,29.179688,10.371094,282.535728,219.753656,203.83985,-151.990507,16.5076589,-61.8883007,15.5636452,23.4327804,115.333603,99.779688,0.104634961,1.7535929,16.7591489,0.00622466706,19132089.7
6.15916777,cycle1_default_to_reload,Reload,199,0,35.661621,52.580566,-122.871094,34.628906,28.828125,10.371094,282.695883,219.618258,204.181842,-152.039977,16.4576479,-61.6051061,15.8829503,15.9876184,114.935816,99.428125,0.104035043,1.7534583,16.8544968,0.00617857752,19139356.9
6.18428683,cycle1_default_to_reload,Reload,200,0,35.507812,52.734375,-122.739258,34.431152,28.322754,10.349121,282.993445,219.324053,204.809307,-152.090646,16.339027,-61.2446543,23.8757675,30.0248467,114.336681,98.922754,0.103184112,1.75325798,16.9915498,0.00610977304,19148452.9
6.20939088,cycle1_default_to_reload,Reload,201,0,35.419922,52.822266,-122.67334,34.343262,27.993164,10.327148,283.141224,219.12649,205.120118,-152.157994,16.2897948,-60.9790371,14.7242102,15.807381,113.96814,98.593164,0.102578732,1.75312073,17.0904894,0.00606473315,19151685.4
6.23448944,cycle1_default_to_reload,Reload,202,0,35.222168,53.02002,-122.497559,34.057617,27.312012,10.327148,283.460484,218.769087,205.911201,-152.224757,16.1221247,-60.4786787,32.2376586,36.8514939,113.160939,97.912012,0.101414118,1.75284829,17.2840658,0.00596918736,19160436.4
6.25958753,cycle1_default_to_reload,Reload,203,0,35.178223,53.085938,-122.475586,33.991699,27.158203,10.283203,283.485732,218.662207,206.145782,-152.25452,16.0240319,-60.382414,7.63219253,10.3201283,112.975172,97.758203,0.101128043,1.75277789,17.3322635,0.00594532355,19157987.8
6.28467989,cycle1_default_to_reload,Reload,204,0,34.980469,53.261719,-122.321777,33.771973,26.477051,10.26123,283.830041,218.211888,206.797872,-152.37424,15.9147879,-59.8502282,31.0338452,34.4341931,112.196863,97.077051,0.09986557,1.75248764,17.5484668,0.00584949798,19164360.3
6.30977154,cycle1_default_to_reload,Reload,205,0,34.892578,53.371582,-122.233887,33.640137,26.125488,10.26123,283.953408,218.076726,207.244064,-152.402314,15.828707,-59.5939282,16.3593643,19.2199718,111.787041,96.725488,0.0992103946,1.75232942,17.6627603,0.00579895021,19168461.9
6.33488655,cycle1_default_to_reload,Reload,206,0,34.782715,53.459473,-122.145996,33.530273,25.795898,10.26123,284.203022,217.811855,207.609426,-152.441696,15.8034819,-59.353286,15.3291765,20.533801,111.402922,96.395898,0.098586481,1.75218109,17.7730361,0.00575261934,19174278.7
6.36126447,cycle1_default_to_reload,Reload,207,0,34.606934,53.657227,-121.992188,33.288574,25.114746,10.239258,284.426649,217.470486,208.364735,-152.537444,15.6287827,-58.8412628,29.7671482,32.5463865,110.617926,95.714746,0.0972675308,1.7518684,18.0108242,0.00565251994,19177481.6
6.38637161,cycle1_default_to_reload,Reload,208,0,34.49707,53.76709,-121.92627,33.156738,24.785156,10.195312,284.585588,217.173276,208.771065,-152.595359,15.5124798,-58.6187091,15.7528131,21.0267043,110.22461,95.385156,0.0966198281,1.75171316,18.1299552,0.00560192852,19175526
6.4114511,cycle1_default_to_reload,Reload,209,0,34.40918,53.85498,-121.838379,33.046875,24.455566,10.217285,284.746366,217.009342,209.138726,-152.623437,15.4832659,-58.3678831,15.1495359,17.2839244,109.846602,95.055566,0.0959644461,1.75155602,18.2521349,0.00555425254,19180441.9
6.43656659,cycle1_default_to_reload,Reload,210,0,34.299316,53.942871,-121.772461,32.937012,24.104004,10.17334,284.910359,216.695478,209.431368,-152.715227,15.3932974,-58.0965461,16.0126431,18.2913277,109.446301,94.704004,0.0952460893,1.75139087,18.3880607,0.005501338,19178634
6.46163082,cycle1_default_to_reload,Reload,211,0,34.123535,54.162598,-121.59668,32.717285,23.422852,10.151367,285.219522,216.368863,210.366071,-152.767922,15.2463119,-57.6271308,31.4863968,41.3844755,108.65816,94.022852,0.0938141581,1.75103245,18.6649061,0.00540000092,19187381.4
6.48672485,cycle1_default_to_reload,Reload,212,0,34.035645,54.250488,-121.508789,32.585449,23.093262,10.129395,285.342109,216.206929,210.727173,-152.81478,15.1253342,-57.3953757,15.4167512,16.50991,108.271987,93.693262,0.0931465732,1.75087495,18.7969873,0.00535002169,19189599.6
6.5118165,cycle1_default_to_reload,Reload,213,0,33.925781,54.338379,-121.420898,32.453613,22.741699,10.129395,285.527761,215.935628,211.072218,-152.86883,15.0599988,-57.1355382,16.3593835,18.9935089,107.862229,93.341699,0.0924198508,1.75070569,18.9429617,0.00529645009,19190799.2
6.53692007,cycle1_default_to_reload,Reload,214,0,33.837891,54.448242,-121.35498,32.34375,22.412109,10.107422,285.626258,215.723017,211.490261,-152.914947,14.9692859,-56.9024113,15.1855376,19.0902541,107.481648,93.012109,0.0916938076,1.75052755,19.0910117,0.0052446148,19188953.9
6.56206489,cycle1_default_to_reload,Reload,215,0,33.640137,54.624023,-121.179199,32.102051,21.708984,10.085449,285.940507,215.269293,212.192125,-153.028299,14.8082561,-56.3835491,32.1664905,35.509435,106.673333,92.308984,0.0901746475,1.75016957,19.4086655,0.00513673578,19191962.6
6.58717513,cycle1_default_to_reload,Reload,216,0,33.530273,54.733887,-121.113281,31.992188,21.357422,10.085449,286.098325,214.94331,212.595249,-153.081625,14.7718769,-56.1236411,16.1350736,21.5817392,106.269167,91.957422,0.0893707328,1.74997455,19.5810697,0.00508066376,19188580.1
6.61227632,cycle1_default_to_reload,Reload,217,0,33.442383,54.84375,-121.025391,31.882324,21.027832,10.063477,286.251232,214.762657,213.074881,-153.107008,14.6798022,-55.9127948,15.3625612,21.307694,105.884222,91.627832,0.0886144439,1.74978393,19.7460352,0.00502913449,19191582.2
6.63737917,cycle1_default_to_reload,Reload,218,0,33.354492,54.931641,-120.959473,31.750488,20.67627,10.041504,286.285489,214.54787,213.362722,-153.188655,14.5507066,-55.6381464,15.9967755,14.371908,105.483399,91.27627,0.0878286865,1.74960678,19.9206757,0.00497205352,19185500.9
6.66245985,cycle1_default_to_reload,Reload,219,0,33.156738,55.129395,-120.761719,31.508789,19.973145,9.997559,286.651075,214.115283,214.236043,-153.269574,14.3566384,-55.1724721,32.6860808,41.5021161,104.664553,90.573145,0.0862026512,1.74921163,20.2918542,0.0048617282,19192203.3
6.68755627,cycle1_default_to_reload,Reload,220,0,33.046875,55.217285,-120.695801,31.398926,19.643555,9.997559,286.814838,213.773241,214.551106,-153.331942,14.3185485,-54.925474,15.1646114,19.6453329,104.2848,90.243555,0.0854239457,1.74902997,20.4747036,0.00480806268,19188158.2
6.71264315,cycle1_default_to_reload,Reload,221,0,32.958984,55.327148,-120.60791,31.289062,19.291992,9.975586,286.941424,213.583892,215.017209,-153.370587,14.2206193,-54.689618,16.1263675,20.6791729,103.880843,89.891992,0.0845677684,1.74881805,20.6794868,0.00475155215,19189111.6
6.74019861,cycle1_default_to_reload,Reload,222,0,32.76123,55.50293,-120.454102,31.025391,18.588867,9.975586,287.137265,213.059993,215.656936,-153.500798,14.0449436,-54.1613188,29.4281694,30.8377841,103.071032,89.188867,0.0828946586,1.74844019,21.0923143,0.00463542141,19180026.3
6.76531482,cycle1_default_to_reload,Reload,223,0,32.67334,55.612793,-120.366211,30.915527,18.237305,9.953613,287.259385,212.86398,216.124402,-153.53997,13.9451115,-53.9277929,16.1074952,20.7595469,102.667074,88.837305,0.0820091842,1.7482226,21.3174002,0.00457795517,19180239.7
6.79053116,cycle1_default_to_reload,Reload,224,0,32.563477,55.700684,-120.300293,30.783691,17.885742,9.909668,287.364364,212.522036,216.414713,-153.633306,13.8125767,-53.6715768,16.2083571,18.2691277,102.260141,88.485742,0.0811471566,1.74803203,21.5415068,0.00451847583,19172155.3
6.8156352,cycle1_default_to_reload,Reload,225,0,32.475586,55.810547,-120.212402,30.651855,17.556152,9.909668,287.470518,212.327305,216.887617,-153.654709,13.7117998,-53.4659204,15.6081946,20.8065672,101.869334,88.156152,0.0803167539,1.74783556,21.7617804,0.00446291886,19170856.1
6.84072638,cycle1_default_to_reload,Reload,226,0,32.277832,55.986328,-120.058594,30.432129,16.853027,9.887695,287.716861,211.76588,217.552506,-153.790509,13.5646577,-52.9434453,31.8041553,36.0449852,101.072015,87.453027,0.078511469,1.74741845,22.2568558,0.00434576028,19163247.3
6.86582446,cycle1_default_to_reload,Reload,227,0,32.167969,56.096191,-119.970703,30.27832,16.501465,9.865723,287.848368,211.463229,217.999311,-153.837933,13.4292207,-52.7279981,16.8854664,22.1312267,100.649459,87.101465,0.0776104993,1.74721818,22.5126523,0.00428487143,19158260
6.89092708,cycle1_default_to_reload,Reload,228,0,32.080078,56.206055,-119.882812,30.168457,16.149902,9.84375,287.961395,211.253657,218.469153,-153.878279,13.3257934,-52.4990813,16.1162586,20.9832024,100.245499,86.749902,0.0766660406,1.74699105,22.7870258,0.00422559272,19157004.9
6.91602135,cycle1_default_to_reload,Reload,229,0,31.970215,56.293945,-119.816895,30.058594,15.754395,9.84375,288.050512,210.895239,218.741738,-153.978232,13.2741508,-52.171723,17.4901405,18.2921596,99.8087091,86.354395,0.0756100201,1.7467526,23.1021312,0.00415832089,19147432.3
6.94111872,cycle1_default_to_reload,Reload,230,0,31.794434,56.491699,-119.641113,29.838867,15.073242,9.799805,288.28486,210.461118,219.59322,-154.067899,13.0666376,-51.7258575,31.2492435,39.2102584,99.0252152,85.673242,0.0737487913,1.74631654,23.6792563,0.00404242144,19144503.6
6.96621752,cycle1_default_to_reload,Reload,231,0,31.68457,56.57959,-119.575195,29.707031,14.699707,9.799805,288.356978,210.101374,219.87053,-154.158712,12.9851532,-51.4334149,16.9529538,18.3239991,98.6008079,85.299707,0.0727368867,1.74610084,24.0057132,0.00397690261,19133151.2
6.99182081,cycle1_default_to_reload,Reload,232,0,31.59668,56.689453,-119.487305,29.575195,14.326172,9.799805,288.410736,209.889179,220.315228,-154.206951,12.874091,-51.1768153,16.773278,19.3590093,98.1719782,84.926172,0.0716957927,1.74586697,24.3510379,0.00391162543,19127580.9
7.02014208,cycle1_default_to_reload,Reload,233,0,31.398926,56.887207,-119.333496,29.333496,13.601074,9.755859,288.582003,209.299578,221.065586,-154.347406,12.6553747,-50.6680772,29.2871785,34.2334694,97.3428498,84.201074,0.0696465667,1.74541293,25.0610046,0.00378426753,19112695.5
7.04524398,cycle1_default_to_reload,Reload,234,0,31.311035,56.975098,-119.245605,29.20166,13.249512,9.755859,288.648203,209.07646,221.420432,-154.404724,12.5454006,-50.4219201,16.1404352,16.9054095,96.9384409,83.849512,0.0686528004,1.74520373,25.4207216,0.00372233462,19107230.2
7.0703752,cycle1_default_to_reload,Reload,235,0,31.157227,57.128906,-119.11377,29.025879,12.722168,9.733887,288.859435,208.622282,222.071333,-154.47855,12.4117735,-50.0833765,24.3399384,32.6813054,96.326933,83.322168,0.0671120517,1.74486097,25.9992196,0.00362929338,19100826.2
7.09546256,cycle1_default_to_reload,Reload,236,0,31.069336,57.216797,-119.025879,28.916016,12.370605,9.711914,288.953855,208.387515,222.439646,-154.540872,12.3025526,-49.8408042,15.9105544,17.8122461,95.928393,82.970605,0.0660802585,1.74463463,26.4017525,0.00356763541,19096861.5
7.12058926,cycle1_default_to_reload,Reload,237,0,30.959473,57.32666,-118.959961,28.806152,12.019043,9.689941,289.068625,208.004913,222.851881,-154.605988,12.2229218,-49.6051433,16.1481948,22.844864,95.5234517,82.619043,0.0650228225,1.74439942,26.8274947,0.00350418693,19086926.3
7.14568043,cycle1_default_to_reload,Reload,238,0,30.827637,57.458496,-118.850098,28.608398,11.513672,9.667969,289.118005,207.616037,223.338434,-154.709469,12.0287065,-49.2548495,23.3011943,24.9018883,94.9394348,82.113672,0.0635268862,1.74410314,27.4545667,0.0034122114,19072280.5
7.17079353,cycle1_default_to_reload,Reload,239,0,30.717773,57.568359,-118.762207,28.45459,11.140137,9.645996,289.206439,207.276211,223.771831,-154.774025,11.8833595,-49.02232,17.607979,22.2112925,94.4978539,81.740137,0.0624005101,1.74388267,27.9466091,0.00334353952,19062249.2
7.19965267,cycle1_default_to_reload,Reload,240,0,30.52002,57.766113,-118.608398,28.234863,10.458984,9.624023,289.422444,206.637579,224.568777,-154.884835,11.7232597,-48.5725306,27.1652509,36.1706649,93.7141424,81.058984,0.0602906202,1.74343555,28.9171938,0.00322004746,19047386.2
7.22475672,cycle1_default_to_reload,Reload,241,0,30.432129,57.854004,-118.520508,28.125,10.107422,9.602051,289.507885,206.388693,224.93896,-154.94852,11.6114504,-48.3339028,15.899931,18.0919348,93.3156045,80.707422,0.0591967633,1.74320813,29.4476933,0.00315681837,19041942.1
7.24985933,cycle1_default_to_reload,Reload,242,0,30.344238,57.941895,-118.45459,27.993164,9.755859,9.602051,289.500412,206.106964,225.233331,-155.028352,11.4978996,-48.0726824,15.9729962,16.234572,92.9155598,80.355859,0.0581053659,1.7430032,29.9972847,0.00309160617,19028216.6
7.27496934,cycle1_default_to_reload,Reload,243,0,30.234375,58.051758,-118.366699,27.883301,9.404297,9.580078,289.663644,205.743609,225.709106,-155.075891,11.4153587,-47.8632557,16.3239318,24.7117024,92.5062538,80.004297,0.0569752784,1.74276467,30.5880853,0.00302734821,19022408.1
7.30006051,cycle1_default_to_reload,Reload,244,0,30.058594,58.249512,-118.190918,27.641602,8.723145,9.580078,289.815647,205.234332,226.556504,-155.164546,11.2201708,-47.4338024,31.4647655,39.8656395,91.7176697,79.323145,0.0547814242,1.74233762,31.8052634,0.00290154685,19009062.9
7.32858443,cycle1_default_to_reload,Reload,245,0,29.904785,58.40332,-118.081055,27.46582,8.217773,9.536133,289.957317,204.699157,227.16308,-155.259002,11.0528382,-47.1216324,20.6699876,28.7908799,91.1287533,78.817773,0.0531268889,1.7420198,32.7897951,0.00280695765,18993428
7.35369754,cycle1_default_to_reload,Reload,246,0,29.816895,58.491211,-117.993164,27.333984,7.866211,9.51416,290.003086,204.440102,227.520348,-155.328492,10.9081363,-46.8919179,16.1569333,17.6669419,90.7235801,78.466211,0.051980685,1.74181766,33.5089401,0.00274136658,18984354.5
7.38076472,cycle1_default_to_reload,Reload,247,0,29.663086,58.64502,-117.861328,27.13623,7.36084,9.492188,290.168951,203.934831,228.175094,-155.402682,10.7382479,-46.6031352,22.1573452,31.163431,90.124443,77.96084,0.0502960792,1.74152428,34.625448,0.00264581768,18971602.6
7.40587568,cycle1_default_to_reload,Reload,248,0,29.553223,58.73291,-117.79541,27.026367,7.009277,9.492188,290.259904,203.520574,228.484482,-155.483496,10.6834425,-46.3475015,15.9196461,20.9063369,89.7256789,77.609277,0.0491246067,1.74130754,35.4467478,0.00257999668,18958256.2
7.43096685,cycle1_default_to_reload,Reload,249,0,29.421387,58.886719,-117.663574,26.850586,6.503906,9.470215,290.372896,203.114361,229.154248,-155.552217,10.5130059,-46.0497146,23.4161042,31.5421774,89.1385285,77.103906,0.0474026835,1.7409998,36.7278743,0.00248466466,18946893.3
7.4560585,cycle1_default_to_reload,Reload,250,0,29.333496,58.974609,-117.597656,26.740723,6.174316,9.470215,290.403112,202.805286,229.477849,-155.620005,10.4306621,-45.8184226,14.938255,17.8747242,88.7641235,76.774316,0.0462818861,1.74080436,37.6130816,0.00242224272,18934298.5
7.48115444,cycle1_default_to_reload,Reload,251,0,29.223633,59.084473,-117.509766,26.608887,5.822754,9.448242,290.518947,202.42101,229.939918,-155.675725,10.3141804,-45.6209702,16.5892177,24.3880355,88.3481824,76.422754,0.0450654725,1.74060466,38.623908,0.00235493549,18923895
7.50726509,cycle1_default_to_reload,Reload,252,0,29.091797,59.238281,-117.399902,26.411133,5.317383,9.42627,290.533967,201.972303,230.531194,-155.769807,10.1124871,-45.3091992,22.5960468,28.4331948,87.7587571,75.917383,0.0433083389,1.74033529,40.1847621,0.00225721507,18903238.1
7.5323751,cycle1_default_to_reload,Reload,253,0,29.003906,59.326172,-117.312012,26.279297,4.987793,9.404297,290.589717,201.692356,230.902287,-155.831611,9.96901391,-45.1139152,15.406955,18.6449835,87.3725962,75.587793,0.042158799,1.74017123,41.2765844,0.00219387459,18893599.8
7.55745697,cycle1_default_to_reload,Reload,254,0,28.806152,59.523926,-117.158203,26.037598,4.306641,9.404297,290.723423,200.979016,231.687494,-155.952288,9.79808331,-44.6841756,31.5008106,42.6301189,86.5830231,74.906641,0.0397498447,1.73980208,43.7687769,0.00206272555,18868668.4
7.58256388,cycle1_default_to_reload,Reload,255,0,28.740234,59.567871,-117.114258,26.015625,4.130859,9.382324,290.876328,200.720052,231.898267,-155.985056,9.80046036,-44.5707225,7.97314593,14.6271907,86.3879588,74.730859,0.0391262558,1.73966467,44.4628457,0.00203071771,18867420.9
7.60764933,cycle1_default_to_reload,Reload,256,0,28.564453,59.765625,-116.960449,25.751953,3.449707,9.360352,290.895771,200.109872,232.667535,-156.116338,9.53854799,-44.1491393,31.581462,39.149172,85.5963333,74.049707,0.0366814886,1.73933748,47.417309,0.00189791534,18839172.5
7.63274741,cycle1_default_to_reload,Reload,257,0,28.45459,59.875488,-116.872559,25.64209,3.14209,9.338379,291.07122,199.70249,233.172091,-156.149063,9.4571543,-44.009818,14.8572214,26.7671136,85.2250481,73.74209,0.0355501141,1.73917624,48.9218189,0.00183798368,18831998.9
7.6578393,cycle1_default_to_reload,Reload,258,0,28.366699,59.963379,-116.806641,25.532227,2.790527,9.316406,291.067425,199.374348,233.482498,-156.237108,9.34024886,-43.7599731,15.7380573,18.0023148,84.8308565,73.390527,0.0342836222,1.73899077,50.7236592,0.0017702688,18816016.5
7.68439579,cycle1_default_to_reload,Reload,259,0,28.234863,60.117188,-116.674805,25.334473,2.285156,9.294434,291.124742,198.928052,234.135689,-156.318926,9.13570822,-43.478959,22.3855331,29.8674093,84.2370837,72.885156,0.0324219191,1.73877214,53.6295256,0.00167103818,18798429.8
7.71053123,cycle1_default_to_reload,Reload,260,0,28.125,60.205078,-116.586914,25.224609,1.955566,9.272461,291.275183,198.514566,234.523061,-156.381794,9.05119811,-43.2889313,14.7546284,22.4302661,83.8522029,72.555566,0.0312095843,1.7386155,55.707743,0.00160725115,18789272
7.73831987,cycle1_default_to_reload,Reload,261,0,27.927246,60.402832,-116.433105,24.98291,1.274414,9.250488,291.383158,197.762127,235.307699,-156.51598,8.84797936,-42.8746387,28.4434516,39.3133718,83.0618578,71.874414,0.0286785109,1.73831802,60.6139567,0.00147364883,18760624.2
7.76355076,cycle1_default_to_reload,Reload,262,0,27.883301,60.446777,-116.38916,24.89502,1.120605,9.228516,291.384898,197.609779,235.48214,-156.552817,8.73226066,-42.8037318,7.6912483,9.17956571,82.8712832,71.720605,0.0280958325,1.73829924,61.8703589,0.00144220388,18753034
7.79939914,cycle1_default_to_reload,Reload,263,0,27.685547,60.644531,-116.235352,24.65332,0.439453,9.228516,291.486067,196.84617,236.265976,-156.683326,8.5584986,-42.3860067,22.0400325,30.6560212,82.0817069,71.039453,0.0255338798,1.73802836,68.0675388,0.00130804373,18723369.5
7.82449961,cycle1_default_to_reload,Reload,264,0,27.553711,60.79834,-116.125488,24.455566,-0.087891,9.206543,291.448252,196.344396,236.840493,-156.79859,8.35062189,-42.057835,24.259491,30.4267611,81.4732789,70.512109,0.0235334077,1.73784747,73.8459765,0.00120336148,18696226.3
7.85967112,cycle1_default_to_reload,Reload,265,0,27.399902,60.952148,-116.015625,24.279785,-0.593262,9.206543,291.533082,195.724717,237.445163,-156.895311,8.23595133,-41.7542779,16.7165974,24.7346839,80.8859091,70.006738,0.0216037053,1.73766664,80.4337318,0.00110329547,18672403.6
7.89675903,cycle1_default_to_reload,Reload,266,0,27.202148,61.149902,-115.839844,24.038086,-1.296387,9.162598,291.658498,194.970615,238.27911,-157.035056,7.99765291,-41.3475838,21.9685512,30.5035166,80.071429,69.303613,0.0189078548,1.73744015,91.8898612,0.000964375778,18645152.6
7.9258132,cycle1_default_to_reload,Reload,267,0,27.092285,61.237793,-115.773926,23.928223,-1.647949,9.140625,291.712274,194.504211,238.589579,-157.129628,7.90996996,-41.1088275,13.7797925,19.3729299,79.6718793,68.952051,0.0175670906,1.73731896,98.8962257,0.000895297081,18626537.8
7.96630263,cycle1_default_to_reload,Reload,268,0,26.916504,61.435547,-115.620117,23.664551,-2.329102,9.118652,291.687454,193.817622,239.353207,-157.276677,7.64585301,-40.7046531,19.566488,25.3696683,78.8802706,68.270898,0.0149160887,1.73717849,116.463406,0.000758794234,18591292.1
7.99139309,cycle1_default_to_reload,Reload,269,0,26.762695,61.589355,-115.488281,23.48877,-2.856445,9.09668,291.796173,193.207634,240.008455,-157.376535,7.49656217,-40.4059444,24.3794727,35.9422091,78.2687609,67.743555,0.0128634393,1.73704759,135.037571,0.000654047367,18569947
8.01743889,cycle1_default_to_reload,Reload,270,0,26.564941,61.787109,-115.334473,23.24707,-3.537598,9.074707,291.86456,192.393936,240.789488,-157.523193,7.29244629,-40.0046271,30.3467663,43.3833189,77.4784201,67.062402,0.0101966291,1.73692248,170.342812,0.000517897713,18535673.9
8.05169988,cycle1_default_to_reload,Reload,271,0,26.455078,61.875,-115.246582,23.137207,-3.911133,9.052734,291.946843,191.944347,241.151929,-157.613044,7.20020451,-39.7628264,12.3695538,17.0258341,77.0555037,66.688867,0.00875087253,1.73683286,198.475392,0.000444411874,18520173.8
8.08066082,cycle1_default_to_reload,Reload,272,0,26.323242,62.028809,-115.136719,22.939453,-4.416504,9.008789,291.905417,191.400522,241.735363,-157.732147,6.96573708,-39.4784675,20.4145184,27.5771191,76.4653256,66.183496,0.00674709203,1.73679735,257.414208,0.00034230447,18490740.1
8.11038494,cycle1_default_to_reload,Reload,273,0,26.169434,62.182617,-115.004883,22.763672,-4.943848,8.986816,292.000372,190.770361,242.389876,-157.836108,6.81648984,-39.1837137,20.5790015,30.733058,75.8538168,65.656152,0.00467013467,1.7367331,371.880733,0.000236915484,18467602.6
8.13547969,cycle1_default_to_reload,Reload,274,0,25.97168,62.380371,-114.851074,22.5,-5.646973,8.986816,292.001803,189.929146,243.137405,-158.00003,6.6105249,-38.7582495,32.5148646,44.844616,75.0386131,64.953027,0.00188047282,1.73671774,923.553757,9.53065584e-05,18427035.6
8.1605792,cycle1_default_to_reload,Reload,275,0,25.883789,62.468262,-114.763184,22.368164,-5.998535,8.942871,291.996255,189.576678,243.492178,-158.091882,6.43223804,-38.5546427,16.2366337,19.9258146,74.6326852,64.601465,0.000485325177,1.73672602,3578.47913,2.45903521e-05,18409567.1
8.18568349,cycle1_default_to_reload,Reload,276,0,25.72998,62.62207,-114.65332,22.192383,-6.525879,8.920898,292.02158,188.902455,244.081221,-158.215497,6.28481561,-38.2377705,24.1925456,35.6772001,74.025521,64.074121,0.0015987244,1.73670692,1086.30789,8.09959176e-05,18379170.1
8.2107811,cycle1_default_to_reload,Reload,277,0,25.64209,62.709961,-114.587402,22.08252,-6.899414,8.920898,291.959027,188.517603,244.37944,-158.316771,6.19404572,-37.9625284,16.4954482,19.558652,73.6130721,63.700586,0.00305592243,1.73667506,568.298147,0.000154814661,18356037.4
8.23587584,cycle1_default_to_reload,Reload,278,0,25.488281,62.86377,-114.455566,21.906738,-7.426758,8.898926,292.038199,187.86418,245.032886,-158.425633,6.04560622,-37.6718983,24.3753593,36.9591881,73.0015582,63.173242,0.00514262724,1.7366915,337.705111,0.000260650231,18330857.5
8.26098228,cycle1_default_to_reload,Reload,279,0,25.378418,62.973633,-114.389648,21.774902,-7.800293,8.898926,292.011408,187.357444,245.41209,-158.521946,5.95540399,-37.4346037,17.1499537,25.2316915,72.5717373,62.799707,0.00662427718,1.73671629,262.17446,0.000335679008,18304525.3
8.28611064,cycle1_default_to_reload,Reload,280,0,25.290527,63.061523,-114.279785,21.665039,-8.151855,8.876953,292.084901,187.022115,245.851553,-158.587591,5.83537465,-37.2460796,16.0996901,22.1920849,72.1688381,62.448145,0.00800530043,1.73673992,216.94875,0.000406007822,18294252.7
8.31475401,cycle1_default_to_reload,Reload,281,0,25.092773,63.259277,-114.147949,21.401367,-8.876953,8.833008,291.979764,186.112412,246.519458,-158.795975,5.56967711,-36.7831267,29.0592633,39.5711583,71.3374388,61.723047,0.0108816053,1.73684099,159.612571,0.000551719961,18242593.3
8.33986998,cycle1_default_to_reload,Reload,282,0,25.004883,63.347168,-114.060059,21.291504,-9.228516,8.833008,291.989907,185.742627,246.89416,-158.873911,5.48179258,-36.5647333,15.8683144,20.9643776,70.9396628,61.371484,0.0122573077,1.73687785,141.701415,0.000621875207,18225836.5
8.36496854,cycle1_default_to_reload,Reload,283,0,24.916992,63.457031,-113.994141,21.181641,-9.602051,8.833008,291.911267,185.339939,247.293591,-158.961837,5.39060619,-36.3168307,16.7026046,22.8146201,70.521821,60.997949,0.0137120223,1.73690148,126.669972,0.000696050128,18200905.9
8.39007092,cycle1_default_to_reload,Reload,284,0,24.807129,63.544922,-113.884277,21.049805,-9.931641,8.811035,292.044348,184.878807,247.723253,-159.031001,5.27664746,-36.1720861,15.8527658,25.6619568,70.1259548,60.668359,0.0150279961,1.73701115,115.585015,0.000763344823,18189032.2
8.41527557,cycle1_default_to_reload,Reload,285,0,24.609375,63.742676,-113.752441,20.808105,-10.656738,8.76709,291.952178,183.9512,248.410836,-159.235383,5.04153666,-35.7050176,32.758117,45.9568394,69.3011799,59.943262,0.0178646541,1.73714214,97.2390585,0.00090808207,18137907.2
8.44038534,cycle1_default_to_reload,Reload,286,0,24.521484,63.852539,-113.664551,20.698242,-11.008301,8.76709,291.949064,183.568101,248.885939,-159.300013,4.95293359,-35.5138549,16.0878667,24.3062886,68.8979859,59.591699,0.0192298403,1.7372123,90.3394032,0.000978531808,18119879.5
8.46549487,cycle1_default_to_reload,Reload,287,0,24.411621,63.962402,-113.598633,20.566406,-11.337891,8.745117,291.951352,183.040894,249.285264,-159.386925,4.84144702,-35.3447293,15.6782117,26.339511,68.5054099,59.262109,0.0205378827,1.73732852,84.5914135,0.00104536683,18095078.5
8.49061108,cycle1_default_to_reload,Reload,288,0,24.279785,64.094238,-113.466797,20.368652,-11.887207,8.723145,291.890087,182.456948,249.803012,-159.535396,4.63535565,-35.0060018,24.9750938,31.1679759,67.8790509,58.712793,0.0226816411,1.73750109,76.6038524,0.00115566172,18062660.8
8.51570487,cycle1_default_to_reload,Reload,289,0,24.191895,64.204102,-113.400879,20.236816,-12.216797,8.701172,291.81902,182.036358,250.201351,-159.620918,4.49388711,-34.8321988,15.4665625,23.2578001,67.4918405,58.383203,0.0239813302,1.7376303,72.4576278,0.00122237453,18037437
8.54267263,cycle1_default_to_reload,Reload,290,0,23.994141,64.401855,-113.225098,19.995117,-12.919922,8.701172,291.849158,181.135704,251.027338,-159.782345,4.32316974,-34.4395049,30.1686713,45.3293979,66.6788972,57.680078,0.0266914843,1.73786373,65.1092952,0.00136346355,17997613.5
8.56778812,cycle1_default_to_reload,Reload,291,0,23.884277,64.489746,-113.15918,19.907227,-13.271484,8.679199,291.880288,180.608664,251.358943,-159.878873,4.26756785,-34.202062,15.7232335,24.823719,66.2859712,57.328516,0.0279998455,1.73791922,62.0688862,0.00143223315,17975358.8
8.59287214,cycle1_default_to_reload,Reload,292,0,23.796387,64.599609,-113.071289,19.775391,-13.601074,8.679199,291.862763,180.206111,251.820992,-159.94719,4.15609337,-34.0502596,15.6206472,24.4403335,65.895167,56.998926,0.0292798316,1.73807582,59.3608544,0.00149920639,17955397.4
8.61798382,cycle1_default_to_reload,Reload,293,0,23.708496,64.6875,-113.005371,19.665527,-13.952637,8.657227,291.796035,179.782772,252.13002,-160.050485,4.04221884,-33.8146852,15.7256641,21.0405309,65.5009875,56.647363,0.0306032685,1.73817879,56.7971617,0.00156860944,17930413.6
8.64313769,cycle1_default_to_reload,Reload,294,0,23.48877,64.885254,-112.82959,19.401855,-14.633789,8.635254,291.877297,178.745483,252.942313,-160.224088,3.85016524,-33.4720758,32.1073974,52.4768543,64.6943024,55.966211,0.0332096267,1.73850132,52.3493184,0.00170602039,17888333
8.66825819,cycle1_default_to_reload,Reload,295,0,23.444824,64.929199,-112.807617,19.335938,-14.80957,8.591309,291.800017,178.515823,253.052621,-160.294514,3.73465413,-33.3525346,8.11152562,10.5985474,64.4949311,55.79043,0.033877957,1.73857225,51.3186863,0.0017407169,17871466.4
8.6933527,cycle1_default_to_reload,Reload,296,0,23.24707,65.148926,-112.653809,19.116211,-15.46875,8.591309,291.811816,177.562897,253.954072,-160.436405,3.60302638,-33.0169621,30.7083619,52.2744101,63.7255534,55.13125,0.0363241137,1.73883308,47.8699383,0.00187201702,17828868.7
8.71844172,cycle1_default_to_reload,Reload,297,0,23.15918,65.236816,-112.565918,18.962402,-15.820312,8.591309,291.746271,177.143314,254.280936,-160.541962,3.46455287,-32.8175347,16.4545359,21.3598135,63.3145587,54.779688,0.0376671524,1.73903985,46.1686043,0.00194304624,17804118.9
8.74354053,cycle1_default_to_reload,Reload,298,0,23.005371,65.390625,-112.456055,18.786621,-16.325684,8.569336,291.731788,176.384707,254.873178,-160.675646,3.33011961,-32.5418035,23.4417385,38.3492685,62.7264077,54.274316,0.039524278,1.73925868,44.0048185,0.00204327613,17768180.1
8.76863933,cycle1_default_to_reload,Reload,299,0,22.91748,65.478516,-112.368164,18.676758,-16.677246,8.547363,291.713409,175.9714,255.246467,-160.767626,3.216959,-32.3340878,15.9032647,22.2014518,62.3278567,53.922754,0.0407896482,1.73939669,42.6430913,0.0021126925,17747858.8
8.79371119,cycle1_default_to_reload,Reload,300,0,22.763672,65.632324,-112.258301,18.479004,-17.182617,8.503418,291.668646,175.19959,255.814133,-160.91674,3.02568228,-32.071069,23.7919178,38.2554236,61.7323308,53.417383,0.0426469417,1.73966037,40.7921483,0.00221328129,17708953.5
8.81882215,cycle1_default_to_reload,Reload,301,0,22.675781,65.720215,-112.17041,18.347168,-17.512207,8.503418,291.645128,174.776421,256.173364,-161.006778,2.92028251,-31.8958875,15.3815091,22.1251127,61.346961,53.087793,0.0438517295,1.73984494,39.6756287,0.00227927828,17687740.9
8.84390211,cycle1_default_to_reload,Reload,302,0,22.521973,65.874023,-112.060547,18.171387,-18.017578,8.481445,291.619914,174.003567,256.763704,-161.144208,2.78866687,-31.6214439,23.4592882,38.7900029,60.7588118,52.582422,0.0456476508,1.74007745,38.119759,0.00237879139,17650696.6
8.86900353,cycle1_default_to_reload,Reload,303,0,22.434082,65.961914,-111.972656,18.061523,-18.369141,8.481445,291.595075,173.580566,257.136505,-161.234568,2.70813257,-31.4095172,15.8775369,22.4840309,60.3610294,52.230859,0.046868659,1.74022445,37.129811,0.00244777835,17629632.7
8.89409661,cycle1_default_to_reload,Reload,304,0,22.280273,66.115723,-111.862793,17.885742,-18.874512,8.459473,291.564325,172.800851,257.726107,-161.373787,2.57799486,-31.1356348,23.4470483,38.9758777,59.7728791,51.725488,0.0486295584,1.74046167,35.790201,0.0025468824,17592043
8.91920257,cycle1_default_to_reload,Reload,305,0,22.192383,66.225586,-111.774902,17.753906,-19.204102,8.4375,291.524872,172.363648,258.181937,-161.456678,2.44206789,-30.9935773,15.6315206,25.2067078,59.3813221,51.395898,0.0497858934,1.7406522,34.9627591,0.00261247836,17569572.9
8.94427705,cycle1_default_to_reload,Reload,306,0,22.038574,66.357422,-111.665039,17.578125,-19.709473,8.415527,291.498752,171.581074,258.672743,-161.611598,2.31539026,-30.692996,23.2507446,36.8549181,58.7985918,50.890527,0.0515153216,1.74089033,33.793642,0.00271107265,17532030.6
8.96938276,cycle1_default_to_reload,Reload,307,0,21.928711,66.467285,-111.577148,17.468262,-20.039062,8.371582,291.545512,171.034377,259.152403,-161.692106,2.20750209,-30.5541319,15.6561139,29.02896,58.4075185,50.560938,0.0526149081,1.74104721,33.0903783,0.00277571635,17511596.5
8.99446559,cycle1_default_to_reload,Reload,308,0,21.796875,66.599121,-111.467285,17.270508,-20.566406,8.371582,291.401974,170.347759,259.608097,-161.861322,2.05230698,-30.2208417,24.0542555,33.3488288,57.8052929,50.033594,0.0544034026,1.74131664,32.0074951,0.00287836954,17469228.3
9.01956344,cycle1_default_to_reload,Reload,309,0,21.687012,66.708984,-111.379395,17.182617,-20.895996,8.349609,291.468312,169.804072,260.11217,-161.928936,2.00310636,-30.0703608,15.3646043,29.6586986,57.4215812,49.704004,0.0554433719,1.74144068,31.4093574,0.00294205521,17450817.4
9.04464769,cycle1_default_to_reload,Reload,310,0,21.533203,66.862793,-111.269531,16.984863,-21.401367,8.327637,291.397151,168.996197,260.673827,-162.084386,1.8513378,-29.8049611,23.731738,39.3274818,56.8268419,49.198633,0.0571211852,1.74171444,30.4915669,0.00304035557,17409288
9.06975341,cycle1_default_to_reload,Reload,311,0,21.445312,66.950684,-111.203613,16.875,-21.730957,8.305664,291.323961,168.53365,260.9898,-162.187704,1.74924296,-29.6019189,14.955526,22.5020376,56.4516592,48.869043,0.0581783805,1.7418609,29.9400031,0.0031035078,17382937.3
9.09485149,cycle1_default_to_reload,Reload,312,0,21.291504,67.104492,-111.071777,16.699219,-22.236328,8.305664,291.328759,167.749689,261.641112,-162.317636,1.65506854,-29.3526352,23.6052631,40.6097823,55.8599283,48.363672,0.0597754154,1.74210928,29.1442438,0.00320147962,17349123.8
9.11996031,cycle1_default_to_reload,Reload,313,0,21.203613,67.192383,-111.005859,16.567383,-22.587891,8.283691,291.206272,167.27286,261.921895,-162.441361,1.52450075,-29.1263983,15.993013,22.5718586,55.4591252,48.012109,0.060898578,1.74228329,28.6095891,0.00326870774,17318113.5
9.14504647,cycle1_default_to_reload,Reload,314,0,21.049805,67.346191,-110.874023,16.391602,-23.093262,8.261719,291.205535,166.481891,262.57234,-162.576798,1.40120768,-28.8822781,23.6327162,40.8219314,54.866629,47.506738,0.0624505989,1.74252876,27.9025148,0.00336612084,17283796.9
9.17017221,cycle1_default_to_reload,Reload,315,0,20.939941,67.456055,-110.808105,16.281738,-23.466797,8.261719,291.131734,165.891028,262.965688,-162.685395,1.35540157,-28.6463197,16.8895671,28.4029164,54.4434114,47.133203,0.0635604645,1.74266813,27.4174857,0.00343603773,17252160
9.19527173,cycle1_default_to_reload,Reload,316,0,20.786133,67.609863,-110.698242,16.105957,-23.972168,8.239746,291.06713,165.071368,263.549869,-162.835666,1.2360293,-28.3745664,23.4410154,40.1842578,53.8552802,46.627832,0.0650717095,1.74290144,26.7843192,0.00353189387,17211516.1
9.22036028,cycle1_default_to_reload,Reload,317,0,20.698242,67.697754,-110.610352,15.996094,-24.301758,8.195801,291.041743,164.61848,263.930345,-162.932333,1.10439791,-28.2043037,15.2198561,23.5980891,53.4749688,46.298242,0.066033833,1.74305162,26.3963417,0.00359482343,17190039.2
9.24544597,cycle1_default_to_reload,Reload,318,0,20.544434,67.851562,-110.500488,15.79834,-24.829102,8.195801,290.926017,163.781229,264.478568,-163.100881,0.989167149,-27.9047028,24.4626728,40.1598542,52.8619779,45.770898,0.0675879627,1.74330714,25.7931601,0.00369437669,17144558.6
9.27052546,cycle1_default_to_reload,Reload,319,0,20.43457,67.939453,-110.412598,15.688477,-25.180664,8.173828,290.936823,163.210257,264.849863,-163.206483,0.918177373,-27.7038825,16.1310766,27.1602339,52.4580732,45.419336,0.0685732145,1.74345168,25.4246748,0.00376064594,17120740.7
9.29562831,cycle1_default_to_reload,Reload,320,0,20.302734,68.093262,-110.280762,15.512695,-25.708008,8.151855,290.832653,162.508411,265.489226,-163.353223,0.766562519,-27.425463,24.1622495,38.0476403,51.8518913,44.891992,0.0700340411,1.74368122,24.897624,0.00385987978,17082892.5
9.3207171,cycle1_default_to_reload,Reload,321,0,20.192871,68.203125,-110.214844,15.358887,-26.037598,8.151855,290.748626,161.890097,265.84594,-163.472182,0.680282254,-27.2651509,15.9817651,28.648709,51.4535373,44.562402,0.070999743,1.74387242,24.5616722,0.00392196401,17049651.6
9.34579325,cycle1_default_to_reload,Reload,322,0,20.061035,68.334961,-110.10498,15.205078,-26.564941,8.151855,290.617001,161.174977,266.350338,-163.630814,0.591856318,-26.9185415,23.5445281,35.2905592,50.8644905,44.035059,0.0723916657,1.74405847,24.0919788,0.004019026,17008597
9.37088299,cycle1_default_to_reload,Reload,323,0,19.951172,68.444824,-110.039062,15.095215,-26.916504,8.10791,290.54972,160.569908,266.75108,-163.741464,0.49242557,-26.7220019,16.2429832,29.0499257,50.45877,43.683496,0.073308046,1.74418799,23.792586,0.00408314343,16977644.7
9.39597821,cycle1_default_to_reload,Reload,324,0,19.819336,68.598633,-109.907227,14.919434,-27.421875,8.10791,290.458266,159.857156,267.39763,-163.881003,0.379936202,-26.4702072,23.3959348,38.5191438,49.8723786,43.178125,0.0746148366,1.74440659,23.3788167,0.0041771747,16940901.6
9.42108583,cycle1_default_to_reload,Reload,325,0,19.709473,68.686523,-109.841309,14.787598,-27.773438,8.085938,290.3789,159.242741,267.676032,-164.013917,0.290124513,-26.2477396,16.2078072,27.051562,49.4662346,42.826562,0.0755388493,1.74455686,23.0948296,0.0042414913,16908082.3
9.44618464,cycle1_default_to_reload,Reload,326,0,19.555664,68.840332,-109.6875,14.611816,-28.300781,8.063965,290.376665,158.42989,268.378983,-164.157182,0.17505534,-26.0026703,24.5749488,42.8167437,48.8503547,42.299219,0.0768331781,1.74477378,22.7085983,0.00433948839,16874542.3
9.47128272,cycle1_default_to_reload,Reload,327,0,19.467773,68.928223,-109.643555,14.47998,-28.674316,8.063965,290.15281,157.899885,268.583343,-164.305373,0.0859622219,-25.7117784,16.633957,24.3268517,48.435661,41.925684,0.0777773591,1.74490792,22.4346512,0.00440577975,16833609.9
9.49639034,cycle1_default_to_reload,Reload,328,0,19.313965,69.082031,-109.511719,14.326172,-29.20166,7.998047,290.108908,157.071157,269.247803,-164.455403,-0.0626424437,-25.4391653,24.2525514,42.3425113,47.8292143,41.39834,0.0789925046,1.74508412,22.0917685,0.00450130254,16796143.2
9.52147174,cycle1_default_to_reload,Reload,329,0,19.204102,69.191895,-109.445801,14.194336,-29.553223,8.02002,290.008013,156.443503,269.619908,-164.573127,-0.0876557413,-25.2364038,16.4362525,29.3687075,47.4191982,41.046777,0.0798360355,1.7452234,21.860096,0.00456416967,16761978.5
9.54657173,cycle1_default_to_reload,Reload,330,0,19.072266,69.345703,-109.313965,14.018555,-30.102539,7.998047,289.853525,155.70623,270.248356,-164.736975,-0.230144213,-24.9273118,24.929813,39.0841765,46.7939938,40.497461,0.0810741235,1.74541358,21.5286149,0.004662903,16719638.9
9.57166505,cycle1_default_to_reload,Reload,331,0,18.962402,69.433594,-109.248047,13.908691,-30.454102,7.976074,289.783983,155.090798,270.55384,-164.860112,-0.289655713,-24.6965443,15.954917,27.520813,46.3944687,40.145898,0.0818571263,1.74552281,21.3240177,0.00472490861,16688251.7
9.59676194,cycle1_default_to_reload,Reload,332,0,18.830566,69.587402,-109.116211,13.73291,-31.003418,7.954102,289.624034,154.347199,271.182209,-165.025515,-0.429489864,-24.3871875,24.9328905,39.3114672,45.769275,39.596582,0.0830389307,1.74570441,21.0227226,0.00482268067,16645438.6
9.62184644,cycle1_default_to_reload,Reload,333,0,18.742676,69.675293,-109.050293,13.601074,-31.35498,7.954102,289.471379,153.827507,271.459854,-165.157017,-0.511671936,-24.1549725,15.9844906,24.2644933,45.3692453,39.24502,0.0838190681,1.74583021,20.8285566,0.00488454086,16611522.8
9.64695024,cycle1_default_to_reload,Reload,334,0,18.588867,69.829102,-108.918457,13.425293,-31.904297,7.932129,289.365112,152.96645,272.088033,-165.326849,-0.61694137,-23.849381,25.1250557,42.6680575,44.7387173,38.695703,0.0849450914,1.7460023,20.5544814,0.00498130603,16568255.2
9.67206025,cycle1_default_to_reload,Reload,335,0,18.500977,69.938965,-108.852539,13.31543,-32.255859,7.910156,289.214093,152.449566,272.486839,-165.437629,-0.706495067,-23.642977,15.944247,26.686213,44.3391318,38.344141,0.0856488661,1.74610067,20.3867342,0.00504163964,16535478.8
9.69717145,cycle1_default_to_reload,Reload,336,0,18.347168,70.092773,-108.720703,13.117676,-32.783203,7.888184,289.10536,151.573003,273.09394,-165.614848,-0.830014128,-23.3751986,24.625091,42.682205,43.7209804,37.816797,0.0867152067,1.74628614,20.1381765,0.0051343257,16491684.9
9.72227859,cycle1_default_to_reload,Reload,337,0,18.237305,70.180664,-108.654785,13.007812,-33.134766,7.866211,289.024355,150.946792,273.399604,-165.740248,-0.883970304,-23.1429682,15.9461186,27.9410838,43.3214669,37.465234,0.0873940165,1.7463779,19.9828086,0.00519435794,16459487.4
9.74739432,cycle1_default_to_reload,Reload,338,0,18.105469,70.334473,-108.544922,12.832031,-33.662109,7.844238,288.815703,150.168984,273.969282,-165.914035,-1.01016882,-22.8341872,23.9748712,39.2755954,42.7196808,36.937891,0.0883891911,1.74652539,19.7594905,0.00528431095,16411858.5
9.77247977,cycle1_default_to_reload,Reload,339,0,18.017578,70.422363,-108.457031,12.700195,-34.013672,7.822266,288.710094,149.655753,274.311857,-166.040161,-1.11980253,-22.634177,16.1747786,24.9560138,42.3144969,36.586328,0.0890551767,1.74663816,19.6129886,0.00534534765,16382849.1
9.80001211,cycle1_default_to_reload,Reload,340,0,17.819824,70.64209,-108.303223,12.480469,-34.716797,7.800293,288.502201,148.510749,275.173324,-166.256404,-1.22730576,-22.2492052,29.3771079,52.5886152,41.5063804,35.883203,0.0902801135,1.74681077,19.3487879,0.00546351419,16321517.4
9.82513714,cycle1_default_to_reload,Reload,341,0,17.709961,70.72998,-108.215332,12.370605,-35.046387,7.800293,288.492227,147.89809,275.551697,-166.363373,-1.24416707,-22.0729114,15.323058,28.6626644,41.1222519,35.553613,0.0908438611,1.74689931,19.2296902,0.00551987703,16296581.6
9.85025048,cycle1_default_to_reload,Reload,342,0,17.62207,70.817871,-108.149414,12.216797,-35.397949,7.77832,288.306665,147.347468,275.799757,-166.515572,-1.37186736,-21.8495632,16.298298,25.1573199,40.7148168,35.202051,0.0915011222,1.7470113,19.0927855,0.0055789352,16259388.8
9.87740469,cycle1_default_to_reload,Reload,343,0,17.424316,71.015625,-107.973633,11.99707,-36.101074,7.77832,288.158536,146.214046,276.634097,-166.733145,-1.44068775,-21.4598147,29.7311958,52.1161288,39.9085035,34.498926,0.0926237037,1.74717099,18.8631086,0.00569654327,16203730
9.90248203,cycle1_default_to_reload,Reload,344,0,17.336426,71.125488,-107.907715,11.887207,-36.430664,7.756348,288.013657,145.683494,277.038496,-166.841284,-1.51809872,-21.2829457,15.2014165,27.221842,39.5279255,34.169336,0.0931455047,1.74724248,18.7582051,0.00574998615,16171902.7
9.9275763,cycle1_default_to_reload,Reload,345,0,17.226562,71.213379,-107.819824,11.777344,-36.782227,7.712402,287.972023,145.060814,277.409943,-166.961533,-1.59756081,-21.0817908,16.1927972,28.9408115,39.1232586,33.817773,0.093681713,1.74731628,18.6516261,0.00580832975,16144269.6
9.95266819,cycle1_default_to_reload,Reload,346,0,17.072754,71.367188,-107.709961,11.57959,-37.287598,7.712402,287.801987,144.139278,277.955764,-167.14945,-1.66678424,-20.8089004,23.7083388,43.2196995,38.5292532,33.312402,0.0944846582,1.74744206,18.4944529,0.00589068431,16095147.4
9.97776151,cycle1_default_to_reload,Reload,347,0,16.984863,71.477051,-107.62207,11.447754,-37.63916,7.69043,287.665169,143.604005,278.388762,-167.270355,-1.76879797,-20.637122,16.3816685,27.9733173,38.1186457,32.96084,0.0950135391,1.74752545,18.3923835,0.00594808102,16064202.1
10.0028582,cycle1_default_to_reload,Reload,348,0,16.896973,71.564941,-107.556152,11.359863,-37.96875,7.668457,287.54963,143.087304,278.731026,-167.375801,-1.81776927,-20.4223271,14.7285465,25.1210724,37.7501338,32.63125,0.0954668682,1.74757028,18.3055159,0.00600037603,16035038.2
10.0279615,cycle1_default_to_reload,Reload,349,0,16.743164,71.71875,-107.424316,11.162109,-38.496094,7.646484,287.403294,142.171884,279.334721,-167.565291,-1.91857179,-20.1507019,24.6328202,44.069042,37.1319659,32.103906,0.0962269956,1.74768619,18.1621195,0.00608569779,15988774.7
10.0530539,cycle1_default_to_reload,Reload,350,0,16.633301,71.828613,-107.358398,11.052246,-38.825684,7.646484,287.302377,141.522379,279.73795,-167.676916,-1.92581994,-19.9725727,15.3928884,30.7315016,36.7468319,31.774316,0.096676512,1.74774082,18.0782362,0.0061369918,15956314.1
10.0782049,cycle1_default_to_reload,Reload,351,0,16.435547,72.004395,-107.20459,10.810547,-39.484863,7.624512,287.115449,140.342844,280.398934,-167.924827,-2.02253273,-19.5922771,30.4644613,54.2710014,35.9809041,31.115137,0.0975779564,1.74786422,17.9124905,0.00624169607,15896529.1
10.1033058,cycle1_default_to_reload,Reload,352,0,16.391602,72.070312,-107.160645,10.722656,-39.660645,7.602539,287.015705,140.053081,280.630108,-167.997711,-2.10986817,-19.5296035,8.6657518,15.292882,35.7658724,30.939355,0.097833378,1.74791127,17.8662059,0.00626939491,15878197.6
10.1283538,cycle1_default_to_reload,Reload,353,0,16.193848,72.268066,-106.984863,10.50293,-40.341797,7.558594,286.851284,138.888975,281.469627,-168.222605,-2.21792257,-19.1738807,31.5189821,57.6746017,34.977017,30.258203,0.0986620938,1.74801259,17.7171649,0.00637607427,15822342.6
10.1534393,cycle1_default_to_reload,Reload,354,0,16.105957,72.355957,-106.918945,10.371094,-40.693359,7.558594,286.665772,138.330117,281.746159,-168.364917,-2.2750343,-18.9360142,15.9838916,25.9331046,34.5769715,29.906641,0.0991181497,1.748064,17.6361646,0.00642981131,15786096.9
10.1785185,cycle1_default_to_reload,Reload,355,0,15.996094,72.46582,-106.831055,10.26123,-41.022949,7.558594,286.608452,137.688897,282.213706,-168.469948,-2.27788871,-18.7870917,15.5744096,31.7251702,34.1874521,29.577051,0.0994945377,1.74811047,17.569914,0.00648041173,15758577.1
10.203625,cycle1_default_to_reload,Reload,356,0,15.864258,72.597656,-106.721191,10.085449,-41.52832,7.514648,286.394184,136.872991,282.697358,-168.661539,-2.40122852,-18.4758766,23.0556504,38.7305235,33.6092962,29.07168,0.100091985,1.74817328,17.465667,0.00655714427,15711027.6
10.2287169,cycle1_default_to_reload,Reload,357,0,15.754395,72.70752,-106.633301,9.953613,-41.879883,7.514648,286.29165,136.20981,283.128461,-168.789485,-2.42586846,-18.3015621,16.5688057,31.7873378,33.1941297,28.720117,0.10049458,1.74822291,17.3961909,0.00661033972,15678969.8
10.257767,cycle1_default_to_reload,Reload,358,0,15.556641,72.905273,-106.479492,9.733887,-42.561035,7.470703,286.051891,135.01454,283.902536,-169.028146,-2.51971891,-17.9118635,27.0184083,49.7097008,32.4096746,28.038965,0.101221429,1.7482874,17.27191,0.00671131744,15616517.6
10.2828469,cycle1_default_to_reload,Reload,359,0,15.46875,72.993164,-106.391602,9.624023,-42.890625,7.470703,285.952892,134.482155,284.280675,-169.141919,-2.54777338,-17.7279146,15.1239135,26.3346422,32.0308821,27.709375,0.101559388,1.74832164,17.2147714,0.00676090001,15589551
10.3079431,cycle1_default_to_reload,Reload,360,0,15.358887,73.103027,-106.325684,9.492188,-43.242188,7.470703,285.789262,133.79897,284.646177,-169.280496,-2.566161,-17.5216897,16.4031975,31.5546861,31.620115,27.357812,0.101941646,1.74835434,17.1505406,0.00681122435,15551737.6
10.3330491,cycle1_default_to_reload,Reload,361,0,15.270996,73.212891,-106.259766,9.382324,-43.549805,7.426758,285.637074,133.247463,285.053229,-169.391505,-2.65482551,-17.3750893,14.5135145,27.9674166,31.2578069,27.050195,0.102253337,1.74838086,17.0985213,0.00685487295,15520458
10.3581409,cycle1_default_to_reload,Reload,362,0,15.073242,73.388672,-106.083984,9.140625,-44.25293,7.404785,285.415781,132.04184,285.767997,-169.653862,-2.72978119,-16.9542819,32.2343513,56.5497548,30.4494535,26.34707,0.102937722,1.74843767,16.985393,0.00695797247,15459391.4
10.3832402,cycle1_default_to_reload,Reload,363,0,14.985352,73.498535,-105.996094,9.030762,-44.58252,7.404785,285.288885,131.498158,286.234437,-169.760983,-2.75446405,-16.8002245,15.3387573,28.9849636,30.065275,26.01748,0.103231872,1.74846146,16.9372252,0.00700501957,15430958.8
10.4083323,cycle1_default_to_reload,Reload,364,0,14.831543,73.652344,-105.908203,8.811035,-45.109863,7.382812,284.973415,130.498243,286.674613,-169.996302,-2.84083251,-16.4651915,24.6282305,45.3189254,29.4492803,25.490137,0.103778859,1.74849759,16.8483022,0.00707751586,15369610.1
10.4333937,cycle1_default_to_reload,Reload,365,0,14.743652,73.740234,-105.820312,8.701172,-45.439453,7.382812,284.863872,129.957307,287.053003,-170.112819,-2.86104623,-16.2793261,15.1351245,26.7012978,29.0704772,25.160547,0.104061811,1.74851586,16.8026661,0.00712456733,15342086.3
10.4584751,cycle1_default_to_reload,Reload,366,0,14.567871,73.894043,-105.688477,8.503418,-45.966797,7.338867,284.715298,128.888873,287.654159,-170.3207,-2.92530882,-16.0041301,24.9329347,49.2362963,28.446261,24.633203,0.104527201,1.74854729,16.7281556,0.00719826879,15293168.2
10.4835603,cycle1_default_to_reload,Reload,367,0,14.47998,74.003906,-105.622559,8.393555,-46.318359,7.338867,284.502835,128.322148,288.049895,-170.44422,-2.94494188,-15.7854558,15.9359608,28.8271353,28.0474515,24.281641,0.104817597,1.74854988,16.6818353,0.00724486537,15256678.5
10.5086515,cycle1_default_to_reload,Reload,368,0,14.348145,74.135742,-105.490723,8.217773,-46.82373,7.316895,284.310462,127.494204,288.599915,-170.633234,-3.0131197,-15.4949229,23.2022518,40.3502014,27.4656465,23.77627,0.105224232,1.74856844,16.6175452,0.00731498772,15212845.6
10.5337794,cycle1_default_to_reload,Reload,369,0,14.238281,74.245605,-105.424805,8.10791,-47.175293,7.294922,284.143001,126.81617,288.995768,-170.760897,-3.03009367,-15.2807022,16.1474632,31.9481954,27.0607681,23.424707,0.105498575,1.74856632,16.5743122,0.00736060791,15176172.1
10.5588646,cycle1_default_to_reload,Reload,370,0,14.084473,74.399414,-105.292969,7.954102,-47.680664,7.272949,283.986173,125.887541,289.664146,-170.92903,-3.04294174,-15.0164999,23.3888775,46.0370371,26.474943,22.919336,0.105853314,1.74857015,16.518804,0.00742811426,15132813.8
10.5839641,cycle1_default_to_reload,Reload,371,0,13.996582,74.487305,-105.227051,7.800293,-48.032227,7.250977,283.758607,125.286451,289.911024,-171.09563,-3.12824486,-14.7800524,16.3073244,27.4311524,26.0674522,22.567773,0.106163646,1.74857847,16.4705955,0.0074742148,15093353.6
10.609067,cycle1_default_to_reload,Reload,372,0,13.864746,74.641113,-105.095215,7.624512,-48.55957,7.250977,283.508857,124.441384,290.54364,-171.284034,-3.15857085,-14.4837519,24.146333,43.212856,25.4620207,22.04043,0.106532108,1.74857857,16.4136296,0.00754323731,15045498.6
10.6341758,cycle1_default_to_reload,Reload,373,0,13.754883,74.729004,-105.007324,7.514648,-48.911133,7.229004,283.407844,123.777734,290.918473,-171.412783,-3.16977626,-14.2674596,16.1122798,30.6208256,25.0581225,21.688867,0.106766589,1.74857397,16.3775389,0.00758938466,15014877.8
10.6592727,cycle1_default_to_reload,Reload,374,0,13.666992,74.838867,-104.941406,7.382812,-49.240723,7.207031,283.192128,123.188983,291.287776,-171.550424,-3.23026146,-14.086982,15.4646502,28.9955929,24.6709325,21.359277,0.10701481,1.74857191,16.339532,0.00763008638,14978313.6
10.6843946,cycle1_default_to_reload,Reload,375,0,13.513184,74.970703,-104.831543,7.207031,-49.768066,7.207031,282.951615,122.222985,291.770041,-171.75738,-3.21832673,-13.7276444,23.9529813,44.0314036,24.0699757,20.831934,0.107374106,1.74855561,16.2847048,0.00769658578,14926012
10.7094767,cycle1_default_to_reload,Reload,376,0,13.425293,75.080566,-104.743652,7.097168,-50.119629,7.207031,282.774725,121.659283,292.231316,-171.876353,-3.22674831,-13.5369853,16.1056145,29.883861,23.6667924,20.480371,0.10758394,1.74854504,16.2528444,0.00774023225,14893980.4
10.7345989,cycle1_default_to_reload,Reload,377,0,13.271484,75.234375,-104.633789,6.921387,-50.646973,7.163086,282.504876,120.684718,292.799914,-172.078579,-3.27761371,-13.2124871,24.2227454,46.1794857,23.0589169,19.953027,0.107917884,1.74852245,16.2023419,0.00780406123,14840264.2
10.759707,cycle1_default_to_reload,Reload,378,0,13.183594,75.322266,-104.545898,6.811523,-50.998535,7.141113,282.347238,120.124381,293.176054,-172.20616,-3.31465171,-12.9912204,15.8973775,27.6023841,22.6603302,19.601465,0.108119996,1.74850781,16.171919,0.00784779963,14809222
10.7848115,cycle1_default_to_reload,Reload,379,0,13.051758,75.476074,-104.436035,6.61377,-51.547852,7.119141,281.987489,119.232302,293.709592,-172.428677,-3.38150466,-12.6341732,25.0173694,43.814721,22.0328878,19.052148,0.10846648,1.74848007,16.1200039,0.00791276338,14751108.2
10.8099048,cycle1_default_to_reload,Reload,380,0,12.941895,75.563965,-104.348145,6.481934,-51.899414,7.119141,281.858386,118.542476,294.054764,-172.575214,-3.36796741,-12.4179087,16.3582422,31.1674342,21.623099,18.700586,0.108676421,1.74846661,16.0887393,0.00795561269,14718139.5
10.8350081,cycle1_default_to_reload,Reload,381,0,12.810059,75.717773,-104.238281,6.28418,-52.426758,7.097168,281.517799,117.650611,294.592901,-172.793175,-3.42766483,-12.0915348,24.2567161,43.6558914,21.0146785,18.173242,0.108993027,1.74843651,16.0417281,0.00801636724,14662233.4
10.8601053,cycle1_default_to_reload,Reload,382,0,12.700195,75.805664,-104.150391,6.196289,-52.800293,7.075195,281.386765,116.993486,294.998348,-172.911503,-3.40851639,-11.8312606,16.6806082,31.2059445,20.5984455,17.799707,0.109160234,1.7484045,16.0168629,0.00806031517,14630205.5
10.8852215,cycle1_default_to_reload,Reload,383,0,12.568359,75.959473,-104.018555,5.998535,-53.327637,7.075195,281.092362,116.110098,295.601885,-173.122905,-3.43118093,-11.5333234,24.4016168,44.1803009,19.9863741,17.272363,0.10944319,1.74837499,15.975183,0.00812091974,14579210.8
10.9103236,cycle1_default_to_reload,Reload,384,0,12.480469,76.047363,-103.952637,5.888672,-53.679199,7.053223,280.872039,115.53185,295.915472,-173.258086,-3.45746826,-11.276263,15.7315743,27.6359605,19.5922431,16.920801,0.109625611,1.74834233,15.9483018,0.00815995632,14542565.4
10.9353764,cycle1_default_to_reload,Reload,385,0,12.282715,76.245117,-103.798828,5.646973,-54.382324,7.009277,280.485176,114.251906,296.660348,-173.5353,-3.49358389,-10.8330752,32.3441722,61.0953259,18.7821565,16.217676,0.109976926,1.74828381,15.8968238,0.00823711237,14471289
10.96047,cycle1_default_to_reload,Reload,386,0,12.23877,76.289062,-103.754883,5.581055,-54.558105,7.009277,280.392466,113.957519,296.833947,-173.608357,-3.4978734,-10.7220384,8.07288833,14.1116561,18.5799312,16.041895,0.110064051,1.74827092,15.884123,0.00825686452,14454596.2
10.9855459,cycle1_default_to_reload,Reload,387,0,12.041016,76.486816,-103.601074,5.339355,-55.239258,6.965332,280.02198,112.677938,297.583168,-173.881169,-3.52558591,-10.3089682,31.5570432,60.9497645,17.7888258,15.360742,0.110386663,1.74821027,15.8371513,0.00832949,14385483.2
11.0106463,cycle1_default_to_reload,Reload,388,0,11.953125,76.574707,-103.535156,5.229492,-55.568848,6.965332,279.818311,112.100243,297.901719,-174.010912,-3.51008723,-10.0800196,14.9330144,27.5064981,17.4144754,15.031152,0.110539245,1.74817544,15.8149755,0.00836387604,14350999.2
11.0357583,cycle1_default_to_reload,Reload,389,0,11.865234,76.662598,-103.447266,5.119629,-55.898438,6.943359,279.664426,111.532791,298.28504,-174.135215,-3.5279172,-9.88490942,15.1299838,27.9495862,17.0349067,14.701562,0.110672164,1.748146,15.7957154,0.00839939562,14321509.5
11.0644264,cycle1_default_to_reload,Reload,390,0,11.689453,76.860352,-103.31543,4.899902,-56.535645,6.921387,279.24904,110.373325,299.009273,-174.384737,-3.52403162,-9.49201577,25.6845864,49.8386448,16.2990121,14.064355,0.110949421,1.74807601,15.7556119,0.00846259647,14253489.7
11.0895164,cycle1_default_to_reload,Reload,391,0,11.601562,76.92627,-103.249512,4.790039,-56.843262,6.899414,279.090501,109.802878,299.249032,-174.516085,-3.5347741,-9.26313544,14.0120632,25.4592041,15.9482755,13.756738,0.111086043,1.74804199,15.7359281,0.00849462447,14222551.3
11.1146128,cycle1_default_to_reload,Reload,392,0,11.469727,77.058105,-103.117676,4.63623,-57.304688,6.899414,278.893366,108.964247,299.845764,-174.686317,-3.49322787,-9.01198112,21.4102297,41.7579812,15.4118667,13.295312,0.11124591,1.74799741,15.7129139,0.00854215009,14182453.9
11.1402514,cycle1_default_to_reload,Reload,393,0,11.403809,77.145996,-103.051758,4.504395,-57.612305,6.877441,278.65231,108.473136,300.136589,-174.828736,-3.55245098,-8.81883609,14.003731,24.1658503,15.0543941,12.987695,0.111389781,1.74796391,15.6923184,0.00857199214,14148555.8
11.1653707,cycle1_default_to_reload,Reload,394,0,11.315918,77.233887,-102.98584,4.394531,-57.897949,6.877441,278.48801,107.899451,300.462384,-174.949626,-3.52537292,-8.65270644,13.409385,27.0664799,14.7179792,12.702051,0.111505973,1.74793169,15.6756777,0.00859924123,14118666.5
11.1913538,cycle1_default_to_reload,Reload,395,0,11.184082,77.365723,-102.897949,4.240723,-58.337402,6.855469,278.207446,107.041898,300.933766,-175.127344,-3.50810098,-8.36844512,19.6147433,39.179138,14.2086758,12.262598,0.111678958,1.74787493,15.6508886,0.00863978605,14070871.2
11.2164328,cycle1_default_to_reload,Reload,396,0,11.074219,77.475586,-102.788086,4.108887,-58.776855,6.833496,277.971707,106.32684,301.420125,-175.284931,-3.5057224,-8.07634058,19.8247121,35.7406397,13.7123767,11.823145,0.1118166,1.74782055,15.6311366,0.0086825298,14030809
11.2426581,cycle1_default_to_reload,Reload,397,0,10.942383,77.585449,-102.700195,3.955078,-59.194336,6.811523,277.737179,105.477103,301.813151,-175.463418,-3.48184809,-7.7904047,18.5085371,36.8024492,13.2274512,11.405664,0.111977252,1.74776582,15.6082221,0.0087210686,13986634.8
11.2677534,cycle1_default_to_reload,Reload,398,0,10.876465,77.67334,-102.612305,3.845215,-59.458008,6.789551,277.600481,105.021438,302.206301,-175.573803,-3.51591742,-7.68839066,12.7184026,24.5926302,12.9101332,11.141992,0.112058606,1.74774102,15.5966693,0.00874606224,13963954.6
11.2928441,cycle1_default_to_reload,Reload,399,0,10.810547,77.76123,-102.568359,3.779297,-59.743652,6.789551,277.360244,104.585592,302.532942,-175.6615,-3.48264033,-7.47467542,12.5995288,23.725506,12.5969369,10.856348,0.112143636,1.74769378,15.5844223,0.00876966084,13932033.2
11.3179498,cycle1_default_to_reload,Reload,400,0,10.722656,77.827148,-102.502441,3.669434,-60.007324,6.767578,277.23886,104.01842,302.780646,-175.783935,-3.47940633,-7.3071498,12.5004389,25.1215437,12.2840963,10.592676,0.112241874,1.74766151,15.5704948,0.00879410607,13905707.6
11.3430252,cycle1_default_to_reload,Reload,401,0,10.568848,77.980957,-102.370605,3.493652,-60.556641,6.767578,276.922833,103.024083,303.419963,-175.988737,-3.40649448,-6.95643673,25.138217,48.7985559,11.6543861,10.043359,0.112401583,1.74758634,15.5477022,0.00884252729,13852227.9
11.368145,cycle1_default_to_reload,Reload,402,0,10.50293,78.068848,-102.304688,3.383789,-60.79834,6.767578,276.755694,102.560775,303.751265,-176.100479,-3.40002581,-6.85194379,11.7355215,23.6304149,11.3612562,9.80166,0.112485247,1.74755748,15.5358817,0.00886263241,13826966.8
11.3932157,cycle1_default_to_reload,Reload,403,0,10.393066,78.156738,-102.216797,3.251953,-61.193848,6.745605,276.533063,101.845189,304.099886,-176.259347,-3.38172298,-6.55537147,17.9186434,32.9682989,10.9127553,9.406152,0.112606953,1.74749987,15.5185787,0.00889758864,13787830.1
11.4183514,cycle1_default_to_reload,Reload,404,0,10.305176,78.244629,-102.150879,3.164062,-61.435547,6.723633,276.413141,101.29721,304.463514,-176.354001,-3.35752987,-6.44707283,11.6954479,26.5954691,10.6201385,9.164453,0.11267039,1.74746817,15.50956,0.0089170311,13763996.2
11.4434025,cycle1_default_to_reload,Reload,405,0,10.239258,78.310547,-102.106934,3.076172,-61.677246,6.723633,276.231924,100.851197,304.682481,-176.456662,-3.33103561,-6.26982053,11.0599551,21.1120171,10.3435761,8.922754,0.112752963,1.74742987,15.497862,0.00893634142,13736653.5
11.4684906,cycle1_default_to_reload,Reload,406,0,10.129395,78.42041,-102.019043,2.922363,-62.050781,6.70166,275.990579,100.110997,305.082304,-176.625596,-3.32337018,-6.04325846,17.625553,34.8857177,9.90195197,8.549219,0.112874793,1.74737674,15.4806639,0.00896654165,13697079.2
11.4935811,cycle1_default_to_reload,Reload,407,0,10.063477,78.486328,-101.975098,2.856445,-62.270508,6.679688,275.842351,99.6908213,305.335775,-176.705064,-3.31284251,-5.89452621,10.061471,20.4303745,9.65025369,8.329492,0.112932644,1.74734132,15.4724203,0.00898339333,13673626.5
11.5221014,cycle1_default_to_reload,Reload,408,0,9.931641,78.618164,-101.843262,2.680664,-62.753906,6.679688,275.572309,98.8149482,305.90308,-176.901238,-3.25491123,-5.60434358,19.7323759,37.7947807,9.08818848,7.846094,0.113053957,1.74727424,15.4552242,0.00902322151,13628442.5
11.5471964,cycle1_default_to_reload,Reload,409,0,9.865723,78.684082,-101.799316,2.614746,-62.973633,6.657715,275.421654,98.394556,306.156897,-176.980589,-3.24252394,-5.45481679,10.0596651,20.4687363,8.83647679,7.626367,0.113108844,1.74723807,15.4474045,0.00903947674,13604930.5
11.572299,cycle1_default_to_reload,Reload,410,0,9.799805,78.75,-101.755371,2.504883,-63.193359,6.657715,275.250233,97.9286746,306.346234,-177.098474,-3.22497212,-5.31417466,10.6125867,21.165105,8.57226657,7.406641,0.113194735,1.74720395,15.4353819,0.0090555781,13578572.4
11.5973849,cycle1_default_to_reload,Reload,411,0,9.733887,78.815918,-101.689453,2.438965,-63.413086,6.657715,275.146991,97.5165914,306.664249,-177.173416,-3.17791095,-5.19674476,10.2146283,21.1538811,8.31684844,7.186914,0.113230655,1.74717343,15.4302158,0.00907293999,13559799.2
11.6227243,cycle1_default_to_reload,Reload,412,0,9.624023,78.925781,-101.57959,2.263184,-63.852539,6.635742,274.861432,96.7482839,307.092482,-177.369476,-3.17773376,-4.904141,20.1503962,36.4959196,7.80726698,6.747461,0.113351639,1.74710764,15.4131662,0.00910732778,13515999.8
11.6478245,cycle1_default_to_reload,Reload,413,0,9.558105,78.991699,-101.535645,2.219238,-64.072266,6.61377,274.716836,96.3505915,307.379153,-177.429169,-3.14793283,-4.74836829,9.86523478,20.363316,7.56212554,6.527734,0.113386358,1.74706938,15.4081091,0.0091226354,13493799.6
11.6729772,cycle1_default_to_reload,Reload,414,0,9.51416,79.057617,-101.491699,2.131348,-64.27002,6.61377,274.539806,96.0159011,307.60276,-177.5228,-3.14556841,-4.63434912,9.32718357,17.4821916,7.32890839,6.32998,0.113446948,1.74703809,15.3996041,0.00913604633,13471289.1
11.7018349,cycle1_default_to_reload,Reload,415,0,9.382324,79.16748,-101.381836,1.977539,-64.6875,6.591797,274.320609,95.1679351,308.065853,-177.696673,-3.09131091,-4.36923771,16.9745628,34.331602,6.83953948,5.9125,0.113540626,1.74697481,15.3863411,0.00916727939,13431251.6
11.7269366,cycle1_default_to_reload,Reload,416,0,9.360352,79.211426,-101.381836,1.955566,-64.775391,6.591797,274.189963,95.0150169,308.186287,-177.724143,-3.07465554,-4.30715653,4.10576163,9.33916027,6.74079981,5.824609,0.113567853,1.74695458,15.3824743,0.00917057279,13417187
11.7520092,cycle1_default_to_reload,Reload,417,0,9.250488,79.321289,-101.271973,1.801758,-65.170898,6.569824,273.955788,94.2754929,308.651177,-177.893162,-3.05096608,-4.07397884,18.5697485,36.0694459,6.27579471,5.429102,0.113653364,1.74689565,15.3703823,0.00919931497,13379569.6
11.7771151,cycle1_default_to_reload,Reload,418,0,9.18457,79.365234,-101.228027,1.73584,-65.368652,6.569824,273.851314,93.8632119,308.828616,-177.972344,-2.99679271,-3.9209825,9.05311556,18.3558821,6.04922433,5.231348,0.113697516,1.74686253,15.3641223,0.0092136042,13359771.1
11.802222,cycle1_default_to_reload,Reload,419,0,9.118652,79.431152,-101.162109,1.647949,-65.632324,6.569824,273.681327,93.4194383,309.113018,-178.074174,-2.95815134,-3.7385505,11.9676946,22.058401,5.74925044,4.967676,0.113748586,1.74682018,15.3568518,0.00923232911,13334450.2
11.8273289,cycle1_default_to_reload,Reload,420,0,9.052734,79.49707,-101.118164,1.582031,-65.808105,6.525879,273.570102,93.0059564,309.37055,-178.145554,-2.97097877,-3.65370371,8.70775806,19.9013399,5.53472683,4.791895,0.113784067,1.74679201,15.3518156,0.00924288158,13315707.7
11.8524008,cycle1_default_to_reload,Reload,421,0,9.008789,79.541016,-101.074219,1.494141,-65.983887,6.547852,273.443536,92.6785483,309.517295,-178.239873,-2.92818512,-3.53740686,8.45158836,15.1747458,5.32679076,4.616113,0.113837008,1.74676432,15.3444328,0.00925507285,13297037.7
11.8808596,cycle1_default_to_reload,Reload,422,0,8.920898,79.650879,-101.008301,1.384277,-66.335449,6.525879,273.138597,92.081925,309.92252,-178.368771,-2.90309418,-3.29191453,14.068062,27.5148954,4.92718669,4.264551,0.113910517,1.74670076,15.3339727,0.00927588427,13257588.7
11.9059489,cycle1_default_to_reload,Reload,423,0,8.876953,79.694824,-100.964355,1.340332,-66.489258,6.525879,273.0538,91.8052359,310.135135,-178.419859,-2.86577601,-3.20028147,7.06076948,14.3128803,4.75053308,4.110742,0.113927931,1.7466769,15.3314195,0.00928617732,13244021.6
11.9310546,cycle1_default_to_reload,Reload,424,0,8.811035,79.73877,-100.92041,1.252441,-66.665039,6.503906,272.961041,91.3726877,310.282288,-178.514831,-2.85517388,-3.08470128,8.66409383,18.570059,4.53575183,3.934961,0.113978628,1.74664869,15.3243526,0.00929789184,13225346
11.9561734,cycle1_default_to_reload,Reload,425,0,8.76709,79.782715,-100.876465,1.208496,-66.818848,6.503906,272.875348,91.0959396,310.495043,-178.565884,-2.81713356,-2.99280384,7.05244934,14.3096118,4.3590736,3.781152,0.113995214,1.74662467,15.3219123,0.0093079836,13211756.6
11.9812706,cycle1_default_to_reload,Reload,426,0,8.679199,79.892578,-100.810547,1.098633,-67.126465,6.503906,272.615444,90.5065349,310.902599,-178.687864,-2.75327624,-2.81324969,14.4126167,30.3726377,3.99838392,3.473535,0.114056621,1.74657087,15.3131914,0.00932458153,13177206.3
12.0063944,cycle1_default_to_reload,Reload,427,0,8.635254,79.914551,-100.766602,1.054688,-67.280273,6.481934,272.559202,90.2344492,311.037627,-178.74216,-2.74834176,-2.68750574,6.94168528,12.2955579,3.82629905,3.319727,0.114074964,1.74654669,15.3105171,0.00933622415,13165005.7
12.0314758,cycle1_default_to_reload,Reload,428,0,8.591309,79.958496,-100.744629,1.010742,-67.434082,6.481934,272.424254,89.9504837,311.186887,-178.796557,-2.70887194,-2.56125254,6.89807251,13.8760782,3.65408456,3.165918,0.114107543,1.74651646,15.3058809,0.0093444994,13146763.9
12.0611916,cycle1_default_to_reload,Reload,429,0,8.503418,80.046387,-100.678711,0.878906,-67.741699,6.459961,272.183515,89.3417565,311.484812,-178.941542,-2.68933248,-2.35151374,12.2397021,24.2029875,3.29158404,2.858301,0.114183416,1.74646255,15.2952383,0.00936215044,13112327
12.0863159,cycle1_default_to_reload,Reload,430,0,8.481445,80.090332,-100.634766,0.856934,-67.873535,6.481934,272.094204,89.1969983,311.730959,-178.968569,-2.63603268,-2.2878271,5.99565959,11.9087186,3.14653281,2.726465,0.114179436,1.74644309,15.2956009,0.00937014782,13102421.9
12.1113639,cycle1_default_to_reload,Reload,431,0,8.415527,80.15625,-100.59082,0.791016,-68.071289,6.437988,271.950452,88.7801179,311.988088,-179.042872,-2.64337239,-2.16631223,9.44797767,20.3792453,2.91300025,2.528711,0.114212202,1.74640836,15.2909087,0.00938052131,13081060.8
12.1364849,cycle1_default_to_reload,Reload,432,0,8.393555,80.178223,-100.568848,0.725098,-68.203125,6.437988,271.82702,88.5845553,312.028617,-179.116407,-2.64897461,-2.04353606,6.05991465,9.34607545,2.76416133,2.396875,0.114256662,1.7463835,15.2847412,0.00938870537,13065473.3
12.161572,cycle1_default_to_reload,Reload,433,0,8.349609,80.222168,-100.546875,0.681152,-68.312988,6.437988,271.739499,88.3078497,312.179502,-179.164134,-2.60721913,-1.98460784,5.39913439,13.0384265,2.63009443,2.287012,0.11428021,1.74636356,15.2814172,0.00939354488,13052199.6
12.1904857,cycle1_default_to_reload,Reload,434,0,8.283691,80.288086,-100.480957,0.593262,-68.57666,6.416016,271.559008,87.8631777,312.466533,-179.264821,-2.59222066,-1.79837271,10.4197458,19.3400413,2.32931449,2.02334,0.114318902,1.74631897,15.2758551,0.00940923152,13026659.2
12.2155821,cycle1_default_to_reload,Reload,435,0,8.239746,80.310059,-100.458984,0.571289,-68.686523,6.416016,271.510405,87.6154467,312.572518,-179.295515,-2.53723256,-1.70082767,4.95273647,10.909877,2.20697444,1.913477,0.114330241,1.74629872,15.2741629,0.00941583312,13016058.6
12.2406676,cycle1_default_to_reload,Reload,436,0,8.195801,80.375977,-100.415039,0.505371,-68.862305,6.394043,271.35505,87.3063668,312.830486,-179.36598,-2.54221162,-1.61190975,8.35569391,17.2021664,1.99877806,1.737695,0.114357311,1.74626895,15.2702869,0.00942415728,12997156.5
12.2657754,cycle1_default_to_reload,Reload,437,0,8.173828,80.397949,-100.393066,0.461426,-68.972168,6.416016,271.264067,87.1383919,312.904352,-179.416369,-2.499217,-1.51810323,5.02723088,8.15745608,1.87609625,1.627832,0.11438245,1.74624887,15.2667553,0.00943059497,12985314.4
12.2908721,cycle1_default_to_reload,Reload,438,0,8.151855,80.419922,-100.349121,0.41748,-69.060059,6.394043,271.244793,86.9805934,313.042339,-179.460017,-2.52476902,-1.49279408,4.54936736,8.38775737,1.76685732,1.539941,0.114386596,1.74623996,15.2661241,0.00943701827,12980508
12.3189712,cycle1_default_to_reload,Reload,439,0,8.085938,80.48584,-100.305176,0.351562,-69.279785,6.394043,271.072318,86.5604834,313.299562,-179.537488,-2.46011694,-1.33524114,8.9500418,18.5743892,1.5156119,1.320215,0.114419234,1.74619946,15.2614155,0.00944781709,12956590.9
12.3445597,cycle1_default_to_reload,Reload,440,0,8.085938,80.507812,-100.305176,0.351562,-69.32373,6.394043,270.99131,86.5490837,313.375681,-179.540434,-2.46045492,-1.30109161,1.92007176,4.36690944,1.47207934,1.27627,0.114423186,1.74618888,15.2607959,0.00944865055,12950145.1
12.3696492,cycle1_default_to_reload,Reload,441,0,8.02002,80.529785,-100.26123,0.285645,-69.499512,6.394043,270.930746,86.1449913,313.480101,-179.617817,-2.39480744,-1.14329464,8.16866819,16.8093122,1.26999703,1.100488,0.114453848,1.74615893,15.2564458,0.00946034737,12934114.4
12.3947477,cycle1_default_to_reload,Reload,442,0,8.02002,80.551758,-100.26123,0.263672,-69.543457,6.394043,270.841456,86.1090776,313.524004,-179.641017,-2.40718953,-1.11331441,2.14441852,4.21469502,1.22021578,1.056543,0.114471751,1.7461485,15.2539687,0.00946109182,12926454.1
12.4198251,cycle1_default_to_reload,Reload,443,0,7.976074,80.617676,-100.217285,0.197754,-69.719238,6.394043,270.68389,85.7999047,313.782142,-179.711754,-2.37543766,-1.02348741,8.31231634,17.2463539,1.0129673,0.880762,0.11449666,1.74611843,15.2503875,0.00946878917,12907514.1
12.4449165,cycle1_default_to_reload,Reload,444,0,7.954102,80.639648,-100.195312,0.197754,-69.785156,6.37207,270.657705,85.6879326,313.921506,-179.714867,-2.37576011,-0.989459049,3.15739101,7.20090837,0.939381499,0.814844,0.114486126,1.74610846,15.2517036,0.00947229588,12903071.2
12.4700511,cycle1_default_to_reload,Reload,445,0,7.932129,80.639648,-100.17334,0.153809,-69.873047,6.37207,270.622371,85.5276994,313.919503,-179.764781,-2.3656149,-0.895258519,4.10037013,6.52865903,0.840821782,0.726953,0.114509167,1.7460935,15.2485041,0.00947894708,12895178.4
12.4971533,cycle1_default_to_reload,Reload,446,0,7.888184,80.683594,-100.151367,0.109863,-70.004883,6.37207,270.506525,85.2479828,314.070327,-179.815169,-2.32098646,-0.801030621,5.67514145,12.4803276,0.687591893,0.595117,0.114533207,1.74606792,15.2450801,0.00948434768,12879373.1
12.5222487,cycle1_default_to_reload,Reload,447,0,7.866211,80.705566,-100.129395,0.087891,-70.070801,6.37207,270.471857,85.1113858,314.177505,-179.838906,-2.29857131,-0.770979713,3.15687002,7.0551778,0.608656748,0.529199,0.114536386,1.74605806,15.2445709,0.00948772494,12873718.6
12.5473604,cycle1_default_to_reload,Reload,448,0,7.844238,80.727539,-100.129395,0.087891,-70.136719,6.350098,270.398399,84.9930782,314.253391,-179.84478,-2.29874454,-0.702640114,3.03108213,6.3154819,0.5402478,0.463281,0.11454316,1.74604221,15.2435309,0.0094897354,12864759.2
12.5724514,cycle1_default_to_reload,Reload,449,0,7.822266,80.727539,-100.107422,0.065918,-70.180664,6.37207,270.420255,84.8643074,314.28429,-179.868856,-2.24171073,-0.672515512,2.47689535,5.34925549,0.486304972,0.419336,0.114545684,1.74603764,15.2431552,0.00949371232,12863061.1
12.5975289,cycle1_default_to_reload,Reload,450,0,7.800293,80.771484,-100.085449,0.021973,-70.290527,6.37207,270.295837,84.6918254,314.43537,-179.915783,-2.23098942,-0.612266708,5.18358021,10.4026555,0.357783587,0.309473,0.114566164,1.74601729,15.2402527,0.00949764708,12849748
12.6226332,cycle1_default_to_reload,Reload,451,0,7.800293,80.771484,-100.085449,0.021973,-70.334473,6.37207,270.246443,84.6850655,314.435045,-179.921421,-2.23107182,-0.543806324,1.75053786,1.98592215,0.320531036,0.265527,0.11457228,1.74600674,15.2393471,0.00950025461,12844747.7
12.6477094,cycle1_default_to_reload,Reload,452,0,7.77832,80.793457,-100.041504,-0.021973,-70.400391,6.350098,270.250028,84.5300826,314.573553,-179.962361,-2.25457046,-0.551973022,3.91865969,8.29023776,0.230148931,0.199609,0.114571452,1.74600281,15.2394228,0.00950488553,12842381.3
12.6728041,cycle1_default_to_reload,Reload,453,0,7.77832,80.81543,-100.041504,-0.021973,-70.444336,6.350098,270.168484,84.5189375,314.649636,-179.965169,-2.25458691,-0.517734538,1.95786896,4.46631766,0.186854415,0.155664,0.114575013,1.74599224,15.238857,0.00950552088,12835914.5
12.6979029,cycle1_default_to_reload,Reload,454,0,7.756348,80.81543,-100.041504,-0.065918,-70.466309,6.37207,270.160264,84.3623199,314.585077,179.961899,2.20842115,0.491482233,2.31618963,6.75733387,0.155673489,0.133691,0.1146056,1.74598712,15.2347452,0.00950669381,12831049.9
12.723006,cycle1_default_to_reload,Reload,455,0,7.734375,80.81543,-100.041504,-0.065918,-70.488281,6.350098,270.167899,84.2553429,314.584948,179.959172,2.20836737,0.45721296,1.51603625,4.27235226,0.129618729,0.111719,0.114608613,1.74598185,15.2342988,0.00950798554,12828549.5
12.7480905,cycle1_default_to_reload,Reload,456,0,7.734375,80.837402,-100.019531,-0.087891,-70.554199,6.350098,270.100314,84.222367,314.692188,179.935814,2.21940044,0.426905001,3.03436639,5.22153568,0.0624827918,0.045801,0.114611359,1.74597194,15.2338473,0.00951123186,12822882.4
12.7731981,cycle1_default_to_reload,Reload,457,0,7.734375,80.859375,-99.997559,-0.065918,-70.576172,6.350098,270.097886,84.2457954,314.864084,179.95914,2.20821711,0.45721776,1.75028522,6.91035961,0.0344228942,0.024375,0.114580569,1.74597243,15.2379452,0.00951201458,12824568
12.798332,cycle1_default_to_reload,Reload,458,0,7.712402,80.859375,-100.019531,-0.087891,-70.598145,6.37207,270.050993,84.1077006,314.76826,179.934021,2.15028984,0.392657183,1.95482311,6.94295854,0.0346155167,0.02207,0.114614858,1.74596137,15.23329,0.00951183983,12816414.8
12.8234651,cycle1_default_to_reload,Reload,459,0,7.712402,80.859375,-99.997559,-0.087891,-70.598145,6.350098,270.097557,84.1140066,314.831749,179.936163,2.18479679,0.426892486,1.23634011,3.14272731,0.0183209503,0.017891,0.114597316,1.74596723,15.2356729,0.00951323791,12820889.4
12.8485572,cycle1_default_to_reload,Reload,460,0,7.712402,80.859375,-99.997559,-0.087891,-70.598145,6.37207,270.097557,84.1140066,314.831749,179.936631,2.15029608,0.426907677,0.87565322,0,0.0286833142,0.02207,0.114597316,1.74596723,15.2356729,0.00951323791,12820889.4
12.8757675,cycle1_default_to_reload,Reload,461,0,7.712402,80.859375,-99.975586,-0.087891,-70.620117,6.328125,270.119401,84.116952,314.89514,179.935679,2.21924888,0.426880945,1.9779841,2.46646589,0.0424911852,0.024414,0.114582759,1.74596782,15.2376137,0.00951591696,12822860.9
12.9008715,cycle1_default_to_reload,Reload,462,0,7.712402,80.859375,-99.997559,-0.087891,-70.620117,6.350098,270.072858,84.1106489,314.83164,179.933547,2.18474002,0.392643317,1.23782894,3.14620676,0.0271460841,0.020117,0.114600309,1.74596196,15.235229,0.00951452076,12818388.3
12.9259369,cycle1_default_to_reload,Reload,463,0,7.712402,80.859375,-99.997559,-0.087891,-70.620117,6.350098,270.072858,84.1106489,314.83164,179.933547,2.18474002,0.392643317,0,0,0.0271460841,0.020117,0.114600309,1.74596196,15.235229,0.00951452076,12818388.3
12.9510405,cycle1_default_to_reload,Reload,464,0,7.712402,80.859375,-99.975586,-0.109863,-70.620117,6.350098,270.111501,84.0920941,314.86293,179.915419,2.195869,0.43083438,1.23782429,2.11414389,0.0509506201,0.039863,0.114596499,1.74596788,15.2357873,0.009515856,12821685.3
12.9761286,cycle1_default_to_reload,Reload,465,0,7.712402,80.859375,-99.997559,-0.087891,-70.620117,6.350098,270.072858,84.1106489,314.83164,179.933547,2.18474002,0.392643317,1.23858891,2.11544982,0.0271460841,0.020117,0.114600309,1.74596196,15.235229,0.00951452076,12818388.3
13.001241,cycle1_default_to_reload,Reload,466,0,7.712402,80.881348,-99.997559,-0.065918,-70.620117,6.37207,270.048509,84.1311275,314.940138,179.957353,2.13911657,0.422965833,1.5154979,4.50244137,0.0370932137,0.02207,0.114584082,1.74596187,15.2373857,0.0095126181,12818096.4
13.0263653,cycle1_default_to_reload,Reload,467,0,7.712402,80.859375,-99.997559,-0.087891,-70.620117,6.350098,270.072858,84.1106489,314.83164,179.933547,2.18474002,0.392643317,1.51477883,4.50030506,0.0271460841,0.020117,0.114600309,1.74596196,15.235229,0.00951452076,12818388.3
13.0514498,cycle1_default_to_reload,Reload,468,0,7.712402,80.881348,-99.975586,-0.065918,-70.620117,6.350098,270.095015,84.1374256,315.003661,179.959489,2.17363397,0.457214282,1.51720621,6.99623765,0.0384566785,0.024414,0.114566528,1.74596772,15.2397716,0.00951401263,12822566.6
13.0770142,cycle1_default_to_reload,Reload,469,0,7.712402,80.859375,-99.997559,-0.087891,-70.620117,6.350098,270.072858,84.1106489,314.83164,179.933547,2.18474002,0.392643317,1.48872278,6.86489303,0.0271460841,0.020117,0.114600309,1.74596196,15.235229,0.00951452076,12818388.3
13.1021137,cycle1_default_to_reload,Reload,470,0,7.712402,80.859375,-99.997559,-0.087891,-70.620117,6.350098,270.072858,84.1106489,314.83164,179.933547,2.18474002,0.392643317,0,0,0.0271460841,0.020117,0.114600309,1.74596196,15.235229,0.00951452076,12818388.3
13.1272058,cycle1_default_to_reload,Reload,471,0,7.712402,80.859375,-99.997559,-0.087891,-70.620117,6.350098,270.072858,84.1106489,314.83164,179.933547,2.18474002,0.392643317,0,0,0.0271460841,0.020117,0.114600309,1.74596196,15.235229,0.00951452076,12818388.3
13.1544795,cycle1_default_to_reload,Reload,472,0,7.712402,80.859375,-99.997559,-0.087891,-70.620117,6.350098,270.072858,84.1106489,314.83164,179.933547,2.18474002,0.392643317,0,0,0.0271460841,0.020117,0.114600309,1.74596196,15.235229,0.00951452076,12818388.3
13.1795771,cycle1_default_to_reload,Reload,473,0,7.712402,80.859375,-99.975586,-0.065918,-70.620117,6.37207,270.127305,84.1417985,314.92736,179.957353,2.13911657,0.422965833,1.51639049,4.55989543,0.0388670161,0.024414,0.11456902,1.74596775,15.2394404,0.00951597791,12824037
13.2046807,cycle1_default_to_reload,Reload,474,0,7.712402,80.859375,-99.997559,-0.087891,-70.620117,6.350098,270.072858,84.1106489,314.83164,179.933547,2.18474002,0.392643317,1.51603045,4.55881275,0.0271460841,0.020117,0.114600309,1.74596196,15.235229,0.00951452076,12818388.3
13.2297876,cycle1_default_to_reload,Reload,475,0,7.712402,80.859375,-99.997559,-0.065918,-70.620117,6.350098,270.080775,84.1354971,314.863855,179.954279,2.17360849,0.388700401,0.8751775,1.65085695,0.020820296,0.020117,0.114586572,1.74596189,15.2370549,0.00951458241,12819565.4
13.2550552,cycle1_default_to_reload,Reload,476,0,7.712402,80.881348,-99.997559,-0.087891,-70.620117,6.350098,270.040605,84.106281,314.907918,179.936153,2.18474669,0.426896156,1.22981658,2.62782007,0.0345290655,0.021348,0.114597819,1.74596193,15.2355599,0.00951255633,12816920
13.266901,cycle1_reload_to_default,Default,0,0,7.712402,80.881348,-99.997559,-0.087891,-70.620117,6.350098,270.040605,84.106281,314.907918,179.936153,2.18474669,0.426896156,0,0,194.663915,168.442383,0.114597819,1.74596193,15.2355599,0.00951255633,12816920
13.2920232,cycle1_reload_to_default,Default,1,0,7.712402,80.859375,-99.997559,-0.087891,-70.598145,6.350098,270.097557,84.1140066,314.831749,179.936163,2.18479679,0.426892486,1.23690799,3.79823471,194.639494,168.420411,0.114597316,1.74596723,15.2356729,0.00951323791,12820889.4
13.3171003,cycle1_reload_to_default,Default,2,0,7.712402,80.859375,-99.997559,-0.065918,-70.620117,6.350098,270.080775,84.1354971,314.863855,179.954279,2.17360849,0.388700401,1.2391306,1.67969166,194.651883,168.442383,0.114586572,1.74596189,15.2370549,0.00951458241,12819565.4
13.3422105,cycle1_reload_to_default,Default,3,0,7.712402,80.859375,-99.997559,-0.087891,-70.620117,6.37207,270.072858,84.1106489,314.83164,179.93401,2.15023975,0.392659301,1.23749521,1.6506375,194.657739,168.442383,0.114600309,1.74596196,15.235229,0.00951452076,12818388.3
13.3672974,cycle1_reload_to_default,Default,4,0,7.712402,80.859375,-99.997559,-0.087891,-70.598145,6.37207,270.097557,84.1140066,314.831749,179.936631,2.15029608,0.426907677,0.875836303,0.993604762,194.638726,168.420411,0.114597316,1.74596723,15.2356729,0.00951323791,12820889.4
13.3924613,cycle1_reload_to_default,Default,5,0,7.712402,80.881348,-99.997559,-0.065918,-70.598145,6.350098,270.073209,84.134482,314.940258,179.959497,2.17367155,0.457211143,1.5123964,4.49356576,194.638278,168.420411,0.114581079,1.74596714,15.2378312,0.00951133517,12820597.4
13.417799,cycle1_reload_to_default,Default,6,0,7.712402,80.881348,-99.997559,-0.065918,-70.576172,6.350098,270.097909,84.1378367,314.940387,179.9621,2.17372175,0.491468013,0.867205919,0.983813901,194.619266,168.398438,0.114578072,1.74597241,15.2382771,0.00951005079,12823098.6
13.4470277,cycle1_reload_to_default,Default,7,0,7.712402,80.859375,-99.997559,-0.043945,-70.554199,6.350098,270.162798,84.1703872,314.896437,179.982835,2.16260589,0.487534972,1.30208901,2.90339016,194.58822,168.376465,0.114563807,1.74597763,15.2402201,0.00951078917,12828247.1
13.4721191,cycle1_reload_to_default,Default,8,0,7.712402,80.859375,-100.019531,-0.043945,-70.532227,6.350098,270.140958,84.1674359,314.833049,179.982841,2.16263094,0.487533918,1.23839596,2.6746071,194.564845,168.354493,0.114578337,1.74597704,15.2382822,0.00950810535,12826274.3
13.4972084,cycle1_reload_to_default,Default,9,0,7.712402,80.859375,-100.019531,-0.021973,-70.488281,6.328125,270.1983,84.1989436,314.865563,-179.963494,-2.18550956,-0.552004736,2.14522953,2.9120593,194.520968,168.310547,0.114558522,1.74598751,15.2410093,0.00950558631,12832455.5
13.5223103,cycle1_reload_to_default,Default,10,0,7.734375,80.837402,-100.019531,-0.043945,-70.466309,6.350098,270.21498,84.2854885,314.757145,-179.983781,-2.19720929,-0.556043899,1.95731108,5.56625174,194.497054,168.288575,0.114571775,1.74599288,15.2392933,0.00950619463,12835244.8
13.5473826,cycle1_reload_to_default,Default,11,0,7.756348,80.837402,-100.041504,-0.021973,-70.400391,6.37207,270.218092,84.4176776,314.726315,-179.957588,-2.18547689,-0.6204506,3.15979296,5.41523143,194.422917,168.222657,0.114566428,1.74600276,15.2400907,0.00950097162,12839449
13.5724642,cycle1_reload_to_default,Default,12,0,7.756348,80.81543,-100.041504,-0,-70.378418,6.350098,270.282936,84.4502164,314.682333,-179.93683,-2.20826797,-0.616393601,1.7520788,3.38255275,194.392639,168.200684,0.114552098,1.74600797,15.2420427,0.00950169009,12844599.4
13.5975463,cycle1_reload_to_default,Default,13,0,7.77832,80.81543,-100.041504,0.021973,-70.290527,6.350098,270.357282,84.5921197,314.71533,-179.9046,-2.2308741,-0.749220047,3.71668732,6.52108099,194.304624,168.112793,0.114526042,1.74602898,15.2456939,0.00949654039,12855785.6
13.6226411,cycle1_reload_to_default,Default,14,0,7.77832,80.793457,-100.063477,0.065918,-70.268555,6.350098,270.383524,84.6430108,314.639995,-179.866656,-2.20735518,-0.706832177,2.31657878,3.77071857,194.262592,168.090821,0.114515382,1.74602821,15.2471064,0.00949590647,12857642.5
13.6477456,cycle1_reload_to_default,Default,15,0,7.800293,80.771484,-100.085449,0.087891,-70.180664,6.350098,270.443357,84.7829276,314.533044,-179.840091,-2.2298558,-0.771145729,3.91423993,7.4089423,194.164801,168.00293,0.114509241,1.74604336,15.2480564,0.00949127561,12865813.9
13.6728344,cycle1_reload_to_default,Default,16,0,7.822266,80.749512,-100.085449,0.109863,-70.136719,6.350098,270.500342,84.9225126,314.489235,-179.816348,-2.25240434,-0.801217576,2.31711408,6.25795422,194.1094,167.958985,0.114491705,1.74605383,15.2504832,0.00949065166,12873470.3
13.6979315,cycle1_reload_to_default,Default,17,0,7.844238,80.727539,-100.107422,0.153809,-70.026855,6.350098,270.592736,85.0905156,314.414821,-179.766511,-2.26281925,-0.895561686,4.95263758,8.19484802,193.985975,167.849121,0.1144684,1.74607412,15.2537654,0.00948470734,12885331.7
13.7230346,cycle1_reload_to_default,Default,18,0,7.866211,80.705566,-100.129395,0.175781,-69.960938,6.37207,270.627591,85.2270801,314.307679,-179.743095,-2.25067061,-0.925503072,3.2750268,7.05263522,193.906426,167.783204,0.114465144,1.74608396,15.2542853,0.00948132432,12890997.8
13.7481208,cycle1_reload_to_default,Default,19,0,7.910156,80.661621,-100.151367,0.219727,-69.873047,6.37207,270.694349,85.4999073,314.156442,-179.698488,-2.29533017,-0.95128156,4.71680536,12.7163712,193.79126,167.695313,0.114447283,1.74609897,15.256797,0.00947858008,12901822.1
13.7732213,cycle1_reload_to_default,Default,20,0,7.932129,80.639648,-100.17334,0.219727,-69.807129,6.350098,270.720787,85.611868,314.017035,-179.694754,-2.36389471,-0.985472175,3.15626242,7.20080953,193.719874,167.629395,0.114457834,1.74610894,15.2554777,0.00947509777,12906280
13.7983921,cycle1_reload_to_default,Default,21,0,7.954102,80.617676,-100.217285,0.241699,-69.675293,6.37207,270.782456,85.7521523,313.847229,-179.665529,-2.35118903,-1.08368421,5.79043226,9.08707517,193.578924,167.497559,0.114462301,1.7461287,15.255055,0.00946620225,12914921.6
13.8234687,cycle1_reload_to_default,Default,22,0,7.976074,80.595703,-100.239258,0.285645,-69.587402,6.37207,270.849615,85.9167224,313.772699,-179.618533,-2.36101422,-1.14359369,4.20223024,7.68600545,193.47451,167.409668,0.114441516,1.74614364,15.2579562,0.00946141888,12924275.1
13.8485494,cycle1_reload_to_default,Default,23,0,8.02002,80.551758,-100.26123,0.351562,-69.455566,6.37207,270.973037,86.2210021,313.654376,-179.547739,-2.3926794,-1.23329735,6.4378259,13.9161586,193.314696,167.277832,0.114402627,1.74616896,15.2633642,0.00945585243,12941295.1
13.8736396,cycle1_reload_to_default,Default,24,0,8.041992,80.507812,-100.283203,0.373535,-69.367676,6.37207,271.063469,86.3654854,313.470782,-179.524037,-2.41420639,-1.26313876,4.19992091,9.98473398,193.211497,167.189942,0.114398174,1.74618405,15.2640902,0.00945285871,12950891.6
13.8987334,cycle1_reload_to_default,Default,25,0,8.063965,80.48584,-100.305176,0.41748,-69.279785,6.394043,271.13031,86.5299839,313.396329,-179.477351,-2.38909614,-1.32273021,4.28966014,7.67271504,193.106313,167.102051,0.114376937,1.74619891,15.2670543,0.00944796286,12960247.9
13.9238186,cycle1_reload_to_default,Default,26,0,8.129883,80.441895,-100.349121,0.483398,-69.082031,6.416016,271.24684,86.9419116,313.215698,-179.40023,-2.41934896,-1.48002888,9.10283576,18.5225159,192.878982,166.904297,0.114344833,1.74623404,15.271648,0.00943664146,12980237.1
13.948911,cycle1_reload_to_default,Default,27,0,8.151855,80.397949,-100.371094,0.527344,-68.972168,6.394043,271.369635,87.1143123,313.064766,-179.352999,-2.46232226,-1.53977496,5.25403545,10.3602671,192.750918,166.794434,0.114322431,1.74625414,15.2748163,0.00943215278,12993541.6
13.973989,cycle1_reload_to_default,Default,28,0,8.195801,80.354004,-100.393066,0.549316,-68.796387,6.394043,271.524435,87.376844,312.883011,-179.3164,-2.51685599,-1.70564232,7.53709224,14.1499644,192.566323,166.618653,0.114303863,1.74629029,15.277614,0.00942334202,13013101.7
13.9990849,cycle1_reload_to_default,Default,29,0,8.239746,80.332031,-100.437012,0.615234,-68.686523,6.394043,271.543071,87.6663891,312.777898,-179.248558,-2.54695016,-1.76057367,5.74136987,12.2967058,192.426566,166.508789,0.114281596,1.74630414,15.2807118,0.00941545157,13021641.5
14.024184,cycle1_reload_to_default,Default,30,0,8.261719,80.288086,-100.458984,0.637207,-68.57666,6.416016,271.656829,87.8144999,312.594726,-179.222031,-2.53298575,-1.82402124,5.02899779,10.4223322,192.303582,166.398926,0.114272861,1.7463244,15.2820572,0.00941074097,13033697.7
14.0511661,cycle1_reload_to_default,Default,31,0,8.349609,80.222168,-100.50293,0.725098,-68.334961,6.437988,271.826459,88.3667028,312.370825,-179.120542,-2.58256113,-2.00990361,10.523622,22.9612939,192.02085,166.157227,0.114220114,1.74636961,15.2895103,0.00939792366,13061334.4
14.0762715,cycle1_reload_to_default,Default,32,0,8.371582,80.178223,-100.524902,0.769043,-68.203125,6.437988,271.972775,88.5426404,312.220557,-179.070401,-2.58965528,-2.10309347,5.93598098,10.9042825,191.873003,166.025391,0.114192989,1.74639481,15.2933628,0.00939164101,13077120.2
14.1028378,cycle1_reload_to_default,Default,33,0,8.4375,80.134277,-100.59082,0.856934,-68.005371,6.437988,272.047258,88.9720293,312.009431,-178.975597,-2.63853244,-2.22091405,9.02248477,18.2279534,191.635455,165.827637,0.114160817,1.74642327,15.297922,0.00937810763,13093752.4
14.1279366,cycle1_reload_to_default,Default,34,0,8.459473,80.090332,-100.612793,0.922852,-67.851562,6.437988,272.226432,89.1754969,311.892273,-178.902161,-2.63190938,-2.34349115,7.00358664,11.7672866,191.461974,165.673828,0.114114893,1.74645331,15.3043417,0.00937020743,13113288
14.1530418,cycle1_reload_to_default,Default,35,0,8.503418,80.046387,-100.634766,0.966797,-67.719727,6.459961,272.337893,89.4557464,311.742158,-178.851402,-2.63806957,-2.43571009,6.18871564,13.4192958,191.308012,165.541993,0.114086793,1.74647835,15.3083307,0.00936366822,13129068.4
14.1781611,cycle1_reload_to_default,Default,36,0,8.547363,80.002441,-100.678711,1.032715,-67.587891,6.459961,272.410255,89.7529209,311.560605,-178.783792,-2.66517287,-2.48976632,6.6040839,14.159738,191.143836,165.410157,0.114061288,1.746497,15.3119173,0.0093556546,13141528.5
14.2032671,cycle1_reload_to_default,Default,37,0,8.635254,79.914551,-100.766602,1.120605,-67.280273,6.459961,272.585627,90.3062526,311.134518,-178.682068,-2.74352405,-2.67442247,14.1121516,28.680706,190.790696,165.102539,0.114030974,1.74654544,15.3164126,0.00933630823,13168853.3
14.2284989,cycle1_reload_to_default,Default,38,0,8.657227,79.892578,-100.766602,1.142578,-67.214355,6.481934,272.664517,90.4500591,311.091396,-178.654986,-2.7291151,-2.73706471,3.13984044,6.72157822,190.715511,165.036621,0.114007705,1.74656087,15.319674,0.00933361499,13179037.8
14.2535772,cycle1_reload_to_default,Default,39,0,8.745117,79.804688,-100.854492,1.252441,-66.906738,6.481934,272.84675,91.0272555,310.697907,-178.53319,-2.79288884,-2.91666984,14.3701009,28.7874788,190.355753,164.729004,0.113960991,1.74660859,15.3263724,0.00931383732,13207595.3
14.2786748,cycle1_reload_to_default,Default,40,0,8.789062,79.760742,-100.876465,1.296387,-66.730957,6.503906,273.005252,91.3148717,310.549824,-178.475412,-2.79652359,-3.07588063,7.73210021,14.3536491,190.163763,164.553223,0.113923177,1.74664387,15.3317693,0.00930368739,13228324.5
14.303771,cycle1_reload_to_default,Default,41,0,8.833008,79.716797,-100.92041,1.340332,-66.577148,6.503906,273.090922,91.5915598,310.337104,-178.424382,-2.8342234,-3.16765918,7.05882419,14.3196272,189.987193,164.399414,0.113906274,1.74666781,15.3342546,0.00929354208,13241928.3
14.3301871,cycle1_reload_to_default,Default,42,0,8.942871,79.628906,-101.008301,1.472168,-66.225586,6.525879,273.293044,92.3042027,309.97852,-178.274872,-2.88092848,-3.40838668,15.5613821,31.1545232,189.576672,164.047852,0.113833371,1.74672493,15.344577,0.0092698285,13276692
14.3552775,cycle1_reload_to_default,Default,43,0,8.986816,79.562988,-101.030273,1.538086,-66.049805,6.525879,273.489393,92.6203955,309.784846,-178.200476,-2.90360551,-3.52897728,8.16832352,16.7223615,189.373424,163.872071,0.113781712,1.74675937,15.3518464,0.00926103691,13300129.5
14.3803906,cycle1_reload_to_default,Default,44,0,9.030762,79.519043,-101.074219,1.604004,-65.874023,6.525879,273.607141,92.9241827,309.605808,-178.126068,-2.92583111,-3.6494105,8.06665549,14.8034418,189.171219,163.696289,0.113743929,1.74678764,15.3571945,0.00924887619,13317498.9
14.4054658,cycle1_reload_to_default,Default,45,0,9.09668,79.475098,-101.140137,1.691895,-65.698242,6.525879,273.649901,93.3485942,309.395325,-178.034734,-2.96767779,-3.73068281,8.8498948,18.9695241,188.952691,163.520508,0.113707754,1.74680908,15.3622688,0.00923514896,13331527.6
14.4305415,cycle1_reload_to_default,Default,46,0,9.18457,79.365234,-101.206055,1.801758,-65.324707,6.547852,273.976867,93.9484755,308.991884,-177.902105,-2.98879884,-4.00860277,16.7408013,31.6413508,188.534072,163.146973,0.113625913,1.74687699,15.3739314,0.00921178961,13373452.3
14.4556365,cycle1_reload_to_default,Default,47,0,9.250488,79.299316,-101.25,1.889648,-65.126953,6.569824,274.120733,94.3888384,308.768014,-177.807316,-2.99426609,-4.12239383,9.59148329,20.5030551,188.294714,162.949219,0.113569183,1.74690926,15.3818951,0.00919922635,13396024.4
14.4807396,cycle1_reload_to_default,Default,48,0,9.316406,79.255371,-101.293945,1.933594,-64.929199,6.569824,274.215273,94.7777657,308.558497,-177.747685,-3.06153999,-4.27980649,8.84006854,17.9967371,188.074771,162.751465,0.113539387,1.7469429,15.3862281,0.00918474972,13414483.4
14.5058463,cycle1_reload_to_default,Default,49,0,9.360352,79.189453,-101.337891,2.021484,-64.731445,6.569824,274.394235,95.1128499,308.334764,-177.653908,-3.06583577,-4.39444212,9.34428563,17.5598261,187.841525,162.553711,0.113481218,1.74697481,15.394396,0.00917187063,13437042.2
14.5309329,cycle1_reload_to_default,Default,50,0,9.470215,79.07959,-101.447754,2.175293,-64.313965,6.591797,274.651232,95.8553522,307.871737,-177.481234,-3.08593429,-4.66021602,19.3089106,36.3541644,187.357572,162.136231,0.113387559,1.74703798,15.407669,0.009140712,13477149.7
14.5560286,cycle1_reload_to_default,Default,51,0,9.536133,79.013672,-101.491699,2.219238,-64.116211,6.591797,274.772569,96.2492492,307.583542,-177.425409,-3.15086674,-4.78327081,9.0568062,20.0402961,187.132221,161.938477,0.113358234,1.74707112,15.4119472,0.00912735008,13496925.8
14.5811372,cycle1_reload_to_default,Default,52,0,9.602051,78.947754,-101.557617,2.307129,-63.896484,6.61377,274.888411,96.6846507,307.297505,-177.331032,-3.15141617,-4.89566301,10.5012892,21.2547663,186.869484,161.71875,0.113309396,1.7471013,15.4188563,0.00911058854,13517192.6
14.6062694,cycle1_reload_to_default,Default,53,0,9.689941,78.859863,-101.601562,2.416992,-63.544922,6.635742,275.201474,97.2837998,307.037774,-177.192823,-3.16632494,-5.20361232,15.5906868,28.8151768,186.479653,161.367188,0.113200778,1.74716768,15.4342373,0.00908617165,13559815.4
14.6313739,cycle1_reload_to_default,Default,54,0,9.755859,78.793945,-101.66748,2.504883,-63.347168,6.635742,275.290934,97.7151061,306.750381,-177.10239,-3.19984914,-5.28253605,9.74634664,20.9503921,186.2367,161.169434,0.113154411,1.74719197,15.4407765,0.00907070515,13577573.7
14.6591487,cycle1_reload_to_default,Default,55,0,9.887695,78.662109,-101.755371,2.636719,-62.885742,6.657715,275.619064,98.5599693,306.244302,-176.939669,-3.25913568,-5.61649236,18.8208803,37.3743295,185.714948,160.708008,0.11304169,1.74727006,15.4568643,0.00903683096,13627155.9
14.6842401,cycle1_reload_to_default,Default,56,0,9.953613,78.596191,-101.821289,2.724609,-62.644043,6.657715,275.755248,98.9982995,305.960552,-176.841421,-3.28898617,-5.76181449,11.2144729,21.5063084,185.433967,160.466309,0.11298234,1.74730397,15.465284,0.00901716319,13649798.5
14.7093291,cycle1_reload_to_default,Default,57,0,10.019531,78.530273,-101.865234,2.8125,-62.402344,6.679688,275.939741,99.4450626,305.741097,-176.738604,-3.28476296,-5.93930185,11.0779305,21.1584166,185.156579,160.22461,0.112904706,1.74734373,15.4762701,0.00899875638,13677210.1
14.7343748,cycle1_reload_to_default,Default,58,0,10.085449,78.464355,-101.931152,2.900391,-62.160645,6.679688,276.074359,99.8829624,305.457664,-176.640402,-3.31300711,-6.08405331,11.2349823,21.5092922,184.875597,159.982911,0.112842923,1.74737695,15.485038,0.00897863773,13699814.4
14.7594576,cycle1_reload_to_default,Default,59,0,10.217285,78.310547,-102.041016,3.076172,-61.677246,6.723633,276.418752,100.771961,304.874943,-176.443944,-3.29935375,-6.37072357,22.5390375,44.546713,184.311051,159.499512,0.112701988,1.74744851,15.5050372,0.0089408291,13751122.3
14.7845426,cycle1_reload_to_default,Default,60,0,10.305176,78.244629,-102.106934,3.164062,-61.413574,6.70166,276.536599,101.318989,304.593894,-176.340413,-3.39188471,-6.54805995,12.2316866,24.9628284,184.006481,159.23584,0.112630867,1.74748578,15.5151588,0.00891810827,13776122.4
14.8096387,cycle1_reload_to_default,Default,61,0,10.371094,78.178711,-102.150879,3.251953,-61.171875,6.723633,276.717234,101.765005,304.375231,-176.23744,-3.38379321,-6.72386078,11.0747732,21.0612744,183.729093,158.994141,0.112546965,1.74752373,15.5270622,0.00889855998,13803471.2
14.8347313,cycle1_reload_to_default,Default,62,0,10.437012,78.112793,-102.216797,3.339844,-60.908203,6.723633,276.872181,102.205552,304.09464,-176.135159,-3.40701063,-6.90057403,11.9745173,21.7121082,183.429097,158.730469,0.112472955,1.74756018,15.5376035,0.00887534238,13828426.6
14.8598294,cycle1_reload_to_default,Default,63,0,10.59082,77.958984,-102.32666,3.515625,-60.402832,6.745605,277.192951,103.202725,303.515145,-175.933274,-3.45189928,-7.21745943,23.4423604,47.69708,182.840962,158.225098,0.112312941,1.74763292,15.5603878,0.00883318327,13881995.3
14.8850322,cycle1_reload_to_default,Default,64,0,10.656738,77.871094,-102.392578,3.603516,-60.117188,6.767578,277.397345,103.651545,303.156235,-175.831471,-3.4369927,-7.39223119,12.9313923,24.201516,182.515774,157.939454,0.112231947,1.74767317,15.5719758,0.00880875035,13910658.2
14.9101114,cycle1_reload_to_default,Default,65,0,10.766602,77.76123,-102.480469,3.757324,-59.699707,6.789551,277.678204,104.396791,302.762652,-175.653937,-3.43252264,-7.68132942,19.1349715,35.4220387,182.036182,157.521973,0.112081033,1.74773118,15.5934607,0.00877168634,13954990.8
14.9352183,cycle1_reload_to_default,Default,66,0,10.854492,77.67334,-102.546387,3.845215,-59.436035,6.811523,277.815361,104.947588,302.40165,-175.555088,-3.45009137,-7.82070944,12.4384076,26.7930504,181.724666,157.258301,0.112001873,1.74776501,15.6047838,0.00874853774,13981118.3
14.9603057,cycle1_reload_to_default,Default,67,0,10.964355,77.563477,-102.65625,3.977051,-58.996582,6.811523,278.055787,105.66438,301.914737,-175.397243,-3.48983214,-8.11533768,19.7987542,35.8453971,181.229087,156.818848,0.111871713,1.74782178,15.623447,0.00870688666,14021362.2
14.9853754,cycle1_reload_to_default,Default,68,0,11.052246,77.475586,-102.700195,4.108887,-58.688965,6.833496,278.311353,106.274833,301.687876,-175.246858,-3.47110434,-8.34210572,14.37505,27.9059734,180.870666,156.511231,0.111723088,1.74786605,15.6446271,0.00868018933,14060309.9
15.010462,cycle1_reload_to_default,Default,69,0,11.118164,77.409668,-102.766113,4.174805,-58.40332,6.855469,278.471214,106.695297,301.379648,-175.158276,-3.46797867,-8.55318604,12.5711296,21.7365682,180.55751,156.225586,0.111644546,1.74790532,15.6559848,0.00865249579,14085900.6
15.0376861,cycle1_reload_to_default,Default,70,0,11.293945,77.233887,-102.919922,4.372559,-57.788086,6.855469,278.791645,107.821055,300.637323,-174.929933,-3.53872395,-8.925162,26.0533312,50.9116013,179.848976,155.610352,0.111438773,1.74797841,15.6855497,0.00859310561,14144172.1
15.0627909,cycle1_reload_to_default,Default,71,0,11.381836,77.145996,-102.98584,4.460449,-57.502441,6.877441,278.944652,108.374069,300.27976,-174.826625,-3.54905321,-9.09529829,13.1868153,26.9304539,179.518447,155.324707,0.111340138,1.74801341,15.6997596,0.00856585875,14172486.1
15.0878685,cycle1_reload_to_default,Default,72,0,11.513672,77.01416,-103.07373,4.63623,-57.019043,6.899414,279.281416,109.259714,299.847366,-174.62046,-3.54301895,-9.43809155,22.113945,41.5314741,178.964442,154.841309,0.111125101,1.74807456,15.7306903,0.00851946522,14226652.6
15.1129718,cycle1_reload_to_default,Default,73,0,11.601562,76.92627,-103.161621,4.746094,-56.711426,6.899414,279.416553,109.826228,299.460664,-174.500367,-3.56493818,-9.60330862,14.3557924,27.8488238,178.60468,154.533692,0.111011319,1.74810324,15.7470721,0.00848756044,14253917.7
15.1381407,cycle1_reload_to_default,Default,74,0,11.733398,76.794434,-103.249512,4.899902,-56.206055,6.921387,279.761128,110.693366,299.000233,-174.307552,-3.5700663,-9.98293818,22.5466076,41.3410624,178.038292,154.028321,0.1107961,1.74816876,15.7782518,0.00843760933,14308784.2
15.1632538,cycle1_reload_to_default,Default,75,0,11.821289,76.706543,-103.337402,5.031738,-55.898438,6.943359,279.904866,111.279015,298.646001,-174.169268,-3.53827838,-10.1397025,14.6667918,27.8489754,177.671133,153.720704,0.110656385,1.74819175,15.7983812,0.00840467841,14337561.3
15.1883669,cycle1_reload_to_default,Default,76,0,11.90918,76.618652,-103.40332,5.119629,-55.568848,6.943359,280.098388,111.837643,298.29576,-174.056714,-3.57304213,-10.3748507,14.6928883,27.3625118,177.303353,153.391114,0.11052658,1.74823171,15.8172967,0.00837083825,14370472.6
15.2134507,cycle1_reload_to_default,Default,77,0,12.041016,76.464844,-103.513184,5.29541,-55.063477,6.965332,280.422624,112.717415,297.720766,-173.858089,-3.55232254,-10.6809587,23.2421228,43.8484308,176.720563,152.885743,0.110296498,1.748282,15.8507479,0.00831853985,14422988.5
15.2385278,cycle1_reload_to_default,Default,78,0,12.128906,76.376953,-103.579102,5.405273,-54.733887,6.987305,280.624912,113.295205,297.403101,-173.727106,-3.53334083,-10.9073736,14.9725793,27.5027993,176.345389,152.556153,0.110139597,1.74831587,15.873636,0.0082835944,14457429.7
15.2636254,cycle1_reload_to_default,Default,79,0,12.23877,76.26709,-103.666992,5.559082,-54.382324,6.987305,280.805533,114.01834,297.00449,-173.566691,-3.54020967,-11.0892976,16.8631124,33.6782851,175.923596,152.20459,0.109952464,1.74833893,15.9008619,0.00824542469,14493777
15.2888546,cycle1_reload_to_default,Default,80,0,12.414551,76.091309,-103.820801,5.778809,-53.701172,7.03125,281.17607,115.163333,296.309096,-173.306413,-3.49306963,-11.5399214,30.6930101,55.0917173,175.149868,151.523438,0.109627195,1.74839851,15.9485839,0.00816960845,14559773.2
15.3139188,cycle1_reload_to_default,Default,81,0,12.458496,76.047363,-103.864746,5.822754,-53.525391,7.03125,281.254628,115.437427,296.10425,-173.250813,-3.50552419,-11.6563448,7.84102017,14.0074357,174.954291,151.347657,0.109555045,1.74841434,15.9592317,0.00814949347,14574712.7
15.3390143,cycle1_reload_to_default,Default,82,0,12.65625,75.827637,-104.018555,6.064453,-52.822266,7.053223,281.659752,116.721447,295.277028,-172.979889,-3.49640053,-12.0666954,32.478541,62.9687415,174.139531,150.644532,0.109189704,1.74846773,16.013119,0.00807154227,14646983.2
15.3641374,cycle1_reload_to_default,Default,83,0,12.744141,75.739746,-104.106445,6.196289,-52.470703,7.075195,281.838518,117.306651,294.931586,-172.83339,-3.4480372,-12.2842318,16.1505258,27.9692489,173.734352,150.292969,0.108993515,1.74848649,16.0421149,0.00802982744,14680111.6
15.3892429,cycle1_reload_to_default,Default,84,0,12.854004,75.651855,-104.172363,6.306152,-52.119141,7.097168,282.009446,117.991538,294.619574,-172.695539,-3.45124952,-12.537452,15.9471327,30.7413318,173.334823,149.941407,0.108796924,1.74851516,16.0713657,0.00798936163,14716588.3
15.4180439,cycle1_reload_to_default,Default,85,0,13.051758,75.432129,-104.326172,6.547852,-51.416016,7.119141,282.400903,119.269562,293.793162,-172.426268,-3.4313085,-12.9440066,28.2998966,54.5633696,172.520063,149.238282,0.10839511,1.74855624,16.1313203,0.00790788226,14788387.2
15.4431441,cycle1_reload_to_default,Default,86,0,13.139648,75.344238,-104.414062,6.679688,-51.086426,7.119141,282.549711,119.847222,293.444438,-172.28706,-3.41237702,-13.1292394,15.3880656,27.5285294,172.13466,148.908692,0.108190327,1.74856381,16.1619237,0.00786704253,14818909.7
15.4682491,cycle1_reload_to_default,Default,87,0,13.249512,75.234375,-104.501953,6.789551,-50.734863,7.141113,282.685176,120.522755,292.983071,-172.163719,-3.40784087,-13.3164049,16.3272301,33.0288805,171.725351,148.557129,0.107995764,1.74857972,16.1911879,0.007824575,14851169
15.4969687,cycle1_reload_to_default,Default,88,0,13.447266,75.036621,-104.633789,7.03125,-50.053711,7.185059,283.067578,121.797254,292.303159,-171.887008,-3.34904515,-13.7487034,27.4148312,52.0296988,170.938611,147.875977,0.107545339,1.74860988,16.2592809,0.00774265479,14924102.6
15.5220473,cycle1_reload_to_default,Default,89,0,13.535156,74.94873,-104.72168,7.141113,-49.724121,7.163086,283.196753,122.352554,291.923372,-171.76689,-3.37721808,-13.941017,15.1501213,27.3158688,170.560607,147.546387,0.107342416,1.74861672,16.2900817,0.00770047247,14952598.5
15.5471876,cycle1_reload_to_default,Default,90,0,13.64502,74.838867,-104.80957,7.272949,-49.372559,7.207031,283.338697,123.043239,291.493633,-171.626753,-3.3154121,-14.1178176,16.6290016,32.8458482,170.143899,147.194825,0.107105799,1.74861973,16.3260976,0.00765614802,14986382.2
15.5722611,cycle1_reload_to_default,Default,91,0,13.754883,74.750977,-104.897461,7.382812,-49.020996,7.207031,283.441594,123.709079,291.118644,-171.498195,-3.33913731,-14.337048,16.111119,30.7522814,169.740771,146.843262,0.106879965,1.74862748,16.3606667,0.00761052267,15017103.3
15.5973518,cycle1_reload_to_default,Default,92,0,13.952637,74.53125,-105.05127,7.602539,-48.361816,7.250977,283.73905,124.946131,290.252241,-171.261305,-3.28698462,-14.6756704,30.7629395,61.3492748,168.969892,146.184082,0.106433359,1.74863627,16.4294005,0.00752715743,15081149.2
15.6224477,cycle1_reload_to_default,Default,93,0,14.040527,74.443359,-105.117188,7.756348,-48.010254,7.250977,283.966745,125.549502,290.005222,-171.095028,-3.2361547,-14.9149465,16.286089,27.518165,168.563218,145.83252,0.106130264,1.74863112,16.4762723,0.00748140362,15120640.3
15.6475165,cycle1_reload_to_default,Default,94,0,14.194336,74.289551,-105.249023,7.932129,-47.504883,7.272949,284.139584,126.498726,289.367753,-170.909392,-3.20540615,-15.1730351,23.6491252,46.1292137,167.970715,145.327149,0.105762853,1.7486234,16.5334364,0.00741417285,15165990.9
15.6726348,cycle1_reload_to_default,Default,95,0,14.304199,74.20166,-105.314941,8.063965,-47.175293,7.294922,284.276705,127.186878,289.084918,-170.762919,-3.17327126,-15.3803597,15.4514393,30.1189541,167.58357,144.997559,0.105480872,1.74861616,16.5775665,0.00737046338,15201150.8
15.6977561,cycle1_reload_to_default,Default,96,0,14.39209,74.091797,-105.402832,8.173828,-46.82373,7.294922,284.439042,127.743233,288.623825,-170.646311,-3.15496597,-15.5682335,16.0805464,29.4811473,167.180376,144.645996,0.105222486,1.74861195,16.6182345,0.00732333552,15232534.7
15.7238162,cycle1_reload_to_default,Default,97,0,14.545898,73.937988,-105.512695,8.371582,-46.318359,7.338867,284.671289,128.71816,288.082364,-170.437148,-3.0665327,-15.8466834,22.8896963,43.711375,166.584848,144.140625,0.10478454,1.74859244,16.6875041,0.00725534214,15284727.8
15.7489128,cycle1_reload_to_default,Default,98,0,14.677734,73.806152,-105.622559,8.547363,-45.812988,7.338867,284.913021,129.55875,287.597363,-170.241534,-3.03029611,-16.1702869,22.9980638,39.8509619,166.008234,143.635254,0.104349603,1.74857675,16.7569085,0.00718581439,15333771.4
15.7740102,cycle1_reload_to_default,Default,99,0,14.787598,73.696289,-105.710449,8.635254,-45.483398,7.36084,284.979593,130.199555,287.100134,-170.144915,-3.03030934,-16.3261572,15.3649076,32.4264432,165.624567,143.305664,0.104105048,1.74856993,16.796207,0.00714029821,15360571.8
15.7991362,cycle1_reload_to_default,Default,100,0,14.897461,73.608398,-105.79834,8.76709,-45.131836,7.382812,285.078055,130.871292,286.757676,-170.002143,-2.98730955,-16.5316804,16.3603726,30.263332,165.214042,142.954102,0.103783157,1.74854694,16.84808,0.0070900682,15392381.9
15.8242519,cycle1_reload_to_default,Default,101,0,15.029297,73.45459,-105.908203,8.942871,-44.626465,7.382812,285.333236,131.712158,286.1852,-169.816417,-2.94377664,-16.8224428,23.1960579,41.757208,164.632022,142.448731,0.103319189,1.74852068,16.9234844,0.00701958364,15442148.6
15.8493659,cycle1_reload_to_default,Default,102,0,15.13916,73.366699,-105.996094,9.052734,-44.296875,7.404785,285.387917,132.360737,285.806802,-169.696607,-2.92112079,-17.0017923,15.3546947,29.9784544,164.247136,142.119141,0.103020619,1.7484981,16.9723122,0.00697167632,15469508
15.8746202,cycle1_reload_to_default,Default,103,0,15.336914,73.168945,-106.149902,9.316406,-43.615723,7.426758,285.673685,133.601759,285.093774,-169.424123,-2.8281009,-17.3837681,31.5748148,57.7931603,163.450172,141.437989,0.10232586,1.74843662,17.0869477,0.006873605,15536720.8
15.8997395,cycle1_reload_to_default,Default,104,0,15.380859,73.103027,-106.193848,9.360352,-43.439941,7.426758,285.748612,133.868968,284.803567,-169.379884,-2.82310445,-17.4642875,8.06466482,15.9853225,163.249185,141.262207,0.102176612,1.74842928,17.1118345,0.00684867734,15551517.3
15.9261053,cycle1_reload_to_default,Default,105,0,15.578613,72.905273,-106.347656,9.602051,-42.758789,7.44873,286.010497,135.087871,284.059622,-169.12498,-2.74579076,-17.8515807,29.9784523,55.0643819,162.458849,140.581055,0.101467994,1.74836667,17.2307207,0.00674909354,15616373.8
15.9512033,cycle1_reload_to_default,Default,106,0,15.688477,72.817383,-106.413574,9.733887,-42.407227,7.470703,286.150565,135.764965,283.782839,-168.976197,-2.69522823,-18.0850122,16.2139443,29.6744259,162.052693,140.229493,0.10106807,1.74833146,17.298554,0.00669740249,15653039.4
15.9763007,cycle1_reload_to_default,Default,107,0,15.820312,72.663574,-106.54541,9.909668,-41.901855,7.492676,286.334026,136.577036,283.144547,-168.802471,-2.60471106,-18.33872,23.4103459,41.79971,161.465532,139.724121,0.100526227,1.74827138,17.3911967,0.00662125327,15696482.9
16.0013795,cycle1_reload_to_default,Default,108,0,15.930176,72.575684,-106.633301,10.019531,-41.550293,7.514648,286.39928,137.220042,282.772385,-168.678697,-2.57144946,-18.5473081,16.1315345,29.7383594,161.061635,139.372559,0.100144615,1.74823474,17.4571018,0.00656760494,15725495.8
16.0264699,cycle1_reload_to_default,Default,109,0,16.018066,72.46582,-106.721191,10.151367,-41.220703,7.536621,286.527876,137.769515,282.335057,-168.558523,-2.48373752,-18.6895504,15.6411777,28.4547214,160.670058,139.042969,0.09975575,1.74818017,17.5246055,0.00651715186,15755194.3
16.0529006,cycle1_reload_to_default,Default,110,0,16.21582,72.268066,-106.875,10.393066,-40.517578,7.558594,286.793948,138.975904,281.596727,-168.301908,-2.39026524,-19.1048155,30.6242447,54.4520724,159.860706,138.339844,0.0989130638,1.74808937,17.6729878,0.00640996189,15821310.5
16.0780013,cycle1_reload_to_default,Default,111,0,16.259766,72.224121,-106.896973,10.437012,-40.341797,7.580566,286.896223,139.248463,281.461091,-168.239159,-2.35239662,-19.2425231,7.73114544,12.7949567,159.668723,138.164063,0.0987048515,1.74808037,17.7101768,0.00638406736,15840105.3
16.10337,cycle1_reload_to_default,Default,112,0,16.413574,72.070312,-107.028809,10.612793,-39.814453,7.580566,287.036522,140.162296,280.828497,-168.061518,-2.31497255,-19.5258881,24.0965613,44.158593,159.057983,137.636719,0.0980589444,1.74800203,17.8260336,0.00630173167,15885014.7
16.1284509,cycle1_reload_to_default,Default,113,0,16.567383,71.916504,-107.138672,10.810547,-39.287109,7.602539,287.245339,141.104121,280.290942,-167.858915,-2.22240965,-19.8289274,24.4830061,44.031743,158.444213,137.109375,0.0973487871,1.74791132,17.9551423,0.00621963505,15937298
16.1535785,cycle1_reload_to_default,Default,114,0,16.655273,71.828613,-107.20459,10.92041,-38.95752,7.646484,287.383438,141.640711,279.97833,-167.735575,-2.12199406,-20.0340999,15.0189877,25.3179682,158.068268,136.779786,0.0969059896,1.74786128,18.0366692,0.00616807952,15968900.3
16.1786711,cycle1_reload_to_default,Default,115,0,16.765137,71.740723,-107.29248,11.052246,-38.583984,7.646484,287.476269,142.290952,279.643128,-167.594725,-2.08750779,-20.2680535,17.1146979,29.3880237,157.639498,136.40625,0.0963871285,1.74779278,18.1330517,0.0061080232,16001495
16.2037814,cycle1_reload_to_default,Default,116,0,16.940918,71.542969,-107.446289,11.315918,-37.902832,7.646484,287.768885,143.378542,278.927772,-167.340686,-1.95901832,-20.647778,31.5381401,53.1354891,156.848642,135.725098,0.0953877464,1.74764551,18.3214886,0.00599863589,16066194.9
16.2288747,cycle1_reload_to_default,Default,117,0,17.050781,71.433105,-107.53418,11.425781,-37.55127,7.69043,287.83328,144.012256,278.465491,-167.228681,-1.88073387,-20.8194049,16.4050592,31.3648549,156.438569,135.373536,0.0948977324,1.74758068,18.4154103,0.00594184432,16095118.5
16.2541714,cycle1_reload_to_default,Default,118,0,17.182617,71.279297,-107.666016,11.623535,-37.023926,7.712402,288.028046,144.812714,277.861526,-167.043016,-1.74426791,-21.0934087,24.2430744,40.3803462,155.825769,134.846192,0.0940933276,1.74745493,18.5715074,0.00585516523,16141020.9
16.2792773,cycle1_reload_to_default,Default,119,0,17.29248,71.191406,-107.731934,11.733398,-36.672363,7.734375,288.125859,145.454614,277.555739,-166.913778,-1.69960987,-21.3281074,15.9468648,28.5872804,155.42624,134.494629,0.0935539697,1.74739142,18.6778971,0.00579832296,16174308.1
16.3043714,cycle1_reload_to_default,Default,120,0,17.380371,71.081543,-107.819824,11.843262,-36.320801,7.734375,288.239838,145.972917,277.093157,-166.809883,-1.65037722,-21.5098622,16.097931,28.0543147,155.023044,134.143067,0.0930236445,1.74731785,18.7835884,0.00574041695,16202855.1
16.3294725,cycle1_reload_to_default,Default,121,0,17.468262,70.993652,-107.907715,11.953125,-35.969238,7.734375,288.335095,146.484364,276.72212,-166.696194,-1.60220872,-21.7214658,15.8776767,25.4569618,154.625254,133.791504,0.0924731894,1.74724223,18.8945816,0.00568166942,16230365.1
16.3546498,cycle1_reload_to_default,Default,122,0,17.666016,70.795898,-108.061523,12.216797,-35.244141,7.77832,288.599072,147.666088,276.019059,-166.428069,-1.42165676,-22.1501889,33.2091989,55.6121516,153.789494,133.066407,0.0912389859,1.74705788,19.148151,0.00556087487,16298120
16.3797593,cycle1_reload_to_default,Default,123,0,17.775879,70.708008,-108.149414,12.32666,-34.914551,7.800293,288.609793,148.280692,275.64105,-166.317996,-1.37368179,-22.3225729,15.3574557,28.7391592,153.40461,132.736817,0.0906832625,1.74697214,19.2645488,0.00550465227,16323128.9
16.40485,cycle1_reload_to_default,Default,124,0,17.86377,70.598145,-108.215332,12.458496,-34.541016,7.800293,288.814664,148.825417,275.279617,-166.184862,-1.29561898,-22.5576296,16.9584207,27.3040113,152.980144,132.363282,0.0900154294,1.74687748,19.4064228,0.00544264986,16361112.4
16.4299569,cycle1_reload_to_default,Default,125,0,18.017578,70.444336,-108.325195,12.634277,-33.991699,7.822266,288.994952,149.724346,274.718281,-165.998277,-1.20184705,-22.8937661,24.9536958,42.8178477,152.353993,131.813965,0.0890367865,1.74674406,19.6182289,0.00535030173,16411351.2
16.4550502,cycle1_reload_to_default,Default,126,0,18.105469,70.356445,-108.413086,12.766113,-33.640137,7.844238,289.100663,150.238668,274.376222,-165.871375,-1.09249639,-23.093384,16.1696812,24.9732995,151.948807,131.462403,0.0883713576,1.74663258,19.764691,0.00528922656,16440382.6
16.4815736,cycle1_reload_to_default,Default,127,0,18.28125,70.158691,-108.566895,12.98584,-32.937012,7.888184,289.341429,151.26104,273.607755,-165.645581,-0.919202852,-23.5064312,30.1210423,49.0678411,151.150661,130.759278,0.0870609636,1.7464482,20.0600605,0.00516883292,16500233.6
16.5066762,cycle1_reload_to_default,Default,128,0,18.347168,70.114746,-108.632812,13.051758,-32.76123,7.888184,289.278443,151.608285,273.371152,-165.592167,-0.909078581,-23.5746677,8.53151081,16.9259304,150.938739,130.583496,0.0867208684,1.74638095,20.137955,0.00513670713,16508957.2
16.5317473,cycle1_reload_to_default,Default,129,0,18.544922,69.916992,-108.764648,13.31543,-32.036133,7.910156,289.573037,152.77974,272.732346,-165.323026,-0.746051849,-24.0331076,33.1649738,54.5025986,150.108123,129.858399,0.0852293957,1.74615265,20.4876807,0.00501170009,16580515.1
16.5568295,cycle1_reload_to_default,Default,130,0,18.632812,69.807129,-108.874512,13.425293,-31.68457,7.932129,289.611068,153.258949,272.202917,-165.23411,-0.652433662,-24.180609,16.3421227,28.5107429,149.699788,129.506836,0.0845398863,1.74603856,20.6534292,0.00494880276,16601912.9
16.581934,cycle1_reload_to_default,Default,131,0,18.720703,69.719238,-108.94043,13.535156,-31.333008,7.932129,289.744824,153.769328,271.897941,-165.114458,-0.595678761,-24.4198077,15.7057305,24.2751705,149.306376,129.155274,0.0838063848,1.74593847,20.8330006,0.00488766557,16633692.4
16.6070325,cycle1_reload_to_default,Default,132,0,18.896484,69.56543,-109.050293,13.710938,-30.805664,7.954102,289.821615,154.755938,271.3282,-164.938038,-0.52562728,-24.718765,24.43445,45.4960311,148.693892,128.62793,0.0826781131,1.74576867,21.1152457,0.00479498449,16680271.5
16.6321318,cycle1_reload_to_default,Default,133,0,18.984375,69.477539,-109.138184,13.842773,-30.454102,7.954102,289.91594,155.254839,270.985593,-164.817887,-0.44049692,-24.9213555,16.1421088,24.4038276,148.289478,128.276368,0.0818875309,1.74563242,21.3174387,0.00473155258,16708347.7
16.6572313,cycle1_reload_to_default,Default,134,0,19.072266,69.367676,-109.226074,13.952637,-30.102539,7.976074,290.003303,155.745688,270.521215,-164.719875,-0.345669274,-25.0979369,16.1182379,27.1451876,147.885515,127.924805,0.0811244217,1.74551588,21.5165279,0.00466869684,16734862.7
16.6823158,cycle1_reload_to_default,Default,135,0,19.27002,69.169922,-109.379883,14.216309,-29.399414,7.998047,290.197068,156.870371,269.806873,-164.476833,-0.171415337,-25.4945666,32.5399457,53.6737893,147.069534,127.22168,0.0794705079,1.74523745,21.9608191,0.00454205208,16796960.3
16.7073729,cycle1_reload_to_default,Default,136,0,19.35791,69.082031,-109.467773,14.348145,-29.047852,8.02002,290.286628,157.361907,269.463758,-164.356127,-0.051549681,-25.6927628,16.193052,24.1887973,146.664352,126.870118,0.0786225509,1.74509041,22.1957999,0.00447766875,16824591.5
16.7324712,cycle1_reload_to_default,Default,137,0,19.467773,68.972168,-109.533691,14.436035,-28.718262,8.041992,290.319927,157.964029,269.028602,-164.265774,-0.0155378628,-25.8701998,15.1887089,29.6295981,146.285057,126.540528,0.0778725424,1.74499549,22.4083539,0.00441910945,16851950.7
16.7578747,cycle1_reload_to_default,Default,138,0,19.555664,68.884277,-109.621582,14.567871,-28.388672,8.041992,290.383516,158.449721,268.676934,-164.15673,0.0710979542,-26.0417845,15.2043799,23.7369413,145.899649,126.210938,0.0770438493,1.74484184,22.6473866,0.00435793113,16877263.2
16.7829573,cycle1_reload_to_default,Default,139,0,19.753418,68.686523,-109.775391,14.831543,-27.70752,8.085938,290.540403,159.55462,267.952134,-163.923967,0.281196297,-26.4027596,31.8271045,53.0525336,145.101909,125.529786,0.0752988608,1.74453635,23.1681639,0.0042326197,16936162
16.8082922,cycle1_reload_to_default,Default,140,0,19.841309,68.57666,-109.863281,14.919434,-27.355957,8.085938,290.594433,160.021625,267.459264,-163.844933,0.324576324,-26.5909331,15.7312363,26.8849797,144.705347,125.178223,0.0744574677,1.74442879,23.4285269,0.00416846873,16959375.7
16.8333685,cycle1_reload_to_default,Default,141,0,19.995117,68.444824,-109.973145,15.13916,-26.850586,8.10791,290.711019,160.881948,267.027148,-163.651129,0.484067195,-26.8763232,23.8359896,38.673039,144.109363,124.672852,0.0730630914,1.74416602,23.8720534,0.0040740813,17005743.4
16.8584607,cycle1_reload_to_default,Default,142,0,20.083008,68.334961,-110.061035,15.227051,-26.520996,8.10791,290.737862,161.342655,266.525396,-163.581372,0.525674744,-27.0339901,15.1165731,27.1682038,143.731808,124.343262,0.072238299,1.74405257,24.143046,0.0040131223,17026565.7
16.883554,cycle1_reload_to_default,Default,143,0,20.192871,68.24707,-110.148926,15.358887,-26.191406,8.151855,290.731667,161.928075,266.172299,-163.467276,0.648168911,-27.1924232,15.7127663,27.2459315,143.33952,124.013672,0.0713250739,1.74388407,24.4498039,0.00395068979,17051163.4
16.9145079,cycle1_reload_to_default,Default,144,0,20.390625,68.049316,-110.302734,15.600586,-25.510254,8.151855,290.848625,163.000428,265.417636,-163.259243,0.778760839,-27.5694505,25.5250402,42.5305561,142.549951,123.33252,0.0694412531,1.74357857,25.1086852,0.00382329727,17106235.4
16.9410667,cycle1_reload_to_default,Default,145,0,20.522461,67.895508,-110.390625,15.79834,-25.004883,8.173828,291.065436,163.750907,264.926567,-163.084375,0.949702871,-27.8663395,22.0756132,34.7416523,141.964906,122.827149,0.0679747774,1.7433333,25.6467673,0.00372899795,17155867.6
16.9661715,cycle1_reload_to_default,Default,146,0,20.632324,67.807617,-110.500488,15.908203,-24.65332,8.195801,290.996483,164.299501,264.489485,-162.991636,1.02315269,-28.0388328,16.3273766,28.0745917,141.556634,122.475586,0.0669907095,1.74317875,26.0212016,0.00366163393,17173857.8
16.9912775,cycle1_reload_to_default,Default,147,0,20.786133,67.653809,-110.632324,16.105957,-24.147949,8.217773,291.030481,165.111488,263.866232,-162.841417,1.16906932,-28.2750689,23.8882264,40.7938929,140.957508,121.970215,0.0654911594,1.7429096,26.6128988,0.00356471189,17211452.8
17.0163784,cycle1_reload_to_default,Default,148,0,20.874023,67.565918,-110.698242,16.237793,-23.818359,8.217773,291.135469,165.594089,263.576917,-162.727491,1.2628503,-28.475334,15.2123411,22.8034668,140.576479,121.640625,0.0644830581,1.7427366,27.026271,0.00350202504,17241040
17.0418582,cycle1_reload_to_default,Default,149,0,20.961914,67.456055,-110.786133,16.325684,-23.466797,8.261719,291.171325,166.042097,263.082865,-162.64732,1.37450803,-28.6552679,15.7365151,26.2127648,140.178366,121.289063,0.0634863857,1.7426159,27.448655,0.00343574313,17262679
17.0669949,cycle1_reload_to_default,Default,150,0,21.071777,67.368164,-110.852051,16.479492,-23.137207,8.261719,291.233085,166.641516,262.81891,-162.520415,1.46438023,-28.8437527,15.7342681,26.1715655,139.78537,120.959473,0.0624210139,1.74240961,27.9138306,0.00337211032,17294384.9
17.0921967,cycle1_reload_to_default,Default,151,0,21.269531,67.17041,-111.027832,16.721191,-22.456055,8.283691,291.267287,167.659334,261.994482,-162.331808,1.63886865,-29.1893433,31.5442826,51.9911248,138.990665,120.278321,0.0603164606,1.74206962,28.8821592,0.00324065409,17341390.8
17.1172998,cycle1_reload_to_default,Default,152,0,21.357422,67.060547,-111.09375,16.831055,-22.104492,8.305664,291.377744,168.131148,261.590952,-162.23263,1.74551759,-29.3949563,15.9486932,25.120061,138.591064,119.926758,0.0592290639,1.74192429,29.4099582,0.00317399034,17370640
17.1424382,cycle1_reload_to_default,Default,153,0,21.467285,66.972656,-111.181641,16.962891,-21.774902,8.327637,291.353432,168.692151,261.234635,-162.128758,1.84460948,-29.5583168,15.6113671,26.4551439,138.199557,119.597168,0.0581576901,1.74173545,29.9484978,0.00310947548,17393681.4
17.1692183,cycle1_reload_to_default,Default,154,0,21.643066,66.774902,-111.335449,17.182617,-21.09375,8.349609,291.475409,169.598204,260.448725,-161.944601,2.02581562,-29.9443449,29.0779895,45.0183478,137.421181,118.916016,0.05598555,1.74143237,31.1050329,0.00297833865,17443061.3
17.1943152,cycle1_reload_to_default,Default,155,0,21.75293,66.687012,-111.42334,17.336426,-20.76416,8.349609,291.470649,170.161071,260.116752,-161.835354,2.12211668,-30.1057149,15.9285799,26.0386304,137.023826,118.586426,0.0548490935,1.74120828,31.7454341,0.00291279762,17468097.8
17.2194324,cycle1_reload_to_default,Default,156,0,21.84082,66.577148,-111.489258,17.446289,-20.43457,8.393555,291.551217,170.622449,259.702466,-161.743422,2.25869099,-30.2765689,15.2527822,24.8951153,136.642469,118.256836,0.0537678149,1.74105845,32.3810527,0.00284920568,17494702
17.2445233,cycle1_reload_to_default,Default,157,0,21.928711,66.489258,-111.577148,17.578125,-20.083008,8.393555,291.60865,171.063553,259.354501,-161.640103,2.36383592,-30.4805086,16.1474729,22.5084431,136.238059,117.905274,0.0525788344,1.74087059,33.1097219,0.00278020264,17519045.4
17.2696166,cycle1_reload_to_default,Default,158,0,22.148438,66.291504,-111.75293,17.819824,-19.401855,8.4375,291.551578,172.158571,258.525885,-161.455,2.5471504,-30.8186919,31.9458126,54.7708491,135.43725,117.224121,0.0502711424,1.74052437,34.6227336,0.00264632299,17563576.3
17.2947142,cycle1_reload_to_default,Default,159,0,22.192383,66.247559,-111.796875,17.885742,-19.248047,8.4375,291.555705,172.374739,258.341811,-161.412861,2.59704518,-30.8906145,7.32483023,11.3139214,135.254064,117.070313,0.0497286747,1.74042659,34.9984511,0.00261554318,17573631.4
17.3206005,cycle1_reload_to_default,Default,160,0,22.368164,66.049805,-111.950684,18.127441,-18.544922,8.459473,291.704759,173.261487,257.587268,-161.217211,2.81519457,-31.3018914,31.0717005,45.3455575,134.450047,116.367188,0.0472992681,1.7400967,36.789083,0.00247796749,17625225
17.3457003,cycle1_reload_to_default,Default,161,0,22.478027,65.939941,-112.038574,18.237305,-18.193359,8.481445,291.674188,173.800469,257.115879,-161.13443,2.89765032,-31.4767426,16.3306442,28.5536606,134.040738,116.015625,0.0460886771,1.73994587,37.7521331,0.00240893331,17646936.9
17.3708084,cycle1_reload_to_default,Default,162,0,22.565918,65.852051,-112.104492,18.369141,-17.841797,8.481445,291.78198,174.25235,256.831989,-161.02074,3.00408366,-31.7087553,15.969464,21.6836219,133.640693,115.664063,0.0448297684,1.73977152,38.8083986,0.00233991199,17676212.8
17.3972111,cycle1_reload_to_default,Default,163,0,22.697754,65.720215,-112.236328,18.544922,-17.314453,8.503418,291.829468,174.883663,256.283911,-160.878182,3.17090867,-32.0185761,22.7758754,31.7155697,133.039929,115.136719,0.0429605274,1.73953484,40.4914685,0.00223583932,17708640.2
17.4222925,cycle1_reload_to_default,Default,164,0,22.851562,65.566406,-112.346191,18.742676,-16.809082,8.525391,291.876667,175.65559,255.715965,-160.73312,3.33161993,-32.2865291,23.7344288,38.2558902,132.44518,114.631348,0.0411111279,1.73926802,42.306502,0.00213531739,17747664.5
17.4477034,cycle1_reload_to_default,Default,165,0,22.983398,65.412598,-112.478027,18.918457,-16.259766,8.547363,291.950093,176.282782,255.078859,-160.598141,3.50535975,-32.6005676,24.6247997,35.3010662,131.819991,114.082032,0.0391339692,1.73904451,44.4382348,0.00202678655,17781782
17.4728115,cycle1_reload_to_default,Default,166,0,23.093262,65.324707,-112.543945,19.050293,-15.930176,8.569336,291.961269,176.834546,254.783555,-160.489228,3.61063974,-32.7929123,15.4577596,24.928909,131.432854,113.752442,0.0379008492,1.73887445,45.8795643,0.00196112145,17808382.1
17.497911,cycle1_reload_to_default,Default,167,0,23.181152,65.214844,-112.631836,19.182129,-15.578613,8.569336,292.011721,177.252143,254.334068,-160.4077,3.72350028,-32.9726458,16.3542363,24.526613,131.02304,113.400879,0.0365932193,1.73870163,47.5143118,0.00189066351,17831293.7
17.5234795,cycle1_reload_to_default,Default,168,0,23.334961,65.061035,-112.741699,19.335938,-15.05127,8.591309,292.020365,177.999138,253.727672,-160.276461,3.83536234,-33.2860729,23.5189643,37.6315401,130.422501,112.873536,0.0346711627,1.73853455,50.1435319,0.00178692887,17866184.1
17.5505209,cycle1_reload_to_default,Default,169,0,23.422852,64.973145,-112.82959,19.467773,-14.72168,8.613281,292.036401,178.406807,253.366208,-160.186621,3.97453293,-33.4577054,14.3065017,20.1570335,130.036343,112.543946,0.0334171215,1.73836406,52.0201615,0.00172041304,17886369.2
17.5812612,cycle1_reload_to_default,Default,170,0,23.57666,64.819336,-112.961426,19.643555,-14.172363,8.635254,292.028552,179.127199,252.727798,-160.053383,4.1203692,-33.7686223,20.5181926,31.3138987,129.405811,111.994629,0.0313684139,1.73816953,55.4114575,0.00161119803,17918967.8
17.6151276,cycle1_reload_to_default,Default,171,0,23.708496,64.6875,-113.071289,19.819336,-13.293457,8.657227,292.47366,179.766324,252.416121,-159.755251,4.34574442,-34.5875276,27.2343034,24.7707211,128.505305,111.115723,0.0281809456,1.73811613,61.6769979,0.00144321064,17983550.4
17.6410151,cycle1_reload_to_default,Default,172,0,23.862305,64.533691,-113.203125,20.01709,-13.095703,8.679199,292.12575,180.467697,251.626961,-159.763285,4.46582598,-34.4129763,14.627541,42.941132,128.172269,110.917969,0.0272719291,1.73777444,63.720261,0.00139632774,17989025.8
17.6678085,cycle1_reload_to_default,Default,173,0,24.038086,64.335938,-113.356934,20.258789,-12.414551,8.701172,292.206315,181.283162,250.85512,-159.59398,4.69283174,-34.8014042,29.3054623,42.0141365,127.387276,110.236817,0.024647451,1.73753547,70.4955439,0.00125974939,18033224.2
17.6942275,cycle1_reload_to_default,Default,174,0,24.082031,64.291992,-113.400879,20.302734,-12.23877,8.679199,292.195083,181.47544,250.656869,-159.561807,4.69139247,-34.917973,7.4853035,10.4624387,127.192464,110.061036,0.0239887919,1.73750828,72.4300035,0.00122510697,18041223.1
17.7250271,cycle1_reload_to_default,Default,175,0,24.301758,64.094238,-113.554688,20.544434,-11.513672,8.745117,292.174041,182.506442,249.906294,-159.36151,4.92608118,-35.3460099,27.1563674,41.4111943,126.357208,109.335938,0.0211890905,1.73731319,81.9909279,0.00108038604,18088105.7
17.7591906,cycle1_reload_to_default,Default,176,0,24.389648,63.984375,-113.642578,20.67627,-11.140137,8.745117,292.229427,182.89706,249.464608,-159.278091,5.0462713,-35.5596556,12.5704769,17.3351842,125.92838,108.962403,0.0197312853,1.73720482,88.0431654,0.00100526004,18110586
17.7948589,cycle1_reload_to_default,Default,177,0,24.56543,63.786621,-113.818359,20.917969,-10.437012,8.76709,292.258279,183.663345,248.63697,-159.120208,5.28093876,-35.9553972,22.6761306,31.6324219,125.120015,108.259278,0.0169842071,1.73702676,102.273056,0.000863957986,18148693.4
17.8214281,cycle1_reload_to_default,Default,178,0,24.719238,63.654785,-113.928223,21.115723,-9.909668,8.789062,292.28039,184.371823,248.172327,-158.965783,5.45307735,-36.2860274,22.9184913,31.8994132,124.511659,107.731934,0.0149030171,1.73688951,116.546166,0.00075793486,18184255.5
17.8513114,cycle1_reload_to_default,Default,179,0,24.916992,63.457031,-114.082031,21.335449,-9.18457,8.811035,292.283579,185.259835,247.398888,-158.791366,5.63191708,-36.7404569,27.5214869,39.4071084,123.689914,107.006836,0.0120819744,1.736816,143.752664,0.000613683393,18226340.6
17.8844862,cycle1_reload_to_default,Default,180,0,25.026855,63.347168,-114.169922,21.467285,-8.833008,8.833008,292.236513,185.747027,246.944454,-158.713645,5.74983652,-36.9156403,12.549361,20.1325664,123.273977,106.655274,0.0106831347,1.73674043,162.56843,0.00054244305,18245862.2
17.9235015,cycle1_reload_to_default,Default,181,0,25.246582,63.105469,-114.367676,21.75293,-7.932129,8.85498,292.309033,186.693683,245.993908,-158.502034,6.018638,-37.4837239,26.1318293,34.4348734,122.255392,105.754395,0.00715090451,1.73668182,242.861839,0.000362745979,18296133.3
17.9486179,cycle1_reload_to_default,Default,182,0,25.356445,62.995605,-114.433594,21.884766,-7.580566,8.898926,292.315936,187.200977,245.603461,-158.405058,6.16589556,-37.6798051,16.483114,25.4888913,121.843045,105.402832,0.00574984624,1.73664022,302.032464,0.000291737518,18320913.6
17.9759314,cycle1_reload_to_default,Default,183,0,25.532227,62.797852,-114.609375,22.104492,-6.899414,8.920898,292.267819,187.921372,244.74114,-158.274191,6.37137414,-38.0592806,28.679932,41.1763823,121.060314,104.72168,0.00306414484,1.73662584,566.7571,0.000155336558,18351285
18.0010369,cycle1_reload_to_default,Default,184,0,25.64209,62.709961,-114.697266,22.258301,-6.547852,8.942871,292.233229,188.393117,244.406904,-158.176298,6.51778385,-38.2555521,16.6750534,23.0699727,120.64317,104.370118,0.00165118855,1.73656035,1051.70324,8.37573128e-05,18371643.5
18.026526,cycle1_reload_to_default,Default,185,0,25.795898,62.556152,-114.807129,22.434082,-6.04248,8.942871,292.188271,189.066653,243.805925,-158.067973,6.63182187,-38.5484306,23.0666834,35.4581858,120.055795,103.864746,0.00035027291,1.7365649,4957.74824,1.77699749e-05,18400470.6
18.0516331,cycle1_reload_to_default,Default,186,0,25.883789,62.468262,-114.873047,22.565918,-5.690918,8.964844,292.254728,189.44762,243.515679,-157.965007,6.77877371,-38.7825567,15.9940325,19.2583748,119.654993,103.513184,0.00174004699,1.73656314,997.997838,8.83330714e-05,18423915.8
18.0769322,cycle1_reload_to_default,Default,187,0,26.037598,62.314453,-115.004883,22.719727,-5.185547,8.986816,292.116754,190.083121,242.829754,-157.876754,6.89547223,-39.0527147,23.1911828,37.3608072,119.069103,103.007813,0.00372527331,1.73662497,466.173843,0.000189015476,18443736.2
18.1020758,cycle1_reload_to_default,Default,188,0,26.125488,62.226562,-115.092773,22.873535,-4.855957,9.008789,292.126763,190.430911,242.481963,-157.794319,7.06974685,-39.2270036,15.7056406,19.5657096,118.676329,102.678223,0.0050491266,1.73658332,343.937369,0.000256410489,18461560.3
18.1273046,cycle1_reload_to_default,Default,189,0,26.279297,62.072754,-115.202637,23.049316,-4.350586,9.008789,292.071001,191.088842,241.879534,-157.689671,7.18449192,-39.5227804,23.3046981,35.4284108,118.088954,102.172852,0.00703992344,1.73664217,246.684809,0.000357679001,18489010.6
18.1524017,cycle1_reload_to_default,Default,190,0,26.367188,61.984863,-115.290527,23.15918,-3.999023,9.052734,292.043441,191.428819,241.504697,-157.60691,7.33390812,-39.7346079,15.9764862,20.1935452,117.689635,101.821289,0.00840814723,1.73670725,206.550528,0.000427225693,18503211.8
18.1774991,cycle1_reload_to_default,Default,191,0,26.477051,61.875,-115.378418,23.291016,-3.669434,9.052734,291.95153,191.881457,241.034359,-157.552941,7.42001647,-39.8922964,15.8316945,26.2657458,117.293481,101.4917,0.0097181572,1.73673094,178.709904,0.000494003038,18518259.7
18.2025921,cycle1_reload_to_default,Default,192,0,26.630859,61.721191,-115.488281,23.466797,-3.164062,9.074707,291.887842,192.528326,240.431065,-157.445271,7.56498582,-40.1844826,23.4470736,35.3414342,116.705337,100.986328,0.0116966147,1.73682737,148.489748,0.000594995309,18544718.4
18.2276876,cycle1_reload_to_default,Default,193,0,26.71875,61.633301,-115.576172,23.57666,-2.8125,9.074707,291.855459,192.860845,240.056231,-157.374949,7.65434608,-40.4093099,15.8812531,20.0081432,116.307557,100.634766,0.0130554843,1.73691725,133.041196,0.000664274014,18558254.4
18.255626,cycle1_reload_to_default,Default,194,0,26.916504,61.435547,-115.72998,23.840332,-2.15332,9.118652,291.790064,193.664367,239.280315,-157.22906,7.91490304,-40.7713218,27.9058045,40.0493944,115.528844,99.975586,0.0156351473,1.73702407,111.097391,0.000796900849,18592553.7
18.2807286,cycle1_reload_to_default,Default,195,0,27.004395,61.347656,-115.817871,23.928223,-1.801758,9.118652,291.724991,193.990504,238.887148,-157.166359,7.97463109,-41.0035314,15.6580781,20.5140556,115.137677,99.624024,0.0169738941,1.73716741,102.343482,0.000865051188,18603170.5
18.3058205,cycle1_reload_to_default,Default,196,0,27.114258,61.237793,-115.883789,24.060059,-1.450195,9.162598,291.704559,194.458461,238.492037,-157.077172,8.12300775,-41.2063637,16.4992352,24.4219203,114.725334,99.272461,0.0183350069,1.73725914,94.7509404,0.0009354238,18624411.6
18.3309143,cycle1_reload_to_default,Default,197,0,27.202148,61.149902,-115.97168,24.169922,-1.120605,9.162598,291.644045,194.780842,238.104702,-157.019132,8.20886149,-41.4037858,15.1155677,20.2266025,114.346564,98.942871,0.0195978552,1.73736423,88.6507331,0.00100029321,18635486.1
18.3560348,cycle1_reload_to_default,Default,198,0,27.355957,60.996094,-116.081543,24.367676,-0.615234,9.18457,291.592949,195.403733,237.517979,-156.910072,8.3833931,-41.6947339,23.6974842,34.1248475,113.751807,98.4375,0.0215421717,1.7375023,80.6558562,0.00110133683,18662109
18.3811278,cycle1_reload_to_default,Default,199,0,27.443848,60.88623,-116.169434,24.455566,-0.285645,9.18457,291.502473,195.722764,237.009689,-156.876629,8.44032226,-41.8755051,15.1159755,24.1858774,113.37424,98.107911,0.0228000485,1.73765928,76.2129642,0.0011655647,18670540.4
18.4062197,cycle1_reload_to_default,Default,200,0,27.597656,60.754395,-116.279297,24.631348,0.219727,9.206543,291.414391,196.337151,236.507904,-156.757705,8.5839028,-42.1979096,23.2346442,31.8084364,112.791511,97.602539,0.0247070882,1.73784479,70.3379038,0.00126490644,18693953.2
18.4313066,cycle1_reload_to_default,Default,201,0,27.685547,60.644531,-116.38916,24.763184,0.571289,9.228516,291.339904,196.617198,235.983889,-156.71475,8.73427763,-42.3680603,16.5952172,23.8692459,112.376575,97.250977,0.0260461716,1.73796986,66.7264995,0.001334296,18702052.6
18.4563773,cycle1_reload_to_default,Default,202,0,27.883301,60.446777,-116.520996,25.004883,1.230469,9.272461,291.277748,197.409553,235.250676,-156.566179,8.96335112,-42.7689837,30.6499685,43.1315691,111.608835,96.591797,0.0285200849,1.73823287,60.9476751,0.001464524,18736086.8
18.4814713,cycle1_reload_to_default,Default,203,0,27.971191,60.358887,-116.608887,25.114746,1.560059,9.272461,291.20674,197.715196,234.863363,-156.511549,9.04857263,-42.9702355,15.1154148,19.8640417,111.230066,96.262207,0.0297438779,1.73838129,58.4450117,0.00152849765,18745659.1
18.506573,cycle1_reload_to_default,Default,204,0,28.081055,60.249023,-116.696777,25.246582,1.911621,9.294434,291.110844,198.128959,234.402602,-156.450312,9.16731065,-43.1603312,16.5854466,24.964671,110.81414,95.910645,0.0310544493,1.73853129,55.9833238,0.0015976453,18758857.1
18.5333004,cycle1_reload_to_default,Default,205,0,28.278809,60.05127,-116.850586,25.466309,2.592773,9.316406,290.968568,198.8733,233.601346,-156.323698,9.33984753,-43.58283,29.3318365,41.263178,110.030415,95.229493,0.0335575156,1.73887749,51.8178257,0.00172967955,18784458.6
18.5583789,cycle1_reload_to_default,Default,206,0,28.366699,59.963379,-116.938477,25.576172,2.922363,9.316406,290.892169,199.170479,233.214314,-156.270683,9.42451727,-43.7861171,15.1247646,19.694468,109.651648,94.899903,0.0347574,1.73904327,50.033756,0.00179310197,18793254.6
18.5834677,cycle1_reload_to_default,Default,207,0,28.45459,59.875488,-117.026367,25.708008,3.273926,9.338379,290.865489,199.46266,232.857125,-156.195846,9.57216676,-44.007672,16.1726288,18.424161,109.24648,94.54834,0.0360257163,1.73920415,48.2767403,0.00186115611,18805521.1
18.6085699,cycle1_reload_to_default,Default,208,0,28.564453,59.765625,-117.092285,25.839844,3.603516,9.360352,290.801142,199.898131,232.44597,-156.129522,9.68621802,-44.1943329,15.6828279,23.9959097,108.853923,94.21875,0.0372235082,1.73935972,46.7274527,0.00192613551,18822205.5
18.6337724,cycle1_reload_to_default,Default,209,0,28.740234,59.567871,-117.246094,26.05957,4.306641,9.382324,290.742216,200.509007,231.65852,-155.998286,9.89056255,-44.657259,31.6636552,39.6134404,108.056526,93.515625,0.0397337509,1.73976148,43.7854831,0.00206066967,18847109
18.6588619,cycle1_reload_to_default,Default,210,0,28.850098,59.458008,-117.333984,26.169434,4.63623,9.382324,290.582743,200.907325,231.167799,-155.962887,9.94477671,-44.8342482,15.5680232,25.9806216,107.667005,93.186036,0.0409153327,1.73995401,42.5257208,0.00212387423,18854946.1
18.6839519,cycle1_reload_to_default,Default,211,0,28.981934,59.326172,-117.443848,26.38916,5.163574,9.404297,290.623144,201.358022,230.710748,-155.833743,10.1799533,-45.1913128,24.3642401,25.6341403,107.057373,92.658692,0.0427496073,1.74019907,40.706785,0.00222613177,18879832.4
18.7090404,cycle1_reload_to_default,Default,212,0,29.091797,59.216309,-117.531738,26.499023,5.515137,9.42627,290.480636,201.749522,230.233623,-155.782064,10.266429,-45.3930793,16.3379189,25.2476334,106.64806,92.307129,0.043984197,1.74041745,39.5691538,0.00229277216,18888452
18.7341387,cycle1_reload_to_default,Default,213,0,29.179688,59.128418,-117.597656,26.608887,5.866699,9.448242,290.474222,202.061061,229.924036,-155.696215,10.381799,-45.6467391,15.7339941,17.5012474,106.253859,91.955567,0.0451909357,1.74062663,38.5171628,0.00235924009,18902774.7
18.7592337,cycle1_reload_to_default,Default,214,0,29.289551,59.018555,-117.685547,26.71875,6.218262,9.470215,290.328344,202.448144,229.447258,-155.645106,10.4676839,-45.8496253,16.3337365,25.1529911,105.84455,91.604004,0.0464099974,1.74084954,37.510227,0.00242552045,18910948.7
18.7847073,cycle1_reload_to_default,Default,215,0,29.465332,58.820801,-117.839355,26.960449,6.899414,9.492188,290.257741,203.02481,228.662686,-155.525054,10.6958894,-46.2860124,30.8238936,38.3243343,105.059556,90.922852,0.0487284193,1.74124943,35.7337558,0.00255467958,18933509.7
18.8098028,cycle1_reload_to_default,Default,216,0,29.575195,58.73291,-117.927246,27.092285,7.250977,9.51416,290.138175,203.401714,228.305726,-155.451833,10.8110908,-46.5078827,16.3803018,21.2270903,104.64904,90.571289,0.0499006351,1.74144603,34.8982738,0.0026207562,18943249.7
18.8348989,cycle1_reload_to_default,Default,217,0,29.707031,58.579102,-118.037109,27.246094,7.77832,9.51416,290.071563,203.837455,227.699173,-155.365315,10.9231688,-46.8705716,23.7365774,29.8774467,104.054618,90.043946,0.0516672062,1.74179533,33.7118157,0.00271887197,18958917.3
18.8599944,cycle1_reload_to_default,Default,218,0,29.816895,58.491211,-118.125,27.37793,8.129883,9.536133,289.94837,204.208604,227.342535,-155.29289,11.0377145,-47.093874,16.3803146,21.0899301,103.6441,89.692383,0.0528165033,1.74199608,32.982041,0.00278444276,18968093.9
18.8850887,cycle1_reload_to_default,Default,219,0,29.926758,58.381348,-118.190918,27.487793,8.503418,9.558105,289.872745,204.614293,226.943581,-155.213638,11.1243733,-47.3520475,16.9333697,22.8734791,103.220131,89.318848,0.0540459308,1.74224385,32.2363557,0.00285392784,18981943.3
18.9121218,cycle1_reload_to_default,Default,220,0,30.102539,58.183594,-118.344727,27.751465,9.206543,9.558105,289.835355,205.156701,226.188449,-155.08958,11.3534474,-47.8265194,29.9968369,34.420732,102.410273,88.615723,0.0563102056,1.74266032,30.9475042,0.00298533548,19004966.2
18.9372101,cycle1_reload_to_default,Default,221,0,30.212402,58.095703,-118.432617,27.839355,9.558105,9.580078,289.644201,205.527497,225.804195,-155.026142,11.4052836,-48.0620393,15.909897,22.6068866,102.012998,88.264161,0.0574377093,1.74290467,30.344258,0.00304817653,19008872.9
18.9623613,cycle1_reload_to_default,Default,222,0,30.300293,57.98584,-118.520508,27.971191,9.931641,9.624023,289.611334,205.773485,225.357654,-154.958692,11.5808725,-48.2957548,17.1639561,20.3119662,101.582634,87.890625,0.0586230514,1.74313886,29.7347002,0.0031169615,19017987.6
18.987457,cycle1_reload_to_default,Default,223,0,30.410156,57.897949,-118.608398,28.081055,10.283203,9.602051,289.448119,206.135237,224.988144,-154.906005,11.6040328,-48.5400545,16.1206534,21.6075133,101.18028,87.539063,0.0597230662,1.74336447,29.1908064,0.00318025611,19023605.8
19.0125573,cycle1_reload_to_default,Default,224,0,30.60791,57.700195,-118.762207,28.322754,10.986328,9.645996,289.286226,206.770741,224.220713,-154.771938,11.8275777,-49.0068416,32.283032,40.2174678,100.370154,86.835938,0.0619000422,1.74380621,28.171325,0.00330851594,19042112.1
19.0376546,cycle1_reload_to_default,Default,225,0,30.695801,57.590332,-118.828125,28.476562,11.359863,9.667969,289.339131,207.037484,223.850267,-154.689888,12.0031728,-49.2664664,17.2674746,18.3104466,99.938289,86.462403,0.0630304948,1.74402097,27.6694792,0.00337815695,19058226.5
19.0627432,cycle1_reload_to_default,Default,226,0,30.783691,57.480469,-118.916016,28.586426,11.689453,9.689941,289.227128,207.279717,223.361822,-154.657674,12.1105253,-49.456351,15.3703078,22.1853092,99.5533413,86.132813,0.0640446263,1.74424366,27.2348168,0.00343739911,19061661.3
19.0878482,cycle1_reload_to_default,Default,227,0,30.893555,57.392578,-119.003906,28.696289,12.062988,9.689941,289.076384,207.628669,223.008434,-154.587639,12.164109,-49.7266253,16.8581231,20.6736581,99.1312045,85.759278,0.0651608712,1.74448461,26.7719657,0.00350316351,19067252.3
19.1129434,cycle1_reload_to_default,Default,228,0,31.047363,57.23877,-119.11377,28.87207,12.590332,9.711914,288.930967,208.127057,222.419982,-154.492689,12.2990939,-50.0839696,24.2012695,31.270401,98.524051,85.231934,0.0667303402,1.74482198,26.1473563,0.00359783775,19080319.7
19.1380334,cycle1_reload_to_default,Default,229,0,31.135254,57.150879,-119.20166,28.981934,12.941895,9.733887,288.836176,208.361424,222.052818,-154.43,12.407968,-50.3265728,15.9088935,17.7673761,98.1255112,84.880371,0.0677578303,1.74504614,25.754162,0.00365928793,19084213.7
19.1631248,cycle1_reload_to_default,Default,230,0,31.333008,56.953125,-119.355469,29.223633,13.666992,9.755859,288.671701,208.961659,221.303407,-154.295131,12.599107,-50.8383279,33.0222771,38.8236921,97.2971528,84.155274,0.0698492816,1.74549937,24.9895107,0.00378757602,19100187
19.1882176,cycle1_reload_to_default,Default,231,0,31.442871,56.843262,-119.421387,29.355469,14.018555,9.777832,288.581776,209.329053,220.905739,-154.227342,12.7077361,-51.0720851,16.4287458,21.871623,96.8855694,83.803711,0.0708500806,1.74571423,24.6395518,0.00385082543,19111144.2
19.2133129,cycle1_reload_to_default,Default,232,0,31.574707,56.711426,-119.553223,29.553223,14.545898,9.799805,288.478351,209.656963,220.375534,-154.134006,12.9002932,-51.4367951,24.2329038,25.1813908,96.2782006,83.276368,0.072306202,1.74602337,24.1476294,0.00394273238,19118567.9
19.2383823,cycle1_reload_to_default,Default,233,0,31.68457,56.601562,-119.619141,29.663086,14.897461,9.799805,288.352692,210.025223,219.966012,-154.077258,12.9475516,-51.6828932,16.1613373,22.5334388,95.8740166,82.924805,0.0732964043,1.74625105,23.8245118,0.0040044029,19126842.6
19.263464,cycle1_reload_to_default,Default,234,0,31.772461,56.491699,-119.707031,29.772949,15.249023,9.84375,288.245382,210.24341,219.495452,-154.028134,13.0820045,-51.9025295,16.200897,21.1177436,95.4692958,82.573243,0.0742771904,1.74648187,23.5130309,0.00406468264,19129010.6
19.2888024,cycle1_reload_to_default,Default,235,0,31.882324,56.403809,-119.772949,29.904785,15.600586,9.84375,288.151773,210.602666,219.204111,-153.948959,13.1600118,-52.1664395,16.0367551,18.6246364,95.0638973,82.22168,0.0752149775,1.74668072,23.222512,0.0041262141,19139028.7
19.3139007,cycle1_reload_to_default,Default,236,0,32.080078,56.206055,-119.94873,30.124512,16.281738,9.865723,287.832816,211.142608,218.355282,-153.863963,13.3068326,-52.6135905,31.4192402,42.0489559,94.2758249,81.540528,0.0770506039,1.74711016,22.6748406,0.00424124033,19141388.7
19.3408353,cycle1_reload_to_default,Default,237,0,32.211914,56.052246,-120.058594,30.322266,16.809082,9.887695,287.772764,211.483887,217.782899,-153.773037,13.4947204,-52.9852224,22.6075028,24.8417811,93.6673927,81.013184,0.0784266041,1.74741798,22.2809339,0.0043322138,19152077
19.3660328,cycle1_reload_to_default,Default,238,0,32.321777,55.964355,-120.124512,30.432129,17.138672,9.887695,287.621086,211.842963,217.465669,-153.709199,13.5368109,-53.2268625,15.1037819,19.9452232,93.2876365,80.683594,0.0792792606,1.74761158,22.0437421,0.00438809844,19158041.7
19.3911288,cycle1_reload_to_default,Default,239,0,32.431641,55.854492,-120.212402,30.563965,17.490234,9.887695,287.454843,212.149365,217.008618,-153.67218,13.6109419,-53.45383,16.5660961,22.9047885,92.8724665,80.332032,0.0801795639,1.74782125,21.798837,0.00444747919,19160629.8
19.4162312,cycle1_reload_to_default,Default,240,0,32.519531,55.766602,-120.300293,30.673828,17.819824,9.931641,287.321142,212.35564,216.631231,-153.616009,13.7392118,-53.6700916,15.2114673,17.9419267,92.492161,80.002442,0.0810128161,1.74801659,21.5770377,0.00450154056,19160309.8
19.441304,cycle1_reload_to_default,Default,241,0,32.717285,55.568848,-120.454102,30.893555,18.479004,9.931641,287.02429,212.908123,215.832315,-153.533433,13.8483146,-54.1240326,30.4966313,40.5095724,91.728227,79.343262,0.0826720951,1.74841086,21.1487425,0.00461072371,19164599.3
19.4664538,cycle1_reload_to_default,Default,242,0,32.827148,55.458984,-120.541992,31.025391,18.830566,9.975586,286.851781,213.204987,215.376545,-153.481387,13.978029,-54.3412701,16.6226959,22.6890671,91.3115184,78.9917,0.0835334858,1.74861474,20.9330991,0.00466890033,19166210.2
19.4915364,cycle1_reload_to_default,Default,243,0,32.915039,55.371094,-120.60791,31.135254,19.182129,9.975586,286.792272,213.439915,215.077086,-153.40884,14.0497029,-54.6221219,15.7194917,15.3587598,90.9181047,78.640137,0.0843887085,1.74881127,20.7232851,0.00472661088,19171744.4
19.5167878,cycle1_reload_to_default,Default,244,0,33.00293,55.26123,-120.673828,31.26709,19.511719,9.997559,286.739919,213.663503,214.666321,-153.359655,14.1776465,-54.8447607,15.3700442,18.6364582,90.5308795,78.310547,0.0851781352,1.74899587,20.53339,0.00478216936,19177770.9
19.5418634,cycle1_reload_to_default,Default,245,0,33.200684,55.063477,-120.849609,31.508789,20.192871,10.019531,286.419609,214.144911,213.836887,-153.277577,14.3430044,-55.3051377,31.7029314,40.3217315,89.7361754,77.629395,0.086780544,1.74937893,20.1586536,0.00489143257,19176735.4
19.5669708,cycle1_reload_to_default,Default,246,0,33.288574,54.975586,-120.9375,31.618652,20.544434,10.041504,286.294194,214.332364,213.478987,-153.218105,14.4402,-55.5624568,15.8978545,16.8491012,89.3376348,77.277832,0.0875958873,1.74957224,19.9732236,0.00494649887,19175507.4
19.5921938,cycle1_reload_to_default,Default,247,0,33.442383,54.821777,-121.025391,31.816406,21.027832,10.063477,286.147865,214.786457,212.939189,-153.132332,14.5840688,-55.9031187,22.7164233,28.5616991,88.7662274,76.794434,0.0886900278,1.74982563,19.7296773,0.00502681543,19185632.7
19.6172974,cycle1_reload_to_default,Default,248,0,33.552246,54.733887,-121.113281,31.904297,21.379395,10.063477,285.903928,215.087708,212.572749,-153.079998,14.5895223,-56.1653503,15.8761512,21.2487321,88.3697403,76.442871,0.0895028011,1.75002375,19.5527261,0.00508014297,19181955.6
19.6423786,cycle1_reload_to_default,Default,249,0,33.640137,54.624023,-121.179199,32.036133,21.708984,10.085449,285.842349,215.297433,212.163446,-153.032106,14.7136623,-56.3929557,15.4743277,18.5003663,87.9825166,76.113282,0.0902349192,1.75019786,19.3960152,0.00513385156,19186402.1
19.6674893,cycle1_reload_to_default,Default,250,0,33.793945,54.492188,-121.311035,32.211914,22.214355,10.107422,285.55948,215.671233,211.618674,-152.956905,14.824094,-56.7501204,23.3978539,28.6209141,87.3954313,75.607911,0.0913322366,1.7504583,19.1658319,0.00521136529,19183017.2
19.6925683,cycle1_reload_to_default,Default,251,0,33.881836,54.382324,-121.376953,32.321777,22.565918,10.129395,285.480234,215.882959,211.217111,-152.897804,14.9174624,-57.0116095,15.9640068,18.3749508,86.9958347,75.256348,0.0921144674,1.75064716,19.0051271,0.00526664611,19185817.8
19.7203255,cycle1_reload_to_default,Default,252,0,34.07959,54.18457,-121.552734,32.563477,23.225098,10.151367,285.115465,216.327404,210.379311,-152.831473,15.0689335,-57.4570381,27.9650096,36.6074158,86.2201403,74.597168,0.0935049605,1.7509853,18.726122,0.00536689562,19179747
19.7453961,cycle1_reload_to_default,Default,253,0,34.16748,54.074707,-121.618652,32.717285,23.57666,10.17334,285.097495,216.5129,209.997015,-152.77079,15.2233992,-57.7151446,16.5363936,16.9641563,85.8072802,74.245606,0.094219239,1.75115058,18.585913,0.00542313424,19185409
19.7705071,cycle1_reload_to_default,Default,254,0,34.277344,53.986816,-121.706543,32.827148,23.90625,10.17334,284.856793,216.791377,209.627912,-152.730754,15.2531367,-57.9508072,15.3316508,20.7587144,85.4231659,73.916016,0.094895864,1.75131311,18.4551048,0.00547168466,19181073.3
19.7956183,cycle1_reload_to_default,Default,255,0,34.365234,53.876953,-121.772461,32.958984,24.23584,10.17334,284.784593,216.984959,209.220661,-152.692931,15.3437014,-58.1910953,15.4310418,18.1855883,85.0367208,73.586426,0.0955646142,1.75147341,18.3276354,0.0055231109,19183664.6
19.8207781,cycle1_reload_to_default,Default,256,0,34.562988,53.679199,-121.92627,33.178711,24.916992,10.217285,284.451325,217.45682,208.45429,-152.585725,15.4892486,-58.6884225,31.1960824,38.1445607,84.2522391,72.905274,0.0969474988,1.75180491,18.0696246,0.00562402683,19179950.5
19.8458905,cycle1_reload_to_default,Default,257,0,34.650879,53.591309,-121.992188,33.310547,25.246582,10.217285,284.38171,217.648969,208.154527,-152.526695,15.5796014,-58.9496703,15.2054086,14.4471396,83.8712008,72.575684,0.0975773601,1.75194787,17.9544504,0.0056739855,19182223.8
19.870991,cycle1_reload_to_default,Default,258,0,34.760742,53.481445,-122.102051,33.42041,25.598145,10.239258,284.085016,217.868168,207.640021,-152.508592,15.6329876,-59.1743233,16.5399903,25.2218973,83.4575401,72.224121,0.098269189,1.75212266,17.8298272,0.00572276095,19171289.4
19.8996017,cycle1_reload_to_default,Default,259,0,34.958496,53.283691,-122.233887,33.640137,26.30127,10.283203,283.818234,218.36337,206.953879,-152.366452,15.7765968,-59.724802,27.9657088,31.0106234,82.6584108,71.520996,0.0996406619,1.75244055,17.5876045,0.00582585412,19172110.1
19.9247084,cycle1_reload_to_default,Default,260,0,35.046387,53.195801,-122.321777,33.793945,26.652832,10.283203,283.734315,218.491722,206.622498,-152.316064,15.8959538,-59.9973327,16.4429581,14.5436995,82.2473629,71.169434,0.100255948,1.75257933,17.4810509,0.00587668804,19170046.1
19.9498312,cycle1_reload_to_default,Default,261,0,35.134277,53.085938,-122.409668,33.881836,26.982422,10.283203,283.524121,218.649018,206.144539,-152.301738,15.9153743,-60.2304718,15.098067,21.7059395,81.8698198,70.839844,0.100896427,1.75273914,17.371667,0.00592171519,19161511.3
19.9749355,cycle1_reload_to_default,Default,262,0,35.244141,52.998047,-122.497559,34.013672,27.333984,10.305176,283.320457,218.892958,205.806508,-152.239855,16.0002163,-60.4936948,16.3745246,18.4809429,81.4592934,70.488282,0.101516966,1.75288015,17.266869,0.00597083516,19157249.4
20.0000155,cycle1_reload_to_default,Default,263,0,35.441895,52.77832,-122.629395,34.277344,28.037109,10.327148,283.097472,219.339751,205.034926,-152.128264,16.1687577,-61.0360152,32.6164982,36.6454783,80.6422681,69.785157,0.102777993,1.75317096,17.0578438,0.0060727888,19158420.5
20.0251138,cycle1_reload_to_default,Default,264,0,35.529785,52.69043,-122.717285,34.40918,28.366699,10.371094,282.955787,219.470977,204.68127,-152.073655,16.3075566,-61.272994,15.4885156,16.0547987,80.2553314,69.455567,0.103330114,1.75329742,16.9679231,0.00611777186,19152758.7
20.0502129,cycle1_reload_to_default,Default,265,0,35.683594,52.536621,-122.849121,34.584961,28.894043,10.393066,282.641871,219.774688,204.064192,-152.009098,16.3961469,-61.6640632,24.37118,30.1215338,79.6438234,68.928223,0.104245294,1.75351023,16.8210013,0.00618856331,19142585.1
20.0753477,cycle1_reload_to_default,Default,266,0,35.771484,52.44873,-122.915039,34.694824,29.245605,10.393066,282.541197,219.95341,203.779935,-151.937108,16.4484509,-61.9648134,15.6868014,13.9464424,79.2503949,68.576661,0.104853503,1.7536419,16.7246859,0.00623662576,19140989.5
20.1004021,cycle1_reload_to_default,Default,267,0,35.881348,52.338867,-123.00293,34.82666,29.597168,10.393066,282.319892,220.177095,203.339444,-151.906826,16.4969349,-62.2225971,16.5935682,21.6063383,78.8352361,68.225098,0.105435606,1.75377721,16.6336334,0.00628372692,19134547.3
20.1276135,cycle1_reload_to_default,Default,268,0,36.079102,52.141113,-123.156738,35.046387,30.300293,10.437012,281.958468,220.584,202.610733,-151.785203,16.6194592,-62.772521,29.5475564,33.4240339,78.0317427,67.521973,0.106617528,1.75403954,16.4516996,0.0063763967,19123900.8
20.1527016,cycle1_reload_to_default,Default,269,0,36.166992,52.053223,-123.222656,35.178223,30.651855,10.458984,281.885471,220.74282,202.336014,-151.703755,16.7286706,-63.0677876,16.0061812,12.9787266,77.6309222,67.170411,0.107174379,1.7541557,16.3673045,0.00642390844,19122888.9
20.177798,cycle1_reload_to_default,Default,270,0,36.276855,51.943359,-123.310547,35.288086,31.003418,10.458984,281.624434,220.970447,201.891826,-151.672975,16.7417264,-63.3306834,16.3093319,22.4436714,77.2223904,66.818848,0.107747794,1.75428587,16.2814087,0.00646845193,19113835.4
20.2028933,cycle1_reload_to_default,Default,271,0,36.364746,51.833496,-123.376465,35.419922,31.35498,10.458984,281.539812,221.118951,201.511807,-151.623382,16.8180794,-63.6170439,16.1921345,16.6042865,76.8169381,66.467286,0.108302484,1.75440652,16.1991346,0.00651565918,19111749.8
20.227998,cycle1_reload_to_default,Default,272,0,36.518555,51.70166,-123.508301,35.617676,31.882324,10.50293,281.248892,221.38935,201.017663,-151.526741,16.9578531,-64.0280134,24.4754194,25.2532935,76.2034309,65.939942,0.10908689,1.75457111,16.084161,0.00658181774,19100450.5
20.2530842,cycle1_reload_to_default,Default,273,0,36.606445,51.591797,-123.574219,35.727539,32.255859,10.524902,281.144097,221.543386,200.650941,-151.45271,17.0301302,-64.3397238,16.7337881,16.3967677,75.7848294,65.566407,0.109685719,1.75469647,15.9974925,0.00662989263,19096651.1
20.2781897,cycle1_reload_to_default,Default,274,0,36.804199,51.394043,-123.728027,35.969238,32.958984,10.546875,280.793511,221.907819,199.940249,-151.33937,17.1422167,-64.9069465,32.2406622,34.7430733,74.975479,64.863282,0.110737137,1.75491448,15.8475695,0.00671752602,19083721.9
20.3032811,cycle1_reload_to_default,Default,275,0,36.870117,51.350098,-123.771973,36.035156,33.134766,10.546875,280.636883,222.06557,199.777125,-151.311273,17.1481979,-65.0456218,8.30768992,10.989025,74.7679258,64.6875,0.11098456,1.75496426,15.8126884,0.00673874599,19079438.1
20.3283849,cycle1_reload_to_default,Default,276,0,37.067871,51.152344,-123.947754,36.254883,33.837891,10.568848,280.185625,222.388957,199.008749,-151.219031,17.2205944,-65.601214,32.1714552,37.7613187,73.9608422,63.984375,0.112011369,1.75517453,15.6696105,0.00682111536,19058139.9
20.3534696,cycle1_reload_to_default,Default,277,0,37.155762,51.04248,-124.013672,36.386719,34.211426,10.59082,280.105563,222.518794,198.652593,-151.144885,17.3190326,-65.9163813,16.9850607,15.4455091,73.5356099,63.61084,0.112548829,1.75528001,15.59572,0.00686778934,19054330.2
20.378566,cycle1_reload_to_default,Default,278,0,37.265625,50.95459,-124.07959,36.518555,34.562988,10.612793,279.931378,222.763987,198.385344,-151.058649,17.3886042,-66.2134544,16.2150118,16.0319733,73.1294537,63.259278,0.113030995,1.75536962,15.5299847,0.00691094318,19050413.1
20.4036741,cycle1_reload_to_default,Default,279,0,37.353516,50.844727,-124.16748,36.650391,34.914551,10.634766,279.772024,222.847205,197.956632,-151.02133,17.4801903,-66.4853061,16.3720517,18.5151496,72.7188604,62.907715,0.113504708,1.75546515,15.4660117,0.00695177068,19040005.8
20.4287667,cycle1_reload_to_default,Default,280,0,37.55127,50.646973,-124.343262,36.870117,35.639648,10.656738,279.322323,223.148311,197.216396,-150.912958,17.5434852,-67.0779837,32.9509706,36.5436719,71.8927692,62.182618,0.114501155,1.7556531,15.3330602,0.00703244073,19016591.6
20.4580109,cycle1_reload_to_default,Default,281,0,37.705078,50.515137,-124.431152,37.045898,36.166992,10.656738,279.090253,223.487929,196.842997,-150.785803,17.5844036,-67.5507788,20.4527679,18.99656,71.2961884,61.655274,0.115212552,1.75577622,15.2394525,0.00709480651,19010455.6
20.4831219,cycle1_reload_to_default,Default,282,0,37.792969,50.405273,-124.519043,37.177734,36.518555,10.656738,278.924209,223.562036,196.418462,-150.757966,17.6429006,-67.833686,16.3468022,18.3918036,70.8863603,61.303711,0.115657342,1.75585978,15.1815678,0.00713365948,18998876.5
20.5082219,cycle1_reload_to_default,Default,283,0,37.946777,50.251465,-124.650879,37.375488,37.045898,10.678711,278.591694,223.779987,195.836656,-150.69109,17.7287648,-68.2542841,24.6360422,28.074712,70.2682087,60.776368,0.11630824,1.7559765,15.0976104,0.007190903,18981333.3
20.53333,cycle1_reload_to_default,Default,284,0,38.034668,50.163574,-124.716797,37.485352,37.397461,10.722656,278.457695,223.918267,195.57085,-150.594494,17.816575,-68.5578662,15.8007748,13.0723795,69.8732646,60.424805,0.11676301,1.75605077,15.0394442,0.00722981788,18973978.3
20.5583913,cycle1_reload_to_default,Default,285,0,38.144531,50.053711,-124.782715,37.595215,37.749023,10.722656,278.225856,224.153563,195.199608,-150.53779,17.8136779,-68.8531605,16.1665193,19.8283138,69.4691137,60.073243,0.117221101,1.75612964,14.981344,0.00726869253,18965715.5
20.5889037,cycle1_reload_to_default,Default,286,0,38.342285,49.855957,-124.958496,37.858887,38.452148,10.766602,277.803505,224.396309,194.466447,-150.433637,17.949638,-69.4237631,26.9253135,28.8488178,68.6479768,59.370118,0.118042164,1.75626399,14.8782768,0.00734159788,18940620.9
20.6140027,cycle1_reload_to_default,Default,287,0,38.430176,49.768066,-125.046387,37.946777,38.781738,10.766602,277.555061,224.499597,194.126694,-150.392444,17.9404596,-69.6997681,14.8824587,17.2670868,68.2758428,59.040528,0.118446279,1.75632725,14.8280492,0.00737294582,18925166.2
20.6391022,cycle1_reload_to_default,Default,288,0,38.540039,49.658203,-125.112305,38.100586,39.133301,10.788574,277.384623,224.696037,193.768032,-150.328472,18.0244394,-69.9919,16.7249201,17.6510131,67.8576354,58.688965,0.118841864,1.75638944,14.7792149,0.00741194861,18918483
20.6671209,cycle1_reload_to_default,Default,289,0,38.737793,49.460449,-125.266113,38.320312,39.814453,10.810547,276.926219,225.004514,193.0692,-150.220207,18.0633384,-70.5629871,27.9800377,31.7956748,67.0739371,58.007813,0.119640502,1.75650879,14.6815565,0.00747972743,18894129.8
20.6922133,cycle1_reload_to_default,Default,290,0,38.847656,49.372559,-125.354004,38.452148,40.144043,10.83252,276.653918,225.175239,192.742007,-150.168429,18.1114367,-70.8290327,15.6399866,18.2780744,66.6824077,57.678223,0.119985029,1.75655631,14.6397957,0.007511255,18880328.8
20.7173016,cycle1_reload_to_default,Default,291,0,38.935547,49.262695,-125.419922,38.583984,40.473633,10.83252,276.514216,225.276267,192.363189,-150.130487,18.1601337,-71.1098883,15.4451399,16.5895966,66.2959647,57.348633,0.120347746,1.75660943,14.5961141,0.00754533104,18871098.6
20.7423797,cycle1_reload_to_default,Default,292,0,39.023438,49.174805,-125.48584,38.737793,40.825195,10.83252,276.433786,225.365629,192.114388,-150.056058,18.2446547,-71.4358367,16.2977014,11.018675,65.8893034,56.997071,0.120711163,1.75665467,14.5525453,0.00758191249,18863767.8
20.7674861,cycle1_reload_to_default,Default,293,0,39.177246,49.020996,-125.617676,38.913574,41.330566,10.854492,276.02468,225.565275,191.527676,-149.998195,18.2765673,-71.8448778,23.6136505,29.5781395,65.2967907,56.4917,0.1212483,1.75672567,14.4886622,0.00762773089,18840062.4
20.7925873,cycle1_reload_to_default,Default,294,0,39.265137,48.933105,-125.705566,39.023438,41.660156,10.876465,275.799158,225.638155,191.200941,-149.946603,18.3177443,-72.1211957,15.1364622,16.0806061,64.9172343,56.16211,0.121591429,1.75676644,14.4481109,0.00765648974,18824007.2
20.8176832,cycle1_reload_to_default,Default,295,0,39.462891,48.735352,-125.837402,39.265137,42.341309,10.92041,275.412268,225.951842,190.573661,-149.802333,18.4041081,-72.7132941,31.3734134,31.9166135,64.1305127,55.480957,0.122314047,1.75685144,14.3634479,0.00772163678,18802837.7
20.8427825,cycle1_reload_to_default,Default,296,0,39.550781,48.625488,-125.947266,39.396973,42.692871,10.92041,275.161877,225.942407,190.114608,-149.795367,18.4364021,-72.9991395,16.5639035,20.8366855,63.7163049,55.129395,0.122646968,1.75688791,14.3247562,0.0077497489,18781206.2
20.8678656,cycle1_reload_to_default,Default,297,0,39.70459,48.493652,-126.057129,39.572754,43.198242,10.964355,274.811641,226.185064,189.695629,-149.676709,18.4960518,-73.4376945,23.2922574,23.8236753,63.1328143,54.624024,0.123154382,1.75693765,14.2661399,0.00779449825,18761845.8
20.8929622,cycle1_reload_to_default,Default,298,0,39.79248,48.383789,-126.14502,39.682617,43.527832,10.964355,274.567206,226.238939,189.269248,-149.658009,18.4980018,-73.7110151,15.3403693,19.7006631,62.7486249,54.294434,0.123479317,1.75697122,14.2288705,0.00782119873,18743827.5
20.9180672,cycle1_reload_to_default,Default,299,0,39.946289,48.22998,-126.23291,39.858398,44.033203,10.986328,274.258041,226.514165,188.800518,-149.548729,18.5256195,-74.1594099,23.2883626,24.9086467,62.1648857,53.789063,0.123992346,1.75702093,14.1703983,0.00786747366,18728316
20.9431725,cycle1_reload_to_default,Default,300,0,40.03418,48.14209,-126.342773,39.990234,44.384766,10.986328,274.013011,226.505205,188.45368,-149.516622,18.5563457,-74.4647389,16.3505088,16.9190085,61.7560807,53.4375,0.124296102,1.75704079,14.1359283,0.00789300313,18706274.6
20.9682631,cycle1_reload_to_default,Default,301,0,40.144043,48.054199,-126.408691,40.12207,44.714355,11.008301,273.781201,226.699636,188.191942,-149.43728,18.5940627,-74.7571145,15.468437,15.9444567,61.3689493,53.107911,0.124598407,1.75706301,14.1018096,0.00792170142,18694795.2
20.9933791,cycle1_reload_to_default,Default,302,0,40.275879,47.900391,-126.540527,40.297852,45.219727,11.008301,273.435536,226.763355,187.625037,-149.388856,18.6066621,-75.1955398,23.3766576,26.557906,60.7825551,52.602539,0.12505801,1.75709534,14.0502423,0.00796004531,18667164.9
21.0184608,cycle1_reload_to_default,Default,303,0,40.385742,47.790527,-126.606445,40.429688,45.549316,11.052246,273.187934,226.943013,187.260128,-149.321701,18.6637133,-75.4689395,15.7687978,18.9849636,60.3892551,52.27295,0.125356262,1.75711689,14.0169854,0.00798794157,18654304.9
21.0458062,cycle1_reload_to_default,Default,304,0,40.561523,47.614746,-126.760254,40.693359,46.230469,11.074219,272.844375,227.057346,186.712904,-149.187062,18.7559734,-76.095827,28.781369,23.9956088,59.603053,51.591797,0.12594256,1.7571444,13.9519509,0.00804114781,18624107.8
21.0709114,cycle1_reload_to_default,Default,305,0,40.671387,47.504883,-126.848145,40.803223,46.560059,11.074219,272.50087,227.200535,186.297276,-149.161767,18.7169734,-76.3702306,15.5583079,22.2222225,59.2135281,51.262207,0.126229947,1.75715866,13.9202994,0.00806398544,18604099.9
21.0959885,cycle1_reload_to_default,Default,306,0,40.803223,47.351074,-126.958008,41.000977,47.087402,11.118164,272.250211,227.279334,185.813935,-149.051446,18.8113358,-76.8460497,24.3294309,21.9380699,58.6043494,50.734864,0.126682545,1.75717697,13.8707111,0.00810447062,18581038.5
21.1211545,cycle1_reload_to_default,Default,307,0,40.913086,47.263184,-127.045898,41.11084,47.416992,11.118164,271.916118,227.429298,185.506812,-149.000935,18.7748639,-77.1362745,15.2980687,18.9916754,58.220222,50.405274,0.126955116,1.75718261,13.8409752,0.00812603162,18561311.2
21.1462479,cycle1_reload_to_default,Default,308,0,41.066895,47.109375,-127.133789,41.286621,47.944336,11.162109,271.59647,227.675157,185.075874,-148.857042,18.8095202,-77.6192566,24.1078992,23.5199792,57.6167002,49.87793,0.127423252,1.75720018,13.7902632,0.00816698703,18541772.4
21.1713543,cycle1_reload_to_default,Default,309,0,41.154785,47.021484,-127.243652,41.418457,48.273926,11.162109,271.322859,227.648124,184.723814,-148.837235,18.8245219,-77.9075726,15.6067034,17.792213,57.2269176,49.54834,0.127655619,1.75719444,13.7651163,0.00818530985,18517080.2
21.1963925,cycle1_reload_to_default,Default,310,0,41.286621,46.867676,-127.353516,41.594238,48.779297,11.184082,271.013753,227.736404,184.22657,-148.747361,18.8500752,-78.3662575,23.284394,23.6481285,56.6441317,49.042969,0.128067956,1.75719938,13.7208356,0.00821976378,18491302.7
21.2216101,cycle1_reload_to_default,Default,311,0,41.396484,46.757812,-127.441406,41.704102,49.130859,11.206055,270.673958,227.864653,183.841362,-148.691166,18.8284668,-78.6682275,16.2543398,20.9944303,56.2348194,48.691407,0.128350488,1.7571995,13.6906336,0.00824110136,18469645.9
21.2467051,cycle1_reload_to_default,Default,312,0,41.550293,46.625977,-127.55127,41.879883,49.658203,11.228027,270.299375,228.06075,183.474394,-148.554361,18.8257276,-79.1639455,23.9947198,22.3092411,55.6330738,48.164063,0.128768192,1.7571956,13.6461929,0.00827553212,18443854.4
21.2718072,cycle1_reload_to_default,Default,313,0,41.638184,46.516113,-127.63916,42.011719,50.009766,11.25,270.077309,228.06201,183.094745,-148.504661,18.8609614,-79.4780025,16.3759499,17.5215156,55.2224916,47.8125,0.12902585,1.75718861,13.6188881,0.0082965356,18422521.8
21.2969198,cycle1_reload_to_default,Default,314,0,41.791992,46.384277,-127.770996,42.209473,50.515137,11.271973,269.660745,228.184388,182.664347,-148.410643,18.8777536,-79.9386525,23.6725915,24.3441784,54.6287961,47.307129,0.129376429,1.75717014,13.5818414,0.00832528172,18391457.3
21.322037,cycle1_reload_to_default,Default,315,0,41.879883,46.274414,-127.814941,42.341309,50.866699,11.271973,269.549151,228.283539,182.386294,-148.322222,18.8950555,-80.2879103,16.0592967,12.5647656,54.227746,46.955567,0.129653762,1.75716889,13.5527798,0.00835139011,18380209.1
21.3471341,cycle1_reload_to_default,Default,316,0,41.989746,46.186523,-127.902832,42.451172,51.218262,11.293945,269.214355,228.414476,182.114219,-148.237951,18.8714177,-80.6075808,16.119767,17.9638115,53.8238234,46.604004,0.129908161,1.75715532,13.5261349,0.0083698292,18358081.4
21.373276,cycle1_reload_to_default,Default,317,0,42.1875,45.966797,-128.056641,42.692871,51.921387,11.315918,268.691427,228.575369,181.415663,-148.111873,18.8458538,-81.2543069,31.1784752,33.9421384,53.0090777,45.900879,0.130411596,1.75713039,13.4737282,0.0084094753,18317538.6
21.3983836,cycle1_reload_to_default,Default,318,0,42.231445,45.944824,-128.100586,42.758789,52.097168,11.315918,268.59671,228.589839,181.386935,-148.05427,18.855439,-81.4366108,7.92470721,3.98404038,52.8122659,45.725098,0.130523847,1.75711824,13.4620476,0.00841839468,18307479.6
21.4238269,cycle1_reload_to_default,Default,319,0,42.429199,45.74707,-128.254395,43.000488,52.800293,11.359863,268.080483,228.756177,180.799667,-147.888848,18.8569152,-82.0925488,31.8477191,31.4189154,52.0021526,45.021973,0.131003788,1.75708297,13.4124592,0.00845564978,18266689.6
21.4489369,cycle1_reload_to_default,Default,320,0,42.473145,45.681152,-128.320312,43.044434,52.976074,11.359863,267.865985,228.712208,180.514252,-147.900078,18.812648,-82.2350993,8.3014994,14.3260962,51.7967521,44.846192,0.13111581,1.75706868,13.4008911,0.00846005944,18248462.9
21.4740274,cycle1_reload_to_default,Default,321,0,42.670898,45.505371,-128.452148,43.286133,53.701172,11.381836,267.426047,228.93447,180.107609,-147.676428,18.7932665,-82.9544497,32.6733464,25.4673205,50.9781729,44.121094,0.131605279,1.75702962,13.3507533,0.00849966355,18212606.4
21.4991271,cycle1_reload_to_default,Default,322,0,42.714844,45.439453,-128.496094,43.330078,53.85498,11.381836,267.253345,228.942445,179.851071,-147.679333,18.7547963,-83.0823556,7.32422308,12.325078,50.7961819,43.967286,0.131704446,1.7570188,13.3406188,0.00850522255,18199588.5
21.524215,cycle1_reload_to_default,Default,323,0,42.912598,45.241699,-128.671875,43.59375,54.580078,11.425781,266.7133,229.02062,179.253197,-147.518872,18.7636586,-83.7658231,33.4997625,32.264753,49.9560557,43.242188,0.132137669,1.75695945,13.2964314,0.00853678893,18151840.9
21.5493305,cycle1_reload_to_default,Default,324,0,42.956543,45.197754,-128.71582,43.659668,54.755859,11.403809,266.599761,229.017437,179.125357,-147.495306,18.7333806,-83.9460815,8.11314265,6.80894111,49.7546198,43.066407,0.132238115,1.75694331,13.2862096,0.0085440112,18140037.1
21.5744381,cycle1_reload_to_default,Default,325,0,43.154297,45,-128.869629,43.901367,55.458984,11.447754,266.06227,229.163445,178.559583,-147.319339,18.7120372,-84.6135759,32.2735288,31.6208098,48.9445006,42.363282,0.132653868,1.75688462,13.2441266,0.00857424044,18095886.7
21.5995555,cycle1_reload_to_default,Default,326,0,43.198242,44.956055,-128.913574,43.967285,55.634766,11.469727,265.947069,229.15864,178.433547,-147.271275,18.7342678,-84.7801785,8.1125652,6.80087473,48.7415281,42.1875,0.132749317,1.75686671,13.2344689,0.00858088048,18083805.4
21.6246324,cycle1_reload_to_default,Default,327,0,43.374023,44.758301,-129.067383,44.208984,56.359863,11.469727,265.502759,229.194808,177.896535,-147.102451,18.6792193,-85.5012275,32.8316371,27.8314694,47.9192812,41.462403,0.133160123,1.75680083,13.1931451,0.00861010904,18038313.6
21.651403,cycle1_reload_to_default,Default,328,0,43.527832,44.626465,-129.177246,44.406738,56.887207,11.513672,265.11877,229.329391,177.57136,-146.937128,18.6903584,-86.0159534,22.790402,19.4565599,47.3101859,40.935059,0.13343665,1.75674769,13.1654061,0.00863127487,18006288.4
21.676501,cycle1_reload_to_default,Default,329,0,43.637695,44.516602,-129.265137,44.516602,57.23877,11.513672,264.746273,229.423703,177.221025,-146.87688,18.6060942,-86.3436101,16.3082474,20.7180958,46.9016165,40.583496,0.13362018,1.75670897,13.1470334,0.00864172647,17979593.8
21.701864,cycle1_reload_to_default,Default,330,0,43.769531,44.384766,-129.375,44.714355,57.788086,11.557617,264.456951,229.450642,176.922818,-146.6955,18.6395763,-86.8960438,24.6104054,16.4162699,46.2788695,40.03418,0.133894733,1.75665085,13.1196411,0.00866239935,17946456.9
21.7269478,cycle1_reload_to_default,Default,331,0,43.879395,44.274902,-129.462891,44.802246,58.117676,11.557617,264.035297,229.564959,176.553877,-146.646137,18.5221824,-87.1928045,15.3482749,22.7964068,45.8959035,39.70459,0.134059974,1.75661132,13.1031752,0.00866967488,17918932.4
21.7522008,cycle1_reload_to_default,Default,332,0,44.033203,44.143066,-129.572754,44.978027,58.666992,11.57959,263.618802,229.71096,176.260319,-146.463565,18.4634703,-87.7423914,24.6100881,20.9898297,45.2751853,39.155274,0.134323321,1.75655081,13.0770353,0.00868780371,17884394.8
21.7773097,cycle1_reload_to_default,Default,333,0,44.121094,44.033203,-129.660645,45.109863,59.040527,11.601562,263.372769,229.67459,175.940858,-146.378915,18.4560338,-88.1064547,17.1259896,16.1241444,44.8455837,38.781739,0.134487384,1.75650325,13.0607288,0.00869781487,17856935.8
21.8023634,cycle1_reload_to_default,Default,334,0,44.25293,43.901367,-129.79248,45.307617,59.545898,11.623535,262.994481,229.642842,175.56439,-146.264401,18.4441981,-88.6054673,23.5165868,21.3396656,44.2572233,38.276368,0.134690227,1.75643073,13.040521,0.00870924667,17817598.8
21.8274562,cycle1_reload_to_default,Default,335,0,44.362793,43.791504,-129.858398,45.395508,59.897461,11.623535,262.632796,229.803486,175.270706,-146.167568,18.326483,-88.943709,15.9311506,19.6398993,43.8596569,37.924805,0.134849067,1.756392,13.0248732,0.00871885841,17794008.6
21.8525376,cycle1_reload_to_default,Default,336,0,44.494629,43.637695,-129.968262,45.571289,60.424805,11.645508,262.267176,229.82765,174.86321,-146.026522,18.2774397,-89.467124,24.007731,21.8492665,43.257877,37.397461,0.135058182,1.75632438,13.0042057,0.00873230456,17757233.4
21.8776321,cycle1_reload_to_default,Default,337,0,44.604492,43.549805,-130.056152,45.74707,60.776367,11.645508,261.996994,229.857252,174.633662,-145.948492,18.2751548,-89.8300404,17.0009688,14.1768953,42.8349151,37.045899,0.135169731,1.7562679,12.9930561,0.00874051399,17731037.9
21.9027402,cycle1_reload_to_default,Default,338,0,44.758301,43.395996,-130.187988,45.900879,61.281738,11.66748,261.438672,229.947304,174.164849,-145.837199,18.1533064,-90.3047687,23.367576,29.2570073,42.2489735,36.540528,0.135352927,1.75619213,12.9749106,0.00874698648,17688213.3
21.9278381,cycle1_reload_to_default,Default,339,0,44.824219,43.308105,-130.253906,46.032715,61.633301,11.711426,261.328717,229.87226,173.982187,-145.707418,18.2083255,-90.6682765,15.9039041,9.00571198,41.8528002,36.188965,0.135468267,1.75614473,12.9635136,0.00875604623,17665630.4
21.9529271,cycle1_reload_to_default,Default,340,0,44.978027,43.154297,-130.385742,46.186523,62.138672,11.733398,260.765761,229.958502,173.519457,-145.59277,18.0803796,-91.1452611,23.3853094,29.248226,41.2668603,35.683594,0.135632522,1.75606569,12.9472318,0.0087609008,17622144.7
21.9780295,cycle1_reload_to_default,Default,341,0,45.087891,43.066406,-130.45166,46.318359,62.468262,11.733398,260.465227,230.082362,173.317799,-145.493376,18.0213862,-91.4829619,15.4364849,15.2387505,40.8805094,35.354004,0.13572523,1.75601723,12.938031,0.00876797175,17599465.7
22.0031295,cycle1_reload_to_default,Default,342,0,45.219727,42.912598,-130.561523,46.494141,62.973633,11.733398,260.073639,230.096232,172.90464,-145.373577,17.9288081,-91.9941714,23.2106119,22.6858624,40.2984987,34.848633,0.135864351,1.75594081,12.9242204,0.00877557094,17560871.1
22.0282338,cycle1_reload_to_default,Default,343,0,45.307617,42.824707,-130.649414,46.604004,63.325195,11.777344,259.78114,230.085495,172.685345,-145.253446,17.9076009,-92.3363401,15.9718928,14.5686075,39.8991682,34.497071,0.135957544,1.75588414,12.9149446,0.0087781726,17531772.7
22.0533674,cycle1_reload_to_default,Default,344,0,45.41748,42.714844,-130.737305,46.73584,63.654785,11.777344,259.406747,230.13544,172.343357,-145.201228,17.8235894,-92.6562966,15.8089001,20.2728197,39.5029868,34.167481,0.136033952,1.75582538,12.9072586,0.00878006436,17502312
22.0794821,cycle1_reload_to_default,Default,345,0,45.615234,42.51709,-130.891113,46.977539,64.335938,11.821289,258.788714,230.2251,171.831318,-144.999989,17.7213939,-93.3309811,30.3017491,30.9243976,38.7118859,33.486328,0.136180424,1.75571489,12.8925643,0.00878642706,17448108.4
22.1045842,cycle1_reload_to_default,Default,346,0,45.703125,42.429199,-130.979004,47.109375,64.665527,11.799316,258.514582,230.188098,171.596021,-144.938097,17.6444379,-93.6785785,15.4117591,14.4671121,38.3272734,33.156739,0.136242841,1.75565459,12.8862154,0.00878727294,17419128.4
22.1298985,cycle1_reload_to_default,Default,347,0,45.834961,42.275391,-131.088867,47.263184,65.170898,11.843262,258.077071,230.216305,171.197518,-144.778941,17.5599624,-94.1734019,22.83332,23.4043635,37.7503095,32.651368,0.136333615,1.75557392,12.8770438,0.00879006031,17378400.8
22.155019,cycle1_reload_to_default,Default,348,0,45.922852,42.1875,-131.176758,47.373047,65.500488,11.865234,257.766545,230.200631,170.965965,-144.684137,17.5031199,-94.4998378,15.1248212,15.4324849,37.3707542,32.321778,0.136387962,1.75551434,12.8714757,0.00878915891,17348646.2
22.1801317,cycle1_reload_to_default,Default,349,0,46.032715,42.077637,-131.264648,47.504883,65.852051,11.887207,257.394394,230.24242,170.657547,-144.59419,17.4322378,-94.8439173,16.578216,19.3187034,36.9548139,31.970215,0.136436659,1.75545055,12.8664141,0.00878904947,17317539.6
22.2052279,cycle1_reload_to_default,Default,350,0,46.186523,41.923828,-131.374512,47.680664,66.357422,11.887207,256.895496,230.341237,170.267373,-144.454817,17.2859062,-95.3566819,23.427796,25.5423412,36.3674414,31.464844,0.136494212,1.75536518,12.8603635,0.00879041228,17276258.9
22.2303519,cycle1_reload_to_default,Default,351,0,46.274414,41.835938,-131.44043,47.790527,66.708984,11.887207,256.643753,230.377576,170.1056,-144.324421,17.2051065,-95.7291818,15.6935002,11.9980071,35.9740441,31.113282,0.136525097,1.7553107,12.8570551,0.00879237855,17250461.3
22.2554026,cycle1_reload_to_default,Default,352,0,46.362305,41.748047,-131.52832,47.900391,67.038574,11.931152,256.328024,230.358253,169.881169,-144.212636,17.1673658,-96.05011,15.2428995,15.4826383,35.5937165,30.783692,0.136556144,1.75524912,12.853681,0.00878966027,17219979.1
22.2804844,cycle1_reload_to_default,Default,353,0,46.560059,41.550293,-131.682129,48.14209,67.719727,11.931152,255.684776,230.430072,169.399924,-144.016564,16.9783712,-96.7518699,31.500845,32.1566666,34.8041464,30.102539,0.136592461,1.75512886,12.8493831,0.00878774555,17162262.9
22.3055823,cycle1_reload_to_default,Default,354,0,46.647949,41.44043,-131.77002,48.273926,68.049316,11.975098,255.38313,230.367421,169.079446,-143.932938,16.9530796,-97.0733016,15.7098925,17.7125295,34.4118041,29.77295,0.136605925,1.75506346,12.8476379,0.00878428064,17130510.8
22.3306675,cycle1_reload_to_default,Default,355,0,46.801758,41.286621,-131.879883,48.449707,68.554688,11.975098,254.871868,230.457874,168.704179,-143.783524,16.7903816,-97.5913456,23.4380759,25.5378359,33.8244331,29.267578,0.136609865,1.75497455,12.8466165,0.0087817008,17087570
22.3557644,cycle1_reload_to_default,Default,356,0,46.889648,41.19873,-131.989746,48.55957,68.884277,11.99707,254.497587,230.378345,168.448662,-143.70385,16.7053841,-97.9141277,15.3651518,18.3332951,33.4404923,28.937989,0.136623486,1.75490333,12.8448145,0.00877312798,17051248.2
22.3808646,cycle1_reload_to_default,Default,357,0,47.043457,41.044922,-132.077637,48.757324,69.389648,12.041016,254.067489,230.497375,168.119027,-143.50617,16.6289631,-98.4353935,23.6194911,22.1036921,32.8493938,28.432618,0.136595916,1.75481933,12.846792,0.00877348267,17012910.4
22.4059513,cycle1_reload_to_default,Default,358,0,47.15332,40.957031,-132.1875,48.845215,69.741211,12.041016,253.577864,230.537617,167.891321,-143.403804,16.4534765,-98.7775801,16.1027062,21.5844375,32.4484436,28.081055,0.13659695,1.75474844,12.8461759,0.00876365299,16975444
22.4310408,cycle1_reload_to_default,Default,359,0,47.285156,40.803223,-132.297363,49.020996,70.246582,12.062988,253.145775,230.524811,167.527975,-143.239773,16.3328774,-99.2992428,23.236813,22.5074033,31.8656555,27.575684,0.136561449,1.7546579,12.8488524,0.00875808951,16931307.7
22.4561362,cycle1_reload_to_default,Default,360,0,47.373047,40.715332,-132.385254,49.152832,70.598145,12.062988,252.860493,230.473512,167.343822,-143.12815,16.2496266,-99.6766091,16.14461,13.6840971,31.461253,27.224121,0.136535014,1.75459036,12.8508454,0.00875236811,16898833.6
22.4812269,cycle1_reload_to_default,Default,361,0,47.526855,40.561523,-132.495117,49.350586,71.103516,12.062988,252.368633,230.530514,166.986173,-142.972497,16.0955499,-100.209137,23.7094652,24.3440676,30.8672968,26.71875,0.136478648,1.75449722,12.8554704,0.00874602706,16854256.7
22.5063505,cycle1_reload_to_default,Default,362,0,47.636719,40.45166,-132.583008,49.438477,71.455078,12.106934,251.908758,230.60569,166.70665,-142.83847,15.9637788,-100.536918,16.1738618,21.6285659,30.4637945,26.367188,0.136441485,1.75443284,12.8585001,0.00873750306,16819949.3
22.5313873,cycle1_reload_to_default,Default,363,0,47.768555,40.297852,-132.692871,49.63623,71.960449,12.106934,251.500523,230.563198,166.355002,-142.68498,15.8313189,-101.079464,23.5488313,21.5873543,29.8751784,25.861817,0.136365978,1.75433943,12.8649349,0.00872967763,16774763.5
22.556483,cycle1_reload_to_default,Default,364,0,47.878418,40.209961,-132.780762,49.746094,72.312012,12.128906,251.087276,230.629886,166.179324,-142.541677,15.7087811,-101.433704,16.1206967,18.0893219,29.4712547,25.510254,0.136314211,1.75427365,12.8693379,0.00872121502,16741335.6
22.5815744,cycle1_reload_to_default,Default,365,0,48.010254,40.056152,-132.890625,49.943848,72.839355,12.150879,250.682437,230.585633,165.857079,-142.350356,15.5926122,-101.996289,24.2682089,20.6971953,28.8628556,24.982911,0.136213242,1.75417889,12.8781818,0.00871216826,16694898.9
22.6066716,cycle1_reload_to_default,Default,366,0,48.120117,39.968262,-132.978516,50.053711,73.168945,12.172852,250.257983,230.650117,165.661972,-142.224593,15.4686315,-102.325016,15.3650422,18.7901255,28.4779534,24.653321,0.136154973,1.75411441,12.8832196,0.00870247078,16661741.3
22.631767,cycle1_reload_to_default,Default,367,0,48.273926,39.814453,-133.088379,50.229492,73.718262,12.194824,249.734326,230.725426,165.369497,-141.994271,15.2863706,-102.897325,24.9650836,24.0883367,27.8517872,24.104004,0.136027275,1.75402063,12.8946245,0.00869141641,16613941.4
22.6568663,cycle1_reload_to_default,Default,368,0,48.361816,39.726562,-133.17627,50.361328,74.047852,12.194824,249.4287,230.667436,165.17826,-141.891455,15.1875528,-103.253278,15.3886594,14.5486281,27.4664003,23.774414,0.135955957,1.75395419,12.9008998,0.0086814625,16580520.7
22.6819532,cycle1_reload_to_default,Default,369,0,48.515625,39.572754,-133.308105,50.515137,74.575195,12.23877,248.80827,230.707983,164.831614,-141.682802,14.9873323,-103.774369,24.1934412,28.3756824,26.8607169,23.247071,0.13582804,1.75385626,12.9123285,0.00866424894,16527865.9
22.707063,cycle1_reload_to_default,Default,370,0,48.603516,39.484863,-133.374023,50.646973,74.94873,12.23877,248.565456,230.707807,164.728625,-141.509466,14.8902668,-104.191212,16.7409635,10.5039657,26.4416709,22.873536,0.135714656,1.75379538,12.9226675,0.0086573682,16497588.1
22.7321675,cycle1_reload_to_default,Default,371,0,48.757324,39.331055,-133.505859,50.822754,75.454102,12.260742,247.965974,230.720145,164.364509,-141.336174,14.6873901,-104.705794,23.6154682,27.9434552,25.8491563,22.368164,0.135575048,1.75369712,12.9352499,0.00863923694,16445145.6
22.7572746,cycle1_reload_to_default,Default,372,0,48.845215,39.221191,-133.571777,50.95459,75.805664,12.282715,247.695529,230.699052,164.142979,-141.193008,14.6017747,-105.081444,16.2081021,13.9494052,25.4429511,22.016602,0.135457431,1.7536371,12.9460383,0.00863081176,16414036.6
22.782393,cycle1_reload_to_default,Default,373,0,48.999023,39.089355,-133.703613,51.108398,76.35498,12.282715,247.089374,230.756159,163.931555,-140.952804,14.3451799,-105.654333,24.6646275,25.6586973,24.825223,21.467286,0.135277895,1.75353982,12.9625008,0.00861110805,16360761.4
22.8074791,cycle1_reload_to_default,Default,374,0,49.086914,38.979492,-133.769531,51.240234,76.706543,12.304688,246.81534,230.73415,163.713963,-140.806146,14.2546869,-106.030654,16.2216815,13.9761028,24.4190073,21.115723,0.1351466,1.75348026,12.9746532,0.00860168031,16329263.3
22.832572,cycle1_reload_to_default,Default,375,0,49.240723,38.825684,-133.901367,51.416016,77.233887,12.32666,246.2137,230.743764,163.386697,-140.600853,14.0337113,-106.573275,24.3772021,27.2968952,23.8074821,20.588379,0.134956288,1.75338224,12.9922234,0.00858067592,16275074.6
22.8576729,cycle1_reload_to_default,Default,376,0,49.350586,38.737793,-133.967285,51.547852,77.585449,12.348633,245.86432,230.834443,163.270996,-140.418316,13.9241352,-106.949013,16.2120941,15.1008495,23.4013436,20.236817,0.134811581,1.7533239,13.0057365,0.00857076222,16244319.5
22.8827822,cycle1_reload_to_default,Default,377,0,49.438477,38.649902,-134.055176,51.657715,77.937012,12.370605,245.519439,230.798507,163.121893,-140.259992,13.8001558,-107.315147,15.8966534,15.0321751,23.0028,19.885254,0.134671957,1.75326022,13.0187476,0.00855600187,16208648.3
22.9078624,cycle1_reload_to_default,Default,378,0,49.63623,38.452148,-134.230957,51.921387,78.662109,12.370605,244.793623,230.750456,162.754767,-139.973499,13.5016759,-108.097682,33.4640687,32.4877422,22.1642254,19.160157,0.134364041,1.75312764,13.0475954,0.00852608236,16134960.5
22.9329605,cycle1_reload_to_default,Default,379,0,49.724121,38.342285,-134.296875,52.009277,79.013672,12.392578,244.444196,230.777757,162.547817,-139.803955,13.3455666,-108.452745,15.7341613,16.217577,21.7712773,18.808594,0.134195654,1.75307381,13.0635662,0.00851279095,16102598.9
22.9580331,cycle1_reload_to_default,Default,380,0,49.87793,38.210449,-134.406738,52.207031,79.541016,12.414551,243.928831,230.835191,162.368572,-139.541127,13.1604368,-109.022598,24.2864742,21.882873,21.162942,18.28125,0.133939975,1.75298443,13.087836,0.00849304952,16052945.8
22.9831424,cycle1_reload_to_default,Default,381,0,49.987793,38.100586,-134.494629,52.338867,79.914551,12.414551,243.510932,230.847536,162.155207,-139.389101,12.9799525,-109.419648,17.3035936,18.6934438,20.7287647,17.907715,0.133755178,1.75291843,13.1054248,0.00847617426,16014586.9
23.0082326,cycle1_reload_to_default,Default,382,0,50.075684,38.012695,-134.58252,52.44873,80.266113,12.436523,243.157761,230.810151,162.016865,-139.22107,12.8434161,-109.786434,15.9087029,15.1906818,20.3302415,17.556153,0.133576836,1.75285657,13.1224591,0.0084589665,15978098.2
23.0378516,cycle1_reload_to_default,Default,383,0,50.273438,37.814941,-134.736328,52.712402,80.969238,12.458496,242.456985,230.813985,161.681207,-138.899082,12.5629161,-110.544283,27.5582743,26.2340265,19.5142801,16.853028,0.133194719,1.75273658,13.1592048,0.00842805331,15908152
23.0629408,cycle1_reload_to_default,Default,384,0,50.361328,37.705078,-134.824219,52.800293,81.320801,12.480469,242.050274,230.781982,161.451126,-138.744402,12.3798633,-110.892417,15.9093361,18.6683804,19.1169561,16.501465,0.132996645,1.75267723,13.1783567,0.00840854765,15870291.8
23.0880208,cycle1_reload_to_default,Default,385,0,50.493164,37.573242,-134.934082,52.998047,81.848145,12.502441,241.610198,230.744085,161.286602,-138.474661,12.20344,-111.472252,24.0729462,18.7938805,18.5140198,15.974121,0.132683487,1.75259066,13.2088077,0.00838525053,15819342.5
23.1131158,cycle1_reload_to_default,Default,386,0,50.603027,37.463379,-135.021973,53.10791,82.177734,12.524414,241.139445,230.77582,161.036439,-138.337615,12.0178601,-111.798751,15.5892169,21.2806738,18.1236332,15.644532,0.132486273,1.7525313,13.2280217,0.00836583,15781907.4
23.1382043,cycle1_reload_to_default,Default,387,0,50.734863,37.331543,-135.131836,53.239746,82.683105,12.546387,240.59018,230.813589,160.853388,-138.064383,11.7626459,-112.315875,22.550892,23.1259062,17.5596866,15.139161,0.132163149,1.75245303,13.2597705,0.00833962471,15731786.4
23.1632962,cycle1_reload_to_default,Default,388,0,50.822754,37.243652,-135.219727,53.349609,83.012695,12.568359,240.222042,230.772793,160.703478,-137.907178,11.6154289,-112.657584,15.1420668,15.92459,17.1801871,14.809571,0.131951656,1.75239477,13.2805819,0.00832000502,15695267.3
23.1883786,cycle1_reload_to_default,Default,389,0,50.910645,37.155762,-135.263672,53.481445,83.342285,12.590332,239.980801,230.822439,160.61876,-137.706222,11.5228278,-113.024654,15.1224643,10.3841925,16.8027912,14.479981,0.131722956,1.75234915,13.3032936,0.00830833707,15667815.8
23.2146788,cycle1_reload_to_default,Default,390,0,51.086426,36.97998,-135.41748,53.679199,83.95752,12.590332,239.243501,230.819754,160.308899,-137.424985,11.1685122,-113.669849,26.9685657,30.4092807,16.094292,13.864746,0.131298667,1.75224545,13.345493,0.00827157894,15600830.3
23.2397821,cycle1_reload_to_default,Default,391,0,51.130371,36.914062,-135.461426,53.76709,84.111328,12.612305,239.087689,230.737418,160.128603,-137.384004,11.1281787,-113.837395,7.97425119,10.0431907,15.898094,13.710938,0.131192403,1.75221423,13.3560647,0.00826180791,15581401.6
23.2655332,cycle1_reload_to_default,Default,392,0,51.306152,36.760254,-135.615234,53.964844,84.726562,12.634277,238.362626,230.754668,159.921244,-137.059052,10.8072804,-114.479656,27.3578965,29.2930227,15.1943112,13.095704,0.130742616,1.75211201,13.4012311,0.00822436156,15515169.4
23.290633,cycle1_reload_to_default,Default,393,0,51.350098,36.716309,-135.637207,54.030762,84.858398,12.634277,238.231815,230.77495,159.845167,-136.996455,10.7510344,-114.630917,6.43295543,6.08287507,15.0344044,12.963868,0.130642364,1.75209156,13.4113584,0.00821848661,15502457.8
23.3157136,cycle1_reload_to_default,Default,394,0,51.503906,36.540527,-135.791016,54.206543,85.429688,12.634277,237.532009,230.69983,159.499605,-136.750985,10.3932321,-115.222817,26.3115905,31.2623795,14.3759282,12.392578,0.130201859,1.75199447,13.4559867,0.00817953996,15436674.1
23.3408158,cycle1_reload_to_default,Default,395,0,51.591797,36.452637,-135.856934,54.316406,85.715332,12.65625,237.19295,230.710513,159.343973,-136.604244,10.2567984,-115.521402,13.4470524,14.8682133,14.038688,12.106934,0.129974138,1.75194781,13.4792032,0.00816227879,15405777.6
23.3659079,cycle1_reload_to_default,Default,396,0,51.679688,36.364746,-135.922852,54.42627,86.000977,12.700195,236.85303,230.720968,159.189453,-136.4437,10.144273,-115.810698,13.5377059,14.8867107,13.7007041,11.821289,0.129741932,1.75190133,13.5029694,0.0081447975,15374807.5
23.3909967,cycle1_reload_to_default,Default,397,0,51.767578,36.276855,-135.98877,54.536133,86.264648,12.678223,236.508044,230.727993,159.011685,-136.343524,9.9590279,-116.103585,12.721633,15.4713604,13.3839998,11.557618,0.129524491,1.75185623,13.5252894,0.00812764316,15344647.6
23.4161274,cycle1_reload_to_default,Default,398,0,51.921387,36.123047,-136.120605,54.689941,86.835938,12.700195,235.830756,230.758332,158.802626,-136.018289,9.62203921,-116.683201,25.6405094,28.2310766,12.7412992,10.986328,0.129034433,1.75176982,13.5759873,0.00809035105,15284273.2
23.4416032,cycle1_reload_to_default,Default,399,0,51.987305,36.057129,-136.186523,54.821777,87.099609,12.722168,235.621758,230.669451,158.722777,-135.881181,9.55132219,-116.986564,12.4390299,9.44977716,12.4271649,10.722657,0.128807487,1.75172341,13.5995465,0.00807391927,15254833.4
23.4666936,cycle1_reload_to_default,Default,400,0,52.075195,35.969238,-136.252441,54.909668,87.363281,12.744141,235.241015,230.702311,158.549017,-135.744563,9.38754695,-117.246653,12.446577,16.7317485,12.1156046,10.458985,0.128571814,1.75168074,13.6241427,0.00805536405,15224699.2
23.4940984,cycle1_reload_to_default,Default,401,0,52.207031,35.81543,-136.362305,55.107422,87.868652,12.744141,234.746112,230.637837,158.303858,-135.493811,9.1223107,-117.805788,21.5140596,20.2901429,11.5269156,9.953614,0.128111385,1.751602,13.6724929,0.00802342153,15170626.7
23.5192108,cycle1_reload_to_default,Default,402,0,52.294922,35.749512,-136.428223,55.195312,88.132324,12.788086,234.380154,230.69199,158.227272,-135.317375,8.99738084,-118.061652,12.3119575,15.0438777,11.2200488,9.689942,0.127865742,1.7515597,13.6984283,0.0080050183,15141500
23.5443029,cycle1_reload_to_default,Default,403,0,52.36084,35.661621,-136.494141,55.283203,88.395996,12.766113,234.08514,230.6344,158.057345,-135.210901,8.8050803,-118.349892,12.2282113,13.7608769,10.9154136,9.42627,0.127614391,1.75151745,13.7250778,0.00798576656,15111172.7
23.5694053,cycle1_reload_to_default,Default,404,0,52.426758,35.595703,-136.560059,55.349121,88.637695,12.788086,233.769988,230.621602,157.957933,-135.071386,8.66090793,-118.585929,11.0026183,13.1743421,10.6403713,9.184571,0.127380371,1.75147831,13.749986,0.00796705524,15083166.6
23.5944936,cycle1_reload_to_default,Default,405,0,52.536621,35.48584,-136.625977,55.480957,88.989258,12.810059,233.359123,230.682986,157.794069,134.821145,-8.46984308,118.920389,16.4317122,17.8001184,10.2287142,8.833008,0.127036236,1.75142772,13.7868357,0.00794531281,15047329.7
23.6195927,cycle1_reload_to_default,Default,406,0,52.602539,35.419922,-136.691895,55.59082,89.230957,12.810059,233.108197,230.616875,157.697001,134.571857,-8.33672195,119.076477,11.5145804,11.0382832,9.94106734,8.591309,0.126797476,1.75138514,13.8124605,0.00792752653,15018626.9
23.6446753,cycle1_reload_to_default,Default,407,0,52.734375,35.288086,-136.801758,55.744629,89.714355,12.832031,232.551346,230.623773,157.532562,134.129342,-8.04786017,119.440659,22.0051655,23.1500881,9.38937209,8.107911,0.126305809,1.75131212,13.8656498,0.00789337383,14966554.3
23.6697707,cycle1_reload_to_default,Default,408,0,52.822266,35.222168,-136.867676,55.83252,89.934082,12.854004,232.174427,230.669424,157.413162,133.938293,-7.89692568,119.595143,10.7591227,15.8596539,9.12127294,7.888184,0.1260776,1.75127267,13.8904347,0.00787527259,14938979.8
23.69487,cycle1_reload_to_default,Default,409,0,52.866211,35.15625,-136.911621,55.876465,90.175781,12.854004,231.956259,230.653471,157.346059,133.723262,-7.73967403,119.7837,10.4319364,9.11623194,8.86340077,7.646485,0.125822324,1.75124212,13.9183736,0.00785877888,14915602.6
23.7199662,cycle1_reload_to_default,Default,410,0,52.932129,35.090332,-136.955566,55.964355,90.395508,12.875977,231.711599,230.66921,157.255667,133.515665,-7.63136076,119.951619,10.3224462,10.4119041,8.6049538,7.426758,0.125590579,1.75120934,13.9437954,0.00784417544,14892469.8
23.7450762,cycle1_reload_to_default,Default,411,0,53.063965,34.958496,-137.06543,56.118164,90.834961,12.897949,231.143266,230.66803,157.048836,133.111285,-7.34597903,120.260621,20.4658388,24.0860126,8.09125003,6.987305,0.125114841,1.75113884,13.996252,0.00781025565,14841947.1
23.7701938,cycle1_reload_to_default,Default,412,0,53.129883,34.892578,-137.131348,56.206055,91.032715,12.897949,230.849835,230.620147,156.908598,132.91767,-7.19560861,120.368174,9.74125842,13.0874754,7.84826866,6.789551,0.124895443,1.75110071,14.0205332,0.0077923742,14815173.7
23.7952962,cycle1_reload_to_default,Default,413,0,53.195801,34.82666,-137.175293,56.271973,91.252441,12.897949,230.570409,230.662389,156.820197,132.716898,-7.03722626,120.532393,10.0184945,11.7958778,7.59729865,6.569825,0.124651693,1.75106958,14.0477,0.00777669163,14792260.5
23.8235116,cycle1_reload_to_default,Default,414,0,53.305664,34.716797,-137.263184,56.425781,91.647949,12.897949,230.142876,230.645675,156.689469,132.322262,-6.79471465,120.813146,16.3165519,15.8560857,7.13742831,6.174317,0.124209067,1.7510081,14.0972647,0.00774799168,14749051.4
23.8486137,cycle1_reload_to_default,Default,415,0,53.327637,34.694824,-137.285156,56.469727,91.757812,12.919922,230.071466,230.620627,156.692608,132.21442,-6.77333529,120.908406,5.02839071,3.01726871,7.013203,6.064454,0.124086283,1.75099161,14.1110812,0.00774068632,14737957
23.8736882,cycle1_reload_to_default,Default,416,0,53.459473,34.562988,-137.39502,56.601562,92.15332,12.941895,229.459756,230.636928,156.444332,131.865358,-6.46964575,121.169332,18.7535477,26.3365879,6.54427505,5.668946,0.123624017,1.75092506,14.1633082,0.00770646143,14689371.6
23.8987987,cycle1_reload_to_default,Default,417,0,53.525391,34.519043,-137.438965,56.711426,92.351074,12.941895,229.257605,230.643869,156.427932,131.64516,-6.37507837,121.316045,9.7046656,8.08160555,6.30442989,5.471192,0.123398339,1.75089165,14.1889402,0.00769306535,14667689.4
23.9238949,cycle1_reload_to_default,Default,418,0,53.569336,34.453125,-137.460938,56.755371,92.526855,12.941895,229.0701,230.675191,156.31971,131.485441,-6.24721497,121.445419,7.92832095,8.71644834,6.10768774,5.295411,0.123192284,1.7508711,14.2125061,0.00768152353,14651348.3
23.9489932,cycle1_reload_to_default,Default,419,0,53.635254,34.387207,-137.526855,56.865234,92.8125,12.963867,228.815175,230.618491,156.282938,131.199782,-6.11683185,121.663056,13.0441098,10.5078748,5.78127324,5.009766,0.12285567,1.75082559,14.2510769,0.00766001353,14620158.3
23.9740908,cycle1_reload_to_default,Default,420,0,53.701172,34.321289,-137.570801,56.931152,92.988281,12.963867,228.527233,230.651489,156.149942,131.038095,-5.96481608,121.77292,8.53320052,12.7057729,5.56836768,4.833985,0.122641945,1.75079668,14.2756761,0.00764521596,14598950.3
23.9991877,cycle1_reload_to_default,Default,421,0,53.745117,34.277344,-137.614746,56.975098,93.164062,12.98584,228.311499,230.64635,156.10934,130.887514,-5.86130823,121.91234,7.87960742,8.74934866,5.37203444,4.658204,0.122427826,1.75076929,14.3004196,0.00763046479,14579278
24.0247884,cycle1_reload_to_default,Default,422,0,53.833008,34.16748,-137.702637,57.106934,93.515625,12.98584,227.927763,230.559959,155.937919,130.535597,-5.62396292,122.13401,16.0341064,16.7601512,4.9622704,4.306641,0.121995083,1.75071108,14.3506692,0.00760127634,14537950.7
24.049876,cycle1_reload_to_default,Default,423,0,53.898926,34.123535,-137.746582,57.150879,93.691406,13.007812,227.622689,230.64237,155.898383,130.3965,-5.49475032,122.283716,8.12216368,12.6944149,4.76066945,4.13086,0.12177611,1.75068345,14.3762472,0.00758632964,14518245.5
24.0749528,cycle1_reload_to_default,Default,424,0,53.964844,34.057617,-137.790527,57.23877,93.933105,13.007812,227.371344,230.662913,155.841304,130.154403,-5.34467682,122.46641,11.0486113,10.3107933,4.48393017,3.889161,0.121479039,1.75064824,14.4111137,0.00756902703,14493646
24.1000452,cycle1_reload_to_default,Default,425,0,54.008789,34.013672,-137.834473,57.32666,94.108887,13.007812,227.219308,230.604664,155.803679,129.958288,-5.25479027,122.581612,8.39915674,6.65951792,4.27513607,3.713379,0.121259965,1.75061723,14.4368937,0.00755518193,14473095.7
24.1251314,cycle1_reload_to_default,Default,426,0,54.074707,33.947754,-137.900391,57.392578,94.328613,13.007812,226.889331,230.587682,155.697355,129.75788,-5.06900926,122.721354,10.214497,13.8362913,4.01997602,3.493653,0.120974993,1.75057823,14.4705792,0.00753431852,14445427.1
24.1502166,cycle1_reload_to_default,Default,427,0,54.118652,33.903809,-137.922363,57.436523,94.482422,13.029785,226.712717,230.637525,155.660097,129.62302,-4.98792842,122.856647,6.95240859,7.4648424,3.8468474,3.339844,0.120782464,1.75055819,14.4934797,0.00752370125,14431043.3
24.1753106,cycle1_reload_to_default,Default,428,0,54.18457,33.837891,-137.966309,57.502441,94.724121,13.051758,226.426465,230.68512,155.604176,129.407267,-4.84049526,123.056046,10.8307311,11.7765291,3.57608001,3.098145,0.120474908,1.75052394,14.5301953,0.00750536057,14406758.2
24.2003801,cycle1_reload_to_default,Default,429,0,54.228516,33.793945,-138.010254,57.590332,94.855957,13.029785,226.270031,230.617009,155.519386,129.24205,-4.73483976,123.107319,7.06635283,7.59992108,3.40618721,2.966309,0.120301542,1.75049553,14.5508986,0.00749318357,14388096.1
24.2254646,cycle1_reload_to_default,Default,430,0,54.272461,33.728027,-138.054199,57.65625,95.075684,13.051758,226.069804,230.572915,155.439986,129.034976,-4.61637419,123.269419,9.87141975,8.76489814,3.15963432,2.746582,0.120016266,1.75046249,14.5852104,0.00747564054,14364753.6
24.2505553,cycle1_reload_to_default,Default,431,0,54.316406,33.706055,-138.076172,57.700195,95.20752,13.051758,225.907079,230.641007,155.470994,128.906405,-4.53430156,123.390069,5.93947811,7.13817182,3.01177735,2.614746,0.119849055,1.75044359,14.6054017,0.00746653566,14352453.9
24.2756577,cycle1_reload_to_default,Default,432,0,54.360352,33.662109,-138.120117,57.744141,95.339355,13.07373,225.684754,230.626349,155.385804,128.795791,-4.43749983,123.476109,6.37242323,9.50261816,2.85365564,2.482911,0.11966886,1.75041803,14.6271806,0.00745297868,14334616.2
24.3007519,cycle1_reload_to_default,Default,433,0,54.404297,33.596191,-138.164062,57.810059,95.537109,13.07373,225.482101,230.577359,155.283105,128.599213,-4.29839941,123.600886,9.05732249,9.26155706,2.6269968,2.285157,0.119405481,1.7503861,14.6591773,0.00743622445,14312220
24.3258424,cycle1_reload_to_default,Default,434,0,54.448242,33.574219,-138.186035,57.854004,95.668945,13.07373,225.318658,230.645534,155.31455,128.470265,-4.21571474,123.72134,5.93953454,7.16851129,2.47911629,2.153321,0.119235699,1.75036696,14.6798901,0.00742699648,14299892.8
24.3509424,cycle1_reload_to_default,Default,435,0,54.492188,33.508301,-138.208008,57.941895,95.844727,13.095703,225.189251,230.624235,155.213226,128.282332,-4.14650987,123.846263,8.53243085,6.60277299,2.26851026,1.977539,0.119007146,1.75034139,14.7078679,0.00741539192,14282375
24.3760445,cycle1_reload_to_default,Default,436,0,54.536133,33.486328,-138.251953,57.963867,95.95459,13.07373,224.94908,230.654314,155.195571,128.185861,-4.00436465,123.913721,5.25196289,9.6681091,2.14286942,1.867676,0.118851868,1.75031863,14.7268921,0.00740284816,14267105.5
24.4011433,cycle1_reload_to_default,Default,437,0,54.580078,33.42041,-138.295898,58.051758,96.174316,13.095703,224.778782,230.584278,155.119267,127.960064,-3.90278306,124.068333,10.1340085,7.94145548,1.88977695,1.64795,0.118557529,1.75028298,14.7631533,0.00738543337,14243218.2
24.4262381,cycle1_reload_to_default,Default,438,0,54.602051,33.398438,-138.317871,58.051758,96.218262,13.117676,224.633432,230.598269,155.052477,127.948079,-3.85183884,124.09744,2.4765611,6.39861624,1.83613082,1.604004,0.118489739,1.75027304,14.7715157,0.0073789495,14235724.5
24.4517038,cycle1_reload_to_default,Default,439,0,54.667969,33.354492,-138.361816,58.139648,96.437988,13.117676,224.390701,230.63796,155.06807,127.71932,-3.72036433,124.274457,9.95064479,9.67766537,1.58386197,1.384278,0.118196826,1.75023719,14.8078188,0.00736219978,14212971
24.4768064,cycle1_reload_to_default,Default,440,0,54.689941,33.33252,-138.383789,58.161621,96.525879,13.117676,224.279795,230.636077,155.050904,127.637757,-3.65256002,124.338115,3.91452844,4.4713464,1.48604104,1.296387,0.118075334,1.75022234,14.8229295,0.00735421751,14203035.1
24.5019057,cycle1_reload_to_default,Default,441,0,54.711914,33.288574,-138.405762,58.205566,96.679688,13.139648,224.187454,230.600506,155.016329,127.489877,-3.59155274,124.461728,6.78106896,4.17625308,1.31835937,1.142578,0.11786881,1.75020081,14.8487187,0.007342887,14188491.9
24.5270007,cycle1_reload_to_default,Default,442,0,54.755859,33.266602,-138.427734,58.227539,96.745605,13.117676,223.987023,230.679131,154.975044,127.43051,-3.48055116,124.499221,3.61005709,8.73577203,1.23497381,1.076661,0.117773908,1.75018753,14.860571,0.00733592702,14179549.6
24.5521176,cycle1_reload_to_default,Default,443,0,54.777832,33.222656,-138.449707,58.271484,96.899414,13.139648,223.894264,230.64371,154.940715,127.282501,-3.41915381,124.622721,6.7763057,4.18276428,1.06720227,0.922852,0.117566085,1.7501658,14.8866554,0.00732452657,14164992.3
24.5772214,cycle1_reload_to_default,Default,444,0,54.799805,33.200684,-138.47168,58.31543,96.965332,13.117676,223.814763,230.609718,154.900442,127.193883,-3.35189072,124.642273,3.60884648,3.79954226,0.98264734,0.856934,0.117472131,1.75015095,14.8984354,0.00731816455,14155586.6
24.6022933,cycle1_reload_to_default,Default,445,0,54.84375,33.156738,-138.493652,58.359375,97.075195,13.117676,223.631675,230.64909,154.817802,127.088924,-3.25316861,124.713559,5.4024009,8.16438639,0.848725601,0.747071,0.11731838,1.75013248,14.917803,0.0073088528,14143017.9
24.6274412,cycle1_reload_to_default,Default,446,0,54.865723,33.156738,-138.515625,58.359375,97.141113,13.139648,223.503435,230.692011,154.867059,127.051671,-3.21581126,124.791375,3.02671416,5.72309035,0.781189455,0.681153,0.11722481,1.75012067,14.9296098,0.00730200765,14135688.9
24.6525266,cycle1_reload_to_default,Default,447,0,54.887695,33.112793,-138.537598,58.40332,97.250977,13.139648,223.4086,230.64564,154.784641,126.935297,-3.14094253,124.851565,5.18198138,5.33884379,0.652184694,0.571289,0.117070221,1.75010208,14.9491653,0.00729265813,14123114.6
24.6793499,cycle1_reload_to_default,Default,448,0,54.909668,33.09082,-138.55957,58.425293,97.338867,13.161621,223.296947,230.643957,154.768169,126.863497,-3.09698775,124.926102,3.75386468,4.2080759,0.554129807,0.483399,0.116945639,1.7500868,14.9649599,0.00728453975,14113161.2
24.7044294,cycle1_reload_to_default,Default,449,0,54.931641,33.068848,-138.581543,58.447266,97.382812,13.139648,223.183961,230.630981,154.703237,126.813425,-3.01571709,124.92642,2.62836299,5.22178284,0.495726428,0.439454,0.116876481,1.750075,14.973714,0.00727859185,14105214.2
24.7295191,cycle1_reload_to_default,Default,450,0,54.953613,33.046875,-138.581543,58.469238,97.470703,13.161621,223.114015,230.688904,154.710281,126.737322,-2.99177503,125.023338,3.91653715,3.63049345,0.400963979,0.351563,0.11676221,1.75006629,14.9882937,0.00727405123,14099573.6
24.7546132,cycle1_reload_to_default,Default,451,0,54.953613,33.046875,-138.581543,58.491211,97.514648,13.161621,223.147814,230.673572,154.759677,126.677516,-2.99939384,125.068391,1.95792476,2.46215427,0.355659319,0.307618,0.116707986,1.75006128,14.9952145,0.00727248333,14097094
24.7797022,cycle1_reload_to_default,Default,452,0,54.975586,33.024902,-138.603516,58.513184,97.580566,13.161621,223.035335,230.666279,154.719118,126.616512,-2.93659537,125.105783,3.15771317,4.77459751,0.277065102,0.2417,0.116610474,1.75004764,15.0076369,0.0072654215,14088140
24.8047895,cycle1_reload_to_default,Default,453,0,54.997559,33.024902,-138.625488,58.535156,97.624512,13.139648,222.938847,230.676928,154.745202,126.562076,-2.87542137,125.128423,2.47727663,4.00669706,0.225152834,0.197754,0.116545122,1.75003596,15.015952,0.00726024878,14081347.2
24.8300185,cycle1_reload_to_default,Default,454,0,54.997559,33.00293,-138.625488,58.535156,97.668457,13.139648,222.923368,230.664688,154.702903,126.524334,-2.84324785,125.157959,1.94743448,1.85006865,0.181191696,0.153809,0.116484708,1.75003218,15.0237075,0.00725724873,14078179.4
24.8551226,cycle1_reload_to_default,Default,455,0,55.019531,32.980957,-138.625488,58.557129,97.712402,13.139648,222.852001,230.71126,154.661484,126.479997,-2.80655858,125.191738,2.31572074,3.77433952,0.126224056,0.109864,0.116425844,1.75002693,15.0312582,0.00725486867,14074538
24.8802216,cycle1_reload_to_default,Default,456,0,55.019531,32.980957,-138.647461,58.557129,97.756348,13.161621,222.811327,230.663114,154.686756,126.452395,-2.79883684,125.232436,2.14441031,2.70548891,0.0850997721,0.065918,0.116358614,1.75001666,15.0398548,0.00724906185,14068217.4
24.9053185,cycle1_reload_to_default,Default,457,0,55.019531,32.980957,-138.647461,58.579102,97.756348,13.139648,222.843934,230.636449,154.68764,126.424425,-2.79385278,125.214333,1.23818172,1.67873906,0.0792236688,0.065918,0.116360218,1.75001521,15.039635,0.00724968711,14067744.5
24.9303734,cycle1_reload_to_default,Default,458,0,55.041504,32.958984,-138.647461,58.601074,97.800293,13.161621,222.772509,230.683017,154.646257,126.390207,-2.78157813,125.259294,2.48046849,3.78277991,0.021973,0.021973,0.11630122,1.75000993,15.047219,0.00724729861,14064100.1
24.9554634,cycle1_reload_to_default,Default,459,0,55.041504,32.958984,-138.647461,58.601074,97.800293,13.161621,222.772509,230.683017,154.646257,126.390207,-2.78157813,125.259294,0,0,0.021973,0.021973,0.11630122,1.75000993,15.047219,0.00724729861,14064100.1
24.9805667,cycle1_reload_to_default,Default,460,0,55.041504,32.958984,-138.647461,58.601074,97.822266,13.183594,222.772992,230.688755,154.67051,126.379325,-2.8000362,125.296408,1.23786421,0.992998818,0.021973,0.021973,0.116273115,1.75000812,15.0508406,0.00724618789,14063091.9
25.0080295,cycle1_reload_to_default,Default,461,0,55.041504,32.958984,-138.647461,58.623047,97.822266,13.161621,222.80559,230.662082,154.671404,126.351347,-2.79504545,125.278286,1.13151624,1.53403797,0.021973,0.021973,0.116274715,1.75000666,15.0506209,0.00724681291,14062616.8
25.0331304,cycle1_reload_to_default,Default,462,0,55.041504,32.958984,-138.669434,58.601074,97.822266,13.161621,222.731331,230.629166,154.647319,126.37348,-2.75533734,125.262878,1.23798179,3.37525291,0.021973,0.021973,0.116261921,1.75000145,15.0522323,0.00724259772,14058788.2
25.0582442,cycle1_reload_to_default,Default,463,0,55.041504,32.958984,-138.669434,58.601074,97.822266,13.161621,222.731331,230.629166,154.647319,126.37348,-2.75533734,125.262878,0,0,0.021973,0.021973,0.116261921,1.75000145,15.0522323,0.00724259772,14058788.2
25.0833633,cycle1_reload_to_default,Default,464,0,55.041504,32.958984,-138.669434,58.601074,97.822266,13.161621,222.731331,230.629166,154.647319,126.37348,-2.75533734,125.262878,0,0,0.021973,0.021973,0.116261921,1.75000145,15.0522323,0.00724259772,14058788.2
25.1084518,cycle1_reload_to_default,Default,465,0,55.041504,32.958984,-138.669434,58.601074,97.822266,13.161621,222.731331,230.629166,154.647319,126.37348,-2.75533734,125.262878,0,0,0.021973,0.021973,0.116261921,1.75000145,15.0522323,0.00724259772,14058788.2
25.1335492,cycle1_reload_to_default,Default,466,0,55.041504,32.958984,-138.647461,58.623047,97.822266,13.161621,222.80559,230.662082,154.671404,126.351347,-2.79504545,125.278286,1.2381582,3.37573387,0.021973,0.021973,0.116274715,1.75000666,15.0506209,0.00724681291,14062616.8
25.1586435,cycle1_reload_to_default,Default,467,0,55.041504,32.958984,-138.647461,58.601074,97.822266,13.183594,222.772992,230.688755,154.67051,126.379325,-2.8000362,125.296408,1.23831113,1.6788237,0.021973,0.021973,0.116273115,1.75000812,15.0508406,0.00724618789,14063091.9
25.1837571,cycle1_reload_to_default,Default,468,0,55.041504,32.958984,-138.669434,58.601074,97.844238,13.161621,222.73181,230.634911,154.67157,126.352453,-2.74932432,125.288796,1.51542596,2.69954822,0.0310738075,0.021973,0.116233796,1.74999964,15.055859,0.00724148642,14057780.5
25.2088387,cycle1_reload_to_default,Default,469,0,55.041504,32.958984,-138.647461,58.623047,97.844238,13.161621,222.806063,230.667821,154.695656,126.330314,-2.78903115,125.304198,1.23893499,3.37758729,0.0310738075,0.021973,0.116246602,1.75000486,15.0542453,0.00724570128,14061608.1
25.2339389,cycle1_reload_to_default,Default,470,0,55.041504,32.958984,-138.669434,58.601074,97.822266,13.161621,222.731331,230.629166,154.647319,126.37348,-2.75533734,125.262878,1.51623205,3.86582622,0.021973,0.021973,0.116261921,1.75000145,15.0522323,0.00724259772,14058788.2
25.259037,cycle1_reload_to_default,Default,471,0,55.041504,32.958984,-138.669434,58.623047,97.822266,13.139648,222.76393,230.602494,154.648214,126.3455,-2.75035018,125.244757,1.23812291,1.67856854,0.0380583524,0.021973,0.116263523,1.75,15.0520125,0.00724322272,14058313.2
25.2841485,cycle1_reload_to_default,Default,472,0,55.041504,32.958984,-138.669434,58.623047,97.822266,13.139648,222.76393,230.602494,154.648214,126.3455,-2.75035018,125.244757,0,0,0.0380583524,0.021973,0.116263523,1.75,15.0520125,0.00724322272,14058313.2
25.3092401,cycle1_reload_to_default,Default,473,0,55.041504,32.958984,-138.669434,58.601074,97.822266,13.161621,222.731331,230.629166,154.647319,126.37348,-2.75533734,125.262878,1.23844056,1.67899917,0.021973,0.021973,0.116261921,1.75000145,15.0522323,0.00724259772,14058788.2
